,Unnamed: 0,OrderID,OrderDate,OrderTime,CustomerID,CustomerName,DishID,DishName,Category,Quantity,Price,Revenue,CostPrice,Profit,Feedback
0,0,O00001,01-02-2024,11:30,C0329,Wahaj Sayyad,61,Veg Spring Rolls,Starter,3,? 220.00, ? 660.00 , ? 162.00 ,? 174.00,The Veg Spring Rolls was cold when it arrived at our table.
1,1,O00002,01-02-2024,21:15,C0091,Aasin Nadaf,51,Tandoori Chicken,Non-Veg Main,5,? 460.00," ? 2,300.00 ", ? 366.00 ,? 470.00,The meat in the Tandoori Chicken was a bit tough and chewy.
2,2,O00003,01-02-2024,13:15,C0052,Shahrukh Sayyad,129,Smoked Chicken Sub,Snacks,3,? 160.00, ? 480.00 , ? 112.00 ,? 144.00,A satisfying meal. The Smoked Chicken Sub was a good choice.
3,3,O00004,01-02-2024,16:15,C0213,Aakib Ali,8,Paneer Butter Masala,Vegetarian,3,? 380.00," ? 1,140.00 ", ? 298.00 ,? 246.00,Loved the Paneer Butter Masala! It was a delightful and well-prepared vegetarian meal.
4,4,O00005,01-02-2024,12:15,C0089,Aasin Shaikh,106,Chicken Burger,Fast Food,3,? 160.00, ? 480.00 , ? 115.00 ,? 135.00,Great food! The Chicken Burger was delicious and well-prepared.
5,5,O00006,01-02-2024,16:00,C0160,Shahrukh Malik,54,Egg Biryani,Rice & Noodles,2,? 340.00, ? 680.00 , ? 268.00 ,? 144.00,Great food! The Egg Biryani was delicious and well-prepared.
6,6,O00007,02-02-2024,10:15,C0114,Imran Faruqi,115,Chicken Kathi Roll,Street Food,2,? 160.00, ? 320.00 , ? 112.00 ,? 96.00,It was an average Chicken Kathi Roll.
7,7,O00008,02-02-2024,19:15,C0271,Aasiya Mujawar,10,Pepperoni Pizza,Pizza,2,? 368.00, ? 736.00 , ? 283.00 ,? 170.00,A satisfying meal. The Pepperoni Pizza was a good choice.
8,8,O00009,02-02-2024,14:45,C0152,Dua Sayyad,98,Paneer Kathi Roll,Street Food,3,? 140.00, ? 420.00 , ? 103.00 ,? 111.00,The Paneer Kathi Roll could have been better.
9,9,O00010,02-02-2024,16:30,C0266,Aasifa Sayyad,102,Chicken Sub,Sandwiches,3,? 180.00, ? 540.00 , ? 137.00 ,? 129.00,The Chicken Sub was fine.
10,10,O00011,02-02-2024,14:15,C0005,Aasin Azam,37,Biryani Veg,Rice & Noodles,4,? 320.00," ? 1,280.00 ", ? 233.00 ,? 348.00,The Biryani Veg was excellent. Really enjoyed the meal.
11,11,O00012,02-02-2024,15:45,C0084,Imran Momin,91,Chana Masala,Main Course,1,? 260.00, ? 260.00 , ? 185.00 ,? 75.00,A satisfying meal. The Chana Masala was a good choice.
12,12,O00013,02-02-2024,21:45,C0181,Aman Khan,122,Falafel Wrap,Snacks,2,? 130.00, ? 260.00 , ? 102.00 ,? 56.00,Great food! The Falafel Wrap was delicious and well-prepared.
13,13,O00014,02-02-2024,22:45,C0235,Abdul Rahim Malik,85,Veg Thali,Meal Combo,2,? 360.00, ? 720.00 , ? 263.00 ,? 194.00,The Veg Thali was fine.
14,14,O00015,02-02-2024,21:15,C0133,Wahaj Ali,44,Hyderabadi Haleem,Non-Veg Main,3,? 500.00," ? 1,500.00 ", ? 395.00 ,? 315.00,The Hyderabadi Haleem was alright. It was cooked well but the flavor was average.
15,15,O00016,03-02-2024,13:00,C0289,Aasin Malik,60,Chicken Manchurian,Starter,3,? 280.00, ? 840.00 , ? 205.00 ,? 225.00,Absolutely loved the Chicken Manchurian! It was the perfect appetizer to get us started.
16,16,O00017,03-02-2024,12:15,C0263,Sher Raes,26,Pasta Alfredo,Continental,2,? 320.00, ? 640.00 , ? 249.00 ,? 142.00,The Pasta Alfredo was fine.
17,17,O00018,03-02-2024,19:15,C0054,Shamsher Ali,100,Veg Wrap,Sandwiches,3,? 130.00, ? 390.00 , ? 92.00 ,? 114.00,A satisfying meal. The Veg Wrap was a good choice.
18,18,O00019,03-02-2024,18:15,C0299,Aakib Shaikh,96,Club Sandwich,Sandwiches,4,? 160.00, ? 640.00 , ? 119.00 ,? 164.00,The Club Sandwich was excellent. Really enjoyed the meal.
19,19,O00020,03-02-2024,14:45,C0191,Imran Shikalkar,50,Jeera Rice,Rice & Noodles,4,? 180.00, ? 720.00 , ? 129.00 ,? 204.00,A satisfying meal. The Jeera Rice was a good choice.
20,20,O00021,03-02-2024,10:00,C0229,Aasin Khan,91,Chana Masala,Main Course,4,? 260.00," ? 1,040.00 ", ? 185.00 ,? 300.00,The Chana Masala could have been better.
21,21,O00022,03-02-2024,10:00,C0126,Aakib Momin,60,Chicken Manchurian,Starter,1,? 280.00, ? 280.00 , ? 205.00 ,? 75.00,"The Chicken Manchurian was decent, but nothing special."
22,22,O00023,03-02-2024,18:45,C0075,Rihan Raes,8,Paneer Butter Masala,Vegetarian,4,? 380.00," ? 1,520.00 ", ? 298.00 ,? 328.00,"It was an okay Paneer Butter Masala, but I've had better."
23,23,O00024,03-02-2024,13:30,C0048,Abdul Rahim Malik,106,Chicken Burger,Fast Food,5,? 160.00, ? 800.00 , ? 115.00 ,? 225.00,It was an average Chicken Burger.
24,24,O00025,03-02-2024,18:15,C0297,Wahaj Ali,89,Misal Pav,Snack,5,? 160.00, ? 800.00 , ? 126.00 ,? 170.00,The Misal Pav was excellent. Really enjoyed the meal.
25,25,O00026,03-02-2024,19:45,C0050,Dua Sayyad,33,Dal Tadka,Vegetarian,3,? 260.00, ? 780.00 , ? 183.00 ,? 231.00,A wholesome and delicious Dal Tadka. The vegetables were so fresh!
26,26,O00027,04-02-2024,19:15,C0301,Sher Taimoor,129,Smoked Chicken Sub,Snacks,4,? 160.00, ? 640.00 , ? 112.00 ,? 192.00,A satisfying meal. The Smoked Chicken Sub was a good choice.
27,27,O00028,04-02-2024,15:00,C0219,Isharat Nadaf,88,Vada Pav,Snack,5,? 120.00, ? 600.00 , ? 91.00 ,? 145.00,It was an average Vada Pav.
28,28,O00029,04-02-2024,22:45,C0095,Aakib Azam,109,Cheese Sandwich,Sandwiches,5,? 100.00, ? 500.00 , ? 72.00 ,? 140.00,A satisfying meal. The Cheese Sandwich was a good choice.
29,29,O00030,04-02-2024,14:30,C0206,Aariz Faruqi,116,Paneer Bhurji Sandwich,Snacks,5,? 75.00, ? 375.00 , ? 59.00 ,? 80.00,The Paneer Bhurji Sandwich was excellent. Really enjoyed the meal.
30,30,O00031,04-02-2024,21:30,C0188,Sher Raes,63,Chili Paneer,Starter,3,? 280.00, ? 840.00 , ? 219.00 ,? 183.00,The Chili Paneer was simply delicious and fresh. Highly recommended!
31,31,O00032,04-02-2024,21:30,C0218,Danish Khan,120,Peri Peri Chicken Wings,Snacks,5,? 180.00, ? 900.00 , ? 135.00 ,? 225.00,The Peri Peri Chicken Wings was excellent. Really enjoyed the meal.
32,32,O00033,04-02-2024,17:45,C0235,Abdul Rahim Malik,63,Chili Paneer,Starter,2,? 280.00, ? 560.00 , ? 219.00 ,? 122.00,Absolutely loved the Chili Paneer! It was the perfect appetizer to get us started.
33,33,O00034,04-02-2024,17:45,C0083,Isharat Mujawar,16,Ice Cream Sundae,Dessert,3,? 200.00, ? 600.00 , ? 143.00 ,? 171.00,The Ice Cream Sundae could have been better.
34,34,O00035,04-02-2024,17:30,C0326,Aman Sayyad,11,Margherita Pizza,Pizza,3,? 330.00, ? 990.00 , ? 231.00 ,? 297.00,The Margherita Pizza could have been better.
35,35,O00036,04-02-2024,16:45,C0250,Isharat Azam,43,Onion Uttapam,Vegetarian,4,? 160.00, ? 640.00 , ? 112.00 ,? 192.00,The vegetables in the Onion Uttapam seemed overcooked.
36,36,O00037,04-02-2024,21:30,C0183,Imran Mujawar,21,Chicken Fried Rice,Rice & Noodles,3,? 240.00, ? 720.00 , ? 182.00 ,? 174.00,I was not a fan of the Chicken Fried Rice.
37,37,O00038,04-02-2024,17:45,C0023,Shamsher Faruqi,81,Biryani (Veg),Rice,1,? 320.00, ? 320.00 , ? 251.00 ,? 69.00,I was not a fan of the Biryani (Veg).
38,38,O00039,04-02-2024,17:00,C0105,Aakib Nadaf,56,Dal Makhani,Vegetarian,1,? 340.00, ? 340.00 , ? 269.00 ,? 71.00,Loved the Dal Makhani! It was a delightful and well-prepared vegetarian meal.
39,39,O00040,05-02-2024,21:00,C0197,Arahan Ali,59,Veg Manchurian,Starter,3,? 240.00, ? 720.00 , ? 169.00 ,? 213.00,Absolutely loved the Veg Manchurian! It was the perfect appetizer to get us started.
40,40,O00041,05-02-2024,16:30,C0320,Sultan Momin,87,Uttapam,South Indian,3,? 220.00, ? 660.00 , ? 170.00 ,? 150.00,The Uttapam was not what I expected.
41,41,O00042,05-02-2024,21:30,C0175,Aasiya Momin,12,Veggie Burger,Burger,4,? 250.00," ? 1,000.00 ", ? 199.00 ,? 204.00,The Veggie Burger was not what I expected.
42,42,O00043,05-02-2024,16:00,C0281,Abdul Rahim Faruqi,79,Fried Momos (Chicken),Starter,2,? 240.00, ? 480.00 , ? 176.00 ,? 128.00,The Fried Momos (Chicken) was okay. It was a standard appetizer.
43,43,O00044,05-02-2024,12:45,C0181,Aman Khan,37,Biryani Veg,Rice & Noodles,5,? 320.00," ? 1,600.00 ", ? 233.00 ,? 435.00,Great food! The Biryani Veg was delicious and well-prepared.
44,44,O00045,05-02-2024,21:30,C0169,Anis Taimoor,91,Chana Masala,Main Course,1,? 260.00, ? 260.00 , ? 185.00 ,? 75.00,It was an average Chana Masala.
45,45,O00046,05-02-2024,17:15,C0268,Ayeza Azam,53,Veg Pulao,Rice & Noodles,5,? 240.00," ? 1,200.00 ", ? 190.00 ,? 250.00,The Veg Pulao met my expectations.
46,46,O00047,05-02-2024,14:15,C0102,Aasifa Taimoor,61,Veg Spring Rolls,Starter,5,? 220.00," ? 1,100.00 ", ? 162.00 ,? 290.00,The Veg Spring Rolls was simply delicious and fresh. Highly recommended!
47,47,O00048,05-02-2024,13:30,C0273,Aasin Mujawar,7,Butter Chicken,Meat Special,3,? 495.00," ? 1,485.00 ", ? 349.00 ,? 438.00,It was an average Butter Chicken.
48,48,O00049,05-02-2024,21:15,C0034,Anis Raes,125,BBQ Chicken Pizza Sandwich,Snacks,1,? 160.00, ? 160.00 , ? 115.00 ,? 45.00,Great food! The BBQ Chicken Pizza Sandwich was delicious and well-prepared.
49,49,O00050,05-02-2024,17:15,C0233,Moh Saad Nadaf,117,Egg Mayo Sandwich,Snacks,1,? 85.00, ? 85.00 , ? 66.00 ,? 19.00,I was not a fan of the Egg Mayo Sandwich.
50,50,O00051,05-02-2024,21:45,C0068,Abdul Rahim Shaikh,9,Palak Paneer,Vegetarian,4,? 360.00," ? 1,440.00 ", ? 273.00 ,? 348.00,The Palak Paneer is a great choice for vegetarians. Hearty and full of flavor.
51,51,O00052,06-02-2024,15:15,C0132,Sultan Momin,48,Baingan Bharta,Vegetarian,2,? 260.00, ? 520.00 , ? 195.00 ,? 130.00,The Baingan Bharta was as expected.
52,52,O00053,06-02-2024,16:15,C0262,Nikhat Faruqi,75,Veg Momos,Starter,3,? 180.00, ? 540.00 , ? 138.00 ,? 126.00,Absolutely loved the Veg Momos! It was the perfect appetizer to get us started.
53,53,O00054,06-02-2024,14:00,C0169,Anis Taimoor,40,Idli Sambar,Vegetarian,5,? 160.00, ? 800.00 , ? 119.00 ,? 205.00,A wholesome and delicious Idli Sambar. The vegetables were so fresh!
54,54,O00055,06-02-2024,19:45,C0295,Sultan Taimoor,100,Veg Wrap,Sandwiches,4,? 130.00, ? 520.00 , ? 92.00 ,? 152.00,The Veg Wrap could have been better.
55,55,O00056,06-02-2024,11:15,C0252,Moh Saad Faruqi,37,Biryani Veg,Rice & Noodles,5,? 320.00," ? 1,600.00 ", ? 233.00 ,? 435.00,The Biryani Veg was excellent. Really enjoyed the meal.
56,56,O00057,06-02-2024,22:30,C0228,Isharat Momin,82,Fish Curry (Goan),Main Course,3,? 380.00," ? 1,140.00 ", ? 289.00 ,? 273.00,The Fish Curry (Goan) was excellent. Really enjoyed the meal.
57,57,O00058,07-02-2024,21:15,C0095,Aakib Azam,80,Tandoori Momos,Starter,5,? 260.00," ? 1,300.00 ", ? 185.00 ,? 375.00,The Tandoori Momos was a fantastic start to our meal! Perfectly crispy.
58,58,O00059,07-02-2024,15:30,C0126,Aakib Momin,65,Schezwan Fried Rice,Rice & Noodles,5,? 220.00," ? 1,100.00 ", ? 160.00 ,? 300.00,Great food! The Schezwan Fried Rice was delicious and well-prepared.
59,59,O00060,07-02-2024,19:15,C0297,Wahaj Ali,3,Chicken Soup,Starter,1,? 220.00, ? 220.00 , ? 170.00 ,? 50.00,Wasn't very impressed with the Chicken Soup. It lacked flavor.
60,60,O00061,07-02-2024,14:15,C0245,Wahaj Taimoor,42,Medu Vada,Vegetarian,1,? 150.00, ? 150.00 , ? 112.00 ,? 38.00,"It was an okay Medu Vada, but I've had better."
61,61,O00062,07-02-2024,16:00,C0079,Shahrukh Faruqi,106,Chicken Burger,Fast Food,2,? 160.00, ? 320.00 , ? 115.00 ,? 90.00,The Chicken Burger was excellent. Really enjoyed the meal.
62,62,O00063,07-02-2024,20:15,C0113,Ayeza Momin,73,Veg Clear Soup,Starter,5,? 120.00, ? 600.00 , ? 84.00 ,? 180.00,The Veg Clear Soup was a fantastic start to our meal! Perfectly crispy.
63,63,O00064,07-02-2024,14:00,C0038,Moh Saad Malik,93,Matar Paneer,Main Course,2,? 340.00, ? 680.00 , ? 263.00 ,? 154.00,The Matar Paneer could have been better.
64,64,O00065,07-02-2024,18:15,C0102,Aasifa Taimoor,98,Paneer Kathi Roll,Street Food,5,? 140.00, ? 700.00 , ? 103.00 ,? 185.00,I was not a fan of the Paneer Kathi Roll.
65,65,O00066,07-02-2024,22:30,C0236,Aakib Khan,110,Paneer Sandwich,Sandwiches,1,? 120.00, ? 120.00 , ? 84.00 ,? 36.00,The Paneer Sandwich met my expectations.
66,66,O00067,07-02-2024,17:00,C0244,Arahan Raes,95,Garlic Naan,Breads,5,? 70.00, ? 350.00 , ? 54.00 ,? 80.00,Great food! The Garlic Naan was delicious and well-prepared.
67,67,O00068,07-02-2024,11:30,C0176,Abdul Rahim Shikalkar,62,Chicken Spring Rolls,Starter,1,? 260.00, ? 260.00 , ? 189.00 ,? 71.00,The Chicken Spring Rolls was a bit too oily for my liking.
68,68,O00069,07-02-2024,12:15,C0041,Aakib Shaikh,60,Chicken Manchurian,Starter,1,? 280.00, ? 280.00 , ? 205.00 ,? 75.00,The Chicken Manchurian was simply delicious and fresh. Highly recommended!
69,69,O00070,07-02-2024,20:45,C0290,Isharat Raes,94,Butter Naan,Breads,1,? 60.00, ? 60.00 , ? 45.00 ,? 15.00,It was an average Butter Naan.
70,70,O00071,08-02-2024,22:30,C0153,Nikhat Malik,46,Kadai Paneer,Vegetarian,5,? 360.00," ? 1,800.00 ", ? 275.00 ,? 425.00,The Kadai Paneer was a decent vegetarian option.
71,71,O00072,08-02-2024,11:45,C0206,Aariz Faruqi,59,Veg Manchurian,Starter,3,? 240.00, ? 720.00 , ? 169.00 ,? 213.00,Wasn't very impressed with the Veg Manchurian. It lacked flavor.
72,72,O00073,08-02-2024,11:15,C0326,Aman Sayyad,18,Veg Hakka Noodles,Rice & Noodles,4,? 220.00, ? 880.00 , ? 165.00 ,? 220.00,A satisfying meal. The Veg Hakka Noodles was a good choice.
73,73,O00074,08-02-2024,11:00,C0187,Aasin Nadaf,117,Egg Mayo Sandwich,Snacks,2,? 85.00, ? 170.00 , ? 66.00 ,? 38.00,The Egg Mayo Sandwich was excellent. Really enjoyed the meal.
74,74,O00075,08-02-2024,12:15,C0153,Nikhat Malik,88,Vada Pav,Snack,4,? 120.00, ? 480.00 , ? 91.00 ,? 116.00,The Vada Pav was fine.
75,75,O00076,08-02-2024,20:45,C0109,Aman Mujawar,56,Dal Makhani,Vegetarian,5,? 340.00," ? 1,700.00 ", ? 269.00 ,? 355.00,A wholesome and delicious Dal Makhani. The vegetables were so fresh!
76,76,O00077,08-02-2024,11:00,C0091,Aasin Nadaf,69,Hot & Sour Soup (Veg),Starter,2,? 160.00, ? 320.00 , ? 113.00 ,? 94.00,The Hot & Sour Soup (Veg) was a fantastic start to our meal! Perfectly crispy.
77,77,O00078,08-02-2024,22:00,C0080,Sher Khan,53,Veg Pulao,Rice & Noodles,1,? 240.00, ? 240.00 , ? 190.00 ,? 50.00,The Veg Pulao was not what I expected.
78,78,O00079,08-02-2024,18:45,C0153,Nikhat Malik,76,Chicken Momos,Starter,4,? 220.00, ? 880.00 , ? 170.00 ,? 200.00,Absolutely loved the Chicken Momos! It was the perfect appetizer to get us started.
79,79,O00080,08-02-2024,18:15,C0124,Arahan Shaikh,78,Fried Momos (Veg),Starter,3,? 200.00, ? 600.00 , ? 141.00 ,? 177.00,The Fried Momos (Veg) was simply delicious and fresh. Highly recommended!
80,80,O00081,08-02-2024,18:30,C0190,Rihan Raes,35,Chole Bhature,Vegetarian,1,? 280.00, ? 280.00 , ? 223.00 ,? 57.00,The Chole Bhature is a great choice for vegetarians. Hearty and full of flavor.
81,81,O00082,08-02-2024,14:15,C0195,Aasin Malik,45,Egg Curry,Non-Veg Main,2,? 280.00, ? 560.00 , ? 203.00 ,? 154.00,The Egg Curry was the highlight of our meal. Absolutely delicious!
82,82,O00083,08-02-2024,17:00,C0135,Danish Azam,37,Biryani Veg,Rice & Noodles,2,? 320.00, ? 640.00 , ? 233.00 ,? 174.00,A satisfying meal. The Biryani Veg was a good choice.
83,83,O00084,09-02-2024,20:45,C0215,Ayeza Faruqi,128,Paneer Tandoori Wrap,Snacks,5,? 120.00, ? 600.00 , ? 94.00 ,? 130.00,The Paneer Tandoori Wrap met my expectations.
84,84,O00085,09-02-2024,18:30,C0214,Nikhat Taimoor,63,Chili Paneer,Starter,4,? 280.00," ? 1,120.00 ", ? 219.00 ,? 244.00,Absolutely loved the Chili Paneer! It was the perfect appetizer to get us started.
85,85,O00086,09-02-2024,11:45,C0165,Dua Sayyad,30,Shahi Paneer,Vegetarian,3,? 400.00," ? 1,200.00 ", ? 281.00 ,? 357.00,The Shahi Paneer is a great choice for vegetarians. Hearty and full of flavor.
86,86,O00087,09-02-2024,13:30,C0172,Ayeza Shaikh,90,Pani Puri,Snack,5,? 100.00, ? 500.00 , ? 74.00 ,? 130.00,The Pani Puri was fine.
87,87,O00088,09-02-2024,12:45,C0022,Aasiya Ali,87,Uttapam,South Indian,5,? 220.00," ? 1,100.00 ", ? 170.00 ,? 250.00,Great food! The Uttapam was delicious and well-prepared.
88,88,O00089,09-02-2024,18:15,C0185,Nikhat Shikalkar,9,Palak Paneer,Vegetarian,1,? 360.00, ? 360.00 , ? 273.00 ,? 87.00,The Palak Paneer was bland and needed more seasoning.
89,89,O00090,09-02-2024,17:45,C0067,Sultan Ali,59,Veg Manchurian,Starter,4,? 240.00, ? 960.00 , ? 169.00 ,? 284.00,The Veg Manchurian was simply delicious and fresh. Highly recommended!
90,90,O00091,09-02-2024,12:30,C0055,Sultan Momin,81,Biryani (Veg),Rice,4,? 320.00," ? 1,280.00 ", ? 251.00 ,? 276.00,The Biryani (Veg) was excellent. Really enjoyed the meal.
91,91,O00092,10-02-2024,15:45,C0097,Isharat Taimoor,97,Grilled Cheese Sandwich,Sandwiches,2,? 120.00, ? 240.00 , ? 90.00 ,? 60.00,The Grilled Cheese Sandwich was not what I expected.
92,92,O00093,10-02-2024,14:00,C0014,Arman Faruqi,52,Chicken Tikka Masala,Non-Veg Main,4,? 480.00," ? 1,920.00 ", ? 373.00 ,? 428.00,Felt that the Chicken Tikka Masala was overpriced for its quality.
93,93,O00094,10-02-2024,22:00,C0288,Anis Shikalkar,35,Chole Bhature,Vegetarian,4,? 280.00," ? 1,120.00 ", ? 223.00 ,? 228.00,The vegetables in the Chole Bhature seemed overcooked.
94,94,O00095,10-02-2024,20:30,C0235,Abdul Rahim Malik,40,Idli Sambar,Vegetarian,5,? 160.00, ? 800.00 , ? 119.00 ,? 205.00,The Idli Sambar was a decent vegetarian option.
95,95,O00096,10-02-2024,17:45,C0330,Kaif Momin,78,Fried Momos (Veg),Starter,1,? 200.00, ? 200.00 , ? 141.00 ,? 59.00,The Fried Momos (Veg) was okay. It was a standard appetizer.
96,96,O00097,10-02-2024,11:30,C0145,Imran Khan,89,Misal Pav,Snack,3,? 160.00, ? 480.00 , ? 126.00 ,? 102.00,A satisfying meal. The Misal Pav was a good choice.
97,97,O00098,10-02-2024,20:45,C0039,Aasifa Shaikh,26,Pasta Alfredo,Continental,4,? 320.00," ? 1,280.00 ", ? 249.00 ,? 284.00,The Pasta Alfredo met my expectations.
98,98,O00099,10-02-2024,10:00,C0130,Aakib Shikalkar,74,Chicken Clear Soup,Starter,5,? 160.00, ? 800.00 , ? 125.00 ,? 175.00,Wasn't very impressed with the Chicken Clear Soup. It lacked flavor.
99,99,O00100,10-02-2024,19:30,C0109,Aman Mujawar,96,Club Sandwich,Sandwiches,5,? 160.00, ? 800.00 , ? 119.00 ,? 205.00,The Club Sandwich could have been better.
100,100,O00101,10-02-2024,21:45,C0327,Abdul Rahim Mujawar,104,Chicken Frankie,Street Food,5,? 150.00, ? 750.00 , ? 112.00 ,? 190.00,Great food! The Chicken Frankie was delicious and well-prepared.
101,101,O00102,10-02-2024,11:45,C0014,Arman Faruqi,127,Mutton Seekh Kebab Roll,Snacks,4,? 170.00, ? 680.00 , ? 132.00 ,? 152.00,The Mutton Seekh Kebab Roll was fine.
102,102,O00103,10-02-2024,21:15,C0305,Aasin Faruqi,56,Dal Makhani,Vegetarian,1,? 340.00, ? 340.00 , ? 269.00 ,? 71.00,The vegetables in the Dal Makhani seemed overcooked.
103,103,O00104,11-02-2024,20:00,C0317,Rihan Azam,37,Biryani Veg,Rice & Noodles,5,? 320.00," ? 1,600.00 ", ? 233.00 ,? 435.00,Great food! The Biryani Veg was delicious and well-prepared.
104,104,O00105,11-02-2024,20:00,C0223,Anis Sayyad,115,Chicken Kathi Roll,Snacks,4,? 120.00, ? 480.00 , ? 91.00 ,? 116.00,A satisfying meal. The Chicken Kathi Roll was a good choice.
105,105,O00106,11-02-2024,18:45,C0084,Imran Momin,14,Rasgulla,Dessert,3,? 140.00, ? 420.00 , ? 100.00 ,? 120.00,A satisfying meal. The Rasgulla was a good choice.
106,106,O00107,11-02-2024,16:00,C0276,Wahaj Faruqi,118,Tuna Melt Sandwich,Snacks,3,? 140.00, ? 420.00 , ? 100.00 ,? 120.00,Great food! The Tuna Melt Sandwich was delicious and well-prepared.
107,107,O00108,11-02-2024,17:45,C0264,Abdul Rahim Mujawar,70,Hot & Sour Soup (Chicken),Starter,1,? 200.00, ? 200.00 , ? 159.00 ,? 41.00,"The Hot & Sour Soup (Chicken) was decent, but nothing special."
108,108,O00109,11-02-2024,21:45,C0009,Shamsher Khan,21,Chicken Fried Rice,Rice & Noodles,1,? 240.00, ? 240.00 , ? 182.00 ,? 58.00,I was not a fan of the Chicken Fried Rice.
109,109,O00110,11-02-2024,19:00,C0144,Aasifa Mujawar,26,Pasta Alfredo,Continental,3,? 320.00, ? 960.00 , ? 249.00 ,? 213.00,The Pasta Alfredo was excellent. Really enjoyed the meal.
110,110,O00111,11-02-2024,15:15,C0228,Isharat Momin,32,Fish Curry,Non-Veg Main,3,? 400.00," ? 1,200.00 ", ? 286.00 ,? 342.00,A truly authentic and flavorful Fish Curry. It was very satisfying.
111,111,O00112,12-02-2024,22:00,C0040,Moh Saad Nadaf,108,Chicken Shawarma,Street Food,2,? 170.00, ? 340.00 , ? 131.00 ,? 78.00,Great food! The Chicken Shawarma was delicious and well-prepared.
112,112,O00113,12-02-2024,17:30,C0092,Sultan Shaikh,86,Non-Veg Thali,Meal Combo,2,? 440.00, ? 880.00 , ? 322.00 ,? 236.00,A satisfying meal. The Non-Veg Thali was a good choice.
113,113,O00114,12-02-2024,22:45,C0054,Shamsher Ali,129,Smoked Chicken Sub,Snacks,2,? 160.00, ? 320.00 , ? 112.00 ,? 96.00,Great food! The Smoked Chicken Sub was delicious and well-prepared.
114,114,O00115,12-02-2024,22:00,C0142,Abdul Rahim Nadaf,75,Veg Momos,Starter,3,? 180.00, ? 540.00 , ? 138.00 ,? 126.00,The Veg Momos was simply delicious and fresh. Highly recommended!
115,115,O00116,12-02-2024,14:45,C0215,Ayeza Faruqi,117,Egg Mayo Sandwich,Snacks,5,? 85.00, ? 425.00 , ? 66.00 ,? 95.00,The Egg Mayo Sandwich was excellent. Really enjoyed the meal.
116,116,O00117,12-02-2024,14:00,C0012,Abdul Rahim Malik,96,Club Sandwich,Sandwiches,3,? 160.00, ? 480.00 , ? 119.00 ,? 123.00,A satisfying meal. The Club Sandwich was a good choice.
117,117,O00118,12-02-2024,13:15,C0160,Shahrukh Malik,115,Chicken Kathi Roll,Snacks,4,? 120.00, ? 480.00 , ? 91.00 ,? 116.00,The Chicken Kathi Roll was fine.
118,118,O00119,12-02-2024,15:30,C0109,Aman Mujawar,129,Smoked Chicken Sub,Snacks,3,? 160.00, ? 480.00 , ? 112.00 ,? 144.00,The Smoked Chicken Sub met my expectations.
119,119,O00120,12-02-2024,11:15,C0271,Aasiya Mujawar,35,Chole Bhature,Vegetarian,3,? 280.00, ? 840.00 , ? 223.00 ,? 171.00,A wholesome and delicious Chole Bhature. The vegetables were so fresh!
120,120,O00121,12-02-2024,17:45,C0040,Moh Saad Nadaf,44,Hyderabadi Haleem,Non-Veg Main,2,? 500.00," ? 1,000.00 ", ? 395.00 ,? 210.00,The Hyderabadi Haleem was the highlight of our meal. Absolutely delicious!
121,121,O00122,12-02-2024,15:15,C0219,Isharat Nadaf,128,Paneer Tandoori Wrap,Snacks,5,? 120.00, ? 600.00 , ? 94.00 ,? 130.00,Great food! The Paneer Tandoori Wrap was delicious and well-prepared.
122,122,O00123,13-02-2024,21:45,C0320,Sultan Momin,28,Caesar Salad,Salad,5,? 280.00," ? 1,400.00 ", ? 210.00 ,? 350.00,A satisfying meal. The Caesar Salad was a good choice.
123,123,O00124,13-02-2024,18:15,C0319,Sultan Raes,63,Chili Paneer,Starter,4,? 280.00," ? 1,120.00 ", ? 219.00 ,? 244.00,The Chili Paneer was a fantastic start to our meal! Perfectly crispy.
124,124,O00125,13-02-2024,22:15,C0102,Aasifa Taimoor,22,Paneer Tikka,Starter,5,? 280.00," ? 1,400.00 ", ? 199.00 ,? 405.00,The Paneer Tikka was simply delicious and fresh. Highly recommended!
125,125,O00126,13-02-2024,13:00,C0310,Ayeza Faruqi,29,Greek Salad,Salad,3,? 260.00, ? 780.00 , ? 197.00 ,? 189.00,The Greek Salad was fine.
126,126,O00127,13-02-2024,12:15,C0138,Wahaj Taimoor,2,Mushroom Soup,Starter,2,? 200.00, ? 400.00 , ? 159.00 ,? 82.00,The Mushroom Soup was simply delicious and fresh. Highly recommended!
127,127,O00128,13-02-2024,18:30,C0028,Aakib Faruqi,89,Misal Pav,Snack,1,? 160.00, ? 160.00 , ? 126.00 ,? 34.00,A satisfying meal. The Misal Pav was a good choice.
128,128,O00129,13-02-2024,16:00,C0013,Aariz Raes,37,Biryani Veg,Rice & Noodles,4,? 320.00," ? 1,280.00 ", ? 233.00 ,? 348.00,The Biryani Veg was not what I expected.
129,129,O00130,13-02-2024,22:45,C0013,Aariz Raes,112,Paneer Parantha,Breads,5,? 90.00, ? 450.00 , ? 64.00 ,? 130.00,It was an average Paneer Parantha.
130,130,O00131,13-02-2024,13:15,C0131,Aasin Ali,42,Medu Vada,Vegetarian,1,? 150.00, ? 150.00 , ? 112.00 ,? 38.00,A wholesome and delicious Medu Vada. The vegetables were so fresh!
131,131,O00132,13-02-2024,16:15,C0271,Aasiya Mujawar,82,Fish Curry (Goan),Main Course,5,? 380.00," ? 1,900.00 ", ? 289.00 ,? 455.00,A satisfying meal. The Fish Curry (Goan) was a good choice.
132,132,O00133,14-02-2024,20:45,C0053,Shahrukh Taimoor,47,Bhindi Masala,Vegetarian,2,? 240.00, ? 480.00 , ? 175.00 ,? 130.00,A wholesome and delicious Bhindi Masala. The vegetables were so fresh!
133,133,O00134,14-02-2024,13:45,C0240,Sultan Ali,47,Bhindi Masala,Vegetarian,3,? 240.00, ? 720.00 , ? 175.00 ,? 195.00,The Bhindi Masala was a decent vegetarian option.
134,134,O00135,14-02-2024,19:30,C0281,Abdul Rahim Faruqi,22,Paneer Tikka,Starter,3,? 280.00, ? 840.00 , ? 199.00 ,? 243.00,Absolutely loved the Paneer Tikka! It was the perfect appetizer to get us started.
135,135,O00136,14-02-2024,17:00,C0271,Aasiya Mujawar,77,Paneer Momos,Starter,1,? 200.00, ? 200.00 , ? 155.00 ,? 45.00,The Paneer Momos was a bit too oily for my liking.
136,136,O00137,14-02-2024,14:00,C0269,Aakib Nadaf,126,Corn & Cheese Sandwich,Snacks,5,? 90.00, ? 450.00 , ? 66.00 ,? 120.00,A satisfying meal. The Corn & Cheese Sandwich was a good choice.
137,137,O00138,14-02-2024,15:00,C0234,Moh Saad Faruqi,1,Tomato Soup,Starter,2,? 180.00, ? 360.00 , ? 132.00 ,? 96.00,The Tomato Soup was a bit too oily for my liking.
138,138,O00139,14-02-2024,16:15,C0081,Ayeza Raes,11,Margherita Pizza,Pizza,5,? 330.00," ? 1,650.00 ", ? 231.00 ,? 495.00,The Margherita Pizza was excellent. Really enjoyed the meal.
139,139,O00140,14-02-2024,16:00,C0266,Aasifa Sayyad,98,Paneer Kathi Roll,Street Food,4,? 140.00, ? 560.00 , ? 103.00 ,? 148.00,I was not a fan of the Paneer Kathi Roll.
140,140,O00141,14-02-2024,17:00,C0197,Arahan Ali,55,Vegetable Korma,Vegetarian,3,? 320.00, ? 960.00 , ? 243.00 ,? 231.00,The vegetables in the Vegetable Korma seemed overcooked.
141,141,O00142,14-02-2024,16:45,C0116,Arman Khan,35,Chole Bhature,Vegetarian,1,? 280.00, ? 280.00 , ? 223.00 ,? 57.00,Loved the Chole Bhature! It was a delightful and well-prepared vegetarian meal.
142,142,O00143,15-02-2024,16:45,C0110,Danish Momin,110,Paneer Sandwich,Sandwiches,4,? 120.00, ? 480.00 , ? 84.00 ,? 144.00,The Paneer Sandwich was not what I expected.
143,143,O00144,15-02-2024,17:30,C0019,Aariz Sayyad,61,Veg Spring Rolls,Starter,4,? 220.00, ? 880.00 , ? 162.00 ,? 232.00,The Veg Spring Rolls was simply delicious and fresh. Highly recommended!
144,144,O00145,15-02-2024,13:15,C0048,Abdul Rahim Malik,87,Uttapam,South Indian,5,? 220.00," ? 1,100.00 ", ? 170.00 ,? 250.00,I was not a fan of the Uttapam.
145,145,O00146,15-02-2024,19:00,C0079,Shahrukh Faruqi,48,Baingan Bharta,Vegetarian,5,? 260.00," ? 1,300.00 ", ? 195.00 ,? 325.00,The Baingan Bharta was as expected.
146,146,O00147,15-02-2024,18:45,C0111,Moh Saad Raes,107,Paneer Shawarma,Street Food,1,? 150.00, ? 150.00 , ? 111.00 ,? 39.00,Great food! The Paneer Shawarma was delicious and well-prepared.
147,147,O00148,15-02-2024,10:45,C0290,Isharat Raes,122,Falafel Wrap,Snacks,4,? 130.00, ? 520.00 , ? 102.00 ,? 112.00,A satisfying meal. The Falafel Wrap was a good choice.
148,148,O00149,15-02-2024,13:00,C0053,Shahrukh Taimoor,123,Chicken Caesar Wrap,Snacks,3,? 150.00, ? 450.00 , ? 109.00 ,? 123.00,The Chicken Caesar Wrap was not what I expected.
149,149,O00150,15-02-2024,15:45,C0062,Ayeza Nadaf,114,Veg Frankie Roll,Snacks,2,? 80.00, ? 160.00 , ? 62.00 ,? 36.00,I was not a fan of the Veg Frankie Roll.
150,150,O00151,16-02-2024,16:15,C0196,Arman Taimoor,39,Masala Dosa,Vegetarian,3,? 180.00, ? 540.00 , ? 138.00 ,? 126.00,A wholesome and delicious Masala Dosa. The vegetables were so fresh!
151,151,O00152,16-02-2024,12:45,C0163,Shamsher Shikalkar,102,Chicken Sub,Sandwiches,2,? 180.00, ? 360.00 , ? 137.00 ,? 86.00,Great food! The Chicken Sub was delicious and well-prepared.
152,152,O00153,16-02-2024,15:30,C0275,Arman Khan,8,Paneer Butter Masala,Vegetarian,4,? 380.00," ? 1,520.00 ", ? 298.00 ,? 328.00,The Paneer Butter Masala was as expected.
153,153,O00154,16-02-2024,14:15,C0045,Arman Shaikh,23,Chicken Tikka,Starter,4,? 320.00," ? 1,280.00 ", ? 233.00 ,? 348.00,The Chicken Tikka was a fantastic start to our meal! Perfectly crispy.
154,154,O00155,16-02-2024,20:45,C0296,Aariz Sayyad,102,Chicken Sub,Sandwiches,1,? 180.00, ? 180.00 , ? 137.00 ,? 43.00,Great food! The Chicken Sub was delicious and well-prepared.
155,155,O00156,17-02-2024,19:00,C0044,Shamsher Mujawar,131,Avocado Toast,Breakfast,5,? 150.00, ? 750.00 , ? 111.00 ,? 195.00,The Avocado Toast was excellent. Really enjoyed the meal.
156,156,O00157,17-02-2024,22:00,C0099,Aariz Faruqi,123,Chicken Caesar Wrap,Snacks,5,? 150.00, ? 750.00 , ? 109.00 ,? 205.00,A satisfying meal. The Chicken Caesar Wrap was a good choice.
157,157,O00158,17-02-2024,15:00,C0200,Aariz Taimoor,82,Fish Curry (Goan),Main Course,2,? 380.00, ? 760.00 , ? 289.00 ,? 182.00,The Fish Curry (Goan) could have been better.
158,158,O00159,17-02-2024,18:45,C0041,Aakib Shaikh,46,Kadai Paneer,Vegetarian,5,? 360.00," ? 1,800.00 ", ? 275.00 ,? 425.00,"It was an okay Kadai Paneer, but I've had better."
159,159,O00160,17-02-2024,20:15,C0104,Sultan Nadaf,40,Idli Sambar,Vegetarian,2,? 160.00, ? 320.00 , ? 119.00 ,? 82.00,Loved the Idli Sambar! It was a delightful and well-prepared vegetarian meal.
160,160,O00161,17-02-2024,11:45,C0075,Rihan Raes,127,Mutton Seekh Kebab Roll,Snacks,4,? 170.00, ? 680.00 , ? 132.00 ,? 152.00,Great food! The Mutton Seekh Kebab Roll was delicious and well-prepared.
161,161,O00162,17-02-2024,19:45,C0211,Moh Saad Faruqi,64,Chili Chicken,Starter,5,? 340.00," ? 1,700.00 ", ? 250.00 ,? 450.00,The Chili Chicken was a bit too oily for my liking.
162,162,O00163,17-02-2024,13:15,C0277,Shamsher Faruqi,106,Chicken Burger,Fast Food,2,? 160.00, ? 320.00 , ? 115.00 ,? 90.00,Great food! The Chicken Burger was delicious and well-prepared.
163,163,O00164,17-02-2024,15:00,C0285,Ayeza Raes,23,Chicken Tikka,Starter,3,? 320.00, ? 960.00 , ? 233.00 ,? 261.00,Wasn't very impressed with the Chicken Tikka. It lacked flavor.
164,164,O00165,17-02-2024,19:30,C0125,Danish Nadaf,68,Chicken Schezwan Noodles,Rice & Noodles,3,? 280.00, ? 840.00 , ? 218.00 ,? 186.00,The Chicken Schezwan Noodles could have been better.
165,165,O00166,17-02-2024,14:00,C0095,Aakib Azam,59,Veg Manchurian,Starter,5,? 240.00," ? 1,200.00 ", ? 169.00 ,? 355.00,The Veg Manchurian was cold when it arrived at our table.
166,166,O00167,17-02-2024,10:00,C0238,Aakib Malik,109,Cheese Sandwich,Sandwiches,2,? 100.00, ? 200.00 , ? 72.00 ,? 56.00,The Cheese Sandwich could have been better.
167,167,O00168,18-02-2024,14:30,C0260,Danish Ali,70,Hot & Sour Soup (Chicken),Starter,1,? 200.00, ? 200.00 , ? 159.00 ,? 41.00,The Hot & Sour Soup (Chicken) was cold when it arrived at our table.
168,168,O00169,18-02-2024,18:45,C0212,Shahrukh Mujawar,61,Veg Spring Rolls,Starter,4,? 220.00, ? 880.00 , ? 162.00 ,? 232.00,The Veg Spring Rolls was cold when it arrived at our table.
169,169,O00170,18-02-2024,12:30,C0241,Shamsher Faruqi,43,Onion Uttapam,Vegetarian,5,? 160.00, ? 800.00 , ? 112.00 ,? 240.00,The Onion Uttapam was bland and needed more seasoning.
170,170,O00171,18-02-2024,11:45,C0112,Shahrukh Sayyad,16,Ice Cream Sundae,Dessert,3,? 200.00, ? 600.00 , ? 143.00 ,? 171.00,I was not a fan of the Ice Cream Sundae.
171,171,O00172,18-02-2024,16:15,C0231,Danish Momin,38,Mutton Biryani,Rice & Noodles,2,? 480.00, ? 960.00 , ? 340.00 ,? 280.00,The Mutton Biryani was not what I expected.
172,172,O00173,18-02-2024,22:45,C0218,Danish Khan,16,Ice Cream Sundae,Dessert,3,? 200.00, ? 600.00 , ? 143.00 ,? 171.00,A satisfying meal. The Ice Cream Sundae was a good choice.
173,173,O00174,18-02-2024,17:15,C0318,Shahrukh Ali,83,Malai Kofta,Main Course,1,? 340.00, ? 340.00 , ? 249.00 ,? 91.00,The Malai Kofta was not what I expected.
174,174,O00175,18-02-2024,22:45,C0105,Aakib Nadaf,34,Rajma Chawal,Vegetarian,3,? 300.00, ? 900.00 , ? 238.00 ,? 186.00,The Rajma Chawal is a great choice for vegetarians. Hearty and full of flavor.
175,175,O00176,18-02-2024,17:45,C0069,Aasin Khan,72,Sweet Corn Soup (Chicken),Starter,2,? 180.00, ? 360.00 , ? 129.00 ,? 102.00,The Sweet Corn Soup (Chicken) was a fantastic start to our meal! Perfectly crispy.
176,176,O00177,18-02-2024,13:00,C0046,Nikhat Taimoor,107,Paneer Shawarma,Street Food,3,? 150.00, ? 450.00 , ? 111.00 ,? 117.00,The Paneer Shawarma was fine.
177,177,O00178,18-02-2024,15:30,C0295,Sultan Taimoor,81,Biryani (Veg),Rice,2,? 320.00, ? 640.00 , ? 251.00 ,? 138.00,A satisfying meal. The Biryani (Veg) was a good choice.
178,178,O00179,19-02-2024,13:15,C0266,Aasifa Sayyad,81,Biryani (Veg),Rice,5,? 320.00," ? 1,600.00 ", ? 251.00 ,? 345.00,The Biryani (Veg) was excellent. Really enjoyed the meal.
179,179,O00180,19-02-2024,18:30,C0049,Aman Khan,3,Chicken Soup,Starter,2,? 220.00, ? 440.00 , ? 170.00 ,? 100.00,"The Chicken Soup was decent, but nothing special."
180,180,O00181,19-02-2024,13:15,C0019,Aariz Sayyad,18,Veg Hakka Noodles,Rice & Noodles,2,? 220.00, ? 440.00 , ? 165.00 ,? 110.00,A satisfying meal. The Veg Hakka Noodles was a good choice.
181,181,O00182,19-02-2024,14:15,C0131,Aasin Ali,128,Paneer Tandoori Wrap,Snacks,2,? 120.00, ? 240.00 , ? 94.00 ,? 52.00,Great food! The Paneer Tandoori Wrap was delicious and well-prepared.
182,182,O00183,19-02-2024,14:00,C0098,Shahrukh Malik,14,Rasgulla,Dessert,2,? 140.00, ? 280.00 , ? 100.00 ,? 80.00,The Rasgulla was excellent. Really enjoyed the meal.
183,183,O00184,19-02-2024,19:30,C0257,Aman Nadaf,63,Chili Paneer,Starter,3,? 280.00, ? 840.00 , ? 219.00 ,? 183.00,The Chili Paneer was a fantastic start to our meal! Perfectly crispy.
184,184,O00185,19-02-2024,19:15,C0044,Shamsher Mujawar,108,Chicken Shawarma,Street Food,4,? 170.00, ? 680.00 , ? 131.00 ,? 156.00,A satisfying meal. The Chicken Shawarma was a good choice.
185,185,O00186,19-02-2024,16:15,C0105,Aakib Nadaf,49,Aloo Gobi,Vegetarian,3,? 220.00, ? 660.00 , ? 166.00 ,? 162.00,A wholesome and delicious Aloo Gobi. The vegetables were so fresh!
186,186,O00187,20-02-2024,17:30,C0157,Arahan Azam,30,Shahi Paneer,Vegetarian,2,? 400.00, ? 800.00 , ? 281.00 ,? 238.00,The Shahi Paneer is a great choice for vegetarians. Hearty and full of flavor.
187,187,O00188,20-02-2024,14:15,C0328,Isharat Khan,44,Hyderabadi Haleem,Non-Veg Main,1,? 500.00, ? 500.00 , ? 395.00 ,? 105.00,Felt that the Hyderabadi Haleem was overpriced for its quality.
188,188,O00189,20-02-2024,12:30,C0077,Shahrukh Momin,35,Chole Bhature,Vegetarian,2,? 280.00, ? 560.00 , ? 223.00 ,? 114.00,Loved the Chole Bhature! It was a delightful and well-prepared vegetarian meal.
189,189,O00190,20-02-2024,10:15,C0290,Isharat Raes,68,Chicken Schezwan Noodles,Rice & Noodles,2,? 280.00, ? 560.00 , ? 218.00 ,? 124.00,A satisfying meal. The Chicken Schezwan Noodles was a good choice.
190,190,O00191,20-02-2024,13:30,C0103,Aasiya Faruqi,44,Hyderabadi Haleem,Non-Veg Main,3,? 500.00," ? 1,500.00 ", ? 395.00 ,? 315.00,The Hyderabadi Haleem was cooked to perfection. The spices were spot on!
191,191,O00192,20-02-2024,22:15,C0146,Sultan Sayyad,69,Hot & Sour Soup (Veg),Starter,2,? 160.00, ? 320.00 , ? 113.00 ,? 94.00,The Hot & Sour Soup (Veg) was cold when it arrived at our table.
192,192,O00193,20-02-2024,20:00,C0262,Nikhat Faruqi,119,Veg Paneer Wrap,Snacks,3,? 95.00, ? 285.00 , ? 74.00 ,? 63.00,A satisfying meal. The Veg Paneer Wrap was a good choice.
193,193,O00194,20-02-2024,16:00,C0196,Arman Taimoor,38,Mutton Biryani,Rice & Noodles,2,? 480.00, ? 960.00 , ? 340.00 ,? 280.00,The Mutton Biryani met my expectations.
194,194,O00195,21-02-2024,10:15,C0224,Nikhat Mujawar,29,Greek Salad,Salad,3,? 260.00, ? 780.00 , ? 197.00 ,? 189.00,The Greek Salad was excellent. Really enjoyed the meal.
195,195,O00196,21-02-2024,17:15,C0060,Nikhat Khan,24,Samosa,Starter,3,? 100.00, ? 300.00 , ? 73.00 ,? 81.00,The Samosa was a fantastic start to our meal! Perfectly crispy.
196,196,O00197,21-02-2024,13:45,C0109,Aman Mujawar,23,Chicken Tikka,Starter,4,? 320.00," ? 1,280.00 ", ? 233.00 ,? 348.00,Absolutely loved the Chicken Tikka! It was the perfect appetizer to get us started.
197,197,O00198,21-02-2024,17:45,C0292,Arahan Taimoor,119,Veg Paneer Wrap,Snacks,4,? 95.00, ? 380.00 , ? 74.00 ,? 84.00,Great food! The Veg Paneer Wrap was delicious and well-prepared.
198,198,O00199,21-02-2024,12:30,C0002,Dua Khan,97,Grilled Cheese Sandwich,Sandwiches,1,? 120.00, ? 120.00 , ? 90.00 ,? 30.00,The Grilled Cheese Sandwich was excellent. Really enjoyed the meal.
199,199,O00200,21-02-2024,16:45,C0247,Shahrukh Sayyad,58,Crab Curry,Non-Veg Main,4,? 520.00," ? 2,080.00 ", ? 374.00 ,? 584.00,The Crab Curry was alright. It was cooked well but the flavor was average.
200,200,O00201,21-02-2024,22:45,C0306,Arman Malik,68,Chicken Schezwan Noodles,Rice & Noodles,5,? 280.00," ? 1,400.00 ", ? 218.00 ,? 310.00,The Chicken Schezwan Noodles was fine.
201,201,O00202,22-02-2024,11:45,C0288,Anis Shikalkar,123,Chicken Caesar Wrap,Snacks,3,? 150.00, ? 450.00 , ? 109.00 ,? 123.00,The Chicken Caesar Wrap could have been better.
202,202,O00203,22-02-2024,10:30,C0013,Aariz Raes,44,Hyderabadi Haleem,Non-Veg Main,3,? 500.00," ? 1,500.00 ", ? 395.00 ,? 315.00,A truly authentic and flavorful Hyderabadi Haleem. It was very satisfying.
203,203,O00204,22-02-2024,20:15,C0053,Shahrukh Taimoor,13,Gulab Jamun,Dessert,5,? 150.00, ? 750.00 , ? 117.00 ,? 165.00,A satisfying meal. The Gulab Jamun was a good choice.
204,204,O00205,22-02-2024,22:30,C0231,Danish Momin,51,Tandoori Chicken,Non-Veg Main,1,? 460.00, ? 460.00 , ? 366.00 ,? 94.00,The Tandoori Chicken was the highlight of our meal. Absolutely delicious!
205,205,O00206,22-02-2024,20:15,C0170,Sher Shikalkar,123,Chicken Caesar Wrap,Snacks,1,? 150.00, ? 150.00 , ? 109.00 ,? 41.00,The Chicken Caesar Wrap met my expectations.
206,206,O00207,22-02-2024,22:15,C0126,Aakib Momin,83,Malai Kofta,Main Course,1,? 340.00, ? 340.00 , ? 249.00 ,? 91.00,Great food! The Malai Kofta was delicious and well-prepared.
207,207,O00208,22-02-2024,14:45,C0044,Shamsher Mujawar,36,Pav Bhaji,Vegetarian,2,? 220.00, ? 440.00 , ? 171.00 ,? 98.00,The Pav Bhaji was as expected.
208,208,O00209,22-02-2024,11:00,C0189,Dua Faruqi,126,Corn & Cheese Sandwich,Snacks,3,? 90.00, ? 270.00 , ? 66.00 ,? 72.00,The Corn & Cheese Sandwich met my expectations.
209,209,O00210,23-02-2024,16:00,C0327,Abdul Rahim Mujawar,127,Mutton Seekh Kebab Roll,Snacks,1,? 170.00, ? 170.00 , ? 132.00 ,? 38.00,The Mutton Seekh Kebab Roll was not what I expected.
210,210,O00211,23-02-2024,19:00,C0197,Arahan Ali,20,Veg Fried Rice,Rice & Noodles,1,? 200.00, ? 200.00 , ? 145.00 ,? 55.00,The Veg Fried Rice was excellent. Really enjoyed the meal.
211,211,O00212,23-02-2024,10:45,C0191,Imran Shikalkar,65,Schezwan Fried Rice,Rice & Noodles,3,? 220.00, ? 660.00 , ? 160.00 ,? 180.00,The Schezwan Fried Rice met my expectations.
212,212,O00213,23-02-2024,19:30,C0299,Aakib Shaikh,69,Hot & Sour Soup (Veg),Starter,5,? 160.00, ? 800.00 , ? 113.00 ,? 235.00,Wasn't very impressed with the Hot & Sour Soup (Veg). It lacked flavor.
213,213,O00214,23-02-2024,10:45,C0181,Aman Khan,68,Chicken Schezwan Noodles,Rice & Noodles,3,? 280.00, ? 840.00 , ? 218.00 ,? 186.00,The Chicken Schezwan Noodles met my expectations.
214,214,O00215,23-02-2024,12:30,C0323,Wahaj Ali,7,Butter Chicken,Meat Special,3,? 495.00," ? 1,485.00 ", ? 349.00 ,? 438.00,I was not a fan of the Butter Chicken.
215,215,O00216,23-02-2024,21:45,C0301,Sher Taimoor,93,Matar Paneer,Main Course,4,? 340.00," ? 1,360.00 ", ? 263.00 ,? 308.00,The Matar Paneer was excellent. Really enjoyed the meal.
216,216,O00217,23-02-2024,17:30,C0263,Sher Raes,74,Chicken Clear Soup,Starter,4,? 160.00, ? 640.00 , ? 125.00 ,? 140.00,It was an average Chicken Clear Soup.
217,217,O00218,24-02-2024,15:30,C0182,Rihan Shaikh,122,Falafel Wrap,Snacks,1,? 130.00, ? 130.00 , ? 102.00 ,? 28.00,It was an average Falafel Wrap.
218,218,O00219,24-02-2024,18:45,C0269,Aakib Nadaf,29,Greek Salad,Salad,4,? 260.00," ? 1,040.00 ", ? 197.00 ,? 252.00,The Greek Salad was excellent. Really enjoyed the meal.
219,219,O00220,24-02-2024,18:00,C0148,Aakib Momin,41,Vada Sambar,Vegetarian,3,? 170.00, ? 510.00 , ? 121.00 ,? 147.00,The vegetables in the Vada Sambar seemed overcooked.
220,220,O00221,24-02-2024,14:00,C0124,Arahan Shaikh,121,Cheese Garlic Bread,Breads,4,? 110.00, ? 440.00 , ? 85.00 ,? 100.00,Great food! The Cheese Garlic Bread was delicious and well-prepared.
221,221,O00222,24-02-2024,17:15,C0302,Shamsher Ali,65,Schezwan Fried Rice,Rice & Noodles,2,? 220.00, ? 440.00 , ? 160.00 ,? 120.00,I was not a fan of the Schezwan Fried Rice.
222,222,O00223,24-02-2024,17:30,C0008,Dua Sayyad,29,Greek Salad,Salad,4,? 260.00," ? 1,040.00 ", ? 197.00 ,? 252.00,Great food! The Greek Salad was delicious and well-prepared.
223,223,O00224,24-02-2024,21:00,C0226,Aman Taimoor,75,Veg Momos,Starter,4,? 180.00, ? 720.00 , ? 138.00 ,? 168.00,The Veg Momos was simply delicious and fresh. Highly recommended!
224,224,O00225,24-02-2024,15:15,C0276,Wahaj Faruqi,28,Caesar Salad,Salad,5,? 280.00," ? 1,400.00 ", ? 210.00 ,? 350.00,The Caesar Salad was excellent. Really enjoyed the meal.
225,225,O00226,24-02-2024,22:00,C0070,Aasifa Azam,43,Onion Uttapam,Vegetarian,4,? 160.00, ? 640.00 , ? 112.00 ,? 192.00,Loved the Onion Uttapam! It was a delightful and well-prepared vegetarian meal.
226,226,O00227,24-02-2024,17:15,C0092,Sultan Shaikh,43,Onion Uttapam,Vegetarian,2,? 160.00, ? 320.00 , ? 112.00 ,? 96.00,The Onion Uttapam is a great choice for vegetarians. Hearty and full of flavor.
227,227,O00228,25-02-2024,20:45,C0180,Isharat Shikalkar,41,Vada Sambar,Vegetarian,4,? 170.00, ? 680.00 , ? 121.00 ,? 196.00,The vegetables in the Vada Sambar seemed overcooked.
228,228,O00229,25-02-2024,10:00,C0200,Aariz Taimoor,70,Hot & Sour Soup (Chicken),Starter,3,? 200.00, ? 600.00 , ? 159.00 ,? 123.00,The Hot & Sour Soup (Chicken) was simply delicious and fresh. Highly recommended!
229,229,O00230,25-02-2024,18:15,C0287,Nikhat Shaikh,115,Chicken Kathi Roll,Snacks,5,? 120.00, ? 600.00 , ? 91.00 ,? 145.00,The Chicken Kathi Roll met my expectations.
230,230,O00231,25-02-2024,18:45,C0212,Shahrukh Mujawar,12,Veggie Burger,Burger,2,? 250.00, ? 500.00 , ? 199.00 ,? 102.00,A satisfying meal. The Veggie Burger was a good choice.
231,231,O00232,25-02-2024,13:45,C0024,Aman Momin,84,Seekh Kebab,Starter,4,? 400.00," ? 1,600.00 ", ? 282.00 ,? 472.00,The Seekh Kebab was simply delicious and fresh. Highly recommended!
232,232,O00233,25-02-2024,21:15,C0258,Aakib Sayyad,112,Paneer Parantha,Breads,5,? 90.00, ? 450.00 , ? 64.00 ,? 130.00,Great food! The Paneer Parantha was delicious and well-prepared.
233,233,O00234,25-02-2024,17:45,C0071,Arman Azam,83,Malai Kofta,Main Course,3,? 340.00," ? 1,020.00 ", ? 249.00 ,? 273.00,A satisfying meal. The Malai Kofta was a good choice.
234,234,O00235,25-02-2024,10:45,C0118,Aman Azam,66,Schezwan Chicken Fried Rice,Rice & Noodles,1,? 280.00, ? 280.00 , ? 211.00 ,? 69.00,Great food! The Schezwan Chicken Fried Rice was delicious and well-prepared.
235,235,O00236,25-02-2024,20:15,C0199,Arman Shaikh,111,Egg Sandwich,Sandwiches,5,? 110.00, ? 550.00 , ? 80.00 ,? 150.00,I was not a fan of the Egg Sandwich.
236,236,O00237,25-02-2024,17:00,C0263,Sher Raes,69,Hot & Sour Soup (Veg),Starter,3,? 160.00, ? 480.00 , ? 113.00 ,? 141.00,The Hot & Sour Soup (Veg) was simply delicious and fresh. Highly recommended!
237,237,O00238,25-02-2024,13:15,C0257,Aman Nadaf,101,Veggie Sub,Sandwiches,3,? 150.00, ? 450.00 , ? 105.00 ,? 135.00,The Veggie Sub was excellent. Really enjoyed the meal.
238,238,O00239,26-02-2024,13:30,C0258,Aakib Sayyad,14,Rasgulla,Dessert,3,? 140.00, ? 420.00 , ? 100.00 ,? 120.00,A satisfying meal. The Rasgulla was a good choice.
239,239,O00240,26-02-2024,14:30,C0278,Sultan Shikalkar,114,Veg Frankie Roll,Snacks,3,? 80.00, ? 240.00 , ? 62.00 ,? 54.00,A satisfying meal. The Veg Frankie Roll was a good choice.
240,240,O00241,26-02-2024,22:15,C0235,Abdul Rahim Malik,129,Smoked Chicken Sub,Snacks,2,? 160.00, ? 320.00 , ? 112.00 ,? 96.00,Great food! The Smoked Chicken Sub was delicious and well-prepared.
241,241,O00242,26-02-2024,16:00,C0312,Danish Khan,39,Masala Dosa,Vegetarian,1,? 180.00, ? 180.00 , ? 138.00 ,? 42.00,Loved the Masala Dosa! It was a delightful and well-prepared vegetarian meal.
242,242,O00243,26-02-2024,16:45,C0123,Abdul Rahim Faruqi,44,Hyderabadi Haleem,Non-Veg Main,2,? 500.00," ? 1,000.00 ", ? 395.00 ,? 210.00,The Hyderabadi Haleem was cooked to perfection. The spices were spot on!
243,243,O00244,26-02-2024,17:30,C0160,Shahrukh Malik,92,Kadhi Pakora,Main Course,3,? 300.00, ? 900.00 , ? 231.00 ,? 207.00,The Kadhi Pakora could have been better.
244,244,O00245,26-02-2024,16:00,C0259,Nikhat Malik,132,Club Chicken Sandwich,Snacks,5,? 140.00, ? 700.00 , ? 101.00 ,? 195.00,The Club Chicken Sandwich met my expectations.
245,245,O00246,26-02-2024,10:00,C0273,Aasin Mujawar,71,Sweet Corn Soup (Veg),Starter,4,? 140.00, ? 560.00 , ? 108.00 ,? 128.00,The Sweet Corn Soup (Veg) was a fantastic start to our meal! Perfectly crispy.
246,246,O00247,27-02-2024,10:45,C0308,Ayeza Khan,6,Grilled Salmon,Ocean Meal,4,? 500.00," ? 2,000.00 ", ? 357.00 ,? 572.00,The Grilled Salmon was not what I expected.
247,247,O00248,27-02-2024,19:15,C0277,Shamsher Faruqi,126,Corn & Cheese Sandwich,Snacks,2,? 90.00, ? 180.00 , ? 66.00 ,? 48.00,The Corn & Cheese Sandwich was excellent. Really enjoyed the meal.
248,248,O00249,27-02-2024,20:30,C0025,Aasifa Khan,18,Veg Hakka Noodles,Rice & Noodles,3,? 220.00, ? 660.00 , ? 165.00 ,? 165.00,The Veg Hakka Noodles could have been better.
249,249,O00250,27-02-2024,10:45,C0097,Isharat Taimoor,34,Rajma Chawal,Vegetarian,4,? 300.00," ? 1,200.00 ", ? 238.00 ,? 248.00,The Rajma Chawal is a great choice for vegetarians. Hearty and full of flavor.
250,250,O00251,27-02-2024,18:30,C0081,Ayeza Raes,20,Veg Fried Rice,Rice & Noodles,5,? 200.00," ? 1,000.00 ", ? 145.00 ,? 275.00,The Veg Fried Rice met my expectations.
251,251,O00252,27-02-2024,15:15,C0132,Sultan Momin,78,Fried Momos (Veg),Starter,4,? 200.00, ? 800.00 , ? 141.00 ,? 236.00,The Fried Momos (Veg) was cold when it arrived at our table.
252,252,O00253,27-02-2024,11:00,C0068,Abdul Rahim Shaikh,120,Peri Peri Chicken Wings,Snacks,2,? 180.00, ? 360.00 , ? 135.00 ,? 90.00,It was an average Peri Peri Chicken Wings.
253,253,O00254,27-02-2024,16:45,C0300,Dua Azam,76,Chicken Momos,Starter,4,? 220.00, ? 880.00 , ? 170.00 ,? 200.00,Absolutely loved the Chicken Momos! It was the perfect appetizer to get us started.
254,254,O00255,27-02-2024,13:15,C0269,Aakib Nadaf,91,Chana Masala,Main Course,1,? 260.00, ? 260.00 , ? 185.00 ,? 75.00,The Chana Masala was fine.
255,255,O00256,27-02-2024,11:30,C0267,Moh Saad Faruqi,96,Club Sandwich,Sandwiches,1,? 160.00, ? 160.00 , ? 119.00 ,? 41.00,The Club Sandwich was excellent. Really enjoyed the meal.
256,256,O00257,27-02-2024,10:45,C0009,Shamsher Khan,72,Sweet Corn Soup (Chicken),Starter,3,? 180.00, ? 540.00 , ? 129.00 ,? 153.00,Absolutely loved the Sweet Corn Soup (Chicken)! It was the perfect appetizer to get us started.
257,257,O00258,27-02-2024,11:45,C0149,Aariz Nadaf,110,Paneer Sandwich,Sandwiches,5,? 120.00, ? 600.00 , ? 84.00 ,? 180.00,The Paneer Sandwich was not what I expected.
258,258,O00259,28-02-2024,20:30,C0312,Danish Khan,65,Schezwan Fried Rice,Rice & Noodles,3,? 220.00, ? 660.00 , ? 160.00 ,? 180.00,Great food! The Schezwan Fried Rice was delicious and well-prepared.
259,259,O00260,28-02-2024,17:30,C0031,Rihan Momin,76,Chicken Momos,Starter,2,? 220.00, ? 440.00 , ? 170.00 ,? 100.00,The Chicken Momos was a fantastic start to our meal! Perfectly crispy.
260,260,O00261,28-02-2024,22:30,C0296,Aariz Sayyad,41,Vada Sambar,Vegetarian,5,? 170.00, ? 850.00 , ? 121.00 ,? 245.00,A wholesome and delicious Vada Sambar. The vegetables were so fresh!
261,261,O00262,28-02-2024,12:00,C0158,Moh Saad Malik,115,Chicken Kathi Roll,Street Food,5,? 160.00, ? 800.00 , ? 112.00 ,? 240.00,The Chicken Kathi Roll was excellent. Really enjoyed the meal.
262,262,O00263,28-02-2024,19:00,C0186,Aariz Khan,102,Chicken Sub,Sandwiches,2,? 180.00, ? 360.00 , ? 137.00 ,? 86.00,Great food! The Chicken Sub was delicious and well-prepared.
263,263,O00264,28-02-2024,10:15,C0161,Isharat Momin,88,Vada Pav,Snack,3,? 120.00, ? 360.00 , ? 91.00 ,? 87.00,The Vada Pav was fine.
264,264,O00265,28-02-2024,19:30,C0240,Sultan Ali,109,Cheese Sandwich,Sandwiches,1,? 100.00, ? 100.00 , ? 72.00 ,? 28.00,Great food! The Cheese Sandwich was delicious and well-prepared.
265,265,O00266,28-02-2024,10:00,C0140,Imran Taimoor,72,Sweet Corn Soup (Chicken),Starter,2,? 180.00, ? 360.00 , ? 129.00 ,? 102.00,It was an average Sweet Corn Soup (Chicken).
266,266,O00267,28-02-2024,14:45,C0315,Imran Shaikh,92,Kadhi Pakora,Main Course,3,? 300.00, ? 900.00 , ? 231.00 ,? 207.00,Great food! The Kadhi Pakora was delicious and well-prepared.
267,267,O00268,28-02-2024,19:00,C0166,Nikhat Taimoor,108,Chicken Shawarma,Street Food,4,? 170.00, ? 680.00 , ? 131.00 ,? 156.00,Great food! The Chicken Shawarma was delicious and well-prepared.
268,268,O00269,28-02-2024,14:15,C0110,Danish Momin,66,Schezwan Chicken Fried Rice,Rice & Noodles,3,? 280.00, ? 840.00 , ? 211.00 ,? 207.00,A satisfying meal. The Schezwan Chicken Fried Rice was a good choice.
269,269,O00270,28-02-2024,22:30,C0006,Imran Taimoor,42,Medu Vada,Vegetarian,2,? 150.00, ? 300.00 , ? 112.00 ,? 76.00,Loved the Medu Vada! It was a delightful and well-prepared vegetarian meal.
270,270,O00271,28-02-2024,18:45,C0267,Moh Saad Faruqi,28,Caesar Salad,Salad,4,? 280.00," ? 1,120.00 ", ? 210.00 ,? 280.00,A satisfying meal. The Caesar Salad was a good choice.
271,271,O00272,28-02-2024,17:00,C0156,Arman Faruqi,37,Biryani Veg,Rice & Noodles,1,? 320.00, ? 320.00 , ? 233.00 ,? 87.00,Great food! The Biryani Veg was delicious and well-prepared.
272,272,O00273,28-02-2024,12:15,C0245,Wahaj Taimoor,60,Chicken Manchurian,Starter,4,? 280.00," ? 1,120.00 ", ? 205.00 ,? 300.00,The Chicken Manchurian was cold when it arrived at our table.
273,273,O00274,28-02-2024,20:30,C0314,Arman Faruqi,58,Crab Curry,Non-Veg Main,3,? 520.00," ? 1,560.00 ", ? 374.00 ,? 438.00,A truly authentic and flavorful Crab Curry. It was very satisfying.
274,274,O00275,28-02-2024,22:15,C0184,Kaif Sayyad,115,Chicken Kathi Roll,Street Food,5,? 160.00, ? 800.00 , ? 112.00 ,? 240.00,The Chicken Kathi Roll was excellent. Really enjoyed the meal.
275,275,O00276,28-02-2024,11:15,C0226,Aman Taimoor,2,Mushroom Soup,Starter,2,? 200.00, ? 400.00 , ? 159.00 ,? 82.00,It was an average Mushroom Soup.
276,276,O00277,29-02-2024,21:00,C0258,Aakib Sayyad,73,Veg Clear Soup,Starter,1,? 120.00, ? 120.00 , ? 84.00 ,? 36.00,The Veg Clear Soup was cold when it arrived at our table.
277,277,O00278,29-02-2024,15:00,C0322,Aasin Malik,9,Palak Paneer,Vegetarian,3,? 360.00," ? 1,080.00 ", ? 273.00 ,? 261.00,I found the Palak Paneer to be a bit watery.
278,278,O00279,29-02-2024,22:30,C0095,Aakib Azam,22,Paneer Tikka,Starter,2,? 280.00, ? 560.00 , ? 199.00 ,? 162.00,The Paneer Tikka was simply delicious and fresh. Highly recommended!
279,279,O00280,29-02-2024,10:30,C0155,Imran Mujawar,60,Chicken Manchurian,Starter,4,? 280.00," ? 1,120.00 ", ? 205.00 ,? 300.00,It was an average Chicken Manchurian.
280,280,O00281,29-02-2024,13:00,C0237,Aman Azam,69,Hot & Sour Soup (Veg),Starter,1,? 160.00, ? 160.00 , ? 113.00 ,? 47.00,The Hot & Sour Soup (Veg) was a fantastic start to our meal! Perfectly crispy.
281,281,O00282,29-02-2024,10:30,C0007,Aman Taimoor,78,Fried Momos (Veg),Starter,1,? 200.00, ? 200.00 , ? 141.00 ,? 59.00,The Fried Momos (Veg) was simply delicious and fresh. Highly recommended!
282,282,O00283,29-02-2024,12:00,C0177,Sultan Ali,82,Fish Curry (Goan),Main Course,3,? 380.00," ? 1,140.00 ", ? 289.00 ,? 273.00,The Fish Curry (Goan) met my expectations.
283,283,O00284,29-02-2024,19:30,C0153,Nikhat Malik,11,Margherita Pizza,Pizza,1,? 330.00, ? 330.00 , ? 231.00 ,? 99.00,I was not a fan of the Margherita Pizza.
284,284,O00285,29-02-2024,11:30,C0100,Aman Momin,106,Chicken Burger,Fast Food,1,? 160.00, ? 160.00 , ? 115.00 ,? 45.00,The Chicken Burger could have been better.
285,285,O00286,29-02-2024,10:15,C0115,Aasifa Nadaf,105,Paneer Burger,Fast Food,2,? 140.00, ? 280.00 , ? 110.00 ,? 60.00,Great food! The Paneer Burger was delicious and well-prepared.
286,286,O00287,29-02-2024,16:15,C0037,Wahaj Malik,1,Tomato Soup,Starter,3,? 180.00, ? 540.00 , ? 132.00 ,? 144.00,The Tomato Soup was simply delicious and fresh. Highly recommended!
287,287,O00288,29-02-2024,20:30,C0320,Sultan Momin,10,Pepperoni Pizza,Pizza,4,? 368.00," ? 1,472.00 ", ? 283.00 ,? 340.00,Great food! The Pepperoni Pizza was delicious and well-prepared.
288,288,O00289,01-03-2024,17:45,C0111,Moh Saad Raes,128,Paneer Tandoori Wrap,Snacks,1,? 120.00, ? 120.00 , ? 94.00 ,? 26.00,Great food! The Paneer Tandoori Wrap was delicious and well-prepared.
289,289,O00290,01-03-2024,10:45,C0034,Anis Raes,57,Prawn Masala,Non-Veg Main,3,? 460.00," ? 1,380.00 ", ? 326.00 ,? 402.00,The Prawn Masala was satisfactory.
290,290,O00291,01-03-2024,20:45,C0166,Nikhat Taimoor,128,Paneer Tandoori Wrap,Snacks,4,? 120.00, ? 480.00 , ? 94.00 ,? 104.00,I was not a fan of the Paneer Tandoori Wrap.
291,291,O00292,01-03-2024,21:00,C0276,Wahaj Faruqi,65,Schezwan Fried Rice,Rice & Noodles,4,? 220.00, ? 880.00 , ? 160.00 ,? 240.00,The Schezwan Fried Rice was not what I expected.
292,292,O00293,01-03-2024,21:00,C0197,Arahan Ali,27,Pasta Arrabbiata,Continental,1,? 300.00, ? 300.00 , ? 215.00 ,? 85.00,It was an average Pasta Arrabbiata.
293,293,O00294,01-03-2024,13:30,C0128,Moh Saad Shikalkar,108,Chicken Shawarma,Street Food,5,? 170.00, ? 850.00 , ? 131.00 ,? 195.00,The Chicken Shawarma was not what I expected.
294,294,O00295,02-03-2024,15:00,C0070,Aasifa Azam,17,French Fries,Starter,3,? 120.00, ? 360.00 , ? 87.00 ,? 99.00,The French Fries was a fantastic start to our meal! Perfectly crispy.
295,295,O00296,02-03-2024,21:45,C0239,Arman Momin,48,Baingan Bharta,Vegetarian,4,? 260.00," ? 1,040.00 ", ? 195.00 ,? 260.00,The Baingan Bharta is a great choice for vegetarians. Hearty and full of flavor.
296,296,O00297,02-03-2024,22:00,C0328,Isharat Khan,96,Club Sandwich,Sandwiches,1,? 160.00, ? 160.00 , ? 119.00 ,? 41.00,Great food! The Club Sandwich was delicious and well-prepared.
297,297,O00298,02-03-2024,22:15,C0284,Sher Shaikh,65,Schezwan Fried Rice,Rice & Noodles,4,? 220.00, ? 880.00 , ? 160.00 ,? 240.00,The Schezwan Fried Rice met my expectations.
298,298,O00299,02-03-2024,14:30,C0233,Moh Saad Nadaf,102,Chicken Sub,Sandwiches,4,? 180.00, ? 720.00 , ? 137.00 ,? 172.00,The Chicken Sub was fine.
299,299,O00300,02-03-2024,20:30,C0047,Rihan Sayyad,88,Vada Pav,Snack,5,? 120.00, ? 600.00 , ? 91.00 ,? 145.00,I was not a fan of the Vada Pav.
300,300,O00301,02-03-2024,18:45,C0174,Anis Malik,10,Pepperoni Pizza,Pizza,3,? 368.00," ? 1,104.00 ", ? 283.00 ,? 255.00,The Pepperoni Pizza was not what I expected.
301,301,O00302,02-03-2024,20:45,C0321,Aasifa Khan,128,Paneer Tandoori Wrap,Snacks,1,? 120.00, ? 120.00 , ? 94.00 ,? 26.00,The Paneer Tandoori Wrap met my expectations.
302,302,O00303,02-03-2024,16:30,C0009,Shamsher Khan,69,Hot & Sour Soup (Veg),Starter,5,? 160.00, ? 800.00 , ? 113.00 ,? 235.00,Absolutely loved the Hot & Sour Soup (Veg)! It was the perfect appetizer to get us started.
303,303,O00304,02-03-2024,14:30,C0330,Kaif Momin,77,Paneer Momos,Starter,3,? 200.00, ? 600.00 , ? 155.00 ,? 135.00,The Paneer Momos was a fantastic start to our meal! Perfectly crispy.
304,304,O00305,02-03-2024,13:00,C0312,Danish Khan,45,Egg Curry,Non-Veg Main,2,? 280.00, ? 560.00 , ? 203.00 ,? 154.00,The Egg Curry was satisfactory.
305,305,O00306,02-03-2024,22:15,C0248,Shahrukh Raes,63,Chili Paneer,Starter,2,? 280.00, ? 560.00 , ? 219.00 ,? 122.00,The Chili Paneer was cold when it arrived at our table.
306,306,O00307,02-03-2024,20:15,C0169,Anis Taimoor,93,Matar Paneer,Main Course,4,? 340.00," ? 1,360.00 ", ? 263.00 ,? 308.00,I was not a fan of the Matar Paneer.
307,307,O00308,02-03-2024,17:00,C0035,Aasifa Shaikh,41,Vada Sambar,Vegetarian,1,? 170.00, ? 170.00 , ? 121.00 ,? 49.00,Loved the Vada Sambar! It was a delightful and well-prepared vegetarian meal.
308,308,O00309,02-03-2024,14:15,C0018,Sher Shikalkar,85,Veg Thali,Meal Combo,2,? 360.00, ? 720.00 , ? 263.00 ,? 194.00,The Veg Thali was excellent. Really enjoyed the meal.
309,309,O00310,03-03-2024,12:00,C0052,Shahrukh Sayyad,45,Egg Curry,Non-Veg Main,2,? 280.00, ? 560.00 , ? 203.00 ,? 154.00,"It was a standard Egg Curry, nothing out of the ordinary."
310,310,O00311,03-03-2024,17:15,C0044,Shamsher Mujawar,132,Club Chicken Sandwich,Snacks,5,? 140.00, ? 700.00 , ? 101.00 ,? 195.00,It was an average Club Chicken Sandwich.
311,311,O00312,03-03-2024,11:45,C0114,Imran Faruqi,3,Chicken Soup,Starter,3,? 220.00, ? 660.00 , ? 170.00 ,? 150.00,The Chicken Soup was okay. It was a standard appetizer.
312,312,O00313,04-03-2024,21:45,C0034,Anis Raes,45,Egg Curry,Non-Veg Main,4,? 280.00," ? 1,120.00 ", ? 203.00 ,? 308.00,A truly authentic and flavorful Egg Curry. It was very satisfying.
313,313,O00314,04-03-2024,22:30,C0276,Wahaj Faruqi,89,Misal Pav,Snack,3,? 160.00, ? 480.00 , ? 126.00 ,? 102.00,The Misal Pav was fine.
314,314,O00315,04-03-2024,17:15,C0196,Arman Taimoor,120,Peri Peri Chicken Wings,Snacks,1,? 180.00, ? 180.00 , ? 135.00 ,? 45.00,It was an average Peri Peri Chicken Wings.
315,315,O00316,04-03-2024,15:45,C0106,Aasin Mujawar,93,Matar Paneer,Main Course,1,? 340.00, ? 340.00 , ? 263.00 ,? 77.00,The Matar Paneer was excellent. Really enjoyed the meal.
316,316,O00317,04-03-2024,17:00,C0148,Aakib Momin,35,Chole Bhature,Vegetarian,3,? 280.00, ? 840.00 , ? 223.00 ,? 171.00,Loved the Chole Bhature! It was a delightful and well-prepared vegetarian meal.
317,317,O00318,04-03-2024,14:15,C0319,Sultan Raes,61,Veg Spring Rolls,Starter,1,? 220.00, ? 220.00 , ? 162.00 ,? 58.00,Absolutely loved the Veg Spring Rolls! It was the perfect appetizer to get us started.
318,318,O00319,04-03-2024,18:30,C0097,Isharat Taimoor,123,Chicken Caesar Wrap,Snacks,2,? 150.00, ? 300.00 , ? 109.00 ,? 82.00,A satisfying meal. The Chicken Caesar Wrap was a good choice.
319,319,O00320,04-03-2024,16:00,C0141,Arahan Ali,125,BBQ Chicken Pizza Sandwich,Snacks,4,? 160.00, ? 640.00 , ? 115.00 ,? 180.00,The BBQ Chicken Pizza Sandwich met my expectations.
320,320,O00321,04-03-2024,11:00,C0169,Anis Taimoor,25,Spring Rolls,Starter,1,? 220.00, ? 220.00 , ? 164.00 ,? 56.00,The Spring Rolls was a bit too oily for my liking.
321,321,O00322,04-03-2024,18:15,C0063,Aasiya Malik,107,Paneer Shawarma,Street Food,1,? 150.00, ? 150.00 , ? 111.00 ,? 39.00,The Paneer Shawarma was excellent. Really enjoyed the meal.
322,322,O00323,05-03-2024,12:30,C0191,Imran Shikalkar,111,Egg Sandwich,Sandwiches,4,? 110.00, ? 440.00 , ? 80.00 ,? 120.00,It was an average Egg Sandwich.
323,323,O00324,05-03-2024,14:00,C0085,Aasifa Azam,16,Ice Cream Sundae,Dessert,1,? 200.00, ? 200.00 , ? 143.00 ,? 57.00,A satisfying meal. The Ice Cream Sundae was a good choice.
324,324,O00325,05-03-2024,15:15,C0203,Isharat Sayyad,45,Egg Curry,Non-Veg Main,1,? 280.00, ? 280.00 , ? 203.00 ,? 77.00,"It was a standard Egg Curry, nothing out of the ordinary."
325,325,O00326,05-03-2024,14:45,C0157,Arahan Azam,123,Chicken Caesar Wrap,Snacks,3,? 150.00, ? 450.00 , ? 109.00 ,? 123.00,Great food! The Chicken Caesar Wrap was delicious and well-prepared.
326,326,O00327,05-03-2024,18:45,C0111,Moh Saad Raes,38,Mutton Biryani,Rice Meal,4,? 490.00," ? 1,960.00 ", ? 350.00 ,? 560.00,The Mutton Biryani was fine.
327,327,O00328,05-03-2024,14:45,C0209,Aasiya Malik,44,Hyderabadi Haleem,Non-Veg Main,1,? 500.00, ? 500.00 , ? 395.00 ,? 105.00,The Hyderabadi Haleem was cooked to perfection. The spices were spot on!
328,328,O00329,05-03-2024,16:00,C0095,Aakib Azam,1,Tomato Soup,Starter,4,? 180.00, ? 720.00 , ? 132.00 ,? 192.00,"The Tomato Soup was decent, but nothing special."
329,329,O00330,05-03-2024,18:45,C0330,Kaif Momin,61,Veg Spring Rolls,Starter,5,? 220.00," ? 1,100.00 ", ? 162.00 ,? 290.00,The Veg Spring Rolls was a fantastic start to our meal! Perfectly crispy.
330,330,O00331,06-03-2024,11:00,C0054,Shamsher Ali,42,Medu Vada,Vegetarian,3,? 150.00, ? 450.00 , ? 112.00 ,? 114.00,The Medu Vada is a great choice for vegetarians. Hearty and full of flavor.
331,331,O00332,06-03-2024,10:00,C0238,Aakib Malik,93,Matar Paneer,Main Course,3,? 340.00," ? 1,020.00 ", ? 263.00 ,? 231.00,The Matar Paneer was excellent. Really enjoyed the meal.
332,332,O00333,06-03-2024,21:15,C0259,Nikhat Malik,127,Mutton Seekh Kebab Roll,Snacks,5,? 170.00, ? 850.00 , ? 132.00 ,? 190.00,The Mutton Seekh Kebab Roll was excellent. Really enjoyed the meal.
333,333,O00334,06-03-2024,16:15,C0257,Aman Nadaf,11,Margherita Pizza,Pizza,2,? 330.00, ? 660.00 , ? 231.00 ,? 198.00,A satisfying meal. The Margherita Pizza was a good choice.
334,334,O00335,06-03-2024,12:30,C0143,Sultan Mujawar,81,Biryani (Veg),Rice,1,? 320.00, ? 320.00 , ? 251.00 ,? 69.00,The Biryani (Veg) was excellent. Really enjoyed the meal.
335,335,O00336,06-03-2024,20:30,C0321,Aasifa Khan,115,Chicken Kathi Roll,Snacks,2,? 120.00, ? 240.00 , ? 91.00 ,? 58.00,Great food! The Chicken Kathi Roll was delicious and well-prepared.
336,336,O00337,06-03-2024,14:15,C0212,Shahrukh Mujawar,58,Crab Curry,Non-Veg Main,2,? 520.00," ? 1,040.00 ", ? 374.00 ,? 292.00,Felt that the Crab Curry was overpriced for its quality.
337,337,O00338,07-03-2024,20:15,C0153,Nikhat Malik,113,Aloo Parantha,Breads,1,? 80.00, ? 80.00 , ? 63.00 ,? 17.00,The Aloo Parantha was excellent. Really enjoyed the meal.
338,338,O00339,07-03-2024,22:45,C0275,Arman Khan,4,Chicken Biryani,Rice Meal,1,? 440.00, ? 440.00 , ? 334.00 ,? 106.00,The Chicken Biryani could have been better.
339,339,O00340,07-03-2024,22:15,C0205,Rihan Taimoor,39,Masala Dosa,Vegetarian,5,? 180.00, ? 900.00 , ? 138.00 ,? 210.00,I found the Masala Dosa to be a bit watery.
340,340,O00341,07-03-2024,14:15,C0254,Sultan Ali,109,Cheese Sandwich,Sandwiches,3,? 100.00, ? 300.00 , ? 72.00 ,? 84.00,The Cheese Sandwich was fine.
341,341,O00342,07-03-2024,14:15,C0060,Nikhat Khan,13,Gulab Jamun,Dessert,4,? 150.00, ? 600.00 , ? 117.00 ,? 132.00,A satisfying meal. The Gulab Jamun was a good choice.
342,342,O00343,07-03-2024,15:45,C0181,Aman Khan,35,Chole Bhature,Vegetarian,4,? 280.00," ? 1,120.00 ", ? 223.00 ,? 228.00,The Chole Bhature was bland and needed more seasoning.
343,343,O00344,07-03-2024,15:45,C0046,Nikhat Taimoor,80,Tandoori Momos,Starter,5,? 260.00," ? 1,300.00 ", ? 185.00 ,? 375.00,Wasn't very impressed with the Tandoori Momos. It lacked flavor.
344,344,O00345,07-03-2024,13:30,C0315,Imran Shaikh,4,Chicken Biryani,Rice Meal,4,? 440.00," ? 1,760.00 ", ? 334.00 ,? 424.00,The Chicken Biryani could have been better.
345,345,O00346,07-03-2024,14:15,C0199,Arman Shaikh,52,Chicken Tikka Masala,Non-Veg Main,3,? 480.00," ? 1,440.00 ", ? 373.00 ,? 321.00,The Chicken Tikka Masala was too spicy for me to handle.
346,346,O00347,07-03-2024,14:45,C0074,Moh Saad Malik,12,Veggie Burger,Burger,5,? 250.00," ? 1,250.00 ", ? 199.00 ,? 255.00,I was not a fan of the Veggie Burger.
347,347,O00348,07-03-2024,15:15,C0316,Shamsher Mujawar,110,Paneer Sandwich,Sandwiches,3,? 120.00, ? 360.00 , ? 84.00 ,? 108.00,Great food! The Paneer Sandwich was delicious and well-prepared.
348,348,O00349,07-03-2024,12:15,C0198,Danish Faruqi,119,Veg Paneer Wrap,Snacks,5,? 95.00, ? 475.00 , ? 74.00 ,? 105.00,It was an average Veg Paneer Wrap.
349,349,O00350,08-03-2024,14:00,C0137,Aman Raes,52,Chicken Tikka Masala,Non-Veg Main,1,? 480.00, ? 480.00 , ? 373.00 ,? 107.00,The Chicken Tikka Masala was cooked to perfection. The spices were spot on!
350,350,O00351,08-03-2024,22:15,C0221,Arman Mujawar,100,Veg Wrap,Sandwiches,1,? 130.00, ? 130.00 , ? 92.00 ,? 38.00,A satisfying meal. The Veg Wrap was a good choice.
351,351,O00352,08-03-2024,18:30,C0057,Arman Azam,50,Jeera Rice,Rice & Noodles,3,? 180.00, ? 540.00 , ? 129.00 ,? 153.00,The Jeera Rice was not what I expected.
352,352,O00353,08-03-2024,14:30,C0263,Sher Raes,109,Cheese Sandwich,Sandwiches,5,? 100.00, ? 500.00 , ? 72.00 ,? 140.00,The Cheese Sandwich was excellent. Really enjoyed the meal.
353,353,O00354,08-03-2024,12:15,C0060,Nikhat Khan,131,Avocado Toast,Breakfast,3,? 150.00, ? 450.00 , ? 111.00 ,? 117.00,A satisfying meal. The Avocado Toast was a good choice.
354,354,O00355,08-03-2024,14:15,C0226,Aman Taimoor,50,Jeera Rice,Rice & Noodles,5,? 180.00, ? 900.00 , ? 129.00 ,? 255.00,The Jeera Rice was excellent. Really enjoyed the meal.
355,355,O00356,08-03-2024,11:45,C0116,Arman Khan,79,Fried Momos (Chicken),Starter,5,? 240.00," ? 1,200.00 ", ? 176.00 ,? 320.00,Wasn't very impressed with the Fried Momos (Chicken). It lacked flavor.
356,356,O00357,08-03-2024,14:45,C0289,Aasin Malik,12,Veggie Burger,Burger,2,? 250.00, ? 500.00 , ? 199.00 ,? 102.00,The Veggie Burger was excellent. Really enjoyed the meal.
357,357,O00358,08-03-2024,11:15,C0141,Arahan Ali,27,Pasta Arrabbiata,Continental,3,? 300.00, ? 900.00 , ? 215.00 ,? 255.00,A satisfying meal. The Pasta Arrabbiata was a good choice.
358,358,O00359,08-03-2024,12:30,C0180,Isharat Shikalkar,121,Cheese Garlic Bread,Breads,4,? 110.00, ? 440.00 , ? 85.00 ,? 100.00,A satisfying meal. The Cheese Garlic Bread was a good choice.
359,359,O00360,08-03-2024,16:15,C0210,Sultan Nadaf,62,Chicken Spring Rolls,Starter,5,? 260.00," ? 1,300.00 ", ? 189.00 ,? 355.00,The Chicken Spring Rolls was a fantastic start to our meal! Perfectly crispy.
360,360,O00361,08-03-2024,17:00,C0288,Anis Shikalkar,85,Veg Thali,Meal Combo,3,? 360.00," ? 1,080.00 ", ? 263.00 ,? 291.00,Great food! The Veg Thali was delicious and well-prepared.
361,361,O00362,08-03-2024,13:30,C0213,Aakib Ali,85,Veg Thali,Meal Combo,3,? 360.00," ? 1,080.00 ", ? 263.00 ,? 291.00,The Veg Thali was not what I expected.
362,362,O00363,08-03-2024,11:45,C0262,Nikhat Faruqi,127,Mutton Seekh Kebab Roll,Snacks,3,? 170.00, ? 510.00 , ? 132.00 ,? 114.00,A satisfying meal. The Mutton Seekh Kebab Roll was a good choice.
363,363,O00364,08-03-2024,14:15,C0199,Arman Shaikh,6,Grilled Salmon,Ocean Meal,1,? 500.00, ? 500.00 , ? 357.00 ,? 143.00,The Grilled Salmon was excellent. Really enjoyed the meal.
364,364,O00365,09-03-2024,10:00,C0009,Shamsher Khan,92,Kadhi Pakora,Main Course,5,? 300.00," ? 1,500.00 ", ? 231.00 ,? 345.00,The Kadhi Pakora was excellent. Really enjoyed the meal.
365,365,O00366,09-03-2024,12:30,C0134,Isharat Nadaf,57,Prawn Masala,Non-Veg Main,4,? 460.00," ? 1,840.00 ", ? 326.00 ,? 536.00,The Prawn Masala was too spicy for me to handle.
366,366,O00367,09-03-2024,15:30,C0268,Ayeza Azam,120,Peri Peri Chicken Wings,Snacks,4,? 180.00, ? 720.00 , ? 135.00 ,? 180.00,The Peri Peri Chicken Wings could have been better.
367,367,O00368,09-03-2024,20:15,C0144,Aasifa Mujawar,105,Paneer Burger,Fast Food,1,? 140.00, ? 140.00 , ? 110.00 ,? 30.00,The Paneer Burger met my expectations.
368,368,O00369,09-03-2024,11:45,C0235,Abdul Rahim Malik,34,Rajma Chawal,Vegetarian,4,? 300.00," ? 1,200.00 ", ? 238.00 ,? 248.00,"It was an okay Rajma Chawal, but I've had better."
369,369,O00370,09-03-2024,12:15,C0007,Aman Taimoor,57,Prawn Masala,Non-Veg Main,3,? 460.00," ? 1,380.00 ", ? 326.00 ,? 402.00,The Prawn Masala was alright. It was cooked well but the flavor was average.
370,370,O00371,09-03-2024,20:15,C0126,Aakib Momin,115,Chicken Kathi Roll,Street Food,2,? 160.00, ? 320.00 , ? 112.00 ,? 96.00,The Chicken Kathi Roll was excellent. Really enjoyed the meal.
371,371,O00372,10-03-2024,20:00,C0254,Sultan Ali,13,Gulab Jamun,Dessert,5,? 150.00, ? 750.00 , ? 117.00 ,? 165.00,A satisfying meal. The Gulab Jamun was a good choice.
372,372,O00373,10-03-2024,22:00,C0141,Arahan Ali,2,Mushroom Soup,Starter,5,? 200.00," ? 1,000.00 ", ? 159.00 ,? 205.00,The Mushroom Soup was a fantastic start to our meal! Perfectly crispy.
373,373,O00374,10-03-2024,21:00,C0024,Aman Momin,111,Egg Sandwich,Sandwiches,3,? 110.00, ? 330.00 , ? 80.00 ,? 90.00,The Egg Sandwich was excellent. Really enjoyed the meal.
374,374,O00375,10-03-2024,16:00,C0124,Arahan Shaikh,32,Fish Curry,Non-Veg Main,4,? 400.00," ? 1,600.00 ", ? 286.00 ,? 456.00,The Fish Curry was satisfactory.
375,375,O00376,11-03-2024,15:00,C0151,Aasifa Malik,112,Paneer Parantha,Breads,4,? 90.00, ? 360.00 , ? 64.00 ,? 104.00,Great food! The Paneer Parantha was delicious and well-prepared.
376,376,O00377,11-03-2024,18:30,C0202,Moh Saad Shikalkar,118,Tuna Melt Sandwich,Snacks,5,? 140.00, ? 700.00 , ? 100.00 ,? 200.00,Great food! The Tuna Melt Sandwich was delicious and well-prepared.
377,377,O00378,11-03-2024,20:00,C0001,Moh Saad Azam,123,Chicken Caesar Wrap,Snacks,2,? 150.00, ? 300.00 , ? 109.00 ,? 82.00,The Chicken Caesar Wrap was excellent. Really enjoyed the meal.
378,378,O00379,11-03-2024,15:15,C0010,Kaif Azam,114,Veg Frankie Roll,Snacks,5,? 80.00, ? 400.00 , ? 62.00 ,? 90.00,Great food! The Veg Frankie Roll was delicious and well-prepared.
379,379,O00380,11-03-2024,18:00,C0234,Moh Saad Faruqi,109,Cheese Sandwich,Sandwiches,2,? 100.00, ? 200.00 , ? 72.00 ,? 56.00,The Cheese Sandwich could have been better.
380,380,O00381,11-03-2024,17:45,C0114,Imran Faruqi,64,Chili Chicken,Starter,5,? 340.00," ? 1,700.00 ", ? 250.00 ,? 450.00,The Chili Chicken was a bit too oily for my liking.
381,381,O00382,11-03-2024,10:00,C0324,Aasifa Faruqi,29,Greek Salad,Salad,2,? 260.00, ? 520.00 , ? 197.00 ,? 126.00,The Greek Salad was excellent. Really enjoyed the meal.
382,382,O00383,11-03-2024,16:15,C0064,Isharat Nadaf,108,Chicken Shawarma,Street Food,2,? 170.00, ? 340.00 , ? 131.00 ,? 78.00,The Chicken Shawarma met my expectations.
383,383,O00384,11-03-2024,17:30,C0255,Shamsher Malik,61,Veg Spring Rolls,Starter,2,? 220.00, ? 440.00 , ? 162.00 ,? 116.00,"The Veg Spring Rolls was decent, but nothing special."
384,384,O00385,11-03-2024,10:45,C0277,Shamsher Faruqi,18,Veg Hakka Noodles,Rice & Noodles,5,? 220.00," ? 1,100.00 ", ? 165.00 ,? 275.00,Great food! The Veg Hakka Noodles was delicious and well-prepared.
385,385,O00386,11-03-2024,20:30,C0011,Aasiya Ali,53,Veg Pulao,Rice & Noodles,4,? 240.00, ? 960.00 , ? 190.00 ,? 200.00,A satisfying meal. The Veg Pulao was a good choice.
386,386,O00387,12-03-2024,20:30,C0311,Imran Shikalkar,24,Samosa,Starter,2,? 100.00, ? 200.00 , ? 73.00 ,? 54.00,The Samosa was simply delicious and fresh. Highly recommended!
387,387,O00388,12-03-2024,17:15,C0267,Moh Saad Faruqi,51,Tandoori Chicken,Non-Veg Main,3,? 460.00," ? 1,380.00 ", ? 366.00 ,? 282.00,The Tandoori Chicken was the highlight of our meal. Absolutely delicious!
388,388,O00389,12-03-2024,12:15,C0184,Kaif Sayyad,4,Chicken Biryani,Rice Meal,1,? 440.00, ? 440.00 , ? 334.00 ,? 106.00,A satisfying meal. The Chicken Biryani was a good choice.
389,389,O00390,12-03-2024,10:30,C0287,Nikhat Shaikh,52,Chicken Tikka Masala,Non-Veg Main,1,? 480.00, ? 480.00 , ? 373.00 ,? 107.00,Felt that the Chicken Tikka Masala was overpriced for its quality.
390,390,O00391,12-03-2024,12:45,C0045,Arman Shaikh,73,Veg Clear Soup,Starter,2,? 120.00, ? 240.00 , ? 84.00 ,? 72.00,Absolutely loved the Veg Clear Soup! It was the perfect appetizer to get us started.
391,391,O00392,13-03-2024,18:15,C0064,Isharat Nadaf,121,Cheese Garlic Bread,Breads,5,? 110.00, ? 550.00 , ? 85.00 ,? 125.00,I was not a fan of the Cheese Garlic Bread.
392,392,O00393,13-03-2024,10:15,C0055,Sultan Momin,58,Crab Curry,Non-Veg Main,4,? 520.00," ? 2,080.00 ", ? 374.00 ,? 584.00,The Crab Curry was satisfactory.
393,393,O00394,13-03-2024,20:00,C0099,Aariz Faruqi,25,Spring Rolls,Starter,2,? 220.00, ? 440.00 , ? 164.00 ,? 112.00,It was an average Spring Rolls.
394,394,O00395,13-03-2024,21:00,C0206,Aariz Faruqi,27,Pasta Arrabbiata,Continental,2,? 300.00, ? 600.00 , ? 215.00 ,? 170.00,It was an average Pasta Arrabbiata.
395,395,O00396,13-03-2024,14:00,C0119,Shahrukh Azam,128,Paneer Tandoori Wrap,Snacks,4,? 120.00, ? 480.00 , ? 94.00 ,? 104.00,The Paneer Tandoori Wrap met my expectations.
396,396,O00397,13-03-2024,13:30,C0300,Dua Azam,96,Club Sandwich,Sandwiches,5,? 160.00, ? 800.00 , ? 119.00 ,? 205.00,The Club Sandwich was fine.
397,397,O00398,13-03-2024,21:45,C0059,Aman Momin,89,Misal Pav,Snack,3,? 160.00, ? 480.00 , ? 126.00 ,? 102.00,The Misal Pav met my expectations.
398,398,O00399,13-03-2024,19:00,C0127,Dua Taimoor,121,Cheese Garlic Bread,Breads,5,? 110.00, ? 550.00 , ? 85.00 ,? 125.00,Great food! The Cheese Garlic Bread was delicious and well-prepared.
399,399,O00400,13-03-2024,19:45,C0142,Abdul Rahim Nadaf,68,Chicken Schezwan Noodles,Rice & Noodles,4,? 280.00," ? 1,120.00 ", ? 218.00 ,? 248.00,Great food! The Chicken Schezwan Noodles was delicious and well-prepared.
400,400,O00401,13-03-2024,10:00,C0285,Ayeza Raes,46,Kadai Paneer,Vegetarian,3,? 360.00," ? 1,080.00 ", ? 275.00 ,? 255.00,"It was an okay Kadai Paneer, but I've had better."
401,401,O00402,14-03-2024,14:00,C0120,Ayeza Taimoor,79,Fried Momos (Chicken),Starter,1,? 240.00, ? 240.00 , ? 176.00 ,? 64.00,The Fried Momos (Chicken) was a bit too oily for my liking.
402,402,O00403,14-03-2024,17:45,C0216,Sultan Khan,8,Paneer Butter Masala,Vegetarian,5,? 380.00," ? 1,900.00 ", ? 298.00 ,? 410.00,The Paneer Butter Masala was a decent vegetarian option.
403,403,O00404,14-03-2024,21:00,C0068,Abdul Rahim Shaikh,17,French Fries,Starter,4,? 120.00, ? 480.00 , ? 87.00 ,? 132.00,The French Fries was a fantastic start to our meal! Perfectly crispy.
404,404,O00405,14-03-2024,12:45,C0036,Sher Shikalkar,3,Chicken Soup,Starter,2,? 220.00, ? 440.00 , ? 170.00 ,? 100.00,"The Chicken Soup was decent, but nothing special."
405,405,O00406,14-03-2024,18:00,C0101,Aariz Malik,32,Fish Curry,Non-Veg Main,4,? 400.00," ? 1,600.00 ", ? 286.00 ,? 456.00,Felt that the Fish Curry was overpriced for its quality.
406,406,O00407,14-03-2024,12:45,C0011,Aasiya Ali,97,Grilled Cheese Sandwich,Sandwiches,1,? 120.00, ? 120.00 , ? 90.00 ,? 30.00,A satisfying meal. The Grilled Cheese Sandwich was a good choice.
407,407,O00408,14-03-2024,13:30,C0063,Aasiya Malik,122,Falafel Wrap,Snacks,2,? 130.00, ? 260.00 , ? 102.00 ,? 56.00,Great food! The Falafel Wrap was delicious and well-prepared.
408,408,O00409,14-03-2024,14:30,C0140,Imran Taimoor,22,Paneer Tikka,Starter,2,? 280.00, ? 560.00 , ? 199.00 ,? 162.00,The Paneer Tikka was okay. It was a standard appetizer.
409,409,O00410,14-03-2024,22:15,C0258,Aakib Sayyad,2,Mushroom Soup,Starter,4,? 200.00, ? 800.00 , ? 159.00 ,? 164.00,"The Mushroom Soup was decent, but nothing special."
410,410,O00411,14-03-2024,11:15,C0122,Aakib Nadaf,124,Grilled Veg Panini,Snacks,2,? 140.00, ? 280.00 , ? 99.00 ,? 82.00,The Grilled Veg Panini was excellent. Really enjoyed the meal.
411,411,O00412,15-03-2024,13:00,C0045,Arman Shaikh,3,Chicken Soup,Starter,4,? 220.00, ? 880.00 , ? 170.00 ,? 200.00,Absolutely loved the Chicken Soup! It was the perfect appetizer to get us started.
412,412,O00413,15-03-2024,14:30,C0176,Abdul Rahim Shikalkar,21,Chicken Fried Rice,Rice & Noodles,3,? 240.00, ? 720.00 , ? 182.00 ,? 174.00,I was not a fan of the Chicken Fried Rice.
413,413,O00414,15-03-2024,22:15,C0071,Arman Azam,38,Mutton Biryani,Rice Meal,1,? 490.00, ? 490.00 , ? 350.00 ,? 140.00,The Mutton Biryani met my expectations.
414,414,O00415,15-03-2024,10:30,C0299,Aakib Shaikh,96,Club Sandwich,Sandwiches,2,? 160.00, ? 320.00 , ? 119.00 ,? 82.00,The Club Sandwich could have been better.
415,415,O00416,15-03-2024,11:30,C0079,Shahrukh Faruqi,114,Veg Frankie Roll,Snacks,3,? 80.00, ? 240.00 , ? 62.00 ,? 54.00,Great food! The Veg Frankie Roll was delicious and well-prepared.
416,416,O00417,15-03-2024,13:00,C0163,Shamsher Shikalkar,107,Paneer Shawarma,Street Food,4,? 150.00, ? 600.00 , ? 111.00 ,? 156.00,I was not a fan of the Paneer Shawarma.
417,417,O00418,15-03-2024,12:45,C0214,Nikhat Taimoor,84,Seekh Kebab,Starter,1,? 400.00, ? 400.00 , ? 282.00 ,? 118.00,The Seekh Kebab was a bit too oily for my liking.
418,418,O00419,15-03-2024,11:45,C0115,Aasifa Nadaf,14,Rasgulla,Dessert,1,? 140.00, ? 140.00 , ? 100.00 ,? 40.00,A satisfying meal. The Rasgulla was a good choice.
419,419,O00420,15-03-2024,21:15,C0238,Aakib Malik,63,Chili Paneer,Starter,5,? 280.00," ? 1,400.00 ", ? 219.00 ,? 305.00,The Chili Paneer was a bit too oily for my liking.
420,420,O00421,15-03-2024,17:15,C0020,Rihan Shikalkar,31,Mutton Rogan Josh,Non-Veg Main,5,? 520.00," ? 2,600.00 ", ? 395.00 ,? 625.00,Felt that the Mutton Rogan Josh was overpriced for its quality.
421,421,O00422,15-03-2024,11:00,C0228,Isharat Momin,129,Smoked Chicken Sub,Snacks,3,? 160.00, ? 480.00 , ? 112.00 ,? 144.00,A satisfying meal. The Smoked Chicken Sub was a good choice.
422,422,O00423,16-03-2024,15:45,C0236,Aakib Khan,1,Tomato Soup,Starter,4,? 180.00, ? 720.00 , ? 132.00 ,? 192.00,The Tomato Soup was cold when it arrived at our table.
423,423,O00424,16-03-2024,20:45,C0011,Aasiya Ali,37,Biryani Veg,Rice & Noodles,1,? 320.00, ? 320.00 , ? 233.00 ,? 87.00,The Biryani Veg was not what I expected.
424,424,O00425,16-03-2024,12:30,C0193,Anis Nadaf,79,Fried Momos (Chicken),Starter,4,? 240.00, ? 960.00 , ? 176.00 ,? 256.00,The Fried Momos (Chicken) was simply delicious and fresh. Highly recommended!
425,425,O00426,16-03-2024,10:45,C0043,Aakib Faruqi,57,Prawn Masala,Non-Veg Main,3,? 460.00," ? 1,380.00 ", ? 326.00 ,? 402.00,The Prawn Masala was satisfactory.
426,426,O00427,16-03-2024,13:00,C0148,Aakib Momin,57,Prawn Masala,Non-Veg Main,5,? 460.00," ? 2,300.00 ", ? 326.00 ,? 670.00,The Prawn Masala was cooked to perfection. The spices were spot on!
427,427,O00428,16-03-2024,14:00,C0195,Aasin Malik,7,Butter Chicken,Meat Special,1,? 495.00, ? 495.00 , ? 349.00 ,? 146.00,The Butter Chicken was excellent. Really enjoyed the meal.
428,428,O00429,16-03-2024,19:15,C0051,Dua Khan,29,Greek Salad,Salad,3,? 260.00, ? 780.00 , ? 197.00 ,? 189.00,A satisfying meal. The Greek Salad was a good choice.
429,429,O00430,16-03-2024,20:15,C0207,Imran Khan,45,Egg Curry,Non-Veg Main,2,? 280.00, ? 560.00 , ? 203.00 ,? 154.00,The Egg Curry was cooked to perfection. The spices were spot on!
430,430,O00431,16-03-2024,18:30,C0208,Dua Momin,89,Misal Pav,Snack,5,? 160.00, ? 800.00 , ? 126.00 ,? 170.00,A satisfying meal. The Misal Pav was a good choice.
431,431,O00432,17-03-2024,10:15,C0100,Aman Momin,49,Aloo Gobi,Vegetarian,3,? 220.00, ? 660.00 , ? 166.00 ,? 162.00,The Aloo Gobi is a great choice for vegetarians. Hearty and full of flavor.
432,432,O00433,17-03-2024,10:30,C0050,Dua Sayyad,4,Chicken Biryani,Rice Meal,4,? 440.00," ? 1,760.00 ", ? 334.00 ,? 424.00,The Chicken Biryani was excellent. Really enjoyed the meal.
433,433,O00434,17-03-2024,11:30,C0196,Arman Taimoor,49,Aloo Gobi,Vegetarian,3,? 220.00, ? 660.00 , ? 166.00 ,? 162.00,Loved the Aloo Gobi! It was a delightful and well-prepared vegetarian meal.
434,434,O00435,17-03-2024,20:30,C0137,Aman Raes,107,Paneer Shawarma,Street Food,5,? 150.00, ? 750.00 , ? 111.00 ,? 195.00,A satisfying meal. The Paneer Shawarma was a good choice.
435,435,O00436,17-03-2024,15:30,C0239,Arman Momin,34,Rajma Chawal,Vegetarian,4,? 300.00," ? 1,200.00 ", ? 238.00 ,? 248.00,I found the Rajma Chawal to be a bit watery.
436,436,O00437,17-03-2024,17:00,C0057,Arman Azam,121,Cheese Garlic Bread,Breads,4,? 110.00, ? 440.00 , ? 85.00 ,? 100.00,The Cheese Garlic Bread met my expectations.
437,437,O00438,18-03-2024,16:15,C0142,Abdul Rahim Nadaf,73,Veg Clear Soup,Starter,5,? 120.00, ? 600.00 , ? 84.00 ,? 180.00,Absolutely loved the Veg Clear Soup! It was the perfect appetizer to get us started.
438,438,O00439,18-03-2024,14:30,C0148,Aakib Momin,32,Fish Curry,Non-Veg Main,3,? 400.00," ? 1,200.00 ", ? 286.00 ,? 342.00,The Fish Curry was the highlight of our meal. Absolutely delicious!
439,439,O00440,18-03-2024,15:45,C0091,Aasin Nadaf,53,Veg Pulao,Rice & Noodles,2,? 240.00, ? 480.00 , ? 190.00 ,? 100.00,I was not a fan of the Veg Pulao.
440,440,O00441,18-03-2024,12:45,C0099,Aariz Faruqi,3,Chicken Soup,Starter,1,? 220.00, ? 220.00 , ? 170.00 ,? 50.00,Absolutely loved the Chicken Soup! It was the perfect appetizer to get us started.
441,441,O00442,18-03-2024,16:15,C0004,Ayeza Ali,115,Chicken Kathi Roll,Street Food,5,? 160.00, ? 800.00 , ? 112.00 ,? 240.00,The Chicken Kathi Roll was excellent. Really enjoyed the meal.
442,442,O00443,18-03-2024,11:00,C0010,Kaif Azam,2,Mushroom Soup,Starter,2,? 200.00, ? 400.00 , ? 159.00 ,? 82.00,The Mushroom Soup was a bit too oily for my liking.
443,443,O00444,18-03-2024,11:45,C0141,Arahan Ali,52,Chicken Tikka Masala,Non-Veg Main,4,? 480.00," ? 1,920.00 ", ? 373.00 ,? 428.00,The Chicken Tikka Masala was the highlight of our meal. Absolutely delicious!
444,444,O00445,18-03-2024,13:00,C0054,Shamsher Ali,124,Grilled Veg Panini,Snacks,3,? 140.00, ? 420.00 , ? 99.00 ,? 123.00,The Grilled Veg Panini was not what I expected.
445,445,O00446,18-03-2024,11:15,C0251,Aakib Khan,102,Chicken Sub,Sandwiches,2,? 180.00, ? 360.00 , ? 137.00 ,? 86.00,It was an average Chicken Sub.
446,446,O00447,18-03-2024,13:30,C0217,Nikhat Mujawar,56,Dal Makhani,Vegetarian,1,? 340.00, ? 340.00 , ? 269.00 ,? 71.00,The Dal Makhani is a great choice for vegetarians. Hearty and full of flavor.
447,447,O00448,19-03-2024,20:15,C0240,Sultan Ali,28,Caesar Salad,Salad,3,? 280.00, ? 840.00 , ? 210.00 ,? 210.00,The Caesar Salad was excellent. Really enjoyed the meal.
448,448,O00449,19-03-2024,15:15,C0073,Moh Saad Taimoor,40,Idli Sambar,Vegetarian,2,? 160.00, ? 320.00 , ? 119.00 ,? 82.00,Loved the Idli Sambar! It was a delightful and well-prepared vegetarian meal.
449,449,O00450,19-03-2024,21:30,C0306,Arman Malik,34,Rajma Chawal,Vegetarian,2,? 300.00, ? 600.00 , ? 238.00 ,? 124.00,The Rajma Chawal was a decent vegetarian option.
450,450,O00451,19-03-2024,14:15,C0277,Shamsher Faruqi,3,Chicken Soup,Starter,2,? 220.00, ? 440.00 , ? 170.00 ,? 100.00,The Chicken Soup was a fantastic start to our meal! Perfectly crispy.
451,451,O00452,19-03-2024,10:15,C0077,Shahrukh Momin,23,Chicken Tikka,Starter,1,? 320.00, ? 320.00 , ? 233.00 ,? 87.00,The Chicken Tikka was a fantastic start to our meal! Perfectly crispy.
452,452,O00453,19-03-2024,15:15,C0199,Arman Shaikh,97,Grilled Cheese Sandwich,Sandwiches,2,? 120.00, ? 240.00 , ? 90.00 ,? 60.00,It was an average Grilled Cheese Sandwich.
453,453,O00454,19-03-2024,18:30,C0099,Aariz Faruqi,59,Veg Manchurian,Starter,5,? 240.00," ? 1,200.00 ", ? 169.00 ,? 355.00,Absolutely loved the Veg Manchurian! It was the perfect appetizer to get us started.
454,454,O00455,19-03-2024,14:30,C0099,Aariz Faruqi,57,Prawn Masala,Non-Veg Main,2,? 460.00, ? 920.00 , ? 326.00 ,? 268.00,The Prawn Masala was alright. It was cooked well but the flavor was average.
455,455,O00456,19-03-2024,16:45,C0250,Isharat Azam,129,Smoked Chicken Sub,Snacks,1,? 160.00, ? 160.00 , ? 112.00 ,? 48.00,A satisfying meal. The Smoked Chicken Sub was a good choice.
456,456,O00457,19-03-2024,20:45,C0250,Isharat Azam,122,Falafel Wrap,Snacks,1,? 130.00, ? 130.00 , ? 102.00 ,? 28.00,A satisfying meal. The Falafel Wrap was a good choice.
457,457,O00458,20-03-2024,11:30,C0330,Kaif Momin,102,Chicken Sub,Sandwiches,3,? 180.00, ? 540.00 , ? 137.00 ,? 129.00,It was an average Chicken Sub.
458,458,O00459,20-03-2024,21:45,C0052,Shahrukh Sayyad,31,Mutton Rogan Josh,Non-Veg Main,4,? 520.00," ? 2,080.00 ", ? 395.00 ,? 500.00,The Mutton Rogan Josh was cooked to perfection. The spices were spot on!
459,459,O00460,20-03-2024,20:45,C0301,Sher Taimoor,13,Gulab Jamun,Dessert,5,? 150.00, ? 750.00 , ? 117.00 ,? 165.00,The Gulab Jamun was fine.
460,460,O00461,20-03-2024,21:30,C0031,Rihan Momin,26,Pasta Alfredo,Continental,1,? 320.00, ? 320.00 , ? 249.00 ,? 71.00,It was an average Pasta Alfredo.
461,461,O00462,20-03-2024,15:30,C0266,Aasifa Sayyad,114,Veg Frankie Roll,Snacks,5,? 80.00, ? 400.00 , ? 62.00 ,? 90.00,The Veg Frankie Roll was excellent. Really enjoyed the meal.
462,462,O00463,20-03-2024,11:30,C0052,Shahrukh Sayyad,120,Peri Peri Chicken Wings,Snacks,5,? 180.00, ? 900.00 , ? 135.00 ,? 225.00,It was an average Peri Peri Chicken Wings.
463,463,O00464,20-03-2024,14:00,C0063,Aasiya Malik,6,Grilled Salmon,Ocean Meal,4,? 500.00," ? 2,000.00 ", ? 357.00 ,? 572.00,The Grilled Salmon could have been better.
464,464,O00465,20-03-2024,16:15,C0097,Isharat Taimoor,36,Pav Bhaji,Vegetarian,3,? 220.00, ? 660.00 , ? 171.00 ,? 147.00,I found the Pav Bhaji to be a bit watery.
465,465,O00466,20-03-2024,17:00,C0061,Shamsher Raes,23,Chicken Tikka,Starter,2,? 320.00, ? 640.00 , ? 233.00 ,? 174.00,The Chicken Tikka was a fantastic start to our meal! Perfectly crispy.
466,466,O00467,20-03-2024,18:15,C0029,Rihan Sayyad,68,Chicken Schezwan Noodles,Rice & Noodles,1,? 280.00, ? 280.00 , ? 218.00 ,? 62.00,I was not a fan of the Chicken Schezwan Noodles.
467,467,O00468,20-03-2024,11:45,C0152,Dua Sayyad,110,Paneer Sandwich,Sandwiches,3,? 120.00, ? 360.00 , ? 84.00 ,? 108.00,The Paneer Sandwich was excellent. Really enjoyed the meal.
468,468,O00469,20-03-2024,17:30,C0289,Aasin Malik,88,Vada Pav,Snack,1,? 120.00, ? 120.00 , ? 91.00 ,? 29.00,The Vada Pav was excellent. Really enjoyed the meal.
469,469,O00470,20-03-2024,21:30,C0245,Wahaj Taimoor,74,Chicken Clear Soup,Starter,3,? 160.00, ? 480.00 , ? 125.00 ,? 105.00,The Chicken Clear Soup was okay. It was a standard appetizer.
470,470,O00471,21-03-2024,19:15,C0194,Isharat Momin,32,Fish Curry,Non-Veg Main,4,? 400.00," ? 1,600.00 ", ? 286.00 ,? 456.00,The Fish Curry was the highlight of our meal. Absolutely delicious!
471,471,O00472,21-03-2024,20:15,C0117,Shamsher Ali,38,Mutton Biryani,Rice & Noodles,5,? 480.00," ? 2,400.00 ", ? 340.00 ,? 700.00,A satisfying meal. The Mutton Biryani was a good choice.
472,472,O00473,21-03-2024,18:30,C0221,Arman Mujawar,2,Mushroom Soup,Starter,4,? 200.00, ? 800.00 , ? 159.00 ,? 164.00,Absolutely loved the Mushroom Soup! It was the perfect appetizer to get us started.
473,473,O00474,21-03-2024,18:30,C0150,Aman Ali,110,Paneer Sandwich,Sandwiches,1,? 120.00, ? 120.00 , ? 84.00 ,? 36.00,A satisfying meal. The Paneer Sandwich was a good choice.
474,474,O00475,21-03-2024,13:00,C0318,Shahrukh Ali,40,Idli Sambar,Vegetarian,4,? 160.00, ? 640.00 , ? 119.00 ,? 164.00,Loved the Idli Sambar! It was a delightful and well-prepared vegetarian meal.
475,475,O00476,21-03-2024,19:30,C0254,Sultan Ali,43,Onion Uttapam,Vegetarian,1,? 160.00, ? 160.00 , ? 112.00 ,? 48.00,The Onion Uttapam was as expected.
476,476,O00477,21-03-2024,17:30,C0284,Sher Shaikh,19,Chicken Hakka Noodles,Rice & Noodles,5,? 260.00," ? 1,300.00 ", ? 193.00 ,? 335.00,Great food! The Chicken Hakka Noodles was delicious and well-prepared.
477,477,O00478,21-03-2024,22:00,C0113,Ayeza Momin,115,Chicken Kathi Roll,Snacks,1,? 120.00, ? 120.00 , ? 91.00 ,? 29.00,A satisfying meal. The Chicken Kathi Roll was a good choice.
478,478,O00479,21-03-2024,12:00,C0015,Kaif Taimoor,97,Grilled Cheese Sandwich,Sandwiches,2,? 120.00, ? 240.00 , ? 90.00 ,? 60.00,The Grilled Cheese Sandwich met my expectations.
479,479,O00480,21-03-2024,15:30,C0106,Aasin Mujawar,8,Paneer Butter Masala,Vegetarian,2,? 380.00, ? 760.00 , ? 298.00 ,? 164.00,"It was an okay Paneer Butter Masala, but I've had better."
480,480,O00481,21-03-2024,20:45,C0029,Rihan Sayyad,50,Jeera Rice,Rice & Noodles,3,? 180.00, ? 540.00 , ? 129.00 ,? 153.00,It was an average Jeera Rice.
481,481,O00482,22-03-2024,14:00,C0028,Aakib Faruqi,55,Vegetable Korma,Vegetarian,3,? 320.00, ? 960.00 , ? 243.00 ,? 231.00,The Vegetable Korma is a great choice for vegetarians. Hearty and full of flavor.
482,482,O00483,22-03-2024,16:45,C0154,Aasin Shikalkar,55,Vegetable Korma,Vegetarian,4,? 320.00," ? 1,280.00 ", ? 243.00 ,? 308.00,The vegetables in the Vegetable Korma seemed overcooked.
483,483,O00484,22-03-2024,20:00,C0057,Arman Azam,51,Tandoori Chicken,Non-Veg Main,1,? 460.00, ? 460.00 , ? 366.00 ,? 94.00,The Tandoori Chicken was the highlight of our meal. Absolutely delicious!
484,484,O00485,22-03-2024,16:30,C0218,Danish Khan,36,Pav Bhaji,Vegetarian,4,? 220.00, ? 880.00 , ? 171.00 ,? 196.00,A wholesome and delicious Pav Bhaji. The vegetables were so fresh!
485,485,O00486,22-03-2024,20:00,C0303,Dua Momin,128,Paneer Tandoori Wrap,Snacks,1,? 120.00, ? 120.00 , ? 94.00 ,? 26.00,Great food! The Paneer Tandoori Wrap was delicious and well-prepared.
486,486,O00487,22-03-2024,22:45,C0205,Rihan Taimoor,2,Mushroom Soup,Starter,5,? 200.00," ? 1,000.00 ", ? 159.00 ,? 205.00,The Mushroom Soup was a fantastic start to our meal! Perfectly crispy.
487,487,O00488,22-03-2024,17:45,C0184,Kaif Sayyad,96,Club Sandwich,Sandwiches,2,? 160.00, ? 320.00 , ? 119.00 ,? 82.00,The Club Sandwich was excellent. Really enjoyed the meal.
488,488,O00489,22-03-2024,10:30,C0244,Arahan Raes,23,Chicken Tikka,Starter,2,? 320.00, ? 640.00 , ? 233.00 ,? 174.00,The Chicken Tikka was a bit too oily for my liking.
489,489,O00490,23-03-2024,22:45,C0122,Aakib Nadaf,73,Veg Clear Soup,Starter,2,? 120.00, ? 240.00 , ? 84.00 ,? 72.00,The Veg Clear Soup was cold when it arrived at our table.
490,490,O00491,23-03-2024,19:45,C0286,Sher Malik,37,Biryani Veg,Rice & Noodles,3,? 320.00, ? 960.00 , ? 233.00 ,? 261.00,It was an average Biryani Veg.
491,491,O00492,23-03-2024,12:15,C0253,Kaif Sayyad,86,Non-Veg Thali,Meal Combo,2,? 440.00, ? 880.00 , ? 322.00 ,? 236.00,A satisfying meal. The Non-Veg Thali was a good choice.
492,492,O00493,23-03-2024,19:30,C0206,Aariz Faruqi,66,Schezwan Chicken Fried Rice,Rice & Noodles,1,? 280.00, ? 280.00 , ? 211.00 ,? 69.00,The Schezwan Chicken Fried Rice could have been better.
493,493,O00494,23-03-2024,12:30,C0323,Wahaj Ali,109,Cheese Sandwich,Sandwiches,5,? 100.00, ? 500.00 , ? 72.00 ,? 140.00,The Cheese Sandwich was fine.
494,494,O00495,23-03-2024,16:15,C0075,Rihan Raes,14,Rasgulla,Dessert,5,? 140.00, ? 700.00 , ? 100.00 ,? 200.00,The Rasgulla was excellent. Really enjoyed the meal.
495,495,O00496,23-03-2024,12:30,C0214,Nikhat Taimoor,30,Shahi Paneer,Vegetarian,5,? 400.00," ? 2,000.00 ", ? 281.00 ,? 595.00,Loved the Shahi Paneer! It was a delightful and well-prepared vegetarian meal.
496,496,O00497,23-03-2024,13:45,C0294,Isharat Sayyad,81,Biryani (Veg),Rice,1,? 320.00, ? 320.00 , ? 251.00 ,? 69.00,The Biryani (Veg) was not what I expected.
497,497,O00498,24-03-2024,17:30,C0079,Shahrukh Faruqi,55,Vegetable Korma,Vegetarian,5,? 320.00," ? 1,600.00 ", ? 243.00 ,? 385.00,A wholesome and delicious Vegetable Korma. The vegetables were so fresh!
498,498,O00499,24-03-2024,10:00,C0001,Moh Saad Azam,29,Greek Salad,Salad,3,? 260.00, ? 780.00 , ? 197.00 ,? 189.00,Great food! The Greek Salad was delicious and well-prepared.
499,499,O00500,24-03-2024,13:30,C0079,Shahrukh Faruqi,62,Chicken Spring Rolls,Starter,1,? 260.00, ? 260.00 , ? 189.00 ,? 71.00,Absolutely loved the Chicken Spring Rolls! It was the perfect appetizer to get us started.
500,500,O00501,24-03-2024,13:00,C0206,Aariz Faruqi,120,Peri Peri Chicken Wings,Snacks,4,? 180.00, ? 720.00 , ? 135.00 ,? 180.00,Great food! The Peri Peri Chicken Wings was delicious and well-prepared.
501,501,O00502,24-03-2024,18:30,C0142,Abdul Rahim Nadaf,110,Paneer Sandwich,Sandwiches,2,? 120.00, ? 240.00 , ? 84.00 ,? 72.00,Great food! The Paneer Sandwich was delicious and well-prepared.
502,502,O00503,24-03-2024,16:00,C0292,Arahan Taimoor,117,Egg Mayo Sandwich,Snacks,1,? 85.00, ? 85.00 , ? 66.00 ,? 19.00,It was an average Egg Mayo Sandwich.
503,503,O00504,24-03-2024,14:45,C0196,Arman Taimoor,131,Avocado Toast,Breakfast,5,? 150.00, ? 750.00 , ? 111.00 ,? 195.00,A satisfying meal. The Avocado Toast was a good choice.
504,504,O00505,24-03-2024,18:00,C0046,Nikhat Taimoor,76,Chicken Momos,Starter,1,? 220.00, ? 220.00 , ? 170.00 ,? 50.00,Wasn't very impressed with the Chicken Momos. It lacked flavor.
505,505,O00506,24-03-2024,16:30,C0120,Ayeza Taimoor,78,Fried Momos (Veg),Starter,1,? 200.00, ? 200.00 , ? 141.00 ,? 59.00,The Fried Momos (Veg) was a fantastic start to our meal! Perfectly crispy.
506,506,O00507,25-03-2024,20:30,C0042,Aasin Taimoor,21,Chicken Fried Rice,Rice & Noodles,2,? 240.00, ? 480.00 , ? 182.00 ,? 116.00,A satisfying meal. The Chicken Fried Rice was a good choice.
507,507,O00508,25-03-2024,12:15,C0325,Aakib Momin,17,French Fries,Starter,4,? 120.00, ? 480.00 , ? 87.00 ,? 132.00,The French Fries was simply delicious and fresh. Highly recommended!
508,508,O00509,25-03-2024,14:30,C0053,Shahrukh Taimoor,58,Crab Curry,Non-Veg Main,4,? 520.00," ? 2,080.00 ", ? 374.00 ,? 584.00,The Crab Curry was the highlight of our meal. Absolutely delicious!
509,509,O00510,25-03-2024,16:00,C0266,Aasifa Sayyad,12,Veggie Burger,Burger,4,? 250.00," ? 1,000.00 ", ? 199.00 ,? 204.00,It was an average Veggie Burger.
510,510,O00511,26-03-2024,15:15,C0103,Aasiya Faruqi,83,Malai Kofta,Main Course,1,? 340.00, ? 340.00 , ? 249.00 ,? 91.00,The Malai Kofta was fine.
511,511,O00512,26-03-2024,13:15,C0010,Kaif Azam,101,Veggie Sub,Sandwiches,4,? 150.00, ? 600.00 , ? 105.00 ,? 180.00,The Veggie Sub was fine.
512,512,O00513,26-03-2024,18:45,C0220,Rihan Mujawar,46,Kadai Paneer,Vegetarian,2,? 360.00, ? 720.00 , ? 275.00 ,? 170.00,The Kadai Paneer is a great choice for vegetarians. Hearty and full of flavor.
513,513,O00514,26-03-2024,18:30,C0011,Aasiya Ali,101,Veggie Sub,Sandwiches,5,? 150.00, ? 750.00 , ? 105.00 ,? 225.00,It was an average Veggie Sub.
514,514,O00515,26-03-2024,17:00,C0271,Aasiya Mujawar,42,Medu Vada,Vegetarian,5,? 150.00, ? 750.00 , ? 112.00 ,? 190.00,The Medu Vada was bland and needed more seasoning.
515,515,O00516,26-03-2024,21:30,C0071,Arman Azam,71,Sweet Corn Soup (Veg),Starter,4,? 140.00, ? 560.00 , ? 108.00 ,? 128.00,The Sweet Corn Soup (Veg) was a fantastic start to our meal! Perfectly crispy.
516,516,O00517,26-03-2024,19:30,C0165,Dua Sayyad,85,Veg Thali,Meal Combo,2,? 360.00, ? 720.00 , ? 263.00 ,? 194.00,Great food! The Veg Thali was delicious and well-prepared.
517,517,O00518,26-03-2024,21:15,C0141,Arahan Ali,34,Rajma Chawal,Vegetarian,3,? 300.00, ? 900.00 , ? 238.00 ,? 186.00,The Rajma Chawal was bland and needed more seasoning.
518,518,O00519,27-03-2024,11:00,C0179,Arman Malik,72,Sweet Corn Soup (Chicken),Starter,1,? 180.00, ? 180.00 , ? 129.00 ,? 51.00,The Sweet Corn Soup (Chicken) was a fantastic start to our meal! Perfectly crispy.
519,519,O00520,27-03-2024,20:00,C0206,Aariz Faruqi,21,Chicken Fried Rice,Rice & Noodles,1,? 240.00, ? 240.00 , ? 182.00 ,? 58.00,It was an average Chicken Fried Rice.
520,520,O00521,27-03-2024,11:15,C0017,Wahaj Taimoor,91,Chana Masala,Main Course,3,? 260.00, ? 780.00 , ? 185.00 ,? 225.00,The Chana Masala was excellent. Really enjoyed the meal.
521,521,O00522,27-03-2024,16:15,C0031,Rihan Momin,31,Mutton Rogan Josh,Non-Veg Main,5,? 520.00," ? 2,600.00 ", ? 395.00 ,? 625.00,The Mutton Rogan Josh was the highlight of our meal. Absolutely delicious!
522,522,O00523,27-03-2024,12:00,C0219,Isharat Nadaf,52,Chicken Tikka Masala,Non-Veg Main,2,? 480.00, ? 960.00 , ? 373.00 ,? 214.00,The Chicken Tikka Masala was satisfactory.
523,523,O00524,27-03-2024,18:45,C0222,Arman Ali,40,Idli Sambar,Vegetarian,2,? 160.00, ? 320.00 , ? 119.00 ,? 82.00,A wholesome and delicious Idli Sambar. The vegetables were so fresh!
524,524,O00525,27-03-2024,10:30,C0078,Arahan Shaikh,33,Dal Tadka,Vegetarian,5,? 260.00," ? 1,300.00 ", ? 183.00 ,? 385.00,Loved the Dal Tadka! It was a delightful and well-prepared vegetarian meal.
525,525,O00526,27-03-2024,16:15,C0181,Aman Khan,65,Schezwan Fried Rice,Rice & Noodles,1,? 220.00, ? 220.00 , ? 160.00 ,? 60.00,The Schezwan Fried Rice was excellent. Really enjoyed the meal.
526,526,O00527,27-03-2024,17:45,C0159,Arman Taimoor,124,Grilled Veg Panini,Snacks,4,? 140.00, ? 560.00 , ? 99.00 ,? 164.00,The Grilled Veg Panini met my expectations.
527,527,O00528,27-03-2024,19:45,C0079,Shahrukh Faruqi,22,Paneer Tikka,Starter,2,? 280.00, ? 560.00 , ? 199.00 ,? 162.00,The Paneer Tikka was simply delicious and fresh. Highly recommended!
528,528,O00529,27-03-2024,15:45,C0304,Danish Sayyad,49,Aloo Gobi,Vegetarian,3,? 220.00, ? 660.00 , ? 166.00 ,? 162.00,A wholesome and delicious Aloo Gobi. The vegetables were so fresh!
529,529,O00530,28-03-2024,18:45,C0083,Isharat Mujawar,88,Vada Pav,Snack,2,? 120.00, ? 240.00 , ? 91.00 ,? 58.00,The Vada Pav was excellent. Really enjoyed the meal.
530,530,O00531,28-03-2024,22:30,C0086,Sher Momin,97,Grilled Cheese Sandwich,Sandwiches,3,? 120.00, ? 360.00 , ? 90.00 ,? 90.00,The Grilled Cheese Sandwich was fine.
531,531,O00532,28-03-2024,22:45,C0271,Aasiya Mujawar,83,Malai Kofta,Main Course,3,? 340.00," ? 1,020.00 ", ? 249.00 ,? 273.00,A satisfying meal. The Malai Kofta was a good choice.
532,532,O00533,28-03-2024,20:30,C0149,Aariz Nadaf,6,Grilled Salmon,Ocean Meal,5,? 500.00," ? 2,500.00 ", ? 357.00 ,? 715.00,The Grilled Salmon was excellent. Really enjoyed the meal.
533,533,O00534,28-03-2024,20:45,C0239,Arman Momin,26,Pasta Alfredo,Continental,4,? 320.00," ? 1,280.00 ", ? 249.00 ,? 284.00,The Pasta Alfredo was excellent. Really enjoyed the meal.
534,534,O00535,28-03-2024,18:30,C0168,Isharat Shikalkar,52,Chicken Tikka Masala,Non-Veg Main,2,? 480.00, ? 960.00 , ? 373.00 ,? 214.00,The Chicken Tikka Masala was satisfactory.
535,535,O00536,28-03-2024,20:15,C0018,Sher Shikalkar,100,Veg Wrap,Sandwiches,3,? 130.00, ? 390.00 , ? 92.00 ,? 114.00,A satisfying meal. The Veg Wrap was a good choice.
536,536,O00537,28-03-2024,15:15,C0322,Aasin Malik,115,Chicken Kathi Roll,Snacks,3,? 120.00, ? 360.00 , ? 91.00 ,? 87.00,A satisfying meal. The Chicken Kathi Roll was a good choice.
537,537,O00538,28-03-2024,21:15,C0238,Aakib Malik,100,Veg Wrap,Sandwiches,3,? 130.00, ? 390.00 , ? 92.00 ,? 114.00,The Veg Wrap could have been better.
538,538,O00539,28-03-2024,16:30,C0249,Aasiya Mujawar,13,Gulab Jamun,Dessert,4,? 150.00, ? 600.00 , ? 117.00 ,? 132.00,The Gulab Jamun met my expectations.
539,539,O00540,29-03-2024,18:45,C0050,Dua Sayyad,50,Jeera Rice,Rice & Noodles,4,? 180.00, ? 720.00 , ? 129.00 ,? 204.00,The Jeera Rice was excellent. Really enjoyed the meal.
540,540,O00541,29-03-2024,19:00,C0041,Aakib Shaikh,37,Biryani Veg,Rice & Noodles,2,? 320.00, ? 640.00 , ? 233.00 ,? 174.00,The Biryani Veg met my expectations.
541,541,O00542,29-03-2024,18:00,C0317,Rihan Azam,22,Paneer Tikka,Starter,5,? 280.00," ? 1,400.00 ", ? 199.00 ,? 405.00,It was an average Paneer Tikka.
542,542,O00543,29-03-2024,14:15,C0203,Isharat Sayyad,30,Shahi Paneer,Vegetarian,4,? 400.00," ? 1,600.00 ", ? 281.00 ,? 476.00,A wholesome and delicious Shahi Paneer. The vegetables were so fresh!
543,543,O00544,29-03-2024,15:30,C0100,Aman Momin,9,Palak Paneer,Vegetarian,2,? 360.00, ? 720.00 , ? 273.00 ,? 174.00,The Palak Paneer is a great choice for vegetarians. Hearty and full of flavor.
544,544,O00545,29-03-2024,22:45,C0222,Arman Ali,112,Paneer Parantha,Breads,1,? 90.00, ? 90.00 , ? 64.00 ,? 26.00,I was not a fan of the Paneer Parantha.
545,545,O00546,29-03-2024,20:45,C0300,Dua Azam,11,Margherita Pizza,Pizza,5,? 330.00," ? 1,650.00 ", ? 231.00 ,? 495.00,A satisfying meal. The Margherita Pizza was a good choice.
546,546,O00547,29-03-2024,18:15,C0180,Isharat Shikalkar,88,Vada Pav,Snack,1,? 120.00, ? 120.00 , ? 91.00 ,? 29.00,The Vada Pav was excellent. Really enjoyed the meal.
547,547,O00548,29-03-2024,17:30,C0041,Aakib Shaikh,126,Corn & Cheese Sandwich,Snacks,5,? 90.00, ? 450.00 , ? 66.00 ,? 120.00,The Corn & Cheese Sandwich was excellent. Really enjoyed the meal.
548,548,O00549,29-03-2024,21:30,C0138,Wahaj Taimoor,20,Veg Fried Rice,Rice & Noodles,4,? 200.00, ? 800.00 , ? 145.00 ,? 220.00,A satisfying meal. The Veg Fried Rice was a good choice.
549,549,O00550,29-03-2024,14:45,C0329,Wahaj Sayyad,67,Veg Schezwan Noodles,Rice & Noodles,1,? 240.00, ? 240.00 , ? 171.00 ,? 69.00,A satisfying meal. The Veg Schezwan Noodles was a good choice.
550,550,O00551,29-03-2024,19:00,C0144,Aasifa Mujawar,37,Biryani Veg,Rice & Noodles,5,? 320.00," ? 1,600.00 ", ? 233.00 ,? 435.00,The Biryani Veg was fine.
551,551,O00552,29-03-2024,17:00,C0160,Shahrukh Malik,57,Prawn Masala,Non-Veg Main,3,? 460.00," ? 1,380.00 ", ? 326.00 ,? 402.00,The Prawn Masala was too spicy for me to handle.
552,552,O00553,30-03-2024,20:00,C0043,Aakib Faruqi,62,Chicken Spring Rolls,Starter,1,? 260.00, ? 260.00 , ? 189.00 ,? 71.00,The Chicken Spring Rolls was a fantastic start to our meal! Perfectly crispy.
553,553,O00554,30-03-2024,15:30,C0129,Sher Taimoor,13,Gulab Jamun,Dessert,5,? 150.00, ? 750.00 , ? 117.00 ,? 165.00,The Gulab Jamun could have been better.
554,554,O00555,30-03-2024,19:00,C0175,Aasiya Momin,110,Paneer Sandwich,Sandwiches,3,? 120.00, ? 360.00 , ? 84.00 ,? 108.00,Great food! The Paneer Sandwich was delicious and well-prepared.
555,555,O00556,30-03-2024,18:45,C0017,Wahaj Taimoor,47,Bhindi Masala,Vegetarian,3,? 240.00, ? 720.00 , ? 175.00 ,? 195.00,Loved the Bhindi Masala! It was a delightful and well-prepared vegetarian meal.
556,556,O00557,30-03-2024,17:15,C0045,Arman Shaikh,50,Jeera Rice,Rice & Noodles,3,? 180.00, ? 540.00 , ? 129.00 ,? 153.00,The Jeera Rice was excellent. Really enjoyed the meal.
557,557,O00558,30-03-2024,17:45,C0293,Wahaj Raes,32,Fish Curry,Non-Veg Main,5,? 400.00," ? 2,000.00 ", ? 286.00 ,? 570.00,A truly authentic and flavorful Fish Curry. It was very satisfying.
558,558,O00559,30-03-2024,16:00,C0047,Rihan Sayyad,23,Chicken Tikka,Starter,1,? 320.00, ? 320.00 , ? 233.00 ,? 87.00,Absolutely loved the Chicken Tikka! It was the perfect appetizer to get us started.
559,559,O00560,30-03-2024,21:15,C0284,Sher Shaikh,34,Rajma Chawal,Vegetarian,3,? 300.00, ? 900.00 , ? 238.00 ,? 186.00,A wholesome and delicious Rajma Chawal. The vegetables were so fresh!
560,560,O00561,30-03-2024,19:45,C0119,Shahrukh Azam,12,Veggie Burger,Burger,5,? 250.00," ? 1,250.00 ", ? 199.00 ,? 255.00,The Veggie Burger could have been better.
561,561,O00562,30-03-2024,13:00,C0047,Rihan Sayyad,15,Tiramisu,Dessert,2,? 280.00, ? 560.00 , ? 201.00 ,? 158.00,The Tiramisu was not what I expected.
562,562,O00563,30-03-2024,19:00,C0228,Isharat Momin,70,Hot & Sour Soup (Chicken),Starter,1,? 200.00, ? 200.00 , ? 159.00 ,? 41.00,"The Hot & Sour Soup (Chicken) was decent, but nothing special."
563,563,O00564,30-03-2024,11:45,C0212,Shahrukh Mujawar,32,Fish Curry,Non-Veg Main,3,? 400.00," ? 1,200.00 ", ? 286.00 ,? 342.00,The meat in the Fish Curry was a bit tough and chewy.
564,564,O00565,31-03-2024,11:30,C0073,Moh Saad Taimoor,76,Chicken Momos,Starter,5,? 220.00," ? 1,100.00 ", ? 170.00 ,? 250.00,The Chicken Momos was cold when it arrived at our table.
565,565,O00566,31-03-2024,19:15,C0254,Sultan Ali,90,Pani Puri,Snack,1,? 100.00, ? 100.00 , ? 74.00 ,? 26.00,Great food! The Pani Puri was delicious and well-prepared.
566,566,O00567,31-03-2024,22:00,C0324,Aasifa Faruqi,18,Veg Hakka Noodles,Rice & Noodles,2,? 220.00, ? 440.00 , ? 165.00 ,? 110.00,A satisfying meal. The Veg Hakka Noodles was a good choice.
567,567,O00568,31-03-2024,13:00,C0150,Aman Ali,68,Chicken Schezwan Noodles,Rice & Noodles,3,? 280.00, ? 840.00 , ? 218.00 ,? 186.00,The Chicken Schezwan Noodles was not what I expected.
568,568,O00569,31-03-2024,18:00,C0189,Dua Faruqi,77,Paneer Momos,Starter,1,? 200.00, ? 200.00 , ? 155.00 ,? 45.00,Absolutely loved the Paneer Momos! It was the perfect appetizer to get us started.
569,569,O00570,01-04-2024,10:00,C0310,Ayeza Faruqi,60,Chicken Manchurian,Starter,1,? 280.00, ? 280.00 , ? 205.00 ,? 75.00,It was an average Chicken Manchurian.
570,570,O00571,01-04-2024,18:30,C0166,Nikhat Taimoor,123,Chicken Caesar Wrap,Snacks,3,? 150.00, ? 450.00 , ? 109.00 ,? 123.00,A satisfying meal. The Chicken Caesar Wrap was a good choice.
571,571,O00572,01-04-2024,18:15,C0251,Aakib Khan,87,Uttapam,South Indian,1,? 220.00, ? 220.00 , ? 170.00 ,? 50.00,The Uttapam was not what I expected.
572,572,O00573,01-04-2024,14:15,C0027,Arman Faruqi,44,Hyderabadi Haleem,Non-Veg Main,2,? 500.00," ? 1,000.00 ", ? 395.00 ,? 210.00,A truly authentic and flavorful Hyderabadi Haleem. It was very satisfying.
573,573,O00574,01-04-2024,18:00,C0188,Sher Raes,91,Chana Masala,Main Course,4,? 260.00," ? 1,040.00 ", ? 185.00 ,? 300.00,Great food! The Chana Masala was delicious and well-prepared.
574,574,O00575,01-04-2024,14:45,C0306,Arman Malik,28,Caesar Salad,Salad,2,? 280.00, ? 560.00 , ? 210.00 ,? 140.00,The Caesar Salad could have been better.
575,575,O00576,01-04-2024,17:00,C0243,Imran Sayyad,40,Idli Sambar,Vegetarian,4,? 160.00, ? 640.00 , ? 119.00 ,? 164.00,Loved the Idli Sambar! It was a delightful and well-prepared vegetarian meal.
576,576,O00577,01-04-2024,14:15,C0220,Rihan Mujawar,73,Veg Clear Soup,Starter,3,? 120.00, ? 360.00 , ? 84.00 ,? 108.00,Absolutely loved the Veg Clear Soup! It was the perfect appetizer to get us started.
577,577,O00578,01-04-2024,10:00,C0244,Arahan Raes,121,Cheese Garlic Bread,Breads,1,? 110.00, ? 110.00 , ? 85.00 ,? 25.00,The Cheese Garlic Bread met my expectations.
578,578,O00579,01-04-2024,11:30,C0306,Arman Malik,58,Crab Curry,Non-Veg Main,4,? 520.00," ? 2,080.00 ", ? 374.00 ,? 584.00,A truly authentic and flavorful Crab Curry. It was very satisfying.
579,579,O00580,01-04-2024,10:15,C0005,Aasin Azam,116,Paneer Bhurji Sandwich,Snacks,5,? 75.00, ? 375.00 , ? 59.00 ,? 80.00,The Paneer Bhurji Sandwich was excellent. Really enjoyed the meal.
580,580,O00581,01-04-2024,12:45,C0267,Moh Saad Faruqi,21,Chicken Fried Rice,Rice & Noodles,5,? 240.00," ? 1,200.00 ", ? 182.00 ,? 290.00,The Chicken Fried Rice met my expectations.
581,581,O00582,02-04-2024,15:30,C0326,Aman Sayyad,118,Tuna Melt Sandwich,Snacks,4,? 140.00, ? 560.00 , ? 100.00 ,? 160.00,A satisfying meal. The Tuna Melt Sandwich was a good choice.
582,582,O00583,02-04-2024,16:15,C0200,Aariz Taimoor,129,Smoked Chicken Sub,Snacks,3,? 160.00, ? 480.00 , ? 112.00 ,? 144.00,The Smoked Chicken Sub was excellent. Really enjoyed the meal.
583,583,O00584,02-04-2024,12:00,C0009,Shamsher Khan,90,Pani Puri,Snack,1,? 100.00, ? 100.00 , ? 74.00 ,? 26.00,The Pani Puri was fine.
584,584,O00585,02-04-2024,14:15,C0226,Aman Taimoor,129,Smoked Chicken Sub,Snacks,4,? 160.00, ? 640.00 , ? 112.00 ,? 192.00,The Smoked Chicken Sub was fine.
585,585,O00586,02-04-2024,21:00,C0227,Nikhat Taimoor,115,Chicken Kathi Roll,Snacks,3,? 120.00, ? 360.00 , ? 91.00 ,? 87.00,The Chicken Kathi Roll was fine.
586,586,O00587,02-04-2024,10:15,C0309,Arman Faruqi,25,Spring Rolls,Starter,1,? 220.00, ? 220.00 , ? 164.00 ,? 56.00,"The Spring Rolls was decent, but nothing special."
587,587,O00588,02-04-2024,15:00,C0006,Imran Taimoor,23,Chicken Tikka,Starter,5,? 320.00," ? 1,600.00 ", ? 233.00 ,? 435.00,Absolutely loved the Chicken Tikka! It was the perfect appetizer to get us started.
588,588,O00589,02-04-2024,22:15,C0319,Sultan Raes,74,Chicken Clear Soup,Starter,4,? 160.00, ? 640.00 , ? 125.00 ,? 140.00,The Chicken Clear Soup was a fantastic start to our meal! Perfectly crispy.
589,589,O00590,02-04-2024,16:00,C0093,Aakib Raes,102,Chicken Sub,Sandwiches,1,? 180.00, ? 180.00 , ? 137.00 ,? 43.00,I was not a fan of the Chicken Sub.
590,590,O00591,02-04-2024,20:15,C0044,Shamsher Mujawar,82,Fish Curry (Goan),Main Course,4,? 380.00," ? 1,520.00 ", ? 289.00 ,? 364.00,The Fish Curry (Goan) was excellent. Really enjoyed the meal.
591,591,O00592,02-04-2024,18:30,C0094,Rihan Ali,20,Veg Fried Rice,Rice & Noodles,4,? 200.00, ? 800.00 , ? 145.00 ,? 220.00,Great food! The Veg Fried Rice was delicious and well-prepared.
592,592,O00593,02-04-2024,16:30,C0316,Shamsher Mujawar,20,Veg Fried Rice,Rice & Noodles,4,? 200.00, ? 800.00 , ? 145.00 ,? 220.00,Great food! The Veg Fried Rice was delicious and well-prepared.
593,593,O00594,02-04-2024,12:45,C0010,Kaif Azam,53,Veg Pulao,Rice & Noodles,1,? 240.00, ? 240.00 , ? 190.00 ,? 50.00,The Veg Pulao was excellent. Really enjoyed the meal.
594,594,O00595,02-04-2024,21:30,C0157,Arahan Azam,57,Prawn Masala,Non-Veg Main,4,? 460.00," ? 1,840.00 ", ? 326.00 ,? 536.00,The Prawn Masala was the highlight of our meal. Absolutely delicious!
595,595,O00596,02-04-2024,15:00,C0255,Shamsher Malik,101,Veggie Sub,Sandwiches,3,? 150.00, ? 450.00 , ? 105.00 ,? 135.00,Great food! The Veggie Sub was delicious and well-prepared.
596,596,O00597,02-04-2024,21:15,C0004,Ayeza Ali,91,Chana Masala,Main Course,5,? 260.00," ? 1,300.00 ", ? 185.00 ,? 375.00,I was not a fan of the Chana Masala.
597,597,O00598,02-04-2024,21:30,C0010,Kaif Azam,68,Chicken Schezwan Noodles,Rice & Noodles,1,? 280.00, ? 280.00 , ? 218.00 ,? 62.00,The Chicken Schezwan Noodles could have been better.
598,598,O00599,03-04-2024,13:45,C0065,Shamsher Faruqi,40,Idli Sambar,Vegetarian,5,? 160.00, ? 800.00 , ? 119.00 ,? 205.00,A wholesome and delicious Idli Sambar. The vegetables were so fresh!
599,599,O00600,03-04-2024,12:00,C0226,Aman Taimoor,31,Mutton Rogan Josh,Non-Veg Main,4,? 520.00," ? 2,080.00 ", ? 395.00 ,? 500.00,The Mutton Rogan Josh was alright. It was cooked well but the flavor was average.
600,600,O00601,03-04-2024,11:30,C0062,Ayeza Nadaf,121,Cheese Garlic Bread,Breads,1,? 110.00, ? 110.00 , ? 85.00 ,? 25.00,The Cheese Garlic Bread was excellent. Really enjoyed the meal.
601,601,O00602,03-04-2024,11:15,C0195,Aasin Malik,73,Veg Clear Soup,Starter,3,? 120.00, ? 360.00 , ? 84.00 ,? 108.00,The Veg Clear Soup was simply delicious and fresh. Highly recommended!
602,602,O00603,03-04-2024,15:45,C0271,Aasiya Mujawar,124,Grilled Veg Panini,Snacks,4,? 140.00, ? 560.00 , ? 99.00 ,? 164.00,A satisfying meal. The Grilled Veg Panini was a good choice.
603,603,O00604,03-04-2024,21:30,C0234,Moh Saad Faruqi,58,Crab Curry,Non-Veg Main,4,? 520.00," ? 2,080.00 ", ? 374.00 ,? 584.00,"It was a standard Crab Curry, nothing out of the ordinary."
604,604,O00605,03-04-2024,12:15,C0059,Aman Momin,48,Baingan Bharta,Vegetarian,5,? 260.00," ? 1,300.00 ", ? 195.00 ,? 325.00,The Baingan Bharta is a great choice for vegetarians. Hearty and full of flavor.
605,605,O00606,03-04-2024,20:00,C0323,Wahaj Ali,20,Veg Fried Rice,Rice & Noodles,2,? 200.00, ? 400.00 , ? 145.00 ,? 110.00,The Veg Fried Rice was excellent. Really enjoyed the meal.
606,606,O00607,03-04-2024,14:15,C0041,Aakib Shaikh,94,Butter Naan,Breads,1,? 60.00, ? 60.00 , ? 45.00 ,? 15.00,I was not a fan of the Butter Naan.
607,607,O00608,03-04-2024,17:45,C0066,Abdul Rahim Mujawar,29,Greek Salad,Salad,1,? 260.00, ? 260.00 , ? 197.00 ,? 63.00,Great food! The Greek Salad was delicious and well-prepared.
608,608,O00609,03-04-2024,17:15,C0176,Abdul Rahim Shikalkar,112,Paneer Parantha,Breads,5,? 90.00, ? 450.00 , ? 64.00 ,? 130.00,The Paneer Parantha was excellent. Really enjoyed the meal.
609,609,O00610,04-04-2024,17:45,C0309,Arman Faruqi,55,Vegetable Korma,Vegetarian,4,? 320.00," ? 1,280.00 ", ? 243.00 ,? 308.00,The Vegetable Korma was bland and needed more seasoning.
610,610,O00611,04-04-2024,13:30,C0178,Wahaj Sayyad,105,Paneer Burger,Fast Food,5,? 140.00, ? 700.00 , ? 110.00 ,? 150.00,The Paneer Burger was excellent. Really enjoyed the meal.
611,611,O00612,04-04-2024,11:45,C0309,Arman Faruqi,67,Veg Schezwan Noodles,Rice & Noodles,1,? 240.00, ? 240.00 , ? 171.00 ,? 69.00,Great food! The Veg Schezwan Noodles was delicious and well-prepared.
612,612,O00613,04-04-2024,21:30,C0075,Rihan Raes,86,Non-Veg Thali,Meal Combo,5,? 440.00," ? 2,200.00 ", ? 322.00 ,? 590.00,Great food! The Non-Veg Thali was delicious and well-prepared.
613,613,O00614,04-04-2024,22:15,C0249,Aasiya Mujawar,54,Egg Biryani,Rice & Noodles,5,? 340.00," ? 1,700.00 ", ? 268.00 ,? 360.00,I was not a fan of the Egg Biryani.
614,614,O00615,04-04-2024,22:15,C0061,Shamsher Raes,91,Chana Masala,Main Course,2,? 260.00, ? 520.00 , ? 185.00 ,? 150.00,Great food! The Chana Masala was delicious and well-prepared.
615,615,O00616,04-04-2024,13:15,C0212,Shahrukh Mujawar,97,Grilled Cheese Sandwich,Sandwiches,4,? 120.00, ? 480.00 , ? 90.00 ,? 120.00,I was not a fan of the Grilled Cheese Sandwich.
616,616,O00617,04-04-2024,20:15,C0132,Sultan Momin,61,Veg Spring Rolls,Starter,4,? 220.00, ? 880.00 , ? 162.00 ,? 232.00,The Veg Spring Rolls was a fantastic start to our meal! Perfectly crispy.
617,617,O00618,04-04-2024,14:15,C0191,Imran Shikalkar,8,Paneer Butter Masala,Vegetarian,3,? 380.00," ? 1,140.00 ", ? 298.00 ,? 246.00,The Paneer Butter Masala was as expected.
618,618,O00619,04-04-2024,12:00,C0225,Arman Faruqi,27,Pasta Arrabbiata,Continental,1,? 300.00, ? 300.00 , ? 215.00 ,? 85.00,A satisfying meal. The Pasta Arrabbiata was a good choice.
619,619,O00620,04-04-2024,18:00,C0213,Aakib Ali,4,Chicken Biryani,Rice Meal,2,? 440.00, ? 880.00 , ? 334.00 ,? 212.00,The Chicken Biryani was fine.
620,620,O00621,04-04-2024,18:30,C0234,Moh Saad Faruqi,21,Chicken Fried Rice,Rice & Noodles,2,? 240.00, ? 480.00 , ? 182.00 ,? 116.00,I was not a fan of the Chicken Fried Rice.
621,621,O00622,05-04-2024,11:00,C0196,Arman Taimoor,98,Paneer Kathi Roll,Street Food,4,? 140.00, ? 560.00 , ? 103.00 ,? 148.00,The Paneer Kathi Roll was not what I expected.
622,622,O00623,05-04-2024,10:00,C0250,Isharat Azam,79,Fried Momos (Chicken),Starter,5,? 240.00," ? 1,200.00 ", ? 176.00 ,? 320.00,The Fried Momos (Chicken) was a fantastic start to our meal! Perfectly crispy.
623,623,O00624,05-04-2024,17:45,C0129,Sher Taimoor,26,Pasta Alfredo,Continental,4,? 320.00," ? 1,280.00 ", ? 249.00 ,? 284.00,Great food! The Pasta Alfredo was delicious and well-prepared.
624,624,O00625,05-04-2024,18:15,C0320,Sultan Momin,30,Shahi Paneer,Vegetarian,1,? 400.00, ? 400.00 , ? 281.00 ,? 119.00,I found the Shahi Paneer to be a bit watery.
625,625,O00626,05-04-2024,12:45,C0250,Isharat Azam,38,Mutton Biryani,Rice & Noodles,4,? 480.00," ? 1,920.00 ", ? 340.00 ,? 560.00,The Mutton Biryani could have been better.
626,626,O00627,05-04-2024,12:15,C0060,Nikhat Khan,21,Chicken Fried Rice,Rice & Noodles,2,? 240.00, ? 480.00 , ? 182.00 ,? 116.00,A satisfying meal. The Chicken Fried Rice was a good choice.
627,627,O00628,06-04-2024,21:00,C0186,Aariz Khan,34,Rajma Chawal,Vegetarian,3,? 300.00, ? 900.00 , ? 238.00 ,? 186.00,Loved the Rajma Chawal! It was a delightful and well-prepared vegetarian meal.
628,628,O00629,06-04-2024,11:30,C0200,Aariz Taimoor,68,Chicken Schezwan Noodles,Rice & Noodles,5,? 280.00," ? 1,400.00 ", ? 218.00 ,? 310.00,A satisfying meal. The Chicken Schezwan Noodles was a good choice.
629,629,O00630,06-04-2024,17:15,C0063,Aasiya Malik,13,Gulab Jamun,Dessert,1,? 150.00, ? 150.00 , ? 117.00 ,? 33.00,It was an average Gulab Jamun.
630,630,O00631,06-04-2024,19:00,C0209,Aasiya Malik,72,Sweet Corn Soup (Chicken),Starter,2,? 180.00, ? 360.00 , ? 129.00 ,? 102.00,The Sweet Corn Soup (Chicken) was cold when it arrived at our table.
631,631,O00632,06-04-2024,22:00,C0272,Aasifa Raes,7,Butter Chicken,Meat Special,5,? 495.00," ? 2,475.00 ", ? 349.00 ,? 730.00,A satisfying meal. The Butter Chicken was a good choice.
632,632,O00633,06-04-2024,13:00,C0266,Aasifa Sayyad,10,Pepperoni Pizza,Pizza,1,? 368.00, ? 368.00 , ? 283.00 ,? 85.00,A satisfying meal. The Pepperoni Pizza was a good choice.
633,633,O00634,06-04-2024,20:00,C0006,Imran Taimoor,78,Fried Momos (Veg),Starter,5,? 200.00," ? 1,000.00 ", ? 141.00 ,? 295.00,Wasn't very impressed with the Fried Momos (Veg). It lacked flavor.
634,634,O00635,06-04-2024,11:30,C0148,Aakib Momin,110,Paneer Sandwich,Sandwiches,1,? 120.00, ? 120.00 , ? 84.00 ,? 36.00,The Paneer Sandwich could have been better.
635,635,O00636,06-04-2024,20:30,C0224,Nikhat Mujawar,87,Uttapam,South Indian,5,? 220.00," ? 1,100.00 ", ? 170.00 ,? 250.00,Great food! The Uttapam was delicious and well-prepared.
636,636,O00637,06-04-2024,15:00,C0101,Aariz Malik,123,Chicken Caesar Wrap,Snacks,3,? 150.00, ? 450.00 , ? 109.00 ,? 123.00,The Chicken Caesar Wrap could have been better.
637,637,O00638,06-04-2024,22:45,C0033,Arahan Azam,88,Vada Pav,Snack,4,? 120.00, ? 480.00 , ? 91.00 ,? 116.00,The Vada Pav was not what I expected.
638,638,O00639,06-04-2024,19:30,C0074,Moh Saad Malik,43,Onion Uttapam,Vegetarian,5,? 160.00, ? 800.00 , ? 112.00 ,? 240.00,The Onion Uttapam was as expected.
639,639,O00640,07-04-2024,17:15,C0039,Aasifa Shaikh,16,Ice Cream Sundae,Dessert,3,? 200.00, ? 600.00 , ? 143.00 ,? 171.00,A satisfying meal. The Ice Cream Sundae was a good choice.
640,640,O00641,07-04-2024,19:30,C0037,Wahaj Malik,101,Veggie Sub,Sandwiches,1,? 150.00, ? 150.00 , ? 105.00 ,? 45.00,The Veggie Sub was excellent. Really enjoyed the meal.
641,641,O00642,07-04-2024,14:15,C0092,Sultan Shaikh,81,Biryani (Veg),Rice,3,? 320.00, ? 960.00 , ? 251.00 ,? 207.00,The Biryani (Veg) was excellent. Really enjoyed the meal.
642,642,O00643,07-04-2024,19:15,C0166,Nikhat Taimoor,13,Gulab Jamun,Dessert,4,? 150.00, ? 600.00 , ? 117.00 ,? 132.00,The Gulab Jamun could have been better.
643,643,O00644,07-04-2024,13:15,C0184,Kaif Sayyad,33,Dal Tadka,Vegetarian,3,? 260.00, ? 780.00 , ? 183.00 ,? 231.00,The Dal Tadka is a great choice for vegetarians. Hearty and full of flavor.
644,644,O00645,07-04-2024,16:15,C0271,Aasiya Mujawar,63,Chili Paneer,Starter,3,? 280.00, ? 840.00 , ? 219.00 ,? 183.00,The Chili Paneer was simply delicious and fresh. Highly recommended!
645,645,O00646,07-04-2024,19:00,C0131,Aasin Ali,39,Masala Dosa,Vegetarian,2,? 180.00, ? 360.00 , ? 138.00 ,? 84.00,The Masala Dosa was bland and needed more seasoning.
646,646,O00647,07-04-2024,19:00,C0232,Aariz Raes,74,Chicken Clear Soup,Starter,1,? 160.00, ? 160.00 , ? 125.00 ,? 35.00,The Chicken Clear Soup was simply delicious and fresh. Highly recommended!
647,647,O00648,08-04-2024,10:00,C0071,Arman Azam,123,Chicken Caesar Wrap,Snacks,1,? 150.00, ? 150.00 , ? 109.00 ,? 41.00,A satisfying meal. The Chicken Caesar Wrap was a good choice.
648,648,O00649,08-04-2024,18:30,C0330,Kaif Momin,40,Idli Sambar,Vegetarian,2,? 160.00, ? 320.00 , ? 119.00 ,? 82.00,"It was an okay Idli Sambar, but I've had better."
649,649,O00650,08-04-2024,21:30,C0047,Rihan Sayyad,46,Kadai Paneer,Vegetarian,5,? 360.00," ? 1,800.00 ", ? 275.00 ,? 425.00,The Kadai Paneer was bland and needed more seasoning.
650,650,O00651,08-04-2024,14:00,C0004,Ayeza Ali,116,Paneer Bhurji Sandwich,Snacks,3,? 75.00, ? 225.00 , ? 59.00 ,? 48.00,The Paneer Bhurji Sandwich was excellent. Really enjoyed the meal.
651,651,O00652,08-04-2024,10:30,C0031,Rihan Momin,7,Butter Chicken,Meat Special,4,? 495.00," ? 1,980.00 ", ? 349.00 ,? 584.00,Great food! The Butter Chicken was delicious and well-prepared.
652,652,O00653,08-04-2024,22:00,C0269,Aakib Nadaf,42,Medu Vada,Vegetarian,3,? 150.00, ? 450.00 , ? 112.00 ,? 114.00,"It was an okay Medu Vada, but I've had better."
653,653,O00654,08-04-2024,18:15,C0099,Aariz Faruqi,87,Uttapam,South Indian,2,? 220.00, ? 440.00 , ? 170.00 ,? 100.00,Great food! The Uttapam was delicious and well-prepared.
654,654,O00655,08-04-2024,10:30,C0067,Sultan Ali,93,Matar Paneer,Main Course,4,? 340.00," ? 1,360.00 ", ? 263.00 ,? 308.00,The Matar Paneer was fine.
655,655,O00656,08-04-2024,22:30,C0068,Abdul Rahim Shaikh,50,Jeera Rice,Rice & Noodles,1,? 180.00, ? 180.00 , ? 129.00 ,? 51.00,A satisfying meal. The Jeera Rice was a good choice.
656,656,O00657,08-04-2024,11:45,C0204,Aasifa Faruqi,119,Veg Paneer Wrap,Snacks,4,? 95.00, ? 380.00 , ? 74.00 ,? 84.00,Great food! The Veg Paneer Wrap was delicious and well-prepared.
657,657,O00658,08-04-2024,22:45,C0247,Shahrukh Sayyad,57,Prawn Masala,Non-Veg Main,5,? 460.00," ? 2,300.00 ", ? 326.00 ,? 670.00,The meat in the Prawn Masala was a bit tough and chewy.
658,658,O00659,09-04-2024,22:45,C0080,Sher Khan,124,Grilled Veg Panini,Snacks,1,? 140.00, ? 140.00 , ? 99.00 ,? 41.00,A satisfying meal. The Grilled Veg Panini was a good choice.
659,659,O00660,09-04-2024,12:15,C0056,Aasifa Khan,69,Hot & Sour Soup (Veg),Starter,4,? 160.00, ? 640.00 , ? 113.00 ,? 188.00,Absolutely loved the Hot & Sour Soup (Veg)! It was the perfect appetizer to get us started.
660,660,O00661,09-04-2024,10:45,C0265,Aasin Ali,72,Sweet Corn Soup (Chicken),Starter,2,? 180.00, ? 360.00 , ? 129.00 ,? 102.00,Wasn't very impressed with the Sweet Corn Soup (Chicken). It lacked flavor.
661,661,O00662,09-04-2024,10:00,C0048,Abdul Rahim Malik,12,Veggie Burger,Burger,1,? 250.00, ? 250.00 , ? 199.00 ,? 51.00,The Veggie Burger was not what I expected.
662,662,O00663,09-04-2024,13:00,C0107,Aasifa Faruqi,119,Veg Paneer Wrap,Snacks,1,? 95.00, ? 95.00 , ? 74.00 ,? 21.00,The Veg Paneer Wrap was excellent. Really enjoyed the meal.
663,663,O00664,09-04-2024,11:00,C0054,Shamsher Ali,73,Veg Clear Soup,Starter,2,? 120.00, ? 240.00 , ? 84.00 ,? 72.00,Absolutely loved the Veg Clear Soup! It was the perfect appetizer to get us started.
664,664,O00665,09-04-2024,11:15,C0309,Arman Faruqi,25,Spring Rolls,Starter,3,? 220.00, ? 660.00 , ? 164.00 ,? 168.00,The Spring Rolls was simply delicious and fresh. Highly recommended!
665,665,O00666,09-04-2024,17:45,C0245,Wahaj Taimoor,103,Paneer Frankie,Street Food,2,? 130.00, ? 260.00 , ? 95.00 ,? 70.00,A satisfying meal. The Paneer Frankie was a good choice.
666,666,O00667,09-04-2024,20:45,C0253,Kaif Sayyad,25,Spring Rolls,Starter,4,? 220.00, ? 880.00 , ? 164.00 ,? 224.00,It was an average Spring Rolls.
667,667,O00668,10-04-2024,13:45,C0292,Arahan Taimoor,114,Veg Frankie Roll,Snacks,1,? 80.00, ? 80.00 , ? 62.00 ,? 18.00,A satisfying meal. The Veg Frankie Roll was a good choice.
668,668,O00669,10-04-2024,19:30,C0164,Aakib Malik,6,Grilled Salmon,Ocean Meal,5,? 500.00," ? 2,500.00 ", ? 357.00 ,? 715.00,The Grilled Salmon met my expectations.
669,669,O00670,10-04-2024,15:45,C0206,Aariz Faruqi,58,Crab Curry,Non-Veg Main,3,? 520.00," ? 1,560.00 ", ? 374.00 ,? 438.00,The Crab Curry was too spicy for me to handle.
670,670,O00671,10-04-2024,17:00,C0220,Rihan Mujawar,105,Paneer Burger,Fast Food,5,? 140.00, ? 700.00 , ? 110.00 ,? 150.00,The Paneer Burger met my expectations.
671,671,O00672,10-04-2024,14:45,C0153,Nikhat Malik,77,Paneer Momos,Starter,5,? 200.00," ? 1,000.00 ", ? 155.00 ,? 225.00,The Paneer Momos was a fantastic start to our meal! Perfectly crispy.
672,672,O00673,10-04-2024,12:15,C0087,Moh Saad Mujawar,29,Greek Salad,Salad,4,? 260.00," ? 1,040.00 ", ? 197.00 ,? 252.00,The Greek Salad was excellent. Really enjoyed the meal.
673,673,O00674,10-04-2024,16:15,C0306,Arman Malik,105,Paneer Burger,Fast Food,5,? 140.00, ? 700.00 , ? 110.00 ,? 150.00,The Paneer Burger met my expectations.
674,674,O00675,10-04-2024,18:00,C0210,Sultan Nadaf,107,Paneer Shawarma,Street Food,1,? 150.00, ? 150.00 , ? 111.00 ,? 39.00,The Paneer Shawarma could have been better.
675,675,O00676,11-04-2024,14:15,C0102,Aasifa Taimoor,57,Prawn Masala,Non-Veg Main,4,? 460.00," ? 1,840.00 ", ? 326.00 ,? 536.00,The Prawn Masala was the highlight of our meal. Absolutely delicious!
676,676,O00677,11-04-2024,20:45,C0112,Shahrukh Sayyad,28,Caesar Salad,Salad,1,? 280.00, ? 280.00 , ? 210.00 ,? 70.00,The Caesar Salad met my expectations.
677,677,O00678,11-04-2024,12:00,C0229,Aasin Khan,39,Masala Dosa,Vegetarian,2,? 180.00, ? 360.00 , ? 138.00 ,? 84.00,A wholesome and delicious Masala Dosa. The vegetables were so fresh!
678,678,O00679,11-04-2024,21:15,C0179,Arman Malik,64,Chili Chicken,Starter,2,? 340.00, ? 680.00 , ? 250.00 ,? 180.00,The Chili Chicken was a fantastic start to our meal! Perfectly crispy.
679,679,O00680,11-04-2024,22:00,C0116,Arman Khan,60,Chicken Manchurian,Starter,5,? 280.00," ? 1,400.00 ", ? 205.00 ,? 375.00,Absolutely loved the Chicken Manchurian! It was the perfect appetizer to get us started.
680,680,O00681,12-04-2024,12:00,C0260,Danish Ali,54,Egg Biryani,Rice & Noodles,4,? 340.00," ? 1,360.00 ", ? 268.00 ,? 288.00,It was an average Egg Biryani.
681,681,O00682,12-04-2024,19:30,C0229,Aasin Khan,42,Medu Vada,Vegetarian,5,? 150.00, ? 750.00 , ? 112.00 ,? 190.00,Loved the Medu Vada! It was a delightful and well-prepared vegetarian meal.
682,682,O00683,12-04-2024,19:00,C0143,Sultan Mujawar,85,Veg Thali,Meal Combo,2,? 360.00, ? 720.00 , ? 263.00 ,? 194.00,The Veg Thali met my expectations.
683,683,O00684,12-04-2024,13:15,C0130,Aakib Shikalkar,2,Mushroom Soup,Starter,5,? 200.00," ? 1,000.00 ", ? 159.00 ,? 205.00,The Mushroom Soup was a bit too oily for my liking.
684,684,O00685,12-04-2024,15:30,C0295,Sultan Taimoor,88,Vada Pav,Snack,3,? 120.00, ? 360.00 , ? 91.00 ,? 87.00,A satisfying meal. The Vada Pav was a good choice.
685,685,O00686,12-04-2024,22:45,C0283,Shahrukh Sayyad,37,Biryani Veg,Rice & Noodles,2,? 320.00, ? 640.00 , ? 233.00 ,? 174.00,It was an average Biryani Veg.
686,686,O00687,12-04-2024,21:15,C0130,Aakib Shikalkar,117,Egg Mayo Sandwich,Snacks,4,? 85.00, ? 340.00 , ? 66.00 ,? 76.00,Great food! The Egg Mayo Sandwich was delicious and well-prepared.
687,687,O00688,12-04-2024,10:15,C0102,Aasifa Taimoor,8,Paneer Butter Masala,Vegetarian,1,? 380.00, ? 380.00 , ? 298.00 ,? 82.00,Loved the Paneer Butter Masala! It was a delightful and well-prepared vegetarian meal.
688,688,O00689,12-04-2024,15:15,C0046,Nikhat Taimoor,42,Medu Vada,Vegetarian,5,? 150.00, ? 750.00 , ? 112.00 ,? 190.00,The Medu Vada is a great choice for vegetarians. Hearty and full of flavor.
689,689,O00690,12-04-2024,10:45,C0104,Sultan Nadaf,30,Shahi Paneer,Vegetarian,1,? 400.00, ? 400.00 , ? 281.00 ,? 119.00,A wholesome and delicious Shahi Paneer. The vegetables were so fresh!
690,690,O00691,12-04-2024,22:30,C0065,Shamsher Faruqi,21,Chicken Fried Rice,Rice & Noodles,1,? 240.00, ? 240.00 , ? 182.00 ,? 58.00,The Chicken Fried Rice met my expectations.
691,691,O00692,12-04-2024,20:45,C0107,Aasifa Faruqi,83,Malai Kofta,Main Course,1,? 340.00, ? 340.00 , ? 249.00 ,? 91.00,The Malai Kofta was excellent. Really enjoyed the meal.
692,692,O00693,12-04-2024,21:00,C0066,Abdul Rahim Mujawar,124,Grilled Veg Panini,Snacks,1,? 140.00, ? 140.00 , ? 99.00 ,? 41.00,The Grilled Veg Panini was not what I expected.
693,693,O00694,12-04-2024,16:15,C0256,Arman Faruqi,62,Chicken Spring Rolls,Starter,3,? 260.00, ? 780.00 , ? 189.00 ,? 213.00,The Chicken Spring Rolls was a fantastic start to our meal! Perfectly crispy.
694,694,O00695,13-04-2024,12:45,C0175,Aasiya Momin,108,Chicken Shawarma,Street Food,5,? 170.00, ? 850.00 , ? 131.00 ,? 195.00,The Chicken Shawarma was excellent. Really enjoyed the meal.
695,695,O00696,13-04-2024,14:30,C0325,Aakib Momin,38,Mutton Biryani,Rice Meal,3,? 490.00," ? 1,470.00 ", ? 350.00 ,? 420.00,The Mutton Biryani met my expectations.
696,696,O00697,13-04-2024,12:15,C0041,Aakib Shaikh,92,Kadhi Pakora,Main Course,1,? 300.00, ? 300.00 , ? 231.00 ,? 69.00,I was not a fan of the Kadhi Pakora.
697,697,O00698,13-04-2024,11:00,C0123,Abdul Rahim Faruqi,69,Hot & Sour Soup (Veg),Starter,3,? 160.00, ? 480.00 , ? 113.00 ,? 141.00,Absolutely loved the Hot & Sour Soup (Veg)! It was the perfect appetizer to get us started.
698,698,O00699,13-04-2024,20:30,C0198,Danish Faruqi,50,Jeera Rice,Rice & Noodles,4,? 180.00, ? 720.00 , ? 129.00 ,? 204.00,It was an average Jeera Rice.
699,699,O00700,13-04-2024,18:45,C0181,Aman Khan,47,Bhindi Masala,Vegetarian,5,? 240.00," ? 1,200.00 ", ? 175.00 ,? 325.00,The Bhindi Masala is a great choice for vegetarians. Hearty and full of flavor.
700,700,O00701,13-04-2024,22:00,C0231,Danish Momin,101,Veggie Sub,Sandwiches,5,? 150.00, ? 750.00 , ? 105.00 ,? 225.00,The Veggie Sub met my expectations.
701,701,O00702,13-04-2024,15:30,C0216,Sultan Khan,29,Greek Salad,Salad,5,? 260.00," ? 1,300.00 ", ? 197.00 ,? 315.00,Great food! The Greek Salad was delicious and well-prepared.
702,702,O00703,13-04-2024,17:15,C0012,Abdul Rahim Malik,94,Butter Naan,Breads,3,? 60.00, ? 180.00 , ? 45.00 ,? 45.00,Great food! The Butter Naan was delicious and well-prepared.
703,703,O00704,13-04-2024,22:30,C0277,Shamsher Faruqi,100,Veg Wrap,Sandwiches,2,? 130.00, ? 260.00 , ? 92.00 ,? 76.00,The Veg Wrap was excellent. Really enjoyed the meal.
704,704,O00705,13-04-2024,11:30,C0193,Anis Nadaf,64,Chili Chicken,Starter,3,? 340.00," ? 1,020.00 ", ? 250.00 ,? 270.00,The Chili Chicken was simply delicious and fresh. Highly recommended!
705,705,O00706,13-04-2024,22:30,C0050,Dua Sayyad,94,Butter Naan,Breads,5,? 60.00, ? 300.00 , ? 45.00 ,? 75.00,A satisfying meal. The Butter Naan was a good choice.
706,706,O00707,14-04-2024,12:00,C0002,Dua Khan,64,Chili Chicken,Starter,5,? 340.00," ? 1,700.00 ", ? 250.00 ,? 450.00,The Chili Chicken was a fantastic start to our meal! Perfectly crispy.
707,707,O00708,14-04-2024,14:45,C0300,Dua Azam,75,Veg Momos,Starter,1,? 180.00, ? 180.00 , ? 138.00 ,? 42.00,The Veg Momos was simply delicious and fresh. Highly recommended!
708,708,O00709,14-04-2024,14:30,C0302,Shamsher Ali,1,Tomato Soup,Starter,2,? 180.00, ? 360.00 , ? 132.00 ,? 96.00,It was an average Tomato Soup.
709,709,O00710,15-04-2024,10:15,C0106,Aasin Mujawar,78,Fried Momos (Veg),Starter,2,? 200.00, ? 400.00 , ? 141.00 ,? 118.00,The Fried Momos (Veg) was simply delicious and fresh. Highly recommended!
710,710,O00711,15-04-2024,10:30,C0104,Sultan Nadaf,42,Medu Vada,Vegetarian,3,? 150.00, ? 450.00 , ? 112.00 ,? 114.00,The Medu Vada is a great choice for vegetarians. Hearty and full of flavor.
711,711,O00712,15-04-2024,21:45,C0162,Shamsher Mujawar,4,Chicken Biryani,Rice Meal,4,? 440.00," ? 1,760.00 ", ? 334.00 ,? 424.00,Great food! The Chicken Biryani was delicious and well-prepared.
712,712,O00713,15-04-2024,15:00,C0322,Aasin Malik,26,Pasta Alfredo,Continental,2,? 320.00, ? 640.00 , ? 249.00 ,? 142.00,A satisfying meal. The Pasta Alfredo was a good choice.
713,713,O00714,15-04-2024,17:45,C0132,Sultan Momin,91,Chana Masala,Main Course,2,? 260.00, ? 520.00 , ? 185.00 ,? 150.00,A satisfying meal. The Chana Masala was a good choice.
714,714,O00715,15-04-2024,15:45,C0288,Anis Shikalkar,106,Chicken Burger,Fast Food,1,? 160.00, ? 160.00 , ? 115.00 ,? 45.00,The Chicken Burger was excellent. Really enjoyed the meal.
715,715,O00716,15-04-2024,14:15,C0250,Isharat Azam,122,Falafel Wrap,Snacks,1,? 130.00, ? 130.00 , ? 102.00 ,? 28.00,The Falafel Wrap met my expectations.
716,716,O00717,15-04-2024,22:00,C0166,Nikhat Taimoor,11,Margherita Pizza,Pizza,3,? 330.00, ? 990.00 , ? 231.00 ,? 297.00,A satisfying meal. The Margherita Pizza was a good choice.
717,717,O00718,15-04-2024,19:00,C0251,Aakib Khan,105,Paneer Burger,Fast Food,2,? 140.00, ? 280.00 , ? 110.00 ,? 60.00,The Paneer Burger met my expectations.
718,718,O00719,15-04-2024,19:00,C0180,Isharat Shikalkar,10,Pepperoni Pizza,Pizza,1,? 368.00, ? 368.00 , ? 283.00 ,? 85.00,A satisfying meal. The Pepperoni Pizza was a good choice.
719,719,O00720,15-04-2024,13:45,C0097,Isharat Taimoor,102,Chicken Sub,Sandwiches,1,? 180.00, ? 180.00 , ? 137.00 ,? 43.00,The Chicken Sub was excellent. Really enjoyed the meal.
720,720,O00721,16-04-2024,13:00,C0211,Moh Saad Faruqi,121,Cheese Garlic Bread,Breads,4,? 110.00, ? 440.00 , ? 85.00 ,? 100.00,The Cheese Garlic Bread was excellent. Really enjoyed the meal.
721,721,O00722,16-04-2024,18:15,C0166,Nikhat Taimoor,124,Grilled Veg Panini,Snacks,1,? 140.00, ? 140.00 , ? 99.00 ,? 41.00,The Grilled Veg Panini was excellent. Really enjoyed the meal.
722,722,O00723,16-04-2024,10:15,C0071,Arman Azam,73,Veg Clear Soup,Starter,5,? 120.00, ? 600.00 , ? 84.00 ,? 180.00,The Veg Clear Soup was a fantastic start to our meal! Perfectly crispy.
723,723,O00724,16-04-2024,18:30,C0059,Aman Momin,127,Mutton Seekh Kebab Roll,Snacks,3,? 170.00, ? 510.00 , ? 132.00 ,? 114.00,The Mutton Seekh Kebab Roll met my expectations.
724,724,O00725,16-04-2024,22:00,C0283,Shahrukh Sayyad,85,Veg Thali,Meal Combo,3,? 360.00," ? 1,080.00 ", ? 263.00 ,? 291.00,The Veg Thali was not what I expected.
725,725,O00726,16-04-2024,17:00,C0160,Shahrukh Malik,132,Club Chicken Sandwich,Snacks,3,? 140.00, ? 420.00 , ? 101.00 ,? 117.00,The Club Chicken Sandwich was fine.
726,726,O00727,16-04-2024,18:45,C0110,Danish Momin,14,Rasgulla,Dessert,1,? 140.00, ? 140.00 , ? 100.00 ,? 40.00,The Rasgulla met my expectations.
727,727,O00728,16-04-2024,13:00,C0316,Shamsher Mujawar,55,Vegetable Korma,Vegetarian,4,? 320.00," ? 1,280.00 ", ? 243.00 ,? 308.00,"It was an okay Vegetable Korma, but I've had better."
728,728,O00729,16-04-2024,10:45,C0147,Danish Khan,115,Chicken Kathi Roll,Snacks,1,? 120.00, ? 120.00 , ? 91.00 ,? 29.00,The Chicken Kathi Roll was not what I expected.
729,729,O00730,16-04-2024,15:30,C0247,Shahrukh Sayyad,116,Paneer Bhurji Sandwich,Snacks,5,? 75.00, ? 375.00 , ? 59.00 ,? 80.00,It was an average Paneer Bhurji Sandwich.
730,730,O00731,16-04-2024,14:30,C0123,Abdul Rahim Faruqi,46,Kadai Paneer,Vegetarian,5,? 360.00," ? 1,800.00 ", ? 275.00 ,? 425.00,A wholesome and delicious Kadai Paneer. The vegetables were so fresh!
731,731,O00732,16-04-2024,10:00,C0102,Aasifa Taimoor,68,Chicken Schezwan Noodles,Rice & Noodles,5,? 280.00," ? 1,400.00 ", ? 218.00 ,? 310.00,The Chicken Schezwan Noodles was excellent. Really enjoyed the meal.
732,732,O00733,16-04-2024,14:45,C0182,Rihan Shaikh,4,Chicken Biryani,Rice Meal,2,? 440.00, ? 880.00 , ? 334.00 ,? 212.00,Great food! The Chicken Biryani was delicious and well-prepared.
733,733,O00734,16-04-2024,15:15,C0100,Aman Momin,91,Chana Masala,Main Course,5,? 260.00," ? 1,300.00 ", ? 185.00 ,? 375.00,The Chana Masala was excellent. Really enjoyed the meal.
734,734,O00735,16-04-2024,16:00,C0328,Isharat Khan,18,Veg Hakka Noodles,Rice & Noodles,2,? 220.00, ? 440.00 , ? 165.00 ,? 110.00,The Veg Hakka Noodles was not what I expected.
735,735,O00736,16-04-2024,14:15,C0262,Nikhat Faruqi,21,Chicken Fried Rice,Rice & Noodles,4,? 240.00, ? 960.00 , ? 182.00 ,? 232.00,A satisfying meal. The Chicken Fried Rice was a good choice.
736,736,O00737,16-04-2024,20:45,C0179,Arman Malik,68,Chicken Schezwan Noodles,Rice & Noodles,3,? 280.00, ? 840.00 , ? 218.00 ,? 186.00,It was an average Chicken Schezwan Noodles.
737,737,O00738,16-04-2024,20:00,C0039,Aasifa Shaikh,48,Baingan Bharta,Vegetarian,4,? 260.00," ? 1,040.00 ", ? 195.00 ,? 260.00,The Baingan Bharta is a great choice for vegetarians. Hearty and full of flavor.
738,738,O00739,17-04-2024,11:45,C0146,Sultan Sayyad,74,Chicken Clear Soup,Starter,1,? 160.00, ? 160.00 , ? 125.00 ,? 35.00,The Chicken Clear Soup was a bit too oily for my liking.
739,739,O00740,17-04-2024,12:30,C0005,Aasin Azam,59,Veg Manchurian,Starter,4,? 240.00, ? 960.00 , ? 169.00 ,? 284.00,Absolutely loved the Veg Manchurian! It was the perfect appetizer to get us started.
740,740,O00741,17-04-2024,19:15,C0136,Anis Taimoor,38,Mutton Biryani,Rice Meal,1,? 490.00, ? 490.00 , ? 350.00 ,? 140.00,A satisfying meal. The Mutton Biryani was a good choice.
741,741,O00742,17-04-2024,17:15,C0279,Arman Taimoor,20,Veg Fried Rice,Rice & Noodles,3,? 200.00, ? 600.00 , ? 145.00 ,? 165.00,A satisfying meal. The Veg Fried Rice was a good choice.
742,742,O00743,17-04-2024,16:45,C0233,Moh Saad Nadaf,116,Paneer Bhurji Sandwich,Snacks,2,? 75.00, ? 150.00 , ? 59.00 ,? 32.00,The Paneer Bhurji Sandwich was excellent. Really enjoyed the meal.
743,743,O00744,17-04-2024,13:45,C0220,Rihan Mujawar,110,Paneer Sandwich,Sandwiches,4,? 120.00, ? 480.00 , ? 84.00 ,? 144.00,The Paneer Sandwich was excellent. Really enjoyed the meal.
744,744,O00745,17-04-2024,11:00,C0081,Ayeza Raes,64,Chili Chicken,Starter,2,? 340.00, ? 680.00 , ? 250.00 ,? 180.00,The Chili Chicken was a fantastic start to our meal! Perfectly crispy.
745,745,O00746,17-04-2024,21:45,C0200,Aariz Taimoor,70,Hot & Sour Soup (Chicken),Starter,5,? 200.00," ? 1,000.00 ", ? 159.00 ,? 205.00,The Hot & Sour Soup (Chicken) was simply delicious and fresh. Highly recommended!
746,746,O00747,17-04-2024,18:15,C0043,Aakib Faruqi,12,Veggie Burger,Burger,2,? 250.00, ? 500.00 , ? 199.00 ,? 102.00,It was an average Veggie Burger.
747,747,O00748,18-04-2024,20:15,C0041,Aakib Shaikh,124,Grilled Veg Panini,Snacks,1,? 140.00, ? 140.00 , ? 99.00 ,? 41.00,Great food! The Grilled Veg Panini was delicious and well-prepared.
748,748,O00749,18-04-2024,14:15,C0305,Aasin Faruqi,76,Chicken Momos,Starter,3,? 220.00, ? 660.00 , ? 170.00 ,? 150.00,The Chicken Momos was simply delicious and fresh. Highly recommended!
749,749,O00750,18-04-2024,19:30,C0209,Aasiya Malik,53,Veg Pulao,Rice & Noodles,5,? 240.00," ? 1,200.00 ", ? 190.00 ,? 250.00,The Veg Pulao was fine.
750,750,O00751,18-04-2024,16:30,C0327,Abdul Rahim Mujawar,79,Fried Momos (Chicken),Starter,5,? 240.00," ? 1,200.00 ", ? 176.00 ,? 320.00,It was an average Fried Momos (Chicken).
751,751,O00752,18-04-2024,21:00,C0185,Nikhat Shikalkar,79,Fried Momos (Chicken),Starter,5,? 240.00," ? 1,200.00 ", ? 176.00 ,? 320.00,The Fried Momos (Chicken) was a fantastic start to our meal! Perfectly crispy.
752,752,O00753,18-04-2024,14:45,C0164,Aakib Malik,124,Grilled Veg Panini,Snacks,5,? 140.00, ? 700.00 , ? 99.00 ,? 205.00,It was an average Grilled Veg Panini.
753,753,O00754,18-04-2024,17:00,C0016,Dua Khan,7,Butter Chicken,Meat Special,1,? 495.00, ? 495.00 , ? 349.00 ,? 146.00,It was an average Butter Chicken.
754,754,O00755,18-04-2024,19:30,C0007,Aman Taimoor,21,Chicken Fried Rice,Rice & Noodles,4,? 240.00, ? 960.00 , ? 182.00 ,? 232.00,Great food! The Chicken Fried Rice was delicious and well-prepared.
755,755,O00756,18-04-2024,10:30,C0303,Dua Momin,7,Butter Chicken,Meat Special,1,? 495.00, ? 495.00 , ? 349.00 ,? 146.00,It was an average Butter Chicken.
756,756,O00757,18-04-2024,12:00,C0143,Sultan Mujawar,86,Non-Veg Thali,Meal Combo,1,? 440.00, ? 440.00 , ? 322.00 ,? 118.00,A satisfying meal. The Non-Veg Thali was a good choice.
757,757,O00758,18-04-2024,18:00,C0270,Isharat Malik,76,Chicken Momos,Starter,3,? 220.00, ? 660.00 , ? 170.00 ,? 150.00,The Chicken Momos was a fantastic start to our meal! Perfectly crispy.
758,758,O00759,18-04-2024,22:45,C0316,Shamsher Mujawar,75,Veg Momos,Starter,4,? 180.00, ? 720.00 , ? 138.00 ,? 168.00,The Veg Momos was simply delicious and fresh. Highly recommended!
759,759,O00760,18-04-2024,21:15,C0188,Sher Raes,23,Chicken Tikka,Starter,3,? 320.00, ? 960.00 , ? 233.00 ,? 261.00,The Chicken Tikka was simply delicious and fresh. Highly recommended!
760,760,O00761,19-04-2024,20:00,C0127,Dua Taimoor,76,Chicken Momos,Starter,3,? 220.00, ? 660.00 , ? 170.00 ,? 150.00,Absolutely loved the Chicken Momos! It was the perfect appetizer to get us started.
761,761,O00762,19-04-2024,16:30,C0224,Nikhat Mujawar,52,Chicken Tikka Masala,Non-Veg Main,5,? 480.00," ? 2,400.00 ", ? 373.00 ,? 535.00,"It was a standard Chicken Tikka Masala, nothing out of the ordinary."
762,762,O00763,19-04-2024,16:00,C0007,Aman Taimoor,92,Kadhi Pakora,Main Course,2,? 300.00, ? 600.00 , ? 231.00 ,? 138.00,A satisfying meal. The Kadhi Pakora was a good choice.
763,763,O00764,19-04-2024,20:00,C0082,Isharat Nadaf,131,Avocado Toast,Breakfast,4,? 150.00, ? 600.00 , ? 111.00 ,? 156.00,Great food! The Avocado Toast was delicious and well-prepared.
764,764,O00765,19-04-2024,20:45,C0054,Shamsher Ali,97,Grilled Cheese Sandwich,Sandwiches,5,? 120.00, ? 600.00 , ? 90.00 ,? 150.00,The Grilled Cheese Sandwich was not what I expected.
765,765,O00766,19-04-2024,15:15,C0310,Ayeza Faruqi,70,Hot & Sour Soup (Chicken),Starter,2,? 200.00, ? 400.00 , ? 159.00 ,? 82.00,The Hot & Sour Soup (Chicken) was a bit too oily for my liking.
766,766,O00767,19-04-2024,11:15,C0241,Shamsher Faruqi,62,Chicken Spring Rolls,Starter,2,? 260.00, ? 520.00 , ? 189.00 ,? 142.00,The Chicken Spring Rolls was a fantastic start to our meal! Perfectly crispy.
767,767,O00768,19-04-2024,15:45,C0245,Wahaj Taimoor,43,Onion Uttapam,Vegetarian,2,? 160.00, ? 320.00 , ? 112.00 ,? 96.00,A wholesome and delicious Onion Uttapam. The vegetables were so fresh!
768,768,O00769,19-04-2024,17:30,C0194,Isharat Momin,65,Schezwan Fried Rice,Rice & Noodles,1,? 220.00, ? 220.00 , ? 160.00 ,? 60.00,The Schezwan Fried Rice was excellent. Really enjoyed the meal.
769,769,O00770,19-04-2024,22:15,C0086,Sher Momin,60,Chicken Manchurian,Starter,1,? 280.00, ? 280.00 , ? 205.00 ,? 75.00,The Chicken Manchurian was okay. It was a standard appetizer.
770,770,O00771,19-04-2024,20:30,C0134,Isharat Nadaf,51,Tandoori Chicken,Non-Veg Main,3,? 460.00," ? 1,380.00 ", ? 366.00 ,? 282.00,The Tandoori Chicken was the highlight of our meal. Absolutely delicious!
771,771,O00772,20-04-2024,16:45,C0059,Aman Momin,44,Hyderabadi Haleem,Non-Veg Main,3,? 500.00," ? 1,500.00 ", ? 395.00 ,? 315.00,"It was a standard Hyderabadi Haleem, nothing out of the ordinary."
772,772,O00773,20-04-2024,15:15,C0035,Aasifa Shaikh,35,Chole Bhature,Vegetarian,1,? 280.00, ? 280.00 , ? 223.00 ,? 57.00,The Chole Bhature was bland and needed more seasoning.
773,773,O00774,20-04-2024,11:15,C0064,Isharat Nadaf,33,Dal Tadka,Vegetarian,4,? 260.00," ? 1,040.00 ", ? 183.00 ,? 308.00,A wholesome and delicious Dal Tadka. The vegetables were so fresh!
774,774,O00775,20-04-2024,10:15,C0163,Shamsher Shikalkar,62,Chicken Spring Rolls,Starter,1,? 260.00, ? 260.00 , ? 189.00 ,? 71.00,The Chicken Spring Rolls was simply delicious and fresh. Highly recommended!
775,775,O00776,20-04-2024,22:45,C0125,Danish Nadaf,124,Grilled Veg Panini,Snacks,4,? 140.00, ? 560.00 , ? 99.00 ,? 164.00,A satisfying meal. The Grilled Veg Panini was a good choice.
776,776,O00777,20-04-2024,19:00,C0021,Moh Saad Shaikh,29,Greek Salad,Salad,1,? 260.00, ? 260.00 , ? 197.00 ,? 63.00,A satisfying meal. The Greek Salad was a good choice.
777,777,O00778,20-04-2024,16:45,C0177,Sultan Ali,55,Vegetable Korma,Vegetarian,5,? 320.00," ? 1,600.00 ", ? 243.00 ,? 385.00,The Vegetable Korma is a great choice for vegetarians. Hearty and full of flavor.
778,778,O00779,20-04-2024,17:30,C0230,Arman Azam,17,French Fries,Starter,1,? 120.00, ? 120.00 , ? 87.00 ,? 33.00,The French Fries was a fantastic start to our meal! Perfectly crispy.
779,779,O00780,20-04-2024,21:30,C0062,Ayeza Nadaf,109,Cheese Sandwich,Sandwiches,3,? 100.00, ? 300.00 , ? 72.00 ,? 84.00,A satisfying meal. The Cheese Sandwich was a good choice.
780,780,O00781,20-04-2024,17:45,C0086,Sher Momin,15,Tiramisu,Dessert,3,? 280.00, ? 840.00 , ? 201.00 ,? 237.00,Great food! The Tiramisu was delicious and well-prepared.
781,781,O00782,21-04-2024,10:00,C0186,Aariz Khan,69,Hot & Sour Soup (Veg),Starter,4,? 160.00, ? 640.00 , ? 113.00 ,? 188.00,Wasn't very impressed with the Hot & Sour Soup (Veg). It lacked flavor.
782,782,O00783,21-04-2024,18:00,C0316,Shamsher Mujawar,42,Medu Vada,Vegetarian,2,? 150.00, ? 300.00 , ? 112.00 ,? 76.00,I found the Medu Vada to be a bit watery.
783,783,O00784,21-04-2024,11:15,C0165,Dua Sayyad,64,Chili Chicken,Starter,3,? 340.00," ? 1,020.00 ", ? 250.00 ,? 270.00,Absolutely loved the Chili Chicken! It was the perfect appetizer to get us started.
784,784,O00785,21-04-2024,22:15,C0103,Aasiya Faruqi,43,Onion Uttapam,Vegetarian,5,? 160.00, ? 800.00 , ? 112.00 ,? 240.00,A wholesome and delicious Onion Uttapam. The vegetables were so fresh!
785,785,O00786,21-04-2024,10:45,C0233,Moh Saad Nadaf,101,Veggie Sub,Sandwiches,4,? 150.00, ? 600.00 , ? 105.00 ,? 180.00,A satisfying meal. The Veggie Sub was a good choice.
786,786,O00787,21-04-2024,10:30,C0103,Aasiya Faruqi,48,Baingan Bharta,Vegetarian,4,? 260.00," ? 1,040.00 ", ? 195.00 ,? 260.00,A wholesome and delicious Baingan Bharta. The vegetables were so fresh!
787,787,O00788,21-04-2024,10:45,C0066,Abdul Rahim Mujawar,93,Matar Paneer,Main Course,5,? 340.00," ? 1,700.00 ", ? 263.00 ,? 385.00,Great food! The Matar Paneer was delicious and well-prepared.
788,788,O00789,21-04-2024,22:30,C0298,Aasin Malik,119,Veg Paneer Wrap,Snacks,2,? 95.00, ? 190.00 , ? 74.00 ,? 42.00,Great food! The Veg Paneer Wrap was delicious and well-prepared.
789,789,O00790,21-04-2024,20:15,C0328,Isharat Khan,92,Kadhi Pakora,Main Course,3,? 300.00, ? 900.00 , ? 231.00 ,? 207.00,The Kadhi Pakora met my expectations.
790,790,O00791,21-04-2024,13:00,C0225,Arman Faruqi,73,Veg Clear Soup,Starter,1,? 120.00, ? 120.00 , ? 84.00 ,? 36.00,"The Veg Clear Soup was decent, but nothing special."
791,791,O00792,21-04-2024,16:30,C0275,Arman Khan,109,Cheese Sandwich,Sandwiches,4,? 100.00, ? 400.00 , ? 72.00 ,? 112.00,The Cheese Sandwich was excellent. Really enjoyed the meal.
792,792,O00793,21-04-2024,20:30,C0251,Aakib Khan,18,Veg Hakka Noodles,Rice & Noodles,3,? 220.00, ? 660.00 , ? 165.00 ,? 165.00,The Veg Hakka Noodles was not what I expected.
793,793,O00794,21-04-2024,14:45,C0220,Rihan Mujawar,7,Butter Chicken,Meat Special,5,? 495.00," ? 2,475.00 ", ? 349.00 ,? 730.00,It was an average Butter Chicken.
794,794,O00795,21-04-2024,21:45,C0045,Arman Shaikh,107,Paneer Shawarma,Street Food,5,? 150.00, ? 750.00 , ? 111.00 ,? 195.00,The Paneer Shawarma was excellent. Really enjoyed the meal.
795,795,O00796,21-04-2024,13:00,C0120,Ayeza Taimoor,21,Chicken Fried Rice,Rice & Noodles,3,? 240.00, ? 720.00 , ? 182.00 ,? 174.00,The Chicken Fried Rice could have been better.
796,796,O00797,21-04-2024,22:00,C0190,Rihan Raes,22,Paneer Tikka,Starter,1,? 280.00, ? 280.00 , ? 199.00 ,? 81.00,It was an average Paneer Tikka.
797,797,O00798,22-04-2024,12:30,C0249,Aasiya Mujawar,118,Tuna Melt Sandwich,Snacks,3,? 140.00, ? 420.00 , ? 100.00 ,? 120.00,Great food! The Tuna Melt Sandwich was delicious and well-prepared.
798,798,O00799,22-04-2024,13:15,C0212,Shahrukh Mujawar,64,Chili Chicken,Starter,5,? 340.00," ? 1,700.00 ", ? 250.00 ,? 450.00,Wasn't very impressed with the Chili Chicken. It lacked flavor.
799,799,O00800,22-04-2024,10:45,C0226,Aman Taimoor,34,Rajma Chawal,Vegetarian,2,? 300.00, ? 600.00 , ? 238.00 ,? 124.00,The Rajma Chawal is a great choice for vegetarians. Hearty and full of flavor.
800,800,O00801,22-04-2024,12:30,C0126,Aakib Momin,62,Chicken Spring Rolls,Starter,2,? 260.00, ? 520.00 , ? 189.00 ,? 142.00,The Chicken Spring Rolls was okay. It was a standard appetizer.
801,801,O00802,22-04-2024,16:30,C0134,Isharat Nadaf,131,Avocado Toast,Breakfast,3,? 150.00, ? 450.00 , ? 111.00 ,? 117.00,Great food! The Avocado Toast was delicious and well-prepared.
802,802,O00803,22-04-2024,17:00,C0027,Arman Faruqi,6,Grilled Salmon,Ocean Meal,3,? 500.00," ? 1,500.00 ", ? 357.00 ,? 429.00,It was an average Grilled Salmon.
803,803,O00804,22-04-2024,21:00,C0020,Rihan Shikalkar,53,Veg Pulao,Rice & Noodles,4,? 240.00, ? 960.00 , ? 190.00 ,? 200.00,A satisfying meal. The Veg Pulao was a good choice.
804,804,O00805,22-04-2024,10:15,C0121,Rihan Mujawar,57,Prawn Masala,Non-Veg Main,2,? 460.00, ? 920.00 , ? 326.00 ,? 268.00,The Prawn Masala was satisfactory.
805,805,O00806,22-04-2024,11:00,C0181,Aman Khan,48,Baingan Bharta,Vegetarian,1,? 260.00, ? 260.00 , ? 195.00 ,? 65.00,The Baingan Bharta is a great choice for vegetarians. Hearty and full of flavor.
806,806,O00807,22-04-2024,10:15,C0240,Sultan Ali,76,Chicken Momos,Starter,3,? 220.00, ? 660.00 , ? 170.00 ,? 150.00,The Chicken Momos was cold when it arrived at our table.
807,807,O00808,22-04-2024,12:45,C0280,Dua Faruqi,50,Jeera Rice,Rice & Noodles,5,? 180.00, ? 900.00 , ? 129.00 ,? 255.00,The Jeera Rice was fine.
808,808,O00809,23-04-2024,17:00,C0035,Aasifa Shaikh,122,Falafel Wrap,Snacks,4,? 130.00, ? 520.00 , ? 102.00 ,? 112.00,A satisfying meal. The Falafel Wrap was a good choice.
809,809,O00810,23-04-2024,15:45,C0263,Sher Raes,105,Paneer Burger,Fast Food,3,? 140.00, ? 420.00 , ? 110.00 ,? 90.00,It was an average Paneer Burger.
810,810,O00811,23-04-2024,15:15,C0220,Rihan Mujawar,115,Chicken Kathi Roll,Snacks,5,? 120.00, ? 600.00 , ? 91.00 ,? 145.00,The Chicken Kathi Roll could have been better.
811,811,O00812,23-04-2024,22:00,C0222,Arman Ali,26,Pasta Alfredo,Continental,5,? 320.00," ? 1,600.00 ", ? 249.00 ,? 355.00,The Pasta Alfredo met my expectations.
812,812,O00813,23-04-2024,17:30,C0113,Ayeza Momin,113,Aloo Parantha,Breads,2,? 80.00, ? 160.00 , ? 63.00 ,? 34.00,The Aloo Parantha was not what I expected.
813,813,O00814,23-04-2024,19:15,C0290,Isharat Raes,120,Peri Peri Chicken Wings,Snacks,5,? 180.00, ? 900.00 , ? 135.00 ,? 225.00,The Peri Peri Chicken Wings was excellent. Really enjoyed the meal.
814,814,O00815,23-04-2024,14:45,C0023,Shamsher Faruqi,126,Corn & Cheese Sandwich,Snacks,1,? 90.00, ? 90.00 , ? 66.00 ,? 24.00,The Corn & Cheese Sandwich was excellent. Really enjoyed the meal.
815,815,O00816,23-04-2024,19:45,C0057,Arman Azam,68,Chicken Schezwan Noodles,Rice & Noodles,1,? 280.00, ? 280.00 , ? 218.00 ,? 62.00,The Chicken Schezwan Noodles could have been better.
816,816,O00817,23-04-2024,14:00,C0141,Arahan Ali,116,Paneer Bhurji Sandwich,Snacks,2,? 75.00, ? 150.00 , ? 59.00 ,? 32.00,The Paneer Bhurji Sandwich was excellent. Really enjoyed the meal.
817,817,O00818,23-04-2024,16:00,C0289,Aasin Malik,62,Chicken Spring Rolls,Starter,3,? 260.00, ? 780.00 , ? 189.00 ,? 213.00,The Chicken Spring Rolls was a fantastic start to our meal! Perfectly crispy.
818,818,O00819,23-04-2024,19:00,C0187,Aasin Nadaf,104,Chicken Frankie,Street Food,2,? 150.00, ? 300.00 , ? 112.00 ,? 76.00,The Chicken Frankie was excellent. Really enjoyed the meal.
819,819,O00820,23-04-2024,14:45,C0298,Aasin Malik,108,Chicken Shawarma,Street Food,1,? 170.00, ? 170.00 , ? 131.00 ,? 39.00,Great food! The Chicken Shawarma was delicious and well-prepared.
820,820,O00821,23-04-2024,12:45,C0058,Danish Nadaf,113,Aloo Parantha,Breads,4,? 80.00, ? 320.00 , ? 63.00 ,? 68.00,The Aloo Parantha was excellent. Really enjoyed the meal.
821,821,O00822,24-04-2024,13:30,C0179,Arman Malik,108,Chicken Shawarma,Street Food,3,? 170.00, ? 510.00 , ? 131.00 ,? 117.00,A satisfying meal. The Chicken Shawarma was a good choice.
822,822,O00823,24-04-2024,12:15,C0022,Aasiya Ali,59,Veg Manchurian,Starter,2,? 240.00, ? 480.00 , ? 169.00 ,? 142.00,The Veg Manchurian was simply delicious and fresh. Highly recommended!
823,823,O00824,24-04-2024,17:00,C0151,Aasifa Malik,17,French Fries,Starter,3,? 120.00, ? 360.00 , ? 87.00 ,? 99.00,The French Fries was cold when it arrived at our table.
824,824,O00825,24-04-2024,21:00,C0258,Aakib Sayyad,32,Fish Curry,Non-Veg Main,3,? 400.00," ? 1,200.00 ", ? 286.00 ,? 342.00,The Fish Curry was the highlight of our meal. Absolutely delicious!
825,825,O00826,24-04-2024,17:30,C0329,Wahaj Sayyad,49,Aloo Gobi,Vegetarian,2,? 220.00, ? 440.00 , ? 166.00 ,? 108.00,I found the Aloo Gobi to be a bit watery.
826,826,O00827,24-04-2024,14:30,C0076,Dua Shikalkar,41,Vada Sambar,Vegetarian,5,? 170.00, ? 850.00 , ? 121.00 ,? 245.00,The Vada Sambar was as expected.
827,827,O00828,24-04-2024,19:45,C0105,Aakib Nadaf,35,Chole Bhature,Vegetarian,1,? 280.00, ? 280.00 , ? 223.00 ,? 57.00,The Chole Bhature was as expected.
828,828,O00829,24-04-2024,10:30,C0300,Dua Azam,12,Veggie Burger,Burger,2,? 250.00, ? 500.00 , ? 199.00 ,? 102.00,Great food! The Veggie Burger was delicious and well-prepared.
829,829,O00830,24-04-2024,14:45,C0084,Imran Momin,75,Veg Momos,Starter,2,? 180.00, ? 360.00 , ? 138.00 ,? 84.00,The Veg Momos was simply delicious and fresh. Highly recommended!
830,830,O00831,24-04-2024,22:45,C0268,Ayeza Azam,15,Tiramisu,Dessert,5,? 280.00," ? 1,400.00 ", ? 201.00 ,? 395.00,Great food! The Tiramisu was delicious and well-prepared.
831,831,O00832,24-04-2024,13:30,C0119,Shahrukh Azam,67,Veg Schezwan Noodles,Rice & Noodles,4,? 240.00, ? 960.00 , ? 171.00 ,? 276.00,A satisfying meal. The Veg Schezwan Noodles was a good choice.
832,832,O00833,24-04-2024,18:45,C0021,Moh Saad Shaikh,95,Garlic Naan,Breads,4,? 70.00, ? 280.00 , ? 54.00 ,? 64.00,I was not a fan of the Garlic Naan.
833,833,O00834,24-04-2024,22:15,C0287,Nikhat Shaikh,97,Grilled Cheese Sandwich,Sandwiches,4,? 120.00, ? 480.00 , ? 90.00 ,? 120.00,A satisfying meal. The Grilled Cheese Sandwich was a good choice.
834,834,O00835,25-04-2024,14:00,C0310,Ayeza Faruqi,6,Grilled Salmon,Ocean Meal,5,? 500.00," ? 2,500.00 ", ? 357.00 ,? 715.00,The Grilled Salmon could have been better.
835,835,O00836,25-04-2024,14:00,C0204,Aasifa Faruqi,4,Chicken Biryani,Rice Meal,2,? 440.00, ? 880.00 , ? 334.00 ,? 212.00,It was an average Chicken Biryani.
836,836,O00837,25-04-2024,12:15,C0311,Imran Shikalkar,72,Sweet Corn Soup (Chicken),Starter,4,? 180.00, ? 720.00 , ? 129.00 ,? 204.00,The Sweet Corn Soup (Chicken) was simply delicious and fresh. Highly recommended!
837,837,O00838,25-04-2024,20:00,C0060,Nikhat Khan,63,Chili Paneer,Starter,5,? 280.00," ? 1,400.00 ", ? 219.00 ,? 305.00,Wasn't very impressed with the Chili Paneer. It lacked flavor.
838,838,O00839,25-04-2024,15:30,C0215,Ayeza Faruqi,107,Paneer Shawarma,Street Food,1,? 150.00, ? 150.00 , ? 111.00 ,? 39.00,I was not a fan of the Paneer Shawarma.
839,839,O00840,25-04-2024,12:45,C0059,Aman Momin,79,Fried Momos (Chicken),Starter,3,? 240.00, ? 720.00 , ? 176.00 ,? 192.00,The Fried Momos (Chicken) was a fantastic start to our meal! Perfectly crispy.
840,840,O00841,25-04-2024,22:45,C0131,Aasin Ali,128,Paneer Tandoori Wrap,Snacks,3,? 120.00, ? 360.00 , ? 94.00 ,? 78.00,Great food! The Paneer Tandoori Wrap was delicious and well-prepared.
841,841,O00842,25-04-2024,11:30,C0309,Arman Faruqi,60,Chicken Manchurian,Starter,4,? 280.00," ? 1,120.00 ", ? 205.00 ,? 300.00,The Chicken Manchurian was a fantastic start to our meal! Perfectly crispy.
842,842,O00843,25-04-2024,20:00,C0282,Nikhat Khan,82,Fish Curry (Goan),Main Course,5,? 380.00," ? 1,900.00 ", ? 289.00 ,? 455.00,The Fish Curry (Goan) could have been better.
843,843,O00844,25-04-2024,16:00,C0081,Ayeza Raes,111,Egg Sandwich,Sandwiches,5,? 110.00, ? 550.00 , ? 80.00 ,? 150.00,The Egg Sandwich was not what I expected.
844,844,O00845,25-04-2024,20:45,C0072,Kaif Taimoor,113,Aloo Parantha,Breads,2,? 80.00, ? 160.00 , ? 63.00 ,? 34.00,A satisfying meal. The Aloo Parantha was a good choice.
845,845,O00846,25-04-2024,16:45,C0065,Shamsher Faruqi,26,Pasta Alfredo,Continental,2,? 320.00, ? 640.00 , ? 249.00 ,? 142.00,The Pasta Alfredo was not what I expected.
846,846,O00847,25-04-2024,10:00,C0168,Isharat Shikalkar,8,Paneer Butter Masala,Vegetarian,3,? 380.00," ? 1,140.00 ", ? 298.00 ,? 246.00,The Paneer Butter Masala is a great choice for vegetarians. Hearty and full of flavor.
847,847,O00848,25-04-2024,20:30,C0035,Aasifa Shaikh,101,Veggie Sub,Sandwiches,2,? 150.00, ? 300.00 , ? 105.00 ,? 90.00,The Veggie Sub was excellent. Really enjoyed the meal.
848,848,O00849,25-04-2024,12:15,C0267,Moh Saad Faruqi,13,Gulab Jamun,Dessert,2,? 150.00, ? 300.00 , ? 117.00 ,? 66.00,Great food! The Gulab Jamun was delicious and well-prepared.
849,849,O00850,26-04-2024,18:45,C0054,Shamsher Ali,131,Avocado Toast,Breakfast,4,? 150.00, ? 600.00 , ? 111.00 ,? 156.00,The Avocado Toast was excellent. Really enjoyed the meal.
850,850,O00851,26-04-2024,10:15,C0268,Ayeza Azam,21,Chicken Fried Rice,Rice & Noodles,1,? 240.00, ? 240.00 , ? 182.00 ,? 58.00,The Chicken Fried Rice was fine.
851,851,O00852,26-04-2024,11:15,C0130,Aakib Shikalkar,34,Rajma Chawal,Vegetarian,4,? 300.00," ? 1,200.00 ", ? 238.00 ,? 248.00,The Rajma Chawal was as expected.
852,852,O00853,26-04-2024,12:00,C0236,Aakib Khan,15,Tiramisu,Dessert,2,? 280.00, ? 560.00 , ? 201.00 ,? 158.00,Great food! The Tiramisu was delicious and well-prepared.
853,853,O00854,26-04-2024,17:45,C0295,Sultan Taimoor,9,Palak Paneer,Vegetarian,5,? 360.00," ? 1,800.00 ", ? 273.00 ,? 435.00,The Palak Paneer was bland and needed more seasoning.
854,854,O00855,26-04-2024,15:00,C0327,Abdul Rahim Mujawar,77,Paneer Momos,Starter,5,? 200.00," ? 1,000.00 ", ? 155.00 ,? 225.00,The Paneer Momos was a bit too oily for my liking.
855,855,O00856,26-04-2024,12:30,C0118,Aman Azam,88,Vada Pav,Snack,1,? 120.00, ? 120.00 , ? 91.00 ,? 29.00,A satisfying meal. The Vada Pav was a good choice.
856,856,O00857,26-04-2024,13:30,C0119,Shahrukh Azam,17,French Fries,Starter,4,? 120.00, ? 480.00 , ? 87.00 ,? 132.00,It was an average French Fries.
857,857,O00858,26-04-2024,21:30,C0120,Ayeza Taimoor,31,Mutton Rogan Josh,Non-Veg Main,4,? 520.00," ? 2,080.00 ", ? 395.00 ,? 500.00,The meat in the Mutton Rogan Josh was a bit tough and chewy.
858,858,O00859,26-04-2024,22:15,C0326,Aman Sayyad,125,BBQ Chicken Pizza Sandwich,Snacks,2,? 160.00, ? 320.00 , ? 115.00 ,? 90.00,The BBQ Chicken Pizza Sandwich was excellent. Really enjoyed the meal.
859,859,O00860,26-04-2024,18:00,C0158,Moh Saad Malik,114,Veg Frankie Roll,Snacks,4,? 80.00, ? 320.00 , ? 62.00 ,? 72.00,It was an average Veg Frankie Roll.
860,860,O00861,26-04-2024,12:30,C0246,Aariz Raes,77,Paneer Momos,Starter,3,? 200.00, ? 600.00 , ? 155.00 ,? 135.00,It was an average Paneer Momos.
861,861,O00862,27-04-2024,19:45,C0035,Aasifa Shaikh,91,Chana Masala,Main Course,1,? 260.00, ? 260.00 , ? 185.00 ,? 75.00,Great food! The Chana Masala was delicious and well-prepared.
862,862,O00863,27-04-2024,12:15,C0256,Arman Faruqi,79,Fried Momos (Chicken),Starter,2,? 240.00, ? 480.00 , ? 176.00 ,? 128.00,The Fried Momos (Chicken) was simply delicious and fresh. Highly recommended!
863,863,O00864,27-04-2024,15:00,C0156,Arman Faruqi,115,Chicken Kathi Roll,Street Food,1,? 160.00, ? 160.00 , ? 112.00 ,? 48.00,A satisfying meal. The Chicken Kathi Roll was a good choice.
864,864,O00865,27-04-2024,20:30,C0149,Aariz Nadaf,33,Dal Tadka,Vegetarian,5,? 260.00," ? 1,300.00 ", ? 183.00 ,? 385.00,The Dal Tadka was as expected.
865,865,O00866,27-04-2024,11:30,C0240,Sultan Ali,98,Paneer Kathi Roll,Street Food,2,? 140.00, ? 280.00 , ? 103.00 ,? 74.00,A satisfying meal. The Paneer Kathi Roll was a good choice.
866,866,O00867,27-04-2024,13:45,C0269,Aakib Nadaf,82,Fish Curry (Goan),Main Course,5,? 380.00," ? 1,900.00 ", ? 289.00 ,? 455.00,The Fish Curry (Goan) was fine.
867,867,O00868,28-04-2024,12:45,C0119,Shahrukh Azam,88,Vada Pav,Snack,3,? 120.00, ? 360.00 , ? 91.00 ,? 87.00,The Vada Pav was excellent. Really enjoyed the meal.
868,868,O00869,28-04-2024,13:00,C0114,Imran Faruqi,22,Paneer Tikka,Starter,1,? 280.00, ? 280.00 , ? 199.00 ,? 81.00,"The Paneer Tikka was decent, but nothing special."
869,869,O00870,28-04-2024,17:00,C0026,Imran Shikalkar,58,Crab Curry,Non-Veg Main,4,? 520.00," ? 2,080.00 ", ? 374.00 ,? 584.00,A truly authentic and flavorful Crab Curry. It was very satisfying.
870,870,O00871,28-04-2024,14:45,C0232,Aariz Raes,111,Egg Sandwich,Sandwiches,1,? 110.00, ? 110.00 , ? 80.00 ,? 30.00,Great food! The Egg Sandwich was delicious and well-prepared.
871,871,O00872,28-04-2024,20:30,C0326,Aman Sayyad,115,Chicken Kathi Roll,Street Food,2,? 160.00, ? 320.00 , ? 112.00 ,? 96.00,Great food! The Chicken Kathi Roll was delicious and well-prepared.
872,872,O00873,28-04-2024,17:00,C0218,Danish Khan,81,Biryani (Veg),Rice,3,? 320.00, ? 960.00 , ? 251.00 ,? 207.00,The Biryani (Veg) was excellent. Really enjoyed the meal.
873,873,O00874,28-04-2024,19:30,C0160,Shahrukh Malik,32,Fish Curry,Non-Veg Main,1,? 400.00, ? 400.00 , ? 286.00 ,? 114.00,The Fish Curry was too spicy for me to handle.
874,874,O00875,28-04-2024,15:30,C0010,Kaif Azam,56,Dal Makhani,Vegetarian,1,? 340.00, ? 340.00 , ? 269.00 ,? 71.00,The Dal Makhani was as expected.
875,875,O00876,28-04-2024,15:15,C0284,Sher Shaikh,52,Chicken Tikka Masala,Non-Veg Main,4,? 480.00," ? 1,920.00 ", ? 373.00 ,? 428.00,The Chicken Tikka Masala was cooked to perfection. The spices were spot on!
876,876,O00877,28-04-2024,22:15,C0196,Arman Taimoor,130,Veggie Delight Sub,Snacks,4,? 120.00, ? 480.00 , ? 90.00 ,? 120.00,A satisfying meal. The Veggie Delight Sub was a good choice.
877,877,O00878,29-04-2024,16:15,C0311,Imran Shikalkar,21,Chicken Fried Rice,Rice & Noodles,5,? 240.00," ? 1,200.00 ", ? 182.00 ,? 290.00,The Chicken Fried Rice was excellent. Really enjoyed the meal.
878,878,O00879,29-04-2024,15:00,C0261,Kaif Shaikh,126,Corn & Cheese Sandwich,Snacks,3,? 90.00, ? 270.00 , ? 66.00 ,? 72.00,The Corn & Cheese Sandwich was not what I expected.
879,879,O00880,29-04-2024,10:00,C0203,Isharat Sayyad,129,Smoked Chicken Sub,Snacks,5,? 160.00, ? 800.00 , ? 112.00 ,? 240.00,I was not a fan of the Smoked Chicken Sub.
880,880,O00881,29-04-2024,10:30,C0278,Sultan Shikalkar,89,Misal Pav,Snack,5,? 160.00, ? 800.00 , ? 126.00 ,? 170.00,A satisfying meal. The Misal Pav was a good choice.
881,881,O00882,29-04-2024,11:30,C0181,Aman Khan,49,Aloo Gobi,Vegetarian,3,? 220.00, ? 660.00 , ? 166.00 ,? 162.00,The Aloo Gobi is a great choice for vegetarians. Hearty and full of flavor.
882,882,O00883,29-04-2024,17:00,C0087,Moh Saad Mujawar,116,Paneer Bhurji Sandwich,Snacks,1,? 75.00, ? 75.00 , ? 59.00 ,? 16.00,I was not a fan of the Paneer Bhurji Sandwich.
883,883,O00884,29-04-2024,13:45,C0290,Isharat Raes,28,Caesar Salad,Salad,4,? 280.00," ? 1,120.00 ", ? 210.00 ,? 280.00,The Caesar Salad was excellent. Really enjoyed the meal.
884,884,O00885,29-04-2024,13:45,C0287,Nikhat Shaikh,88,Vada Pav,Snack,4,? 120.00, ? 480.00 , ? 91.00 ,? 116.00,The Vada Pav was excellent. Really enjoyed the meal.
885,885,O00886,29-04-2024,19:15,C0303,Dua Momin,37,Biryani Veg,Rice & Noodles,3,? 320.00, ? 960.00 , ? 233.00 ,? 261.00,The Biryani Veg was not what I expected.
886,886,O00887,29-04-2024,20:00,C0118,Aman Azam,85,Veg Thali,Meal Combo,5,? 360.00," ? 1,800.00 ", ? 263.00 ,? 485.00,Great food! The Veg Thali was delicious and well-prepared.
887,887,O00888,29-04-2024,19:15,C0107,Aasifa Faruqi,57,Prawn Masala,Non-Veg Main,1,? 460.00, ? 460.00 , ? 326.00 ,? 134.00,A truly authentic and flavorful Prawn Masala. It was very satisfying.
888,888,O00889,29-04-2024,11:30,C0330,Kaif Momin,65,Schezwan Fried Rice,Rice & Noodles,3,? 220.00, ? 660.00 , ? 160.00 ,? 180.00,Great food! The Schezwan Fried Rice was delicious and well-prepared.
889,889,O00890,29-04-2024,16:15,C0002,Dua Khan,43,Onion Uttapam,Vegetarian,4,? 160.00, ? 640.00 , ? 112.00 ,? 192.00,The Onion Uttapam is a great choice for vegetarians. Hearty and full of flavor.
890,890,O00891,30-04-2024,13:00,C0292,Arahan Taimoor,19,Chicken Hakka Noodles,Rice & Noodles,2,? 260.00, ? 520.00 , ? 193.00 ,? 134.00,Great food! The Chicken Hakka Noodles was delicious and well-prepared.
891,891,O00892,30-04-2024,19:45,C0008,Dua Sayyad,107,Paneer Shawarma,Street Food,4,? 150.00, ? 600.00 , ? 111.00 ,? 156.00,The Paneer Shawarma was excellent. Really enjoyed the meal.
892,892,O00893,30-04-2024,17:00,C0268,Ayeza Azam,29,Greek Salad,Salad,5,? 260.00," ? 1,300.00 ", ? 197.00 ,? 315.00,Great food! The Greek Salad was delicious and well-prepared.
893,893,O00894,30-04-2024,13:15,C0003,Danish Malik,117,Egg Mayo Sandwich,Snacks,2,? 85.00, ? 170.00 , ? 66.00 ,? 38.00,Great food! The Egg Mayo Sandwich was delicious and well-prepared.
894,894,O00895,30-04-2024,16:45,C0213,Aakib Ali,92,Kadhi Pakora,Main Course,3,? 300.00, ? 900.00 , ? 231.00 ,? 207.00,The Kadhi Pakora could have been better.
895,895,O00896,30-04-2024,17:30,C0016,Dua Khan,13,Gulab Jamun,Dessert,1,? 150.00, ? 150.00 , ? 117.00 ,? 33.00,The Gulab Jamun was excellent. Really enjoyed the meal.
896,896,O00897,30-04-2024,20:15,C0272,Aasifa Raes,90,Pani Puri,Snack,3,? 100.00, ? 300.00 , ? 74.00 ,? 78.00,A satisfying meal. The Pani Puri was a good choice.
897,897,O00898,30-04-2024,19:00,C0245,Wahaj Taimoor,27,Pasta Arrabbiata,Continental,4,? 300.00," ? 1,200.00 ", ? 215.00 ,? 340.00,A satisfying meal. The Pasta Arrabbiata was a good choice.
898,898,O00899,30-04-2024,21:45,C0040,Moh Saad Nadaf,36,Pav Bhaji,Vegetarian,1,? 220.00, ? 220.00 , ? 171.00 ,? 49.00,I found the Pav Bhaji to be a bit watery.
899,899,O00900,30-04-2024,17:00,C0191,Imran Shikalkar,31,Mutton Rogan Josh,Non-Veg Main,4,? 520.00," ? 2,080.00 ", ? 395.00 ,? 500.00,A truly authentic and flavorful Mutton Rogan Josh. It was very satisfying.
900,900,O00901,01-05-2024,11:15,C0108,Arman Azam,67,Veg Schezwan Noodles,Rice & Noodles,5,? 240.00," ? 1,200.00 ", ? 171.00 ,? 345.00,Great food! The Veg Schezwan Noodles was delicious and well-prepared.
901,901,O00902,01-05-2024,16:30,C0121,Rihan Mujawar,44,Hyderabadi Haleem,Non-Veg Main,4,? 500.00," ? 2,000.00 ", ? 395.00 ,? 420.00,The Hyderabadi Haleem was too spicy for me to handle.
902,902,O00903,01-05-2024,10:45,C0099,Aariz Faruqi,121,Cheese Garlic Bread,Breads,2,? 110.00, ? 220.00 , ? 85.00 ,? 50.00,A satisfying meal. The Cheese Garlic Bread was a good choice.
903,903,O00904,01-05-2024,21:30,C0174,Anis Malik,30,Shahi Paneer,Vegetarian,1,? 400.00, ? 400.00 , ? 281.00 ,? 119.00,A wholesome and delicious Shahi Paneer. The vegetables were so fresh!
904,904,O00905,01-05-2024,21:30,C0022,Aasiya Ali,2,Mushroom Soup,Starter,5,? 200.00," ? 1,000.00 ", ? 159.00 ,? 205.00,Absolutely loved the Mushroom Soup! It was the perfect appetizer to get us started.
905,905,O00906,01-05-2024,13:00,C0104,Sultan Nadaf,91,Chana Masala,Main Course,1,? 260.00, ? 260.00 , ? 185.00 ,? 75.00,The Chana Masala was excellent. Really enjoyed the meal.
906,906,O00907,02-05-2024,18:45,C0043,Aakib Faruqi,19,Chicken Hakka Noodles,Rice & Noodles,2,? 260.00, ? 520.00 , ? 193.00 ,? 134.00,The Chicken Hakka Noodles was fine.
907,907,O00908,02-05-2024,15:45,C0182,Rihan Shaikh,16,Ice Cream Sundae,Dessert,4,? 200.00, ? 800.00 , ? 143.00 ,? 228.00,A satisfying meal. The Ice Cream Sundae was a good choice.
908,908,O00909,02-05-2024,12:45,C0098,Shahrukh Malik,32,Fish Curry,Non-Veg Main,1,? 400.00, ? 400.00 , ? 286.00 ,? 114.00,The Fish Curry was cooked to perfection. The spices were spot on!
909,909,O00910,02-05-2024,16:15,C0170,Sher Shikalkar,20,Veg Fried Rice,Rice & Noodles,4,? 200.00, ? 800.00 , ? 145.00 ,? 220.00,Great food! The Veg Fried Rice was delicious and well-prepared.
910,910,O00911,02-05-2024,11:00,C0012,Abdul Rahim Malik,30,Shahi Paneer,Vegetarian,1,? 400.00, ? 400.00 , ? 281.00 ,? 119.00,I found the Shahi Paneer to be a bit watery.
911,911,O00912,02-05-2024,22:30,C0182,Rihan Shaikh,3,Chicken Soup,Starter,4,? 220.00, ? 880.00 , ? 170.00 ,? 200.00,The Chicken Soup was a bit too oily for my liking.
912,912,O00913,02-05-2024,11:15,C0022,Aasiya Ali,87,Uttapam,South Indian,4,? 220.00, ? 880.00 , ? 170.00 ,? 200.00,It was an average Uttapam.
913,913,O00914,02-05-2024,11:00,C0078,Arahan Shaikh,60,Chicken Manchurian,Starter,3,? 280.00, ? 840.00 , ? 205.00 ,? 225.00,The Chicken Manchurian was a fantastic start to our meal! Perfectly crispy.
914,914,O00915,03-05-2024,13:45,C0227,Nikhat Taimoor,68,Chicken Schezwan Noodles,Rice & Noodles,4,? 280.00," ? 1,120.00 ", ? 218.00 ,? 248.00,Great food! The Chicken Schezwan Noodles was delicious and well-prepared.
915,915,O00916,03-05-2024,18:30,C0116,Arman Khan,40,Idli Sambar,Vegetarian,1,? 160.00, ? 160.00 , ? 119.00 ,? 41.00,A wholesome and delicious Idli Sambar. The vegetables were so fresh!
916,916,O00917,03-05-2024,11:00,C0312,Danish Khan,23,Chicken Tikka,Starter,3,? 320.00, ? 960.00 , ? 233.00 ,? 261.00,The Chicken Tikka was simply delicious and fresh. Highly recommended!
917,917,O00918,04-05-2024,13:00,C0079,Shahrukh Faruqi,68,Chicken Schezwan Noodles,Rice & Noodles,1,? 280.00, ? 280.00 , ? 218.00 ,? 62.00,I was not a fan of the Chicken Schezwan Noodles.
918,918,O00919,04-05-2024,15:00,C0074,Moh Saad Malik,107,Paneer Shawarma,Street Food,5,? 150.00, ? 750.00 , ? 111.00 ,? 195.00,The Paneer Shawarma was excellent. Really enjoyed the meal.
919,919,O00920,04-05-2024,18:30,C0211,Moh Saad Faruqi,103,Paneer Frankie,Street Food,1,? 130.00, ? 130.00 , ? 95.00 ,? 35.00,The Paneer Frankie met my expectations.
920,920,O00921,04-05-2024,19:45,C0284,Sher Shaikh,21,Chicken Fried Rice,Rice & Noodles,4,? 240.00, ? 960.00 , ? 182.00 ,? 232.00,The Chicken Fried Rice could have been better.
921,921,O00922,04-05-2024,11:30,C0016,Dua Khan,96,Club Sandwich,Sandwiches,1,? 160.00, ? 160.00 , ? 119.00 ,? 41.00,Great food! The Club Sandwich was delicious and well-prepared.
922,922,O00923,04-05-2024,16:45,C0050,Dua Sayyad,20,Veg Fried Rice,Rice & Noodles,1,? 200.00, ? 200.00 , ? 145.00 ,? 55.00,Great food! The Veg Fried Rice was delicious and well-prepared.
923,923,O00924,04-05-2024,14:45,C0038,Moh Saad Malik,33,Dal Tadka,Vegetarian,5,? 260.00," ? 1,300.00 ", ? 183.00 ,? 385.00,The Dal Tadka is a great choice for vegetarians. Hearty and full of flavor.
924,924,O00925,04-05-2024,15:15,C0219,Isharat Nadaf,53,Veg Pulao,Rice & Noodles,4,? 240.00, ? 960.00 , ? 190.00 ,? 200.00,The Veg Pulao was not what I expected.
925,925,O00926,04-05-2024,16:15,C0122,Aakib Nadaf,106,Chicken Burger,Fast Food,4,? 160.00, ? 640.00 , ? 115.00 ,? 180.00,I was not a fan of the Chicken Burger.
926,926,O00927,04-05-2024,18:45,C0243,Imran Sayyad,88,Vada Pav,Snack,1,? 120.00, ? 120.00 , ? 91.00 ,? 29.00,The Vada Pav was excellent. Really enjoyed the meal.
927,927,O00928,04-05-2024,16:45,C0314,Arman Faruqi,44,Hyderabadi Haleem,Non-Veg Main,2,? 500.00," ? 1,000.00 ", ? 395.00 ,? 210.00,The Hyderabadi Haleem was the highlight of our meal. Absolutely delicious!
928,928,O00929,04-05-2024,15:45,C0146,Sultan Sayyad,115,Chicken Kathi Roll,Street Food,5,? 160.00, ? 800.00 , ? 112.00 ,? 240.00,Great food! The Chicken Kathi Roll was delicious and well-prepared.
929,929,O00930,04-05-2024,11:30,C0068,Abdul Rahim Shaikh,128,Paneer Tandoori Wrap,Snacks,5,? 120.00, ? 600.00 , ? 94.00 ,? 130.00,Great food! The Paneer Tandoori Wrap was delicious and well-prepared.
930,930,O00931,04-05-2024,11:45,C0062,Ayeza Nadaf,84,Seekh Kebab,Starter,3,? 400.00," ? 1,200.00 ", ? 282.00 ,? 354.00,The Seekh Kebab was a bit too oily for my liking.
931,931,O00932,04-05-2024,22:00,C0128,Moh Saad Shikalkar,30,Shahi Paneer,Vegetarian,5,? 400.00," ? 2,000.00 ", ? 281.00 ,? 595.00,The vegetables in the Shahi Paneer seemed overcooked.
932,932,O00933,04-05-2024,22:30,C0277,Shamsher Faruqi,61,Veg Spring Rolls,Starter,1,? 220.00, ? 220.00 , ? 162.00 ,? 58.00,The Veg Spring Rolls was cold when it arrived at our table.
933,933,O00934,04-05-2024,21:15,C0214,Nikhat Taimoor,80,Tandoori Momos,Starter,1,? 260.00, ? 260.00 , ? 185.00 ,? 75.00,Absolutely loved the Tandoori Momos! It was the perfect appetizer to get us started.
934,934,O00935,05-05-2024,19:45,C0212,Shahrukh Mujawar,2,Mushroom Soup,Starter,3,? 200.00, ? 600.00 , ? 159.00 ,? 123.00,The Mushroom Soup was a bit too oily for my liking.
935,935,O00936,05-05-2024,18:00,C0121,Rihan Mujawar,87,Uttapam,South Indian,5,? 220.00," ? 1,100.00 ", ? 170.00 ,? 250.00,Great food! The Uttapam was delicious and well-prepared.
936,936,O00937,05-05-2024,12:00,C0221,Arman Mujawar,124,Grilled Veg Panini,Snacks,1,? 140.00, ? 140.00 , ? 99.00 ,? 41.00,I was not a fan of the Grilled Veg Panini.
937,937,O00938,05-05-2024,14:00,C0030,Sher Mujawar,96,Club Sandwich,Sandwiches,5,? 160.00, ? 800.00 , ? 119.00 ,? 205.00,Great food! The Club Sandwich was delicious and well-prepared.
938,938,O00939,05-05-2024,11:45,C0291,Aman Faruqi,85,Veg Thali,Meal Combo,5,? 360.00," ? 1,800.00 ", ? 263.00 ,? 485.00,Great food! The Veg Thali was delicious and well-prepared.
939,939,O00940,05-05-2024,19:45,C0047,Rihan Sayyad,113,Aloo Parantha,Breads,2,? 80.00, ? 160.00 , ? 63.00 ,? 34.00,I was not a fan of the Aloo Parantha.
940,940,O00941,05-05-2024,13:30,C0109,Aman Mujawar,39,Masala Dosa,Vegetarian,3,? 180.00, ? 540.00 , ? 138.00 ,? 126.00,The Masala Dosa is a great choice for vegetarians. Hearty and full of flavor.
941,941,O00942,06-05-2024,10:15,C0236,Aakib Khan,115,Chicken Kathi Roll,Snacks,3,? 120.00, ? 360.00 , ? 91.00 ,? 87.00,Great food! The Chicken Kathi Roll was delicious and well-prepared.
942,942,O00943,06-05-2024,13:15,C0084,Imran Momin,131,Avocado Toast,Breakfast,5,? 150.00, ? 750.00 , ? 111.00 ,? 195.00,A satisfying meal. The Avocado Toast was a good choice.
943,943,O00944,06-05-2024,10:30,C0165,Dua Sayyad,23,Chicken Tikka,Starter,2,? 320.00, ? 640.00 , ? 233.00 ,? 174.00,The Chicken Tikka was simply delicious and fresh. Highly recommended!
944,944,O00945,06-05-2024,17:00,C0326,Aman Sayyad,106,Chicken Burger,Fast Food,2,? 160.00, ? 320.00 , ? 115.00 ,? 90.00,A satisfying meal. The Chicken Burger was a good choice.
945,945,O00946,06-05-2024,15:45,C0111,Moh Saad Raes,38,Mutton Biryani,Rice Meal,3,? 490.00," ? 1,470.00 ", ? 350.00 ,? 420.00,The Mutton Biryani was excellent. Really enjoyed the meal.
946,946,O00947,06-05-2024,12:00,C0274,Moh Saad Sayyad,130,Veggie Delight Sub,Snacks,3,? 120.00, ? 360.00 , ? 90.00 ,? 90.00,Great food! The Veggie Delight Sub was delicious and well-prepared.
947,947,O00948,06-05-2024,14:30,C0244,Arahan Raes,38,Mutton Biryani,Rice Meal,5,? 490.00," ? 2,450.00 ", ? 350.00 ,? 700.00,The Mutton Biryani was excellent. Really enjoyed the meal.
948,948,O00949,06-05-2024,17:00,C0303,Dua Momin,70,Hot & Sour Soup (Chicken),Starter,1,? 200.00, ? 200.00 , ? 159.00 ,? 41.00,The Hot & Sour Soup (Chicken) was a fantastic start to our meal! Perfectly crispy.
949,949,O00950,06-05-2024,17:00,C0163,Shamsher Shikalkar,61,Veg Spring Rolls,Starter,3,? 220.00, ? 660.00 , ? 162.00 ,? 174.00,The Veg Spring Rolls was a fantastic start to our meal! Perfectly crispy.
950,950,O00951,07-05-2024,15:30,C0224,Nikhat Mujawar,116,Paneer Bhurji Sandwich,Snacks,3,? 75.00, ? 225.00 , ? 59.00 ,? 48.00,A satisfying meal. The Paneer Bhurji Sandwich was a good choice.
951,951,O00952,07-05-2024,18:15,C0044,Shamsher Mujawar,117,Egg Mayo Sandwich,Snacks,2,? 85.00, ? 170.00 , ? 66.00 ,? 38.00,I was not a fan of the Egg Mayo Sandwich.
952,952,O00953,07-05-2024,11:45,C0096,Imran Mujawar,40,Idli Sambar,Vegetarian,5,? 160.00, ? 800.00 , ? 119.00 ,? 205.00,A wholesome and delicious Idli Sambar. The vegetables were so fresh!
953,953,O00954,07-05-2024,18:30,C0177,Sultan Ali,23,Chicken Tikka,Starter,1,? 320.00, ? 320.00 , ? 233.00 ,? 87.00,The Chicken Tikka was a fantastic start to our meal! Perfectly crispy.
954,954,O00955,07-05-2024,18:30,C0123,Abdul Rahim Faruqi,97,Grilled Cheese Sandwich,Sandwiches,1,? 120.00, ? 120.00 , ? 90.00 ,? 30.00,The Grilled Cheese Sandwich could have been better.
955,955,O00956,07-05-2024,11:00,C0043,Aakib Faruqi,104,Chicken Frankie,Street Food,1,? 150.00, ? 150.00 , ? 112.00 ,? 38.00,The Chicken Frankie was excellent. Really enjoyed the meal.
956,956,O00957,07-05-2024,12:45,C0140,Imran Taimoor,2,Mushroom Soup,Starter,3,? 200.00, ? 600.00 , ? 159.00 ,? 123.00,The Mushroom Soup was simply delicious and fresh. Highly recommended!
957,957,O00958,07-05-2024,17:45,C0304,Danish Sayyad,74,Chicken Clear Soup,Starter,4,? 160.00, ? 640.00 , ? 125.00 ,? 140.00,Absolutely loved the Chicken Clear Soup! It was the perfect appetizer to get us started.
958,958,O00959,07-05-2024,10:30,C0176,Abdul Rahim Shikalkar,35,Chole Bhature,Vegetarian,4,? 280.00," ? 1,120.00 ", ? 223.00 ,? 228.00,Loved the Chole Bhature! It was a delightful and well-prepared vegetarian meal.
959,959,O00960,07-05-2024,15:15,C0312,Danish Khan,59,Veg Manchurian,Starter,5,? 240.00," ? 1,200.00 ", ? 169.00 ,? 355.00,The Veg Manchurian was okay. It was a standard appetizer.
960,960,O00961,07-05-2024,16:15,C0139,Arman Khan,60,Chicken Manchurian,Starter,2,? 280.00, ? 560.00 , ? 205.00 ,? 150.00,The Chicken Manchurian was a fantastic start to our meal! Perfectly crispy.
961,961,O00962,07-05-2024,10:45,C0039,Aasifa Shaikh,64,Chili Chicken,Starter,2,? 340.00, ? 680.00 , ? 250.00 ,? 180.00,The Chili Chicken was a fantastic start to our meal! Perfectly crispy.
962,962,O00963,08-05-2024,15:15,C0301,Sher Taimoor,117,Egg Mayo Sandwich,Snacks,2,? 85.00, ? 170.00 , ? 66.00 ,? 38.00,The Egg Mayo Sandwich was excellent. Really enjoyed the meal.
963,963,O00964,08-05-2024,11:15,C0010,Kaif Azam,81,Biryani (Veg),Rice,2,? 320.00, ? 640.00 , ? 251.00 ,? 138.00,The Biryani (Veg) was fine.
964,964,O00965,08-05-2024,22:00,C0097,Isharat Taimoor,74,Chicken Clear Soup,Starter,1,? 160.00, ? 160.00 , ? 125.00 ,? 35.00,The Chicken Clear Soup was simply delicious and fresh. Highly recommended!
965,965,O00966,08-05-2024,22:15,C0277,Shamsher Faruqi,98,Paneer Kathi Roll,Street Food,4,? 140.00, ? 560.00 , ? 103.00 ,? 148.00,The Paneer Kathi Roll was not what I expected.
966,966,O00967,08-05-2024,14:30,C0306,Arman Malik,88,Vada Pav,Snack,3,? 120.00, ? 360.00 , ? 91.00 ,? 87.00,I was not a fan of the Vada Pav.
967,967,O00968,08-05-2024,13:30,C0150,Aman Ali,60,Chicken Manchurian,Starter,4,? 280.00," ? 1,120.00 ", ? 205.00 ,? 300.00,The Chicken Manchurian was cold when it arrived at our table.
968,968,O00969,08-05-2024,15:00,C0114,Imran Faruqi,104,Chicken Frankie,Street Food,5,? 150.00, ? 750.00 , ? 112.00 ,? 190.00,I was not a fan of the Chicken Frankie.
969,969,O00970,08-05-2024,21:00,C0280,Dua Faruqi,11,Margherita Pizza,Pizza,4,? 330.00," ? 1,320.00 ", ? 231.00 ,? 396.00,The Margherita Pizza was excellent. Really enjoyed the meal.
970,970,O00971,08-05-2024,17:30,C0144,Aasifa Mujawar,124,Grilled Veg Panini,Snacks,5,? 140.00, ? 700.00 , ? 99.00 ,? 205.00,A satisfying meal. The Grilled Veg Panini was a good choice.
971,971,O00972,08-05-2024,18:00,C0100,Aman Momin,132,Club Chicken Sandwich,Snacks,4,? 140.00, ? 560.00 , ? 101.00 ,? 156.00,The Club Chicken Sandwich was excellent. Really enjoyed the meal.
972,972,O00973,08-05-2024,20:30,C0112,Shahrukh Sayyad,7,Butter Chicken,Meat Special,5,? 495.00," ? 2,475.00 ", ? 349.00 ,? 730.00,A satisfying meal. The Butter Chicken was a good choice.
973,973,O00974,08-05-2024,15:15,C0226,Aman Taimoor,80,Tandoori Momos,Starter,2,? 260.00, ? 520.00 , ? 185.00 ,? 150.00,The Tandoori Momos was okay. It was a standard appetizer.
974,974,O00975,09-05-2024,20:30,C0227,Nikhat Taimoor,51,Tandoori Chicken,Non-Veg Main,2,? 460.00, ? 920.00 , ? 366.00 ,? 188.00,The Tandoori Chicken was the highlight of our meal. Absolutely delicious!
975,975,O00976,09-05-2024,11:00,C0039,Aasifa Shaikh,30,Shahi Paneer,Vegetarian,5,? 400.00," ? 2,000.00 ", ? 281.00 ,? 595.00,The Shahi Paneer is a great choice for vegetarians. Hearty and full of flavor.
976,976,O00977,09-05-2024,14:30,C0273,Aasin Mujawar,67,Veg Schezwan Noodles,Rice & Noodles,2,? 240.00, ? 480.00 , ? 171.00 ,? 138.00,Great food! The Veg Schezwan Noodles was delicious and well-prepared.
977,977,O00978,09-05-2024,17:30,C0094,Rihan Ali,128,Paneer Tandoori Wrap,Snacks,5,? 120.00, ? 600.00 , ? 94.00 ,? 130.00,It was an average Paneer Tandoori Wrap.
978,978,O00979,09-05-2024,13:45,C0089,Aasin Shaikh,36,Pav Bhaji,Vegetarian,2,? 220.00, ? 440.00 , ? 171.00 ,? 98.00,Loved the Pav Bhaji! It was a delightful and well-prepared vegetarian meal.
979,979,O00980,09-05-2024,17:45,C0177,Sultan Ali,18,Veg Hakka Noodles,Rice & Noodles,4,? 220.00, ? 880.00 , ? 165.00 ,? 220.00,A satisfying meal. The Veg Hakka Noodles was a good choice.
980,980,O00981,09-05-2024,17:30,C0165,Dua Sayyad,95,Garlic Naan,Breads,1,? 70.00, ? 70.00 , ? 54.00 ,? 16.00,The Garlic Naan was excellent. Really enjoyed the meal.
981,981,O00982,09-05-2024,12:45,C0097,Isharat Taimoor,15,Tiramisu,Dessert,4,? 280.00," ? 1,120.00 ", ? 201.00 ,? 316.00,The Tiramisu was not what I expected.
982,982,O00983,09-05-2024,15:45,C0020,Rihan Shikalkar,61,Veg Spring Rolls,Starter,2,? 220.00, ? 440.00 , ? 162.00 ,? 116.00,The Veg Spring Rolls was a fantastic start to our meal! Perfectly crispy.
983,983,O00984,10-05-2024,11:15,C0014,Arman Faruqi,22,Paneer Tikka,Starter,2,? 280.00, ? 560.00 , ? 199.00 ,? 162.00,The Paneer Tikka was simply delicious and fresh. Highly recommended!
984,984,O00985,10-05-2024,12:00,C0241,Shamsher Faruqi,4,Chicken Biryani,Rice Meal,5,? 440.00," ? 2,200.00 ", ? 334.00 ,? 530.00,A satisfying meal. The Chicken Biryani was a good choice.
985,985,O00986,10-05-2024,14:45,C0168,Isharat Shikalkar,48,Baingan Bharta,Vegetarian,3,? 260.00, ? 780.00 , ? 195.00 ,? 195.00,The Baingan Bharta was bland and needed more seasoning.
986,986,O00987,10-05-2024,19:45,C0177,Sultan Ali,38,Mutton Biryani,Rice Meal,5,? 490.00," ? 2,450.00 ", ? 350.00 ,? 700.00,The Mutton Biryani was excellent. Really enjoyed the meal.
987,987,O00988,10-05-2024,10:15,C0286,Sher Malik,27,Pasta Arrabbiata,Continental,3,? 300.00, ? 900.00 , ? 215.00 ,? 255.00,Great food! The Pasta Arrabbiata was delicious and well-prepared.
988,988,O00989,10-05-2024,11:15,C0149,Aariz Nadaf,11,Margherita Pizza,Pizza,2,? 330.00, ? 660.00 , ? 231.00 ,? 198.00,A satisfying meal. The Margherita Pizza was a good choice.
989,989,O00990,10-05-2024,10:00,C0178,Wahaj Sayyad,26,Pasta Alfredo,Continental,3,? 320.00, ? 960.00 , ? 249.00 ,? 213.00,The Pasta Alfredo was not what I expected.
990,990,O00991,10-05-2024,21:45,C0134,Isharat Nadaf,104,Chicken Frankie,Street Food,2,? 150.00, ? 300.00 , ? 112.00 ,? 76.00,A satisfying meal. The Chicken Frankie was a good choice.
991,991,O00992,10-05-2024,17:45,C0247,Shahrukh Sayyad,8,Paneer Butter Masala,Vegetarian,1,? 380.00, ? 380.00 , ? 298.00 ,? 82.00,The Paneer Butter Masala was bland and needed more seasoning.
992,992,O00993,10-05-2024,22:15,C0067,Sultan Ali,87,Uttapam,South Indian,5,? 220.00," ? 1,100.00 ", ? 170.00 ,? 250.00,The Uttapam met my expectations.
993,993,O00994,10-05-2024,21:15,C0201,Sher Sayyad,49,Aloo Gobi,Vegetarian,3,? 220.00, ? 660.00 , ? 166.00 ,? 162.00,A wholesome and delicious Aloo Gobi. The vegetables were so fresh!
994,994,O00995,10-05-2024,11:15,C0184,Kaif Sayyad,81,Biryani (Veg),Rice,4,? 320.00," ? 1,280.00 ", ? 251.00 ,? 276.00,Great food! The Biryani (Veg) was delicious and well-prepared.
995,995,O00996,10-05-2024,10:00,C0242,Arahan Mujawar,81,Biryani (Veg),Rice,2,? 320.00, ? 640.00 , ? 251.00 ,? 138.00,A satisfying meal. The Biryani (Veg) was a good choice.
996,996,O00997,10-05-2024,14:30,C0150,Aman Ali,131,Avocado Toast,Breakfast,5,? 150.00, ? 750.00 , ? 111.00 ,? 195.00,It was an average Avocado Toast.
997,997,O00998,11-05-2024,20:15,C0066,Abdul Rahim Mujawar,20,Veg Fried Rice,Rice & Noodles,1,? 200.00, ? 200.00 , ? 145.00 ,? 55.00,The Veg Fried Rice was excellent. Really enjoyed the meal.
998,998,O00999,11-05-2024,15:00,C0032,Ayeza Mujawar,42,Medu Vada,Vegetarian,3,? 150.00, ? 450.00 , ? 112.00 ,? 114.00,The Medu Vada is a great choice for vegetarians. Hearty and full of flavor.
999,999,O01000,11-05-2024,16:45,C0175,Aasiya Momin,121,Cheese Garlic Bread,Breads,4,? 110.00, ? 440.00 , ? 85.00 ,? 100.00,The Cheese Garlic Bread was not what I expected.
1000,1000,O01001,11-05-2024,21:30,C0065,Shamsher Faruqi,56,Dal Makhani,Vegetarian,4,? 340.00," ? 1,360.00 ", ? 269.00 ,? 284.00,A wholesome and delicious Dal Makhani. The vegetables were so fresh!
1001,1001,O01002,11-05-2024,19:15,C0167,Abdul Rahim Momin,119,Veg Paneer Wrap,Snacks,4,? 95.00, ? 380.00 , ? 74.00 ,? 84.00,The Veg Paneer Wrap was fine.
1002,1002,O01003,11-05-2024,15:45,C0204,Aasifa Faruqi,109,Cheese Sandwich,Sandwiches,2,? 100.00, ? 200.00 , ? 72.00 ,? 56.00,A satisfying meal. The Cheese Sandwich was a good choice.
1003,1003,O01004,11-05-2024,22:00,C0116,Arman Khan,87,Uttapam,South Indian,4,? 220.00, ? 880.00 , ? 170.00 ,? 200.00,The Uttapam could have been better.
1004,1004,O01005,11-05-2024,18:00,C0012,Abdul Rahim Malik,31,Mutton Rogan Josh,Non-Veg Main,3,? 520.00," ? 1,560.00 ", ? 395.00 ,? 375.00,The meat in the Mutton Rogan Josh was a bit tough and chewy.
1005,1005,O01006,12-05-2024,22:00,C0139,Arman Khan,104,Chicken Frankie,Street Food,5,? 150.00, ? 750.00 , ? 112.00 ,? 190.00,The Chicken Frankie was excellent. Really enjoyed the meal.
1006,1006,O01007,12-05-2024,11:00,C0259,Nikhat Malik,109,Cheese Sandwich,Sandwiches,5,? 100.00, ? 500.00 , ? 72.00 ,? 140.00,Great food! The Cheese Sandwich was delicious and well-prepared.
1007,1007,O01008,12-05-2024,12:00,C0253,Kaif Sayyad,17,French Fries,Starter,3,? 120.00, ? 360.00 , ? 87.00 ,? 99.00,It was an average French Fries.
1008,1008,O01009,12-05-2024,22:30,C0321,Aasifa Khan,31,Mutton Rogan Josh,Non-Veg Main,1,? 520.00, ? 520.00 , ? 395.00 ,? 125.00,A truly authentic and flavorful Mutton Rogan Josh. It was very satisfying.
1009,1009,O01010,12-05-2024,18:30,C0282,Nikhat Khan,40,Idli Sambar,Vegetarian,4,? 160.00, ? 640.00 , ? 119.00 ,? 164.00,I found the Idli Sambar to be a bit watery.
1010,1010,O01011,12-05-2024,13:15,C0314,Arman Faruqi,26,Pasta Alfredo,Continental,3,? 320.00, ? 960.00 , ? 249.00 ,? 213.00,The Pasta Alfredo was not what I expected.
1011,1011,O01012,12-05-2024,20:15,C0099,Aariz Faruqi,123,Chicken Caesar Wrap,Snacks,5,? 150.00, ? 750.00 , ? 109.00 ,? 205.00,A satisfying meal. The Chicken Caesar Wrap was a good choice.
1012,1012,O01013,12-05-2024,12:00,C0031,Rihan Momin,87,Uttapam,South Indian,4,? 220.00, ? 880.00 , ? 170.00 ,? 200.00,Great food! The Uttapam was delicious and well-prepared.
1013,1013,O01014,12-05-2024,12:30,C0175,Aasiya Momin,63,Chili Paneer,Starter,4,? 280.00," ? 1,120.00 ", ? 219.00 ,? 244.00,The Chili Paneer was cold when it arrived at our table.
1014,1014,O01015,12-05-2024,13:45,C0268,Ayeza Azam,41,Vada Sambar,Vegetarian,3,? 170.00, ? 510.00 , ? 121.00 ,? 147.00,The Vada Sambar is a great choice for vegetarians. Hearty and full of flavor.
1015,1015,O01016,12-05-2024,21:30,C0170,Sher Shikalkar,69,Hot & Sour Soup (Veg),Starter,3,? 160.00, ? 480.00 , ? 113.00 ,? 141.00,Absolutely loved the Hot & Sour Soup (Veg)! It was the perfect appetizer to get us started.
1016,1016,O01017,12-05-2024,18:15,C0257,Aman Nadaf,39,Masala Dosa,Vegetarian,1,? 180.00, ? 180.00 , ? 138.00 ,? 42.00,The Masala Dosa was bland and needed more seasoning.
1017,1017,O01018,13-05-2024,19:45,C0312,Danish Khan,41,Vada Sambar,Vegetarian,3,? 170.00, ? 510.00 , ? 121.00 ,? 147.00,The Vada Sambar was bland and needed more seasoning.
1018,1018,O01019,13-05-2024,20:15,C0061,Shamsher Raes,91,Chana Masala,Main Course,1,? 260.00, ? 260.00 , ? 185.00 ,? 75.00,It was an average Chana Masala.
1019,1019,O01020,13-05-2024,11:30,C0117,Shamsher Ali,75,Veg Momos,Starter,5,? 180.00, ? 900.00 , ? 138.00 ,? 210.00,Absolutely loved the Veg Momos! It was the perfect appetizer to get us started.
1020,1020,O01021,13-05-2024,22:30,C0206,Aariz Faruqi,80,Tandoori Momos,Starter,4,? 260.00," ? 1,040.00 ", ? 185.00 ,? 300.00,The Tandoori Momos was simply delicious and fresh. Highly recommended!
1021,1021,O01022,13-05-2024,13:45,C0225,Arman Faruqi,73,Veg Clear Soup,Starter,2,? 120.00, ? 240.00 , ? 84.00 ,? 72.00,The Veg Clear Soup was a fantastic start to our meal! Perfectly crispy.
1022,1022,O01023,13-05-2024,14:00,C0319,Sultan Raes,24,Samosa,Starter,1,? 100.00, ? 100.00 , ? 73.00 ,? 27.00,The Samosa was okay. It was a standard appetizer.
1023,1023,O01024,13-05-2024,22:45,C0297,Wahaj Ali,93,Matar Paneer,Main Course,2,? 340.00, ? 680.00 , ? 263.00 ,? 154.00,A satisfying meal. The Matar Paneer was a good choice.
1024,1024,O01025,13-05-2024,20:45,C0041,Aakib Shaikh,128,Paneer Tandoori Wrap,Snacks,4,? 120.00, ? 480.00 , ? 94.00 ,? 104.00,A satisfying meal. The Paneer Tandoori Wrap was a good choice.
1025,1025,O01026,13-05-2024,18:15,C0239,Arman Momin,95,Garlic Naan,Breads,2,? 70.00, ? 140.00 , ? 54.00 ,? 32.00,The Garlic Naan was excellent. Really enjoyed the meal.
1026,1026,O01027,13-05-2024,20:30,C0199,Arman Shaikh,50,Jeera Rice,Rice & Noodles,4,? 180.00, ? 720.00 , ? 129.00 ,? 204.00,It was an average Jeera Rice.
1027,1027,O01028,13-05-2024,19:30,C0258,Aakib Sayyad,112,Paneer Parantha,Breads,3,? 90.00, ? 270.00 , ? 64.00 ,? 78.00,The Paneer Parantha was fine.
1028,1028,O01029,13-05-2024,17:00,C0104,Sultan Nadaf,15,Tiramisu,Dessert,4,? 280.00," ? 1,120.00 ", ? 201.00 ,? 316.00,The Tiramisu was not what I expected.
1029,1029,O01030,13-05-2024,20:00,C0044,Shamsher Mujawar,89,Misal Pav,Snack,3,? 160.00, ? 480.00 , ? 126.00 ,? 102.00,A satisfying meal. The Misal Pav was a good choice.
1030,1030,O01031,14-05-2024,18:30,C0205,Rihan Taimoor,1,Tomato Soup,Starter,5,? 180.00, ? 900.00 , ? 132.00 ,? 240.00,The Tomato Soup was a fantastic start to our meal! Perfectly crispy.
1031,1031,O01032,14-05-2024,12:00,C0119,Shahrukh Azam,74,Chicken Clear Soup,Starter,5,? 160.00, ? 800.00 , ? 125.00 ,? 175.00,The Chicken Clear Soup was cold when it arrived at our table.
1032,1032,O01033,14-05-2024,20:30,C0217,Nikhat Mujawar,71,Sweet Corn Soup (Veg),Starter,5,? 140.00, ? 700.00 , ? 108.00 ,? 160.00,The Sweet Corn Soup (Veg) was a fantastic start to our meal! Perfectly crispy.
1033,1033,O01034,14-05-2024,22:00,C0042,Aasin Taimoor,89,Misal Pav,Snack,3,? 160.00, ? 480.00 , ? 126.00 ,? 102.00,The Misal Pav met my expectations.
1034,1034,O01035,14-05-2024,13:15,C0018,Sher Shikalkar,113,Aloo Parantha,Breads,4,? 80.00, ? 320.00 , ? 63.00 ,? 68.00,The Aloo Parantha was excellent. Really enjoyed the meal.
1035,1035,O01036,14-05-2024,15:45,C0109,Aman Mujawar,94,Butter Naan,Breads,3,? 60.00, ? 180.00 , ? 45.00 ,? 45.00,A satisfying meal. The Butter Naan was a good choice.
1036,1036,O01037,14-05-2024,21:45,C0191,Imran Shikalkar,21,Chicken Fried Rice,Rice & Noodles,5,? 240.00," ? 1,200.00 ", ? 182.00 ,? 290.00,Great food! The Chicken Fried Rice was delicious and well-prepared.
1037,1037,O01038,14-05-2024,21:00,C0172,Ayeza Shaikh,52,Chicken Tikka Masala,Non-Veg Main,1,? 480.00, ? 480.00 , ? 373.00 ,? 107.00,The Chicken Tikka Masala was alright. It was cooked well but the flavor was average.
1038,1038,O01039,15-05-2024,16:15,C0174,Anis Malik,20,Veg Fried Rice,Rice & Noodles,3,? 200.00, ? 600.00 , ? 145.00 ,? 165.00,A satisfying meal. The Veg Fried Rice was a good choice.
1039,1039,O01040,15-05-2024,18:45,C0067,Sultan Ali,114,Veg Frankie Roll,Snacks,2,? 80.00, ? 160.00 , ? 62.00 ,? 36.00,The Veg Frankie Roll was excellent. Really enjoyed the meal.
1040,1040,O01041,15-05-2024,22:45,C0303,Dua Momin,74,Chicken Clear Soup,Starter,3,? 160.00, ? 480.00 , ? 125.00 ,? 105.00,The Chicken Clear Soup was a bit too oily for my liking.
1041,1041,O01042,15-05-2024,21:30,C0090,Shahrukh Khan,28,Caesar Salad,Salad,3,? 280.00, ? 840.00 , ? 210.00 ,? 210.00,I was not a fan of the Caesar Salad.
1042,1042,O01043,15-05-2024,12:45,C0075,Rihan Raes,117,Egg Mayo Sandwich,Snacks,1,? 85.00, ? 85.00 , ? 66.00 ,? 19.00,The Egg Mayo Sandwich met my expectations.
1043,1043,O01044,15-05-2024,18:45,C0292,Arahan Taimoor,33,Dal Tadka,Vegetarian,5,? 260.00," ? 1,300.00 ", ? 183.00 ,? 385.00,The Dal Tadka is a great choice for vegetarians. Hearty and full of flavor.
1044,1044,O01045,15-05-2024,18:00,C0007,Aman Taimoor,76,Chicken Momos,Starter,5,? 220.00," ? 1,100.00 ", ? 170.00 ,? 250.00,It was an average Chicken Momos.
1045,1045,O01046,15-05-2024,15:00,C0098,Shahrukh Malik,19,Chicken Hakka Noodles,Rice & Noodles,1,? 260.00, ? 260.00 , ? 193.00 ,? 67.00,The Chicken Hakka Noodles was not what I expected.
1046,1046,O01047,15-05-2024,17:30,C0320,Sultan Momin,125,BBQ Chicken Pizza Sandwich,Snacks,4,? 160.00, ? 640.00 , ? 115.00 ,? 180.00,A satisfying meal. The BBQ Chicken Pizza Sandwich was a good choice.
1047,1047,O01048,15-05-2024,11:15,C0294,Isharat Sayyad,53,Veg Pulao,Rice & Noodles,5,? 240.00," ? 1,200.00 ", ? 190.00 ,? 250.00,I was not a fan of the Veg Pulao.
1048,1048,O01049,15-05-2024,11:30,C0274,Moh Saad Sayyad,27,Pasta Arrabbiata,Continental,1,? 300.00, ? 300.00 , ? 215.00 ,? 85.00,Great food! The Pasta Arrabbiata was delicious and well-prepared.
1049,1049,O01050,15-05-2024,16:45,C0277,Shamsher Faruqi,109,Cheese Sandwich,Sandwiches,3,? 100.00, ? 300.00 , ? 72.00 ,? 84.00,The Cheese Sandwich was not what I expected.
1050,1050,O01051,15-05-2024,15:45,C0293,Wahaj Raes,107,Paneer Shawarma,Street Food,5,? 150.00, ? 750.00 , ? 111.00 ,? 195.00,Great food! The Paneer Shawarma was delicious and well-prepared.
1051,1051,O01052,16-05-2024,15:45,C0137,Aman Raes,62,Chicken Spring Rolls,Starter,3,? 260.00, ? 780.00 , ? 189.00 ,? 213.00,Wasn't very impressed with the Chicken Spring Rolls. It lacked flavor.
1052,1052,O01053,16-05-2024,15:15,C0251,Aakib Khan,61,Veg Spring Rolls,Starter,2,? 220.00, ? 440.00 , ? 162.00 ,? 116.00,The Veg Spring Rolls was a fantastic start to our meal! Perfectly crispy.
1053,1053,O01054,16-05-2024,15:45,C0314,Arman Faruqi,93,Matar Paneer,Main Course,1,? 340.00, ? 340.00 , ? 263.00 ,? 77.00,It was an average Matar Paneer.
1054,1054,O01055,16-05-2024,12:00,C0250,Isharat Azam,25,Spring Rolls,Starter,1,? 220.00, ? 220.00 , ? 164.00 ,? 56.00,It was an average Spring Rolls.
1055,1055,O01056,16-05-2024,10:30,C0162,Shamsher Mujawar,24,Samosa,Starter,4,? 100.00, ? 400.00 , ? 73.00 ,? 108.00,The Samosa was simply delicious and fresh. Highly recommended!
1056,1056,O01057,16-05-2024,14:30,C0073,Moh Saad Taimoor,16,Ice Cream Sundae,Dessert,3,? 200.00, ? 600.00 , ? 143.00 ,? 171.00,A satisfying meal. The Ice Cream Sundae was a good choice.
1057,1057,O01058,16-05-2024,11:00,C0037,Wahaj Malik,126,Corn & Cheese Sandwich,Snacks,2,? 90.00, ? 180.00 , ? 66.00 ,? 48.00,A satisfying meal. The Corn & Cheese Sandwich was a good choice.
1058,1058,O01059,16-05-2024,15:15,C0302,Shamsher Ali,60,Chicken Manchurian,Starter,2,? 280.00, ? 560.00 , ? 205.00 ,? 150.00,The Chicken Manchurian was okay. It was a standard appetizer.
1059,1059,O01060,17-05-2024,22:45,C0159,Arman Taimoor,38,Mutton Biryani,Rice & Noodles,5,? 480.00," ? 2,400.00 ", ? 340.00 ,? 700.00,It was an average Mutton Biryani.
1060,1060,O01061,17-05-2024,21:30,C0291,Aman Faruqi,60,Chicken Manchurian,Starter,2,? 280.00, ? 560.00 , ? 205.00 ,? 150.00,"The Chicken Manchurian was decent, but nothing special."
1061,1061,O01062,17-05-2024,20:30,C0056,Aasifa Khan,85,Veg Thali,Meal Combo,4,? 360.00," ? 1,440.00 ", ? 263.00 ,? 388.00,Great food! The Veg Thali was delicious and well-prepared.
1062,1062,O01063,17-05-2024,10:00,C0175,Aasiya Momin,98,Paneer Kathi Roll,Street Food,3,? 140.00, ? 420.00 , ? 103.00 ,? 111.00,The Paneer Kathi Roll could have been better.
1063,1063,O01064,17-05-2024,16:15,C0016,Dua Khan,8,Paneer Butter Masala,Vegetarian,4,? 380.00," ? 1,520.00 ", ? 298.00 ,? 328.00,The Paneer Butter Masala was as expected.
1064,1064,O01065,17-05-2024,16:45,C0184,Kaif Sayyad,92,Kadhi Pakora,Main Course,1,? 300.00, ? 300.00 , ? 231.00 ,? 69.00,The Kadhi Pakora was excellent. Really enjoyed the meal.
1065,1065,O01066,17-05-2024,10:45,C0253,Kaif Sayyad,28,Caesar Salad,Salad,2,? 280.00, ? 560.00 , ? 210.00 ,? 140.00,The Caesar Salad met my expectations.
1066,1066,O01067,17-05-2024,14:45,C0187,Aasin Nadaf,31,Mutton Rogan Josh,Non-Veg Main,4,? 520.00," ? 2,080.00 ", ? 395.00 ,? 500.00,Felt that the Mutton Rogan Josh was overpriced for its quality.
1067,1067,O01068,17-05-2024,16:30,C0252,Moh Saad Faruqi,58,Crab Curry,Non-Veg Main,5,? 520.00," ? 2,600.00 ", ? 374.00 ,? 730.00,The Crab Curry was the highlight of our meal. Absolutely delicious!
1068,1068,O01069,18-05-2024,17:15,C0326,Aman Sayyad,33,Dal Tadka,Vegetarian,4,? 260.00," ? 1,040.00 ", ? 183.00 ,? 308.00,A wholesome and delicious Dal Tadka. The vegetables were so fresh!
1069,1069,O01070,18-05-2024,17:15,C0084,Imran Momin,124,Grilled Veg Panini,Snacks,3,? 140.00, ? 420.00 , ? 99.00 ,? 123.00,It was an average Grilled Veg Panini.
1070,1070,O01071,18-05-2024,14:15,C0256,Arman Faruqi,131,Avocado Toast,Breakfast,4,? 150.00, ? 600.00 , ? 111.00 ,? 156.00,The Avocado Toast was not what I expected.
1071,1071,O01072,18-05-2024,12:00,C0314,Arman Faruqi,89,Misal Pav,Snack,4,? 160.00, ? 640.00 , ? 126.00 ,? 136.00,The Misal Pav could have been better.
1072,1072,O01073,18-05-2024,12:30,C0276,Wahaj Faruqi,102,Chicken Sub,Sandwiches,4,? 180.00, ? 720.00 , ? 137.00 ,? 172.00,Great food! The Chicken Sub was delicious and well-prepared.
1073,1073,O01074,18-05-2024,17:00,C0298,Aasin Malik,70,Hot & Sour Soup (Chicken),Starter,3,? 200.00, ? 600.00 , ? 159.00 ,? 123.00,"The Hot & Sour Soup (Chicken) was decent, but nothing special."
1074,1074,O01075,18-05-2024,10:45,C0306,Arman Malik,79,Fried Momos (Chicken),Starter,3,? 240.00, ? 720.00 , ? 176.00 ,? 192.00,Wasn't very impressed with the Fried Momos (Chicken). It lacked flavor.
1075,1075,O01076,19-05-2024,20:45,C0306,Arman Malik,61,Veg Spring Rolls,Starter,2,? 220.00, ? 440.00 , ? 162.00 ,? 116.00,Wasn't very impressed with the Veg Spring Rolls. It lacked flavor.
1076,1076,O01077,19-05-2024,14:15,C0199,Arman Shaikh,75,Veg Momos,Starter,2,? 180.00, ? 360.00 , ? 138.00 ,? 84.00,Absolutely loved the Veg Momos! It was the perfect appetizer to get us started.
1077,1077,O01078,19-05-2024,12:15,C0305,Aasin Faruqi,79,Fried Momos (Chicken),Starter,5,? 240.00," ? 1,200.00 ", ? 176.00 ,? 320.00,"The Fried Momos (Chicken) was decent, but nothing special."
1078,1078,O01079,19-05-2024,16:30,C0045,Arman Shaikh,65,Schezwan Fried Rice,Rice & Noodles,3,? 220.00, ? 660.00 , ? 160.00 ,? 180.00,Great food! The Schezwan Fried Rice was delicious and well-prepared.
1079,1079,O01080,19-05-2024,18:00,C0008,Dua Sayyad,107,Paneer Shawarma,Street Food,5,? 150.00, ? 750.00 , ? 111.00 ,? 195.00,A satisfying meal. The Paneer Shawarma was a good choice.
1080,1080,O01081,19-05-2024,15:45,C0235,Abdul Rahim Malik,26,Pasta Alfredo,Continental,2,? 320.00, ? 640.00 , ? 249.00 ,? 142.00,A satisfying meal. The Pasta Alfredo was a good choice.
1081,1081,O01082,19-05-2024,20:45,C0093,Aakib Raes,120,Peri Peri Chicken Wings,Snacks,3,? 180.00, ? 540.00 , ? 135.00 ,? 135.00,A satisfying meal. The Peri Peri Chicken Wings was a good choice.
1082,1082,O01083,19-05-2024,14:00,C0070,Aasifa Azam,7,Butter Chicken,Meat Special,2,? 495.00, ? 990.00 , ? 349.00 ,? 292.00,The Butter Chicken could have been better.
1083,1083,O01084,19-05-2024,13:45,C0323,Wahaj Ali,110,Paneer Sandwich,Sandwiches,1,? 120.00, ? 120.00 , ? 84.00 ,? 36.00,I was not a fan of the Paneer Sandwich.
1084,1084,O01085,19-05-2024,10:00,C0291,Aman Faruqi,16,Ice Cream Sundae,Dessert,5,? 200.00," ? 1,000.00 ", ? 143.00 ,? 285.00,The Ice Cream Sundae was excellent. Really enjoyed the meal.
1085,1085,O01086,19-05-2024,11:00,C0086,Sher Momin,8,Paneer Butter Masala,Vegetarian,2,? 380.00, ? 760.00 , ? 298.00 ,? 164.00,The Paneer Butter Masala was a decent vegetarian option.
1086,1086,O01087,19-05-2024,17:00,C0090,Shahrukh Khan,102,Chicken Sub,Sandwiches,2,? 180.00, ? 360.00 , ? 137.00 ,? 86.00,A satisfying meal. The Chicken Sub was a good choice.
1087,1087,O01088,20-05-2024,19:45,C0261,Kaif Shaikh,6,Grilled Salmon,Ocean Meal,5,? 500.00," ? 2,500.00 ", ? 357.00 ,? 715.00,A satisfying meal. The Grilled Salmon was a good choice.
1088,1088,O01089,20-05-2024,21:15,C0070,Aasifa Azam,108,Chicken Shawarma,Street Food,2,? 170.00, ? 340.00 , ? 131.00 ,? 78.00,It was an average Chicken Shawarma.
1089,1089,O01090,20-05-2024,19:45,C0300,Dua Azam,108,Chicken Shawarma,Street Food,3,? 170.00, ? 510.00 , ? 131.00 ,? 117.00,It was an average Chicken Shawarma.
1090,1090,O01091,20-05-2024,10:15,C0281,Abdul Rahim Faruqi,81,Biryani (Veg),Rice,3,? 320.00, ? 960.00 , ? 251.00 ,? 207.00,It was an average Biryani (Veg).
1091,1091,O01092,20-05-2024,15:45,C0312,Danish Khan,44,Hyderabadi Haleem,Non-Veg Main,1,? 500.00, ? 500.00 , ? 395.00 ,? 105.00,The Hyderabadi Haleem was the highlight of our meal. Absolutely delicious!
1092,1092,O01093,20-05-2024,17:00,C0069,Aasin Khan,55,Vegetable Korma,Vegetarian,1,? 320.00, ? 320.00 , ? 243.00 ,? 77.00,The vegetables in the Vegetable Korma seemed overcooked.
1093,1093,O01094,21-05-2024,16:30,C0085,Aasifa Azam,128,Paneer Tandoori Wrap,Snacks,4,? 120.00, ? 480.00 , ? 94.00 ,? 104.00,A satisfying meal. The Paneer Tandoori Wrap was a good choice.
1094,1094,O01095,21-05-2024,10:00,C0286,Sher Malik,29,Greek Salad,Salad,4,? 260.00," ? 1,040.00 ", ? 197.00 ,? 252.00,A satisfying meal. The Greek Salad was a good choice.
1095,1095,O01096,21-05-2024,17:45,C0185,Nikhat Shikalkar,8,Paneer Butter Masala,Vegetarian,4,? 380.00," ? 1,520.00 ", ? 298.00 ,? 328.00,A wholesome and delicious Paneer Butter Masala. The vegetables were so fresh!
1096,1096,O01097,21-05-2024,17:45,C0317,Rihan Azam,53,Veg Pulao,Rice & Noodles,3,? 240.00, ? 720.00 , ? 190.00 ,? 150.00,Great food! The Veg Pulao was delicious and well-prepared.
1097,1097,O01098,21-05-2024,17:30,C0123,Abdul Rahim Faruqi,27,Pasta Arrabbiata,Continental,3,? 300.00, ? 900.00 , ? 215.00 ,? 255.00,The Pasta Arrabbiata was excellent. Really enjoyed the meal.
1098,1098,O01099,21-05-2024,22:15,C0240,Sultan Ali,27,Pasta Arrabbiata,Continental,3,? 300.00, ? 900.00 , ? 215.00 ,? 255.00,The Pasta Arrabbiata was excellent. Really enjoyed the meal.
1099,1099,O01100,22-05-2024,13:30,C0218,Danish Khan,61,Veg Spring Rolls,Starter,3,? 220.00, ? 660.00 , ? 162.00 ,? 174.00,The Veg Spring Rolls was okay. It was a standard appetizer.
1100,1100,O01101,22-05-2024,20:15,C0173,Aasifa Shaikh,129,Smoked Chicken Sub,Snacks,2,? 160.00, ? 320.00 , ? 112.00 ,? 96.00,The Smoked Chicken Sub met my expectations.
1101,1101,O01102,22-05-2024,14:15,C0212,Shahrukh Mujawar,23,Chicken Tikka,Starter,5,? 320.00," ? 1,600.00 ", ? 233.00 ,? 435.00,"The Chicken Tikka was decent, but nothing special."
1102,1102,O01103,22-05-2024,18:45,C0032,Ayeza Mujawar,80,Tandoori Momos,Starter,5,? 260.00," ? 1,300.00 ", ? 185.00 ,? 375.00,The Tandoori Momos was simply delicious and fresh. Highly recommended!
1103,1103,O01104,22-05-2024,11:30,C0125,Danish Nadaf,12,Veggie Burger,Burger,4,? 250.00," ? 1,000.00 ", ? 199.00 ,? 204.00,Great food! The Veggie Burger was delicious and well-prepared.
1104,1104,O01105,22-05-2024,11:45,C0058,Danish Nadaf,117,Egg Mayo Sandwich,Snacks,5,? 85.00, ? 425.00 , ? 66.00 ,? 95.00,I was not a fan of the Egg Mayo Sandwich.
1105,1105,O01106,22-05-2024,14:00,C0239,Arman Momin,74,Chicken Clear Soup,Starter,3,? 160.00, ? 480.00 , ? 125.00 ,? 105.00,The Chicken Clear Soup was a bit too oily for my liking.
1106,1106,O01107,23-05-2024,18:30,C0281,Abdul Rahim Faruqi,43,Onion Uttapam,Vegetarian,5,? 160.00, ? 800.00 , ? 112.00 ,? 240.00,The Onion Uttapam is a great choice for vegetarians. Hearty and full of flavor.
1107,1107,O01108,23-05-2024,14:00,C0281,Abdul Rahim Faruqi,13,Gulab Jamun,Dessert,5,? 150.00, ? 750.00 , ? 117.00 ,? 165.00,I was not a fan of the Gulab Jamun.
1108,1108,O01109,23-05-2024,14:00,C0122,Aakib Nadaf,58,Crab Curry,Non-Veg Main,1,? 520.00, ? 520.00 , ? 374.00 ,? 146.00,The meat in the Crab Curry was a bit tough and chewy.
1109,1109,O01110,23-05-2024,11:00,C0229,Aasin Khan,73,Veg Clear Soup,Starter,4,? 120.00, ? 480.00 , ? 84.00 ,? 144.00,The Veg Clear Soup was simply delicious and fresh. Highly recommended!
1110,1110,O01111,23-05-2024,18:45,C0323,Wahaj Ali,107,Paneer Shawarma,Street Food,3,? 150.00, ? 450.00 , ? 111.00 ,? 117.00,Great food! The Paneer Shawarma was delicious and well-prepared.
1111,1111,O01112,23-05-2024,21:00,C0016,Dua Khan,86,Non-Veg Thali,Meal Combo,2,? 440.00, ? 880.00 , ? 322.00 ,? 236.00,The Non-Veg Thali was excellent. Really enjoyed the meal.
1112,1112,O01113,23-05-2024,13:15,C0196,Arman Taimoor,41,Vada Sambar,Vegetarian,5,? 170.00, ? 850.00 , ? 121.00 ,? 245.00,The vegetables in the Vada Sambar seemed overcooked.
1113,1113,O01114,23-05-2024,17:00,C0208,Dua Momin,76,Chicken Momos,Starter,2,? 220.00, ? 440.00 , ? 170.00 ,? 100.00,The Chicken Momos was cold when it arrived at our table.
1114,1114,O01115,23-05-2024,14:15,C0035,Aasifa Shaikh,98,Paneer Kathi Roll,Street Food,4,? 140.00, ? 560.00 , ? 103.00 ,? 148.00,The Paneer Kathi Roll was not what I expected.
1115,1115,O01116,23-05-2024,16:15,C0005,Aasin Azam,36,Pav Bhaji,Vegetarian,2,? 220.00, ? 440.00 , ? 171.00 ,? 98.00,A wholesome and delicious Pav Bhaji. The vegetables were so fresh!
1116,1116,O01117,24-05-2024,22:00,C0163,Shamsher Shikalkar,69,Hot & Sour Soup (Veg),Starter,2,? 160.00, ? 320.00 , ? 113.00 ,? 94.00,"The Hot & Sour Soup (Veg) was decent, but nothing special."
1117,1117,O01118,24-05-2024,14:30,C0157,Arahan Azam,126,Corn & Cheese Sandwich,Snacks,4,? 90.00, ? 360.00 , ? 66.00 ,? 96.00,A satisfying meal. The Corn & Cheese Sandwich was a good choice.
1118,1118,O01119,24-05-2024,14:45,C0251,Aakib Khan,57,Prawn Masala,Non-Veg Main,3,? 460.00," ? 1,380.00 ", ? 326.00 ,? 402.00,The Prawn Masala was the highlight of our meal. Absolutely delicious!
1119,1119,O01120,24-05-2024,20:00,C0288,Anis Shikalkar,57,Prawn Masala,Non-Veg Main,2,? 460.00, ? 920.00 , ? 326.00 ,? 268.00,A truly authentic and flavorful Prawn Masala. It was very satisfying.
1120,1120,O01121,24-05-2024,11:15,C0288,Anis Shikalkar,92,Kadhi Pakora,Main Course,5,? 300.00," ? 1,500.00 ", ? 231.00 ,? 345.00,The Kadhi Pakora was excellent. Really enjoyed the meal.
1121,1121,O01122,24-05-2024,20:45,C0287,Nikhat Shaikh,70,Hot & Sour Soup (Chicken),Starter,1,? 200.00, ? 200.00 , ? 159.00 ,? 41.00,The Hot & Sour Soup (Chicken) was okay. It was a standard appetizer.
1122,1122,O01123,25-05-2024,20:30,C0042,Aasin Taimoor,67,Veg Schezwan Noodles,Rice & Noodles,2,? 240.00, ? 480.00 , ? 171.00 ,? 138.00,I was not a fan of the Veg Schezwan Noodles.
1123,1123,O01124,25-05-2024,22:00,C0025,Aasifa Khan,96,Club Sandwich,Sandwiches,1,? 160.00, ? 160.00 , ? 119.00 ,? 41.00,Great food! The Club Sandwich was delicious and well-prepared.
1124,1124,O01125,25-05-2024,14:30,C0003,Danish Malik,129,Smoked Chicken Sub,Snacks,1,? 160.00, ? 160.00 , ? 112.00 ,? 48.00,A satisfying meal. The Smoked Chicken Sub was a good choice.
1125,1125,O01126,25-05-2024,14:15,C0300,Dua Azam,123,Chicken Caesar Wrap,Snacks,2,? 150.00, ? 300.00 , ? 109.00 ,? 82.00,The Chicken Caesar Wrap was not what I expected.
1126,1126,O01127,25-05-2024,20:45,C0119,Shahrukh Azam,37,Biryani Veg,Rice & Noodles,1,? 320.00, ? 320.00 , ? 233.00 ,? 87.00,The Biryani Veg was fine.
1127,1127,O01128,25-05-2024,14:15,C0064,Isharat Nadaf,80,Tandoori Momos,Starter,1,? 260.00, ? 260.00 , ? 185.00 ,? 75.00,The Tandoori Momos was a fantastic start to our meal! Perfectly crispy.
1128,1128,O01129,25-05-2024,16:15,C0253,Kaif Sayyad,109,Cheese Sandwich,Sandwiches,4,? 100.00, ? 400.00 , ? 72.00 ,? 112.00,The Cheese Sandwich was fine.
1129,1129,O01130,25-05-2024,21:30,C0181,Aman Khan,44,Hyderabadi Haleem,Non-Veg Main,4,? 500.00," ? 2,000.00 ", ? 395.00 ,? 420.00,The Hyderabadi Haleem was the highlight of our meal. Absolutely delicious!
1130,1130,O01131,26-05-2024,16:45,C0326,Aman Sayyad,113,Aloo Parantha,Breads,2,? 80.00, ? 160.00 , ? 63.00 ,? 34.00,The Aloo Parantha was excellent. Really enjoyed the meal.
1131,1131,O01132,26-05-2024,16:45,C0151,Aasifa Malik,57,Prawn Masala,Non-Veg Main,2,? 460.00, ? 920.00 , ? 326.00 ,? 268.00,The Prawn Masala was the highlight of our meal. Absolutely delicious!
1132,1132,O01133,26-05-2024,15:45,C0213,Aakib Ali,79,Fried Momos (Chicken),Starter,4,? 240.00, ? 960.00 , ? 176.00 ,? 256.00,It was an average Fried Momos (Chicken).
1133,1133,O01134,26-05-2024,14:15,C0058,Danish Nadaf,113,Aloo Parantha,Breads,3,? 80.00, ? 240.00 , ? 63.00 ,? 51.00,Great food! The Aloo Parantha was delicious and well-prepared.
1134,1134,O01135,26-05-2024,15:00,C0240,Sultan Ali,26,Pasta Alfredo,Continental,1,? 320.00, ? 320.00 , ? 249.00 ,? 71.00,The Pasta Alfredo was excellent. Really enjoyed the meal.
1135,1135,O01136,26-05-2024,19:15,C0212,Shahrukh Mujawar,119,Veg Paneer Wrap,Snacks,5,? 95.00, ? 475.00 , ? 74.00 ,? 105.00,The Veg Paneer Wrap could have been better.
1136,1136,O01137,26-05-2024,16:15,C0095,Aakib Azam,62,Chicken Spring Rolls,Starter,3,? 260.00, ? 780.00 , ? 189.00 ,? 213.00,Wasn't very impressed with the Chicken Spring Rolls. It lacked flavor.
1137,1137,O01138,26-05-2024,10:00,C0089,Aasin Shaikh,58,Crab Curry,Non-Veg Main,4,? 520.00," ? 2,080.00 ", ? 374.00 ,? 584.00,The Crab Curry was the highlight of our meal. Absolutely delicious!
1138,1138,O01139,26-05-2024,10:45,C0052,Shahrukh Sayyad,64,Chili Chicken,Starter,1,? 340.00, ? 340.00 , ? 250.00 ,? 90.00,Absolutely loved the Chili Chicken! It was the perfect appetizer to get us started.
1139,1139,O01140,27-05-2024,20:15,C0142,Abdul Rahim Nadaf,25,Spring Rolls,Starter,1,? 220.00, ? 220.00 , ? 164.00 ,? 56.00,The Spring Rolls was a fantastic start to our meal! Perfectly crispy.
1140,1140,O01141,27-05-2024,12:45,C0089,Aasin Shaikh,60,Chicken Manchurian,Starter,4,? 280.00," ? 1,120.00 ", ? 205.00 ,? 300.00,Wasn't very impressed with the Chicken Manchurian. It lacked flavor.
1141,1141,O01142,27-05-2024,11:00,C0231,Danish Momin,71,Sweet Corn Soup (Veg),Starter,2,? 140.00, ? 280.00 , ? 108.00 ,? 64.00,The Sweet Corn Soup (Veg) was a fantastic start to our meal! Perfectly crispy.
1142,1142,O01143,27-05-2024,21:45,C0330,Kaif Momin,13,Gulab Jamun,Dessert,2,? 150.00, ? 300.00 , ? 117.00 ,? 66.00,The Gulab Jamun was not what I expected.
1143,1143,O01144,27-05-2024,20:00,C0227,Nikhat Taimoor,6,Grilled Salmon,Ocean Meal,4,? 500.00," ? 2,000.00 ", ? 357.00 ,? 572.00,Great food! The Grilled Salmon was delicious and well-prepared.
1144,1144,O01145,27-05-2024,13:30,C0056,Aasifa Khan,14,Rasgulla,Dessert,3,? 140.00, ? 420.00 , ? 100.00 ,? 120.00,The Rasgulla met my expectations.
1145,1145,O01146,27-05-2024,22:45,C0052,Shahrukh Sayyad,90,Pani Puri,Snack,5,? 100.00, ? 500.00 , ? 74.00 ,? 130.00,I was not a fan of the Pani Puri.
1146,1146,O01147,27-05-2024,18:15,C0231,Danish Momin,120,Peri Peri Chicken Wings,Snacks,4,? 180.00, ? 720.00 , ? 135.00 ,? 180.00,Great food! The Peri Peri Chicken Wings was delicious and well-prepared.
1147,1147,O01148,27-05-2024,10:00,C0189,Dua Faruqi,85,Veg Thali,Meal Combo,4,? 360.00," ? 1,440.00 ", ? 263.00 ,? 388.00,The Veg Thali met my expectations.
1148,1148,O01149,27-05-2024,21:00,C0132,Sultan Momin,123,Chicken Caesar Wrap,Snacks,1,? 150.00, ? 150.00 , ? 109.00 ,? 41.00,The Chicken Caesar Wrap met my expectations.
1149,1149,O01150,27-05-2024,10:45,C0109,Aman Mujawar,129,Smoked Chicken Sub,Snacks,2,? 160.00, ? 320.00 , ? 112.00 ,? 96.00,Great food! The Smoked Chicken Sub was delicious and well-prepared.
1150,1150,O01151,27-05-2024,10:15,C0024,Aman Momin,15,Tiramisu,Dessert,3,? 280.00, ? 840.00 , ? 201.00 ,? 237.00,A satisfying meal. The Tiramisu was a good choice.
1151,1151,O01152,28-05-2024,21:30,C0040,Moh Saad Nadaf,80,Tandoori Momos,Starter,3,? 260.00, ? 780.00 , ? 185.00 ,? 225.00,The Tandoori Momos was simply delicious and fresh. Highly recommended!
1152,1152,O01153,28-05-2024,10:15,C0046,Nikhat Taimoor,128,Paneer Tandoori Wrap,Snacks,5,? 120.00, ? 600.00 , ? 94.00 ,? 130.00,The Paneer Tandoori Wrap was excellent. Really enjoyed the meal.
1153,1153,O01154,28-05-2024,17:15,C0118,Aman Azam,102,Chicken Sub,Sandwiches,3,? 180.00, ? 540.00 , ? 137.00 ,? 129.00,A satisfying meal. The Chicken Sub was a good choice.
1154,1154,O01155,28-05-2024,14:30,C0005,Aasin Azam,118,Tuna Melt Sandwich,Snacks,2,? 140.00, ? 280.00 , ? 100.00 ,? 80.00,Great food! The Tuna Melt Sandwich was delicious and well-prepared.
1155,1155,O01156,28-05-2024,19:45,C0039,Aasifa Shaikh,13,Gulab Jamun,Dessert,4,? 150.00, ? 600.00 , ? 117.00 ,? 132.00,A satisfying meal. The Gulab Jamun was a good choice.
1156,1156,O01157,28-05-2024,16:45,C0327,Abdul Rahim Mujawar,130,Veggie Delight Sub,Snacks,5,? 120.00, ? 600.00 , ? 90.00 ,? 150.00,The Veggie Delight Sub was excellent. Really enjoyed the meal.
1157,1157,O01158,28-05-2024,18:15,C0198,Danish Faruqi,68,Chicken Schezwan Noodles,Rice & Noodles,3,? 280.00, ? 840.00 , ? 218.00 ,? 186.00,Great food! The Chicken Schezwan Noodles was delicious and well-prepared.
1158,1158,O01159,28-05-2024,22:00,C0180,Isharat Shikalkar,20,Veg Fried Rice,Rice & Noodles,3,? 200.00, ? 600.00 , ? 145.00 ,? 165.00,The Veg Fried Rice met my expectations.
1159,1159,O01160,29-05-2024,10:45,C0306,Arman Malik,79,Fried Momos (Chicken),Starter,5,? 240.00," ? 1,200.00 ", ? 176.00 ,? 320.00,Absolutely loved the Fried Momos (Chicken)! It was the perfect appetizer to get us started.
1160,1160,O01161,29-05-2024,17:45,C0313,Aakib Shikalkar,27,Pasta Arrabbiata,Continental,3,? 300.00, ? 900.00 , ? 215.00 ,? 255.00,I was not a fan of the Pasta Arrabbiata.
1161,1161,O01162,29-05-2024,19:30,C0196,Arman Taimoor,8,Paneer Butter Masala,Vegetarian,4,? 380.00," ? 1,520.00 ", ? 298.00 ,? 328.00,Loved the Paneer Butter Masala! It was a delightful and well-prepared vegetarian meal.
1162,1162,O01163,29-05-2024,17:00,C0322,Aasin Malik,33,Dal Tadka,Vegetarian,2,? 260.00, ? 520.00 , ? 183.00 ,? 154.00,The Dal Tadka was a decent vegetarian option.
1163,1163,O01164,29-05-2024,13:15,C0219,Isharat Nadaf,13,Gulab Jamun,Dessert,5,? 150.00, ? 750.00 , ? 117.00 ,? 165.00,The Gulab Jamun could have been better.
1164,1164,O01165,29-05-2024,15:45,C0124,Arahan Shaikh,29,Greek Salad,Salad,1,? 260.00, ? 260.00 , ? 197.00 ,? 63.00,I was not a fan of the Greek Salad.
1165,1165,O01166,29-05-2024,18:15,C0290,Isharat Raes,19,Chicken Hakka Noodles,Rice & Noodles,3,? 260.00, ? 780.00 , ? 193.00 ,? 201.00,A satisfying meal. The Chicken Hakka Noodles was a good choice.
1166,1166,O01167,29-05-2024,14:00,C0021,Moh Saad Shaikh,116,Paneer Bhurji Sandwich,Snacks,5,? 75.00, ? 375.00 , ? 59.00 ,? 80.00,A satisfying meal. The Paneer Bhurji Sandwich was a good choice.
1167,1167,O01168,30-05-2024,13:45,C0156,Arman Faruqi,121,Cheese Garlic Bread,Breads,3,? 110.00, ? 330.00 , ? 85.00 ,? 75.00,A satisfying meal. The Cheese Garlic Bread was a good choice.
1168,1168,O01169,30-05-2024,11:15,C0275,Arman Khan,77,Paneer Momos,Starter,4,? 200.00, ? 800.00 , ? 155.00 ,? 180.00,The Paneer Momos was a fantastic start to our meal! Perfectly crispy.
1169,1169,O01170,30-05-2024,14:15,C0003,Danish Malik,56,Dal Makhani,Vegetarian,2,? 340.00, ? 680.00 , ? 269.00 ,? 142.00,A wholesome and delicious Dal Makhani. The vegetables were so fresh!
1170,1170,O01171,30-05-2024,12:30,C0046,Nikhat Taimoor,4,Chicken Biryani,Rice Meal,4,? 440.00," ? 1,760.00 ", ? 334.00 ,? 424.00,Great food! The Chicken Biryani was delicious and well-prepared.
1171,1171,O01172,30-05-2024,11:00,C0098,Shahrukh Malik,49,Aloo Gobi,Vegetarian,4,? 220.00, ? 880.00 , ? 166.00 ,? 216.00,A wholesome and delicious Aloo Gobi. The vegetables were so fresh!
1172,1172,O01173,30-05-2024,12:45,C0313,Aakib Shikalkar,69,Hot & Sour Soup (Veg),Starter,4,? 160.00, ? 640.00 , ? 113.00 ,? 188.00,Absolutely loved the Hot & Sour Soup (Veg)! It was the perfect appetizer to get us started.
1173,1173,O01174,30-05-2024,14:30,C0291,Aman Faruqi,105,Paneer Burger,Fast Food,5,? 140.00, ? 700.00 , ? 110.00 ,? 150.00,The Paneer Burger met my expectations.
1174,1174,O01175,30-05-2024,22:30,C0022,Aasiya Ali,62,Chicken Spring Rolls,Starter,1,? 260.00, ? 260.00 , ? 189.00 ,? 71.00,The Chicken Spring Rolls was simply delicious and fresh. Highly recommended!
1175,1175,O01176,30-05-2024,18:15,C0006,Imran Taimoor,111,Egg Sandwich,Sandwiches,2,? 110.00, ? 220.00 , ? 80.00 ,? 60.00,The Egg Sandwich met my expectations.
1176,1176,O01177,30-05-2024,20:30,C0229,Aasin Khan,83,Malai Kofta,Main Course,1,? 340.00, ? 340.00 , ? 249.00 ,? 91.00,Great food! The Malai Kofta was delicious and well-prepared.
1177,1177,O01178,30-05-2024,21:00,C0205,Rihan Taimoor,66,Schezwan Chicken Fried Rice,Rice & Noodles,2,? 280.00, ? 560.00 , ? 211.00 ,? 138.00,The Schezwan Chicken Fried Rice was excellent. Really enjoyed the meal.
1178,1178,O01179,31-05-2024,22:30,C0285,Ayeza Raes,27,Pasta Arrabbiata,Continental,5,? 300.00," ? 1,500.00 ", ? 215.00 ,? 425.00,A satisfying meal. The Pasta Arrabbiata was a good choice.
1179,1179,O01180,31-05-2024,18:00,C0183,Imran Mujawar,95,Garlic Naan,Breads,4,? 70.00, ? 280.00 , ? 54.00 ,? 64.00,Great food! The Garlic Naan was delicious and well-prepared.
1180,1180,O01181,31-05-2024,18:45,C0069,Aasin Khan,127,Mutton Seekh Kebab Roll,Snacks,1,? 170.00, ? 170.00 , ? 132.00 ,? 38.00,I was not a fan of the Mutton Seekh Kebab Roll.
1181,1181,O01182,31-05-2024,10:30,C0054,Shamsher Ali,103,Paneer Frankie,Street Food,3,? 130.00, ? 390.00 , ? 95.00 ,? 105.00,A satisfying meal. The Paneer Frankie was a good choice.
1182,1182,O01183,31-05-2024,20:15,C0094,Rihan Ali,66,Schezwan Chicken Fried Rice,Rice & Noodles,2,? 280.00, ? 560.00 , ? 211.00 ,? 138.00,The Schezwan Chicken Fried Rice was excellent. Really enjoyed the meal.
1183,1183,O01184,31-05-2024,17:30,C0079,Shahrukh Faruqi,33,Dal Tadka,Vegetarian,2,? 260.00, ? 520.00 , ? 183.00 ,? 154.00,A wholesome and delicious Dal Tadka. The vegetables were so fresh!
1184,1184,O01185,31-05-2024,11:45,C0123,Abdul Rahim Faruqi,35,Chole Bhature,Vegetarian,2,? 280.00, ? 560.00 , ? 223.00 ,? 114.00,The Chole Bhature was bland and needed more seasoning.
1185,1185,O01186,01-06-2024,16:45,C0209,Aasiya Malik,83,Malai Kofta,Main Course,5,? 340.00," ? 1,700.00 ", ? 249.00 ,? 455.00,The Malai Kofta was excellent. Really enjoyed the meal.
1186,1186,O01187,01-06-2024,20:30,C0158,Moh Saad Malik,54,Egg Biryani,Rice & Noodles,4,? 340.00," ? 1,360.00 ", ? 268.00 ,? 288.00,Great food! The Egg Biryani was delicious and well-prepared.
1187,1187,O01188,01-06-2024,18:00,C0019,Aariz Sayyad,24,Samosa,Starter,4,? 100.00, ? 400.00 , ? 73.00 ,? 108.00,The Samosa was a fantastic start to our meal! Perfectly crispy.
1188,1188,O01189,01-06-2024,10:45,C0227,Nikhat Taimoor,38,Mutton Biryani,Rice Meal,5,? 490.00," ? 2,450.00 ", ? 350.00 ,? 700.00,A satisfying meal. The Mutton Biryani was a good choice.
1189,1189,O01190,01-06-2024,12:45,C0087,Moh Saad Mujawar,31,Mutton Rogan Josh,Non-Veg Main,2,? 520.00," ? 1,040.00 ", ? 395.00 ,? 250.00,The Mutton Rogan Josh was cooked to perfection. The spices were spot on!
1190,1190,O01191,01-06-2024,20:15,C0086,Sher Momin,38,Mutton Biryani,Rice Meal,1,? 490.00, ? 490.00 , ? 350.00 ,? 140.00,The Mutton Biryani was excellent. Really enjoyed the meal.
1191,1191,O01192,01-06-2024,17:30,C0086,Sher Momin,49,Aloo Gobi,Vegetarian,1,? 220.00, ? 220.00 , ? 166.00 ,? 54.00,Loved the Aloo Gobi! It was a delightful and well-prepared vegetarian meal.
1192,1192,O01193,01-06-2024,19:00,C0045,Arman Shaikh,1,Tomato Soup,Starter,2,? 180.00, ? 360.00 , ? 132.00 ,? 96.00,The Tomato Soup was cold when it arrived at our table.
1193,1193,O01194,01-06-2024,15:15,C0188,Sher Raes,127,Mutton Seekh Kebab Roll,Snacks,2,? 170.00, ? 340.00 , ? 132.00 ,? 76.00,Great food! The Mutton Seekh Kebab Roll was delicious and well-prepared.
1194,1194,O01195,01-06-2024,13:00,C0282,Nikhat Khan,2,Mushroom Soup,Starter,1,? 200.00, ? 200.00 , ? 159.00 ,? 41.00,Absolutely loved the Mushroom Soup! It was the perfect appetizer to get us started.
1195,1195,O01196,01-06-2024,15:00,C0160,Shahrukh Malik,32,Fish Curry,Non-Veg Main,1,? 400.00, ? 400.00 , ? 286.00 ,? 114.00,The Fish Curry was the highlight of our meal. Absolutely delicious!
1196,1196,O01197,01-06-2024,13:15,C0098,Shahrukh Malik,28,Caesar Salad,Salad,5,? 280.00," ? 1,400.00 ", ? 210.00 ,? 350.00,A satisfying meal. The Caesar Salad was a good choice.
1197,1197,O01198,01-06-2024,17:15,C0232,Aariz Raes,64,Chili Chicken,Starter,4,? 340.00," ? 1,360.00 ", ? 250.00 ,? 360.00,The Chili Chicken was simply delicious and fresh. Highly recommended!
1198,1198,O01199,01-06-2024,17:00,C0268,Ayeza Azam,88,Vada Pav,Snack,2,? 120.00, ? 240.00 , ? 91.00 ,? 58.00,The Vada Pav was excellent. Really enjoyed the meal.
1199,1199,O01200,01-06-2024,16:45,C0240,Sultan Ali,124,Grilled Veg Panini,Snacks,5,? 140.00, ? 700.00 , ? 99.00 ,? 205.00,The Grilled Veg Panini was not what I expected.
1200,1200,O01201,02-06-2024,12:30,C0255,Shamsher Malik,49,Aloo Gobi,Vegetarian,5,? 220.00," ? 1,100.00 ", ? 166.00 ,? 270.00,Loved the Aloo Gobi! It was a delightful and well-prepared vegetarian meal.
1201,1201,O01202,02-06-2024,20:00,C0120,Ayeza Taimoor,96,Club Sandwich,Sandwiches,1,? 160.00, ? 160.00 , ? 119.00 ,? 41.00,I was not a fan of the Club Sandwich.
1202,1202,O01203,02-06-2024,20:30,C0257,Aman Nadaf,116,Paneer Bhurji Sandwich,Snacks,2,? 75.00, ? 150.00 , ? 59.00 ,? 32.00,The Paneer Bhurji Sandwich could have been better.
1203,1203,O01204,02-06-2024,10:15,C0242,Arahan Mujawar,89,Misal Pav,Snack,2,? 160.00, ? 320.00 , ? 126.00 ,? 68.00,The Misal Pav was excellent. Really enjoyed the meal.
1204,1204,O01205,02-06-2024,15:00,C0268,Ayeza Azam,46,Kadai Paneer,Vegetarian,4,? 360.00," ? 1,440.00 ", ? 275.00 ,? 340.00,A wholesome and delicious Kadai Paneer. The vegetables were so fresh!
1205,1205,O01206,02-06-2024,22:30,C0181,Aman Khan,17,French Fries,Starter,2,? 120.00, ? 240.00 , ? 87.00 ,? 66.00,The French Fries was a fantastic start to our meal! Perfectly crispy.
1206,1206,O01207,02-06-2024,11:45,C0272,Aasifa Raes,73,Veg Clear Soup,Starter,1,? 120.00, ? 120.00 , ? 84.00 ,? 36.00,The Veg Clear Soup was simply delicious and fresh. Highly recommended!
1207,1207,O01208,02-06-2024,21:15,C0056,Aasifa Khan,14,Rasgulla,Dessert,4,? 140.00, ? 560.00 , ? 100.00 ,? 160.00,Great food! The Rasgulla was delicious and well-prepared.
1208,1208,O01209,02-06-2024,13:30,C0306,Arman Malik,109,Cheese Sandwich,Sandwiches,1,? 100.00, ? 100.00 , ? 72.00 ,? 28.00,The Cheese Sandwich could have been better.
1209,1209,O01210,02-06-2024,11:00,C0014,Arman Faruqi,91,Chana Masala,Main Course,1,? 260.00, ? 260.00 , ? 185.00 ,? 75.00,A satisfying meal. The Chana Masala was a good choice.
1210,1210,O01211,02-06-2024,10:30,C0234,Moh Saad Faruqi,118,Tuna Melt Sandwich,Snacks,1,? 140.00, ? 140.00 , ? 100.00 ,? 40.00,The Tuna Melt Sandwich was excellent. Really enjoyed the meal.
1211,1211,O01212,02-06-2024,10:00,C0029,Rihan Sayyad,83,Malai Kofta,Main Course,2,? 340.00, ? 680.00 , ? 249.00 ,? 182.00,The Malai Kofta met my expectations.
1212,1212,O01213,03-06-2024,22:30,C0242,Arahan Mujawar,97,Grilled Cheese Sandwich,Sandwiches,5,? 120.00, ? 600.00 , ? 90.00 ,? 150.00,The Grilled Cheese Sandwich met my expectations.
1213,1213,O01214,03-06-2024,22:15,C0093,Aakib Raes,33,Dal Tadka,Vegetarian,3,? 260.00, ? 780.00 , ? 183.00 ,? 231.00,Loved the Dal Tadka! It was a delightful and well-prepared vegetarian meal.
1214,1214,O01215,03-06-2024,19:30,C0112,Shahrukh Sayyad,98,Paneer Kathi Roll,Street Food,3,? 140.00, ? 420.00 , ? 103.00 ,? 111.00,Great food! The Paneer Kathi Roll was delicious and well-prepared.
1215,1215,O01216,03-06-2024,18:00,C0070,Aasifa Azam,46,Kadai Paneer,Vegetarian,5,? 360.00," ? 1,800.00 ", ? 275.00 ,? 425.00,"It was an okay Kadai Paneer, but I've had better."
1216,1216,O01217,03-06-2024,10:15,C0167,Abdul Rahim Momin,67,Veg Schezwan Noodles,Rice & Noodles,3,? 240.00, ? 720.00 , ? 171.00 ,? 207.00,A satisfying meal. The Veg Schezwan Noodles was a good choice.
1217,1217,O01218,03-06-2024,11:15,C0165,Dua Sayyad,66,Schezwan Chicken Fried Rice,Rice & Noodles,2,? 280.00, ? 560.00 , ? 211.00 ,? 138.00,I was not a fan of the Schezwan Chicken Fried Rice.
1218,1218,O01219,03-06-2024,10:15,C0147,Danish Khan,88,Vada Pav,Snack,3,? 120.00, ? 360.00 , ? 91.00 ,? 87.00,Great food! The Vada Pav was delicious and well-prepared.
1219,1219,O01220,03-06-2024,11:15,C0084,Imran Momin,12,Veggie Burger,Burger,3,? 250.00, ? 750.00 , ? 199.00 ,? 153.00,Great food! The Veggie Burger was delicious and well-prepared.
1220,1220,O01221,03-06-2024,10:45,C0129,Sher Taimoor,101,Veggie Sub,Sandwiches,4,? 150.00, ? 600.00 , ? 105.00 ,? 180.00,Great food! The Veggie Sub was delicious and well-prepared.
1221,1221,O01222,03-06-2024,19:15,C0126,Aakib Momin,126,Corn & Cheese Sandwich,Snacks,1,? 90.00, ? 90.00 , ? 66.00 ,? 24.00,The Corn & Cheese Sandwich was excellent. Really enjoyed the meal.
1222,1222,O01223,03-06-2024,15:30,C0299,Aakib Shaikh,94,Butter Naan,Breads,4,? 60.00, ? 240.00 , ? 45.00 ,? 60.00,The Butter Naan could have been better.
1223,1223,O01224,03-06-2024,11:45,C0257,Aman Nadaf,21,Chicken Fried Rice,Rice & Noodles,2,? 240.00, ? 480.00 , ? 182.00 ,? 116.00,The Chicken Fried Rice was not what I expected.
1224,1224,O01225,03-06-2024,20:30,C0198,Danish Faruqi,115,Chicken Kathi Roll,Snacks,5,? 120.00, ? 600.00 , ? 91.00 ,? 145.00,It was an average Chicken Kathi Roll.
1225,1225,O01226,04-06-2024,12:30,C0116,Arman Khan,47,Bhindi Masala,Vegetarian,4,? 240.00, ? 960.00 , ? 175.00 ,? 260.00,The Bhindi Masala is a great choice for vegetarians. Hearty and full of flavor.
1226,1226,O01227,04-06-2024,19:45,C0328,Isharat Khan,4,Chicken Biryani,Rice Meal,3,? 440.00," ? 1,320.00 ", ? 334.00 ,? 318.00,The Chicken Biryani was excellent. Really enjoyed the meal.
1227,1227,O01228,04-06-2024,21:00,C0010,Kaif Azam,100,Veg Wrap,Sandwiches,2,? 130.00, ? 260.00 , ? 92.00 ,? 76.00,The Veg Wrap was excellent. Really enjoyed the meal.
1228,1228,O01229,04-06-2024,13:30,C0078,Arahan Shaikh,51,Tandoori Chicken,Non-Veg Main,1,? 460.00, ? 460.00 , ? 366.00 ,? 94.00,The Tandoori Chicken was too spicy for me to handle.
1229,1229,O01230,04-06-2024,16:30,C0306,Arman Malik,26,Pasta Alfredo,Continental,1,? 320.00, ? 320.00 , ? 249.00 ,? 71.00,I was not a fan of the Pasta Alfredo.
1230,1230,O01231,04-06-2024,15:45,C0253,Kaif Sayyad,95,Garlic Naan,Breads,1,? 70.00, ? 70.00 , ? 54.00 ,? 16.00,Great food! The Garlic Naan was delicious and well-prepared.
1231,1231,O01232,04-06-2024,21:15,C0022,Aasiya Ali,24,Samosa,Starter,1,? 100.00, ? 100.00 , ? 73.00 ,? 27.00,The Samosa was a bit too oily for my liking.
1232,1232,O01233,04-06-2024,11:45,C0260,Danish Ali,106,Chicken Burger,Fast Food,3,? 160.00, ? 480.00 , ? 115.00 ,? 135.00,The Chicken Burger was excellent. Really enjoyed the meal.
1233,1233,O01234,05-06-2024,18:45,C0293,Wahaj Raes,20,Veg Fried Rice,Rice & Noodles,3,? 200.00, ? 600.00 , ? 145.00 ,? 165.00,Great food! The Veg Fried Rice was delicious and well-prepared.
1234,1234,O01235,05-06-2024,12:15,C0114,Imran Faruqi,92,Kadhi Pakora,Main Course,5,? 300.00," ? 1,500.00 ", ? 231.00 ,? 345.00,A satisfying meal. The Kadhi Pakora was a good choice.
1235,1235,O01236,05-06-2024,19:30,C0284,Sher Shaikh,69,Hot & Sour Soup (Veg),Starter,3,? 160.00, ? 480.00 , ? 113.00 ,? 141.00,It was an average Hot & Sour Soup (Veg).
1236,1236,O01237,05-06-2024,21:15,C0147,Danish Khan,129,Smoked Chicken Sub,Snacks,5,? 160.00, ? 800.00 , ? 112.00 ,? 240.00,A satisfying meal. The Smoked Chicken Sub was a good choice.
1237,1237,O01238,05-06-2024,16:45,C0174,Anis Malik,128,Paneer Tandoori Wrap,Snacks,3,? 120.00, ? 360.00 , ? 94.00 ,? 78.00,The Paneer Tandoori Wrap met my expectations.
1238,1238,O01239,05-06-2024,18:45,C0143,Sultan Mujawar,72,Sweet Corn Soup (Chicken),Starter,1,? 180.00, ? 180.00 , ? 129.00 ,? 51.00,Absolutely loved the Sweet Corn Soup (Chicken)! It was the perfect appetizer to get us started.
1239,1239,O01240,05-06-2024,21:45,C0143,Sultan Mujawar,59,Veg Manchurian,Starter,3,? 240.00, ? 720.00 , ? 169.00 ,? 213.00,The Veg Manchurian was okay. It was a standard appetizer.
1240,1240,O01241,05-06-2024,22:45,C0271,Aasiya Mujawar,127,Mutton Seekh Kebab Roll,Snacks,1,? 170.00, ? 170.00 , ? 132.00 ,? 38.00,A satisfying meal. The Mutton Seekh Kebab Roll was a good choice.
1241,1241,O01242,05-06-2024,13:30,C0106,Aasin Mujawar,35,Chole Bhature,Vegetarian,4,? 280.00," ? 1,120.00 ", ? 223.00 ,? 228.00,The Chole Bhature was as expected.
1242,1242,O01243,06-06-2024,13:00,C0291,Aman Faruqi,32,Fish Curry,Non-Veg Main,3,? 400.00," ? 1,200.00 ", ? 286.00 ,? 342.00,A truly authentic and flavorful Fish Curry. It was very satisfying.
1243,1243,O01244,06-06-2024,21:15,C0113,Ayeza Momin,38,Mutton Biryani,Rice Meal,4,? 490.00," ? 1,960.00 ", ? 350.00 ,? 560.00,The Mutton Biryani was not what I expected.
1244,1244,O01245,06-06-2024,19:15,C0263,Sher Raes,10,Pepperoni Pizza,Pizza,4,? 368.00," ? 1,472.00 ", ? 283.00 ,? 340.00,Great food! The Pepperoni Pizza was delicious and well-prepared.
1245,1245,O01246,06-06-2024,18:30,C0226,Aman Taimoor,31,Mutton Rogan Josh,Non-Veg Main,4,? 520.00," ? 2,080.00 ", ? 395.00 ,? 500.00,The Mutton Rogan Josh was alright. It was cooked well but the flavor was average.
1246,1246,O01247,06-06-2024,22:00,C0093,Aakib Raes,3,Chicken Soup,Starter,1,? 220.00, ? 220.00 , ? 170.00 ,? 50.00,The Chicken Soup was simply delicious and fresh. Highly recommended!
1247,1247,O01248,06-06-2024,22:00,C0141,Arahan Ali,41,Vada Sambar,Vegetarian,2,? 170.00, ? 340.00 , ? 121.00 ,? 98.00,The Vada Sambar is a great choice for vegetarians. Hearty and full of flavor.
1248,1248,O01249,06-06-2024,22:45,C0243,Imran Sayyad,107,Paneer Shawarma,Street Food,2,? 150.00, ? 300.00 , ? 111.00 ,? 78.00,The Paneer Shawarma could have been better.
1249,1249,O01250,06-06-2024,12:45,C0288,Anis Shikalkar,78,Fried Momos (Veg),Starter,1,? 200.00, ? 200.00 , ? 141.00 ,? 59.00,The Fried Momos (Veg) was simply delicious and fresh. Highly recommended!
1250,1250,O01251,06-06-2024,14:45,C0239,Arman Momin,42,Medu Vada,Vegetarian,3,? 150.00, ? 450.00 , ? 112.00 ,? 114.00,The Medu Vada was as expected.
1251,1251,O01252,06-06-2024,12:15,C0082,Isharat Nadaf,38,Mutton Biryani,Rice & Noodles,5,? 480.00," ? 2,400.00 ", ? 340.00 ,? 700.00,A satisfying meal. The Mutton Biryani was a good choice.
1252,1252,O01253,06-06-2024,19:45,C0019,Aariz Sayyad,2,Mushroom Soup,Starter,3,? 200.00, ? 600.00 , ? 159.00 ,? 123.00,The Mushroom Soup was simply delicious and fresh. Highly recommended!
1253,1253,O01254,06-06-2024,11:15,C0318,Shahrukh Ali,129,Smoked Chicken Sub,Snacks,5,? 160.00, ? 800.00 , ? 112.00 ,? 240.00,The Smoked Chicken Sub was not what I expected.
1254,1254,O01255,06-06-2024,14:00,C0273,Aasin Mujawar,44,Hyderabadi Haleem,Non-Veg Main,2,? 500.00," ? 1,000.00 ", ? 395.00 ,? 210.00,The meat in the Hyderabadi Haleem was a bit tough and chewy.
1255,1255,O01256,06-06-2024,19:30,C0246,Aariz Raes,111,Egg Sandwich,Sandwiches,2,? 110.00, ? 220.00 , ? 80.00 ,? 60.00,A satisfying meal. The Egg Sandwich was a good choice.
1256,1256,O01257,07-06-2024,22:00,C0303,Dua Momin,28,Caesar Salad,Salad,5,? 280.00," ? 1,400.00 ", ? 210.00 ,? 350.00,A satisfying meal. The Caesar Salad was a good choice.
1257,1257,O01258,07-06-2024,18:00,C0158,Moh Saad Malik,25,Spring Rolls,Starter,1,? 220.00, ? 220.00 , ? 164.00 ,? 56.00,Absolutely loved the Spring Rolls! It was the perfect appetizer to get us started.
1258,1258,O01259,07-06-2024,18:30,C0247,Shahrukh Sayyad,130,Veggie Delight Sub,Snacks,1,? 120.00, ? 120.00 , ? 90.00 ,? 30.00,The Veggie Delight Sub was excellent. Really enjoyed the meal.
1259,1259,O01260,07-06-2024,20:30,C0186,Aariz Khan,28,Caesar Salad,Salad,3,? 280.00, ? 840.00 , ? 210.00 ,? 210.00,The Caesar Salad was excellent. Really enjoyed the meal.
1260,1260,O01261,07-06-2024,12:45,C0288,Anis Shikalkar,89,Misal Pav,Snack,1,? 160.00, ? 160.00 , ? 126.00 ,? 34.00,Great food! The Misal Pav was delicious and well-prepared.
1261,1261,O01262,07-06-2024,13:30,C0205,Rihan Taimoor,22,Paneer Tikka,Starter,3,? 280.00, ? 840.00 , ? 199.00 ,? 243.00,Absolutely loved the Paneer Tikka! It was the perfect appetizer to get us started.
1262,1262,O01263,07-06-2024,11:00,C0155,Imran Mujawar,76,Chicken Momos,Starter,3,? 220.00, ? 660.00 , ? 170.00 ,? 150.00,The Chicken Momos was a fantastic start to our meal! Perfectly crispy.
1263,1263,O01264,07-06-2024,16:00,C0286,Sher Malik,125,BBQ Chicken Pizza Sandwich,Snacks,1,? 160.00, ? 160.00 , ? 115.00 ,? 45.00,I was not a fan of the BBQ Chicken Pizza Sandwich.
1264,1264,O01265,08-06-2024,20:30,C0123,Abdul Rahim Faruqi,53,Veg Pulao,Rice & Noodles,4,? 240.00, ? 960.00 , ? 190.00 ,? 200.00,A satisfying meal. The Veg Pulao was a good choice.
1265,1265,O01266,08-06-2024,19:30,C0145,Imran Khan,132,Club Chicken Sandwich,Snacks,1,? 140.00, ? 140.00 , ? 101.00 ,? 39.00,The Club Chicken Sandwich could have been better.
1266,1266,O01267,08-06-2024,15:30,C0003,Danish Malik,98,Paneer Kathi Roll,Street Food,3,? 140.00, ? 420.00 , ? 103.00 ,? 111.00,The Paneer Kathi Roll could have been better.
1267,1267,O01268,08-06-2024,10:45,C0029,Rihan Sayyad,23,Chicken Tikka,Starter,5,? 320.00," ? 1,600.00 ", ? 233.00 ,? 435.00,The Chicken Tikka was okay. It was a standard appetizer.
1268,1268,O01269,08-06-2024,21:45,C0185,Nikhat Shikalkar,82,Fish Curry (Goan),Main Course,5,? 380.00," ? 1,900.00 ", ? 289.00 ,? 455.00,A satisfying meal. The Fish Curry (Goan) was a good choice.
1269,1269,O01270,08-06-2024,10:30,C0100,Aman Momin,54,Egg Biryani,Rice & Noodles,2,? 340.00, ? 680.00 , ? 268.00 ,? 144.00,The Egg Biryani was fine.
1270,1270,O01271,08-06-2024,11:30,C0172,Ayeza Shaikh,83,Malai Kofta,Main Course,3,? 340.00," ? 1,020.00 ", ? 249.00 ,? 273.00,It was an average Malai Kofta.
1271,1271,O01272,08-06-2024,14:00,C0161,Isharat Momin,124,Grilled Veg Panini,Snacks,3,? 140.00, ? 420.00 , ? 99.00 ,? 123.00,Great food! The Grilled Veg Panini was delicious and well-prepared.
1272,1272,O01273,08-06-2024,11:45,C0111,Moh Saad Raes,53,Veg Pulao,Rice & Noodles,5,? 240.00," ? 1,200.00 ", ? 190.00 ,? 250.00,The Veg Pulao was fine.
1273,1273,O01274,09-06-2024,16:15,C0044,Shamsher Mujawar,61,Veg Spring Rolls,Starter,5,? 220.00," ? 1,100.00 ", ? 162.00 ,? 290.00,Absolutely loved the Veg Spring Rolls! It was the perfect appetizer to get us started.
1274,1274,O01275,09-06-2024,11:30,C0253,Kaif Sayyad,43,Onion Uttapam,Vegetarian,4,? 160.00, ? 640.00 , ? 112.00 ,? 192.00,The Onion Uttapam is a great choice for vegetarians. Hearty and full of flavor.
1275,1275,O01276,09-06-2024,10:30,C0033,Arahan Azam,7,Butter Chicken,Meat Special,5,? 495.00," ? 2,475.00 ", ? 349.00 ,? 730.00,A satisfying meal. The Butter Chicken was a good choice.
1276,1276,O01277,09-06-2024,17:30,C0196,Arman Taimoor,107,Paneer Shawarma,Street Food,5,? 150.00, ? 750.00 , ? 111.00 ,? 195.00,The Paneer Shawarma was excellent. Really enjoyed the meal.
1277,1277,O01278,09-06-2024,21:45,C0057,Arman Azam,35,Chole Bhature,Vegetarian,5,? 280.00," ? 1,400.00 ", ? 223.00 ,? 285.00,"It was an okay Chole Bhature, but I've had better."
1278,1278,O01279,09-06-2024,16:45,C0287,Nikhat Shaikh,56,Dal Makhani,Vegetarian,1,? 340.00, ? 340.00 , ? 269.00 ,? 71.00,The Dal Makhani is a great choice for vegetarians. Hearty and full of flavor.
1279,1279,O01280,09-06-2024,15:15,C0292,Arahan Taimoor,70,Hot & Sour Soup (Chicken),Starter,2,? 200.00, ? 400.00 , ? 159.00 ,? 82.00,It was an average Hot & Sour Soup (Chicken).
1280,1280,O01281,09-06-2024,18:00,C0234,Moh Saad Faruqi,71,Sweet Corn Soup (Veg),Starter,5,? 140.00, ? 700.00 , ? 108.00 ,? 160.00,Absolutely loved the Sweet Corn Soup (Veg)! It was the perfect appetizer to get us started.
1281,1281,O01282,09-06-2024,20:45,C0246,Aariz Raes,131,Avocado Toast,Breakfast,1,? 150.00, ? 150.00 , ? 111.00 ,? 39.00,A satisfying meal. The Avocado Toast was a good choice.
1282,1282,O01283,09-06-2024,12:00,C0153,Nikhat Malik,46,Kadai Paneer,Vegetarian,5,? 360.00," ? 1,800.00 ", ? 275.00 ,? 425.00,The vegetables in the Kadai Paneer seemed overcooked.
1283,1283,O01284,09-06-2024,21:45,C0009,Shamsher Khan,127,Mutton Seekh Kebab Roll,Snacks,2,? 170.00, ? 340.00 , ? 132.00 ,? 76.00,A satisfying meal. The Mutton Seekh Kebab Roll was a good choice.
1284,1284,O01285,09-06-2024,21:30,C0150,Aman Ali,101,Veggie Sub,Sandwiches,2,? 150.00, ? 300.00 , ? 105.00 ,? 90.00,The Veggie Sub was fine.
1285,1285,O01286,10-06-2024,11:30,C0242,Arahan Mujawar,111,Egg Sandwich,Sandwiches,4,? 110.00, ? 440.00 , ? 80.00 ,? 120.00,A satisfying meal. The Egg Sandwich was a good choice.
1286,1286,O01287,10-06-2024,20:00,C0091,Aasin Nadaf,127,Mutton Seekh Kebab Roll,Snacks,3,? 170.00, ? 510.00 , ? 132.00 ,? 114.00,It was an average Mutton Seekh Kebab Roll.
1287,1287,O01288,10-06-2024,18:15,C0184,Kaif Sayyad,83,Malai Kofta,Main Course,4,? 340.00," ? 1,360.00 ", ? 249.00 ,? 364.00,A satisfying meal. The Malai Kofta was a good choice.
1288,1288,O01289,10-06-2024,12:15,C0197,Arahan Ali,55,Vegetable Korma,Vegetarian,4,? 320.00," ? 1,280.00 ", ? 243.00 ,? 308.00,Loved the Vegetable Korma! It was a delightful and well-prepared vegetarian meal.
1289,1289,O01290,10-06-2024,11:45,C0170,Sher Shikalkar,96,Club Sandwich,Sandwiches,4,? 160.00, ? 640.00 , ? 119.00 ,? 164.00,The Club Sandwich was not what I expected.
1290,1290,O01291,10-06-2024,16:45,C0295,Sultan Taimoor,32,Fish Curry,Non-Veg Main,1,? 400.00, ? 400.00 , ? 286.00 ,? 114.00,The Fish Curry was cooked to perfection. The spices were spot on!
1291,1291,O01292,10-06-2024,19:00,C0159,Arman Taimoor,38,Mutton Biryani,Rice & Noodles,1,? 480.00, ? 480.00 , ? 340.00 ,? 140.00,The Mutton Biryani was excellent. Really enjoyed the meal.
1292,1292,O01293,10-06-2024,22:45,C0129,Sher Taimoor,91,Chana Masala,Main Course,2,? 260.00, ? 520.00 , ? 185.00 ,? 150.00,The Chana Masala was excellent. Really enjoyed the meal.
1293,1293,O01294,10-06-2024,20:45,C0156,Arman Faruqi,50,Jeera Rice,Rice & Noodles,4,? 180.00, ? 720.00 , ? 129.00 ,? 204.00,The Jeera Rice was excellent. Really enjoyed the meal.
1294,1294,O01295,10-06-2024,19:30,C0074,Moh Saad Malik,73,Veg Clear Soup,Starter,3,? 120.00, ? 360.00 , ? 84.00 ,? 108.00,The Veg Clear Soup was simply delicious and fresh. Highly recommended!
1295,1295,O01296,10-06-2024,14:15,C0102,Aasifa Taimoor,107,Paneer Shawarma,Street Food,1,? 150.00, ? 150.00 , ? 111.00 ,? 39.00,The Paneer Shawarma was fine.
1296,1296,O01297,10-06-2024,10:00,C0052,Shahrukh Sayyad,91,Chana Masala,Main Course,1,? 260.00, ? 260.00 , ? 185.00 ,? 75.00,Great food! The Chana Masala was delicious and well-prepared.
1297,1297,O01298,11-06-2024,13:15,C0078,Arahan Shaikh,39,Masala Dosa,Vegetarian,3,? 180.00, ? 540.00 , ? 138.00 ,? 126.00,The Masala Dosa was a decent vegetarian option.
1298,1298,O01299,11-06-2024,21:45,C0132,Sultan Momin,32,Fish Curry,Non-Veg Main,1,? 400.00, ? 400.00 , ? 286.00 ,? 114.00,A truly authentic and flavorful Fish Curry. It was very satisfying.
1299,1299,O01300,11-06-2024,19:30,C0240,Sultan Ali,115,Chicken Kathi Roll,Street Food,4,? 160.00, ? 640.00 , ? 112.00 ,? 192.00,A satisfying meal. The Chicken Kathi Roll was a good choice.
1300,1300,O01301,11-06-2024,20:00,C0289,Aasin Malik,93,Matar Paneer,Main Course,3,? 340.00," ? 1,020.00 ", ? 263.00 ,? 231.00,It was an average Matar Paneer.
1301,1301,O01302,11-06-2024,15:30,C0274,Moh Saad Sayyad,86,Non-Veg Thali,Meal Combo,3,? 440.00," ? 1,320.00 ", ? 322.00 ,? 354.00,The Non-Veg Thali was excellent. Really enjoyed the meal.
1302,1302,O01303,11-06-2024,14:30,C0286,Sher Malik,10,Pepperoni Pizza,Pizza,4,? 368.00," ? 1,472.00 ", ? 283.00 ,? 340.00,A satisfying meal. The Pepperoni Pizza was a good choice.
1303,1303,O01304,11-06-2024,14:15,C0196,Arman Taimoor,43,Onion Uttapam,Vegetarian,3,? 160.00, ? 480.00 , ? 112.00 ,? 144.00,The vegetables in the Onion Uttapam seemed overcooked.
1304,1304,O01305,11-06-2024,18:45,C0187,Aasin Nadaf,78,Fried Momos (Veg),Starter,2,? 200.00, ? 400.00 , ? 141.00 ,? 118.00,The Fried Momos (Veg) was simply delicious and fresh. Highly recommended!
1305,1305,O01306,12-06-2024,13:15,C0138,Wahaj Taimoor,88,Vada Pav,Snack,5,? 120.00, ? 600.00 , ? 91.00 ,? 145.00,The Vada Pav was excellent. Really enjoyed the meal.
1306,1306,O01307,12-06-2024,12:00,C0034,Anis Raes,59,Veg Manchurian,Starter,2,? 240.00, ? 480.00 , ? 169.00 ,? 142.00,Absolutely loved the Veg Manchurian! It was the perfect appetizer to get us started.
1307,1307,O01308,12-06-2024,10:30,C0140,Imran Taimoor,113,Aloo Parantha,Breads,4,? 80.00, ? 320.00 , ? 63.00 ,? 68.00,A satisfying meal. The Aloo Parantha was a good choice.
1308,1308,O01309,12-06-2024,14:30,C0208,Dua Momin,112,Paneer Parantha,Breads,1,? 90.00, ? 90.00 , ? 64.00 ,? 26.00,The Paneer Parantha was excellent. Really enjoyed the meal.
1309,1309,O01310,12-06-2024,14:30,C0122,Aakib Nadaf,39,Masala Dosa,Vegetarian,4,? 180.00, ? 720.00 , ? 138.00 ,? 168.00,A wholesome and delicious Masala Dosa. The vegetables were so fresh!
1310,1310,O01311,12-06-2024,12:15,C0250,Isharat Azam,103,Paneer Frankie,Street Food,5,? 130.00, ? 650.00 , ? 95.00 ,? 175.00,A satisfying meal. The Paneer Frankie was a good choice.
1311,1311,O01312,12-06-2024,18:30,C0145,Imran Khan,28,Caesar Salad,Salad,4,? 280.00," ? 1,120.00 ", ? 210.00 ,? 280.00,Great food! The Caesar Salad was delicious and well-prepared.
1312,1312,O01313,12-06-2024,16:15,C0265,Aasin Ali,94,Butter Naan,Breads,3,? 60.00, ? 180.00 , ? 45.00 ,? 45.00,It was an average Butter Naan.
1313,1313,O01314,12-06-2024,18:30,C0131,Aasin Ali,94,Butter Naan,Breads,2,? 60.00, ? 120.00 , ? 45.00 ,? 30.00,Great food! The Butter Naan was delicious and well-prepared.
1314,1314,O01315,12-06-2024,17:45,C0113,Ayeza Momin,106,Chicken Burger,Fast Food,2,? 160.00, ? 320.00 , ? 115.00 ,? 90.00,Great food! The Chicken Burger was delicious and well-prepared.
1315,1315,O01316,12-06-2024,22:15,C0172,Ayeza Shaikh,38,Mutton Biryani,Rice & Noodles,3,? 480.00," ? 1,440.00 ", ? 340.00 ,? 420.00,It was an average Mutton Biryani.
1316,1316,O01317,13-06-2024,16:00,C0030,Sher Mujawar,106,Chicken Burger,Fast Food,1,? 160.00, ? 160.00 , ? 115.00 ,? 45.00,A satisfying meal. The Chicken Burger was a good choice.
1317,1317,O01318,13-06-2024,19:30,C0298,Aasin Malik,77,Paneer Momos,Starter,5,? 200.00," ? 1,000.00 ", ? 155.00 ,? 225.00,The Paneer Momos was a fantastic start to our meal! Perfectly crispy.
1318,1318,O01319,13-06-2024,19:30,C0278,Sultan Shikalkar,86,Non-Veg Thali,Meal Combo,3,? 440.00," ? 1,320.00 ", ? 322.00 ,? 354.00,The Non-Veg Thali met my expectations.
1319,1319,O01320,13-06-2024,17:45,C0033,Arahan Azam,63,Chili Paneer,Starter,2,? 280.00, ? 560.00 , ? 219.00 ,? 122.00,The Chili Paneer was simply delicious and fresh. Highly recommended!
1320,1320,O01321,13-06-2024,19:00,C0103,Aasiya Faruqi,112,Paneer Parantha,Breads,2,? 90.00, ? 180.00 , ? 64.00 ,? 52.00,The Paneer Parantha was excellent. Really enjoyed the meal.
1321,1321,O01322,13-06-2024,16:45,C0033,Arahan Azam,60,Chicken Manchurian,Starter,2,? 280.00, ? 560.00 , ? 205.00 ,? 150.00,Absolutely loved the Chicken Manchurian! It was the perfect appetizer to get us started.
1322,1322,O01323,13-06-2024,16:45,C0101,Aariz Malik,112,Paneer Parantha,Breads,2,? 90.00, ? 180.00 , ? 64.00 ,? 52.00,I was not a fan of the Paneer Parantha.
1323,1323,O01324,13-06-2024,16:00,C0140,Imran Taimoor,109,Cheese Sandwich,Sandwiches,2,? 100.00, ? 200.00 , ? 72.00 ,? 56.00,The Cheese Sandwich was excellent. Really enjoyed the meal.
1324,1324,O01325,13-06-2024,21:45,C0216,Sultan Khan,49,Aloo Gobi,Vegetarian,5,? 220.00," ? 1,100.00 ", ? 166.00 ,? 270.00,The Aloo Gobi was as expected.
1325,1325,O01326,13-06-2024,15:00,C0298,Aasin Malik,95,Garlic Naan,Breads,2,? 70.00, ? 140.00 , ? 54.00 ,? 32.00,Great food! The Garlic Naan was delicious and well-prepared.
1326,1326,O01327,13-06-2024,20:00,C0030,Sher Mujawar,17,French Fries,Starter,3,? 120.00, ? 360.00 , ? 87.00 ,? 99.00,The French Fries was okay. It was a standard appetizer.
1327,1327,O01328,14-06-2024,19:00,C0279,Arman Taimoor,32,Fish Curry,Non-Veg Main,5,? 400.00," ? 2,000.00 ", ? 286.00 ,? 570.00,The Fish Curry was too spicy for me to handle.
1328,1328,O01329,14-06-2024,11:45,C0234,Moh Saad Faruqi,6,Grilled Salmon,Ocean Meal,1,? 500.00, ? 500.00 , ? 357.00 ,? 143.00,The Grilled Salmon was excellent. Really enjoyed the meal.
1329,1329,O01330,14-06-2024,12:45,C0121,Rihan Mujawar,20,Veg Fried Rice,Rice & Noodles,4,? 200.00, ? 800.00 , ? 145.00 ,? 220.00,The Veg Fried Rice met my expectations.
1330,1330,O01331,14-06-2024,21:45,C0032,Ayeza Mujawar,40,Idli Sambar,Vegetarian,5,? 160.00, ? 800.00 , ? 119.00 ,? 205.00,The Idli Sambar is a great choice for vegetarians. Hearty and full of flavor.
1331,1331,O01332,14-06-2024,15:15,C0011,Aasiya Ali,83,Malai Kofta,Main Course,3,? 340.00," ? 1,020.00 ", ? 249.00 ,? 273.00,I was not a fan of the Malai Kofta.
1332,1332,O01333,14-06-2024,19:00,C0328,Isharat Khan,117,Egg Mayo Sandwich,Snacks,1,? 85.00, ? 85.00 , ? 66.00 ,? 19.00,A satisfying meal. The Egg Mayo Sandwich was a good choice.
1333,1333,O01334,15-06-2024,15:15,C0126,Aakib Momin,42,Medu Vada,Vegetarian,5,? 150.00, ? 750.00 , ? 112.00 ,? 190.00,The Medu Vada is a great choice for vegetarians. Hearty and full of flavor.
1334,1334,O01335,15-06-2024,20:15,C0295,Sultan Taimoor,8,Paneer Butter Masala,Vegetarian,2,? 380.00, ? 760.00 , ? 298.00 ,? 164.00,A wholesome and delicious Paneer Butter Masala. The vegetables were so fresh!
1335,1335,O01336,15-06-2024,15:30,C0175,Aasiya Momin,115,Chicken Kathi Roll,Street Food,1,? 160.00, ? 160.00 , ? 112.00 ,? 48.00,The Chicken Kathi Roll was excellent. Really enjoyed the meal.
1336,1336,O01337,15-06-2024,20:00,C0085,Aasifa Azam,81,Biryani (Veg),Rice,5,? 320.00," ? 1,600.00 ", ? 251.00 ,? 345.00,The Biryani (Veg) could have been better.
1337,1337,O01338,15-06-2024,19:30,C0233,Moh Saad Nadaf,17,French Fries,Starter,4,? 120.00, ? 480.00 , ? 87.00 ,? 132.00,The French Fries was simply delicious and fresh. Highly recommended!
1338,1338,O01339,15-06-2024,13:30,C0058,Danish Nadaf,81,Biryani (Veg),Rice,5,? 320.00," ? 1,600.00 ", ? 251.00 ,? 345.00,Great food! The Biryani (Veg) was delicious and well-prepared.
1339,1339,O01340,16-06-2024,13:15,C0082,Isharat Nadaf,121,Cheese Garlic Bread,Breads,5,? 110.00, ? 550.00 , ? 85.00 ,? 125.00,Great food! The Cheese Garlic Bread was delicious and well-prepared.
1340,1340,O01341,16-06-2024,17:00,C0059,Aman Momin,9,Palak Paneer,Vegetarian,2,? 360.00, ? 720.00 , ? 273.00 ,? 174.00,The Palak Paneer is a great choice for vegetarians. Hearty and full of flavor.
1341,1341,O01342,16-06-2024,20:00,C0190,Rihan Raes,20,Veg Fried Rice,Rice & Noodles,4,? 200.00, ? 800.00 , ? 145.00 ,? 220.00,The Veg Fried Rice was not what I expected.
1342,1342,O01343,16-06-2024,12:00,C0015,Kaif Taimoor,7,Butter Chicken,Meat Special,5,? 495.00," ? 2,475.00 ", ? 349.00 ,? 730.00,Great food! The Butter Chicken was delicious and well-prepared.
1343,1343,O01344,16-06-2024,16:30,C0232,Aariz Raes,12,Veggie Burger,Burger,5,? 250.00," ? 1,250.00 ", ? 199.00 ,? 255.00,The Veggie Burger was not what I expected.
1344,1344,O01345,16-06-2024,11:45,C0030,Sher Mujawar,78,Fried Momos (Veg),Starter,2,? 200.00, ? 400.00 , ? 141.00 ,? 118.00,It was an average Fried Momos (Veg).
1345,1345,O01346,16-06-2024,13:30,C0084,Imran Momin,74,Chicken Clear Soup,Starter,3,? 160.00, ? 480.00 , ? 125.00 ,? 105.00,The Chicken Clear Soup was cold when it arrived at our table.
1346,1346,O01347,16-06-2024,20:15,C0033,Arahan Azam,31,Mutton Rogan Josh,Non-Veg Main,1,? 520.00, ? 520.00 , ? 395.00 ,? 125.00,The Mutton Rogan Josh was cooked to perfection. The spices were spot on!
1347,1347,O01348,16-06-2024,11:45,C0045,Arman Shaikh,122,Falafel Wrap,Snacks,1,? 130.00, ? 130.00 , ? 102.00 ,? 28.00,Great food! The Falafel Wrap was delicious and well-prepared.
1348,1348,O01349,17-06-2024,14:30,C0104,Sultan Nadaf,119,Veg Paneer Wrap,Snacks,1,? 95.00, ? 95.00 , ? 74.00 ,? 21.00,The Veg Paneer Wrap could have been better.
1349,1349,O01350,17-06-2024,21:15,C0166,Nikhat Taimoor,37,Biryani Veg,Rice & Noodles,2,? 320.00, ? 640.00 , ? 233.00 ,? 174.00,The Biryani Veg was excellent. Really enjoyed the meal.
1350,1350,O01351,17-06-2024,17:45,C0108,Arman Azam,80,Tandoori Momos,Starter,2,? 260.00, ? 520.00 , ? 185.00 ,? 150.00,Absolutely loved the Tandoori Momos! It was the perfect appetizer to get us started.
1351,1351,O01352,17-06-2024,19:15,C0050,Dua Sayyad,3,Chicken Soup,Starter,5,? 220.00," ? 1,100.00 ", ? 170.00 ,? 250.00,The Chicken Soup was okay. It was a standard appetizer.
1352,1352,O01353,17-06-2024,19:15,C0097,Isharat Taimoor,20,Veg Fried Rice,Rice & Noodles,3,? 200.00, ? 600.00 , ? 145.00 ,? 165.00,The Veg Fried Rice was excellent. Really enjoyed the meal.
1353,1353,O01354,17-06-2024,21:15,C0046,Nikhat Taimoor,29,Greek Salad,Salad,3,? 260.00, ? 780.00 , ? 197.00 ,? 189.00,A satisfying meal. The Greek Salad was a good choice.
1354,1354,O01355,17-06-2024,15:00,C0152,Dua Sayyad,49,Aloo Gobi,Vegetarian,5,? 220.00," ? 1,100.00 ", ? 166.00 ,? 270.00,Loved the Aloo Gobi! It was a delightful and well-prepared vegetarian meal.
1355,1355,O01356,17-06-2024,21:45,C0231,Danish Momin,78,Fried Momos (Veg),Starter,4,? 200.00, ? 800.00 , ? 141.00 ,? 236.00,"The Fried Momos (Veg) was decent, but nothing special."
1356,1356,O01357,17-06-2024,12:15,C0097,Isharat Taimoor,130,Veggie Delight Sub,Snacks,2,? 120.00, ? 240.00 , ? 90.00 ,? 60.00,The Veggie Delight Sub met my expectations.
1357,1357,O01358,17-06-2024,21:00,C0168,Isharat Shikalkar,67,Veg Schezwan Noodles,Rice & Noodles,1,? 240.00, ? 240.00 , ? 171.00 ,? 69.00,The Veg Schezwan Noodles was fine.
1358,1358,O01359,17-06-2024,20:00,C0180,Isharat Shikalkar,93,Matar Paneer,Main Course,2,? 340.00, ? 680.00 , ? 263.00 ,? 154.00,It was an average Matar Paneer.
1359,1359,O01360,17-06-2024,17:15,C0086,Sher Momin,121,Cheese Garlic Bread,Breads,1,? 110.00, ? 110.00 , ? 85.00 ,? 25.00,Great food! The Cheese Garlic Bread was delicious and well-prepared.
1360,1360,O01361,17-06-2024,16:45,C0240,Sultan Ali,121,Cheese Garlic Bread,Breads,1,? 110.00, ? 110.00 , ? 85.00 ,? 25.00,Great food! The Cheese Garlic Bread was delicious and well-prepared.
1361,1361,O01362,17-06-2024,11:00,C0144,Aasifa Mujawar,18,Veg Hakka Noodles,Rice & Noodles,5,? 220.00," ? 1,100.00 ", ? 165.00 ,? 275.00,The Veg Hakka Noodles was excellent. Really enjoyed the meal.
1362,1362,O01363,17-06-2024,19:45,C0250,Isharat Azam,1,Tomato Soup,Starter,4,? 180.00, ? 720.00 , ? 132.00 ,? 192.00,The Tomato Soup was a fantastic start to our meal! Perfectly crispy.
1363,1363,O01364,18-06-2024,12:45,C0079,Shahrukh Faruqi,37,Biryani Veg,Rice & Noodles,2,? 320.00, ? 640.00 , ? 233.00 ,? 174.00,The Biryani Veg was not what I expected.
1364,1364,O01365,18-06-2024,12:30,C0140,Imran Taimoor,84,Seekh Kebab,Starter,4,? 400.00," ? 1,600.00 ", ? 282.00 ,? 472.00,The Seekh Kebab was simply delicious and fresh. Highly recommended!
1365,1365,O01366,18-06-2024,10:45,C0169,Anis Taimoor,4,Chicken Biryani,Rice Meal,5,? 440.00," ? 2,200.00 ", ? 334.00 ,? 530.00,The Chicken Biryani could have been better.
1366,1366,O01367,18-06-2024,22:45,C0249,Aasiya Mujawar,114,Veg Frankie Roll,Snacks,4,? 80.00, ? 320.00 , ? 62.00 ,? 72.00,I was not a fan of the Veg Frankie Roll.
1367,1367,O01368,18-06-2024,17:00,C0245,Wahaj Taimoor,44,Hyderabadi Haleem,Non-Veg Main,3,? 500.00," ? 1,500.00 ", ? 395.00 ,? 315.00,The Hyderabadi Haleem was cooked to perfection. The spices were spot on!
1368,1368,O01369,18-06-2024,15:00,C0220,Rihan Mujawar,109,Cheese Sandwich,Sandwiches,1,? 100.00, ? 100.00 , ? 72.00 ,? 28.00,The Cheese Sandwich was fine.
1369,1369,O01370,18-06-2024,17:15,C0001,Moh Saad Azam,20,Veg Fried Rice,Rice & Noodles,3,? 200.00, ? 600.00 , ? 145.00 ,? 165.00,The Veg Fried Rice was not what I expected.
1370,1370,O01371,18-06-2024,19:45,C0156,Arman Faruqi,39,Masala Dosa,Vegetarian,1,? 180.00, ? 180.00 , ? 138.00 ,? 42.00,Loved the Masala Dosa! It was a delightful and well-prepared vegetarian meal.
1371,1371,O01372,18-06-2024,21:00,C0167,Abdul Rahim Momin,60,Chicken Manchurian,Starter,4,? 280.00," ? 1,120.00 ", ? 205.00 ,? 300.00,Absolutely loved the Chicken Manchurian! It was the perfect appetizer to get us started.
1372,1372,O01373,18-06-2024,15:00,C0237,Aman Azam,112,Paneer Parantha,Breads,2,? 90.00, ? 180.00 , ? 64.00 ,? 52.00,Great food! The Paneer Parantha was delicious and well-prepared.
1373,1373,O01374,18-06-2024,16:15,C0119,Shahrukh Azam,60,Chicken Manchurian,Starter,5,? 280.00," ? 1,400.00 ", ? 205.00 ,? 375.00,It was an average Chicken Manchurian.
1374,1374,O01375,18-06-2024,15:15,C0038,Moh Saad Malik,34,Rajma Chawal,Vegetarian,1,? 300.00, ? 300.00 , ? 238.00 ,? 62.00,Loved the Rajma Chawal! It was a delightful and well-prepared vegetarian meal.
1375,1375,O01376,18-06-2024,11:30,C0260,Danish Ali,101,Veggie Sub,Sandwiches,3,? 150.00, ? 450.00 , ? 105.00 ,? 135.00,The Veggie Sub was not what I expected.
1376,1376,O01377,19-06-2024,16:45,C0143,Sultan Mujawar,30,Shahi Paneer,Vegetarian,5,? 400.00," ? 2,000.00 ", ? 281.00 ,? 595.00,Loved the Shahi Paneer! It was a delightful and well-prepared vegetarian meal.
1377,1377,O01378,19-06-2024,19:45,C0205,Rihan Taimoor,132,Club Chicken Sandwich,Snacks,3,? 140.00, ? 420.00 , ? 101.00 ,? 117.00,Great food! The Club Chicken Sandwich was delicious and well-prepared.
1378,1378,O01379,19-06-2024,21:30,C0248,Shahrukh Raes,19,Chicken Hakka Noodles,Rice & Noodles,1,? 260.00, ? 260.00 , ? 193.00 ,? 67.00,A satisfying meal. The Chicken Hakka Noodles was a good choice.
1379,1379,O01380,19-06-2024,12:30,C0280,Dua Faruqi,9,Palak Paneer,Vegetarian,4,? 360.00," ? 1,440.00 ", ? 273.00 ,? 348.00,A wholesome and delicious Palak Paneer. The vegetables were so fresh!
1380,1380,O01381,19-06-2024,17:15,C0326,Aman Sayyad,7,Butter Chicken,Meat Special,1,? 495.00, ? 495.00 , ? 349.00 ,? 146.00,The Butter Chicken could have been better.
1381,1381,O01382,19-06-2024,15:15,C0193,Anis Nadaf,25,Spring Rolls,Starter,2,? 220.00, ? 440.00 , ? 164.00 ,? 112.00,The Spring Rolls was a bit too oily for my liking.
1382,1382,O01383,19-06-2024,13:45,C0122,Aakib Nadaf,45,Egg Curry,Non-Veg Main,1,? 280.00, ? 280.00 , ? 203.00 ,? 77.00,The Egg Curry was satisfactory.
1383,1383,O01384,19-06-2024,11:45,C0229,Aasin Khan,116,Paneer Bhurji Sandwich,Snacks,5,? 75.00, ? 375.00 , ? 59.00 ,? 80.00,Great food! The Paneer Bhurji Sandwich was delicious and well-prepared.
1384,1384,O01385,19-06-2024,10:30,C0074,Moh Saad Malik,52,Chicken Tikka Masala,Non-Veg Main,5,? 480.00," ? 2,400.00 ", ? 373.00 ,? 535.00,A truly authentic and flavorful Chicken Tikka Masala. It was very satisfying.
1385,1385,O01386,19-06-2024,10:15,C0230,Arman Azam,86,Non-Veg Thali,Meal Combo,4,? 440.00," ? 1,760.00 ", ? 322.00 ,? 472.00,A satisfying meal. The Non-Veg Thali was a good choice.
1386,1386,O01387,20-06-2024,15:45,C0205,Rihan Taimoor,42,Medu Vada,Vegetarian,1,? 150.00, ? 150.00 , ? 112.00 ,? 38.00,I found the Medu Vada to be a bit watery.
1387,1387,O01388,20-06-2024,19:00,C0075,Rihan Raes,6,Grilled Salmon,Ocean Meal,4,? 500.00," ? 2,000.00 ", ? 357.00 ,? 572.00,The Grilled Salmon was excellent. Really enjoyed the meal.
1388,1388,O01389,20-06-2024,15:00,C0119,Shahrukh Azam,11,Margherita Pizza,Pizza,5,? 330.00," ? 1,650.00 ", ? 231.00 ,? 495.00,The Margherita Pizza was excellent. Really enjoyed the meal.
1389,1389,O01390,20-06-2024,10:45,C0015,Kaif Taimoor,111,Egg Sandwich,Sandwiches,3,? 110.00, ? 330.00 , ? 80.00 ,? 90.00,Great food! The Egg Sandwich was delicious and well-prepared.
1390,1390,O01391,20-06-2024,15:15,C0309,Arman Faruqi,17,French Fries,Starter,1,? 120.00, ? 120.00 , ? 87.00 ,? 33.00,The French Fries was a bit too oily for my liking.
1391,1391,O01392,20-06-2024,15:45,C0037,Wahaj Malik,127,Mutton Seekh Kebab Roll,Snacks,2,? 170.00, ? 340.00 , ? 132.00 ,? 76.00,The Mutton Seekh Kebab Roll was fine.
1392,1392,O01393,20-06-2024,16:45,C0284,Sher Shaikh,103,Paneer Frankie,Street Food,2,? 130.00, ? 260.00 , ? 95.00 ,? 70.00,A satisfying meal. The Paneer Frankie was a good choice.
1393,1393,O01394,20-06-2024,22:45,C0032,Ayeza Mujawar,7,Butter Chicken,Meat Special,4,? 495.00," ? 1,980.00 ", ? 349.00 ,? 584.00,The Butter Chicken was not what I expected.
1394,1394,O01395,20-06-2024,19:45,C0033,Arahan Azam,51,Tandoori Chicken,Non-Veg Main,1,? 460.00, ? 460.00 , ? 366.00 ,? 94.00,The Tandoori Chicken was the highlight of our meal. Absolutely delicious!
1395,1395,O01396,20-06-2024,22:15,C0003,Danish Malik,83,Malai Kofta,Main Course,3,? 340.00," ? 1,020.00 ", ? 249.00 ,? 273.00,The Malai Kofta met my expectations.
1396,1396,O01397,20-06-2024,14:00,C0119,Shahrukh Azam,35,Chole Bhature,Vegetarian,4,? 280.00," ? 1,120.00 ", ? 223.00 ,? 228.00,The Chole Bhature was as expected.
1397,1397,O01398,21-06-2024,20:30,C0322,Aasin Malik,83,Malai Kofta,Main Course,4,? 340.00," ? 1,360.00 ", ? 249.00 ,? 364.00,A satisfying meal. The Malai Kofta was a good choice.
1398,1398,O01399,21-06-2024,12:30,C0277,Shamsher Faruqi,93,Matar Paneer,Main Course,4,? 340.00," ? 1,360.00 ", ? 263.00 ,? 308.00,A satisfying meal. The Matar Paneer was a good choice.
1399,1399,O01400,21-06-2024,12:30,C0282,Nikhat Khan,94,Butter Naan,Breads,3,? 60.00, ? 180.00 , ? 45.00 ,? 45.00,A satisfying meal. The Butter Naan was a good choice.
1400,1400,O01401,21-06-2024,21:00,C0076,Dua Shikalkar,128,Paneer Tandoori Wrap,Snacks,1,? 120.00, ? 120.00 , ? 94.00 ,? 26.00,The Paneer Tandoori Wrap was not what I expected.
1401,1401,O01402,21-06-2024,15:30,C0054,Shamsher Ali,95,Garlic Naan,Breads,4,? 70.00, ? 280.00 , ? 54.00 ,? 64.00,The Garlic Naan was not what I expected.
1402,1402,O01403,21-06-2024,18:00,C0162,Shamsher Mujawar,23,Chicken Tikka,Starter,1,? 320.00, ? 320.00 , ? 233.00 ,? 87.00,The Chicken Tikka was a fantastic start to our meal! Perfectly crispy.
1403,1403,O01404,21-06-2024,17:15,C0081,Ayeza Raes,4,Chicken Biryani,Rice Meal,3,? 440.00," ? 1,320.00 ", ? 334.00 ,? 318.00,It was an average Chicken Biryani.
1404,1404,O01405,21-06-2024,16:30,C0249,Aasiya Mujawar,115,Chicken Kathi Roll,Street Food,3,? 160.00, ? 480.00 , ? 112.00 ,? 144.00,Great food! The Chicken Kathi Roll was delicious and well-prepared.
1405,1405,O01406,22-06-2024,12:30,C0051,Dua Khan,13,Gulab Jamun,Dessert,1,? 150.00, ? 150.00 , ? 117.00 ,? 33.00,The Gulab Jamun was excellent. Really enjoyed the meal.
1406,1406,O01407,22-06-2024,17:15,C0025,Aasifa Khan,113,Aloo Parantha,Breads,1,? 80.00, ? 80.00 , ? 63.00 ,? 17.00,A satisfying meal. The Aloo Parantha was a good choice.
1407,1407,O01408,22-06-2024,13:45,C0112,Shahrukh Sayyad,61,Veg Spring Rolls,Starter,2,? 220.00, ? 440.00 , ? 162.00 ,? 116.00,The Veg Spring Rolls was simply delicious and fresh. Highly recommended!
1408,1408,O01409,22-06-2024,10:45,C0047,Rihan Sayyad,19,Chicken Hakka Noodles,Rice & Noodles,3,? 260.00, ? 780.00 , ? 193.00 ,? 201.00,The Chicken Hakka Noodles was excellent. Really enjoyed the meal.
1409,1409,O01410,22-06-2024,14:30,C0240,Sultan Ali,10,Pepperoni Pizza,Pizza,5,? 368.00," ? 1,840.00 ", ? 283.00 ,? 425.00,The Pepperoni Pizza could have been better.
1410,1410,O01411,22-06-2024,12:15,C0180,Isharat Shikalkar,23,Chicken Tikka,Starter,1,? 320.00, ? 320.00 , ? 233.00 ,? 87.00,Absolutely loved the Chicken Tikka! It was the perfect appetizer to get us started.
1411,1411,O01412,22-06-2024,10:45,C0206,Aariz Faruqi,15,Tiramisu,Dessert,5,? 280.00," ? 1,400.00 ", ? 201.00 ,? 395.00,The Tiramisu was excellent. Really enjoyed the meal.
1412,1412,O01413,22-06-2024,11:45,C0285,Ayeza Raes,61,Veg Spring Rolls,Starter,3,? 220.00, ? 660.00 , ? 162.00 ,? 174.00,Absolutely loved the Veg Spring Rolls! It was the perfect appetizer to get us started.
1413,1413,O01414,22-06-2024,17:15,C0116,Arman Khan,111,Egg Sandwich,Sandwiches,2,? 110.00, ? 220.00 , ? 80.00 ,? 60.00,The Egg Sandwich was not what I expected.
1414,1414,O01415,22-06-2024,10:15,C0206,Aariz Faruqi,76,Chicken Momos,Starter,2,? 220.00, ? 440.00 , ? 170.00 ,? 100.00,Wasn't very impressed with the Chicken Momos. It lacked flavor.
1415,1415,O01416,22-06-2024,16:30,C0296,Aariz Sayyad,6,Grilled Salmon,Ocean Meal,4,? 500.00," ? 2,000.00 ", ? 357.00 ,? 572.00,A satisfying meal. The Grilled Salmon was a good choice.
1416,1416,O01417,22-06-2024,15:45,C0192,Danish Faruqi,90,Pani Puri,Snack,3,? 100.00, ? 300.00 , ? 74.00 ,? 78.00,A satisfying meal. The Pani Puri was a good choice.
1417,1417,O01418,22-06-2024,18:30,C0275,Arman Khan,53,Veg Pulao,Rice & Noodles,3,? 240.00, ? 720.00 , ? 190.00 ,? 150.00,I was not a fan of the Veg Pulao.
1418,1418,O01419,22-06-2024,13:15,C0024,Aman Momin,13,Gulab Jamun,Dessert,5,? 150.00, ? 750.00 , ? 117.00 ,? 165.00,Great food! The Gulab Jamun was delicious and well-prepared.
1419,1419,O01420,23-06-2024,18:30,C0264,Abdul Rahim Mujawar,16,Ice Cream Sundae,Dessert,4,? 200.00, ? 800.00 , ? 143.00 ,? 228.00,A satisfying meal. The Ice Cream Sundae was a good choice.
1420,1420,O01421,23-06-2024,15:15,C0288,Anis Shikalkar,81,Biryani (Veg),Rice,1,? 320.00, ? 320.00 , ? 251.00 ,? 69.00,A satisfying meal. The Biryani (Veg) was a good choice.
1421,1421,O01422,23-06-2024,16:00,C0253,Kaif Sayyad,92,Kadhi Pakora,Main Course,4,? 300.00," ? 1,200.00 ", ? 231.00 ,? 276.00,The Kadhi Pakora was fine.
1422,1422,O01423,23-06-2024,12:30,C0052,Shahrukh Sayyad,57,Prawn Masala,Non-Veg Main,2,? 460.00, ? 920.00 , ? 326.00 ,? 268.00,The Prawn Masala was the highlight of our meal. Absolutely delicious!
1423,1423,O01424,23-06-2024,16:15,C0167,Abdul Rahim Momin,18,Veg Hakka Noodles,Rice & Noodles,3,? 220.00, ? 660.00 , ? 165.00 ,? 165.00,Great food! The Veg Hakka Noodles was delicious and well-prepared.
1424,1424,O01425,23-06-2024,13:45,C0008,Dua Sayyad,83,Malai Kofta,Main Course,4,? 340.00," ? 1,360.00 ", ? 249.00 ,? 364.00,The Malai Kofta was not what I expected.
1425,1425,O01426,23-06-2024,16:15,C0028,Aakib Faruqi,97,Grilled Cheese Sandwich,Sandwiches,5,? 120.00, ? 600.00 , ? 90.00 ,? 150.00,Great food! The Grilled Cheese Sandwich was delicious and well-prepared.
1426,1426,O01427,23-06-2024,12:15,C0317,Rihan Azam,96,Club Sandwich,Sandwiches,5,? 160.00, ? 800.00 , ? 119.00 ,? 205.00,I was not a fan of the Club Sandwich.
1427,1427,O01428,23-06-2024,19:00,C0135,Danish Azam,32,Fish Curry,Non-Veg Main,1,? 400.00, ? 400.00 , ? 286.00 ,? 114.00,Felt that the Fish Curry was overpriced for its quality.
1428,1428,O01429,23-06-2024,17:30,C0231,Danish Momin,45,Egg Curry,Non-Veg Main,2,? 280.00, ? 560.00 , ? 203.00 ,? 154.00,The Egg Curry was cooked to perfection. The spices were spot on!
1429,1429,O01430,24-06-2024,17:30,C0165,Dua Sayyad,72,Sweet Corn Soup (Chicken),Starter,1,? 180.00, ? 180.00 , ? 129.00 ,? 51.00,The Sweet Corn Soup (Chicken) was a fantastic start to our meal! Perfectly crispy.
1430,1430,O01431,24-06-2024,22:15,C0099,Aariz Faruqi,66,Schezwan Chicken Fried Rice,Rice & Noodles,4,? 280.00," ? 1,120.00 ", ? 211.00 ,? 276.00,The Schezwan Chicken Fried Rice was excellent. Really enjoyed the meal.
1431,1431,O01432,24-06-2024,21:15,C0196,Arman Taimoor,71,Sweet Corn Soup (Veg),Starter,5,? 140.00, ? 700.00 , ? 108.00 ,? 160.00,Wasn't very impressed with the Sweet Corn Soup (Veg). It lacked flavor.
1432,1432,O01433,24-06-2024,11:45,C0217,Nikhat Mujawar,90,Pani Puri,Snack,4,? 100.00, ? 400.00 , ? 74.00 ,? 104.00,I was not a fan of the Pani Puri.
1433,1433,O01434,24-06-2024,18:15,C0035,Aasifa Shaikh,110,Paneer Sandwich,Sandwiches,1,? 120.00, ? 120.00 , ? 84.00 ,? 36.00,Great food! The Paneer Sandwich was delicious and well-prepared.
1434,1434,O01435,24-06-2024,21:45,C0170,Sher Shikalkar,107,Paneer Shawarma,Street Food,4,? 150.00, ? 600.00 , ? 111.00 ,? 156.00,The Paneer Shawarma was not what I expected.
1435,1435,O01436,24-06-2024,21:15,C0007,Aman Taimoor,106,Chicken Burger,Fast Food,3,? 160.00, ? 480.00 , ? 115.00 ,? 135.00,A satisfying meal. The Chicken Burger was a good choice.
1436,1436,O01437,24-06-2024,11:15,C0124,Arahan Shaikh,127,Mutton Seekh Kebab Roll,Snacks,1,? 170.00, ? 170.00 , ? 132.00 ,? 38.00,The Mutton Seekh Kebab Roll met my expectations.
1437,1437,O01438,24-06-2024,13:45,C0316,Shamsher Mujawar,15,Tiramisu,Dessert,4,? 280.00," ? 1,120.00 ", ? 201.00 ,? 316.00,Great food! The Tiramisu was delicious and well-prepared.
1438,1438,O01439,24-06-2024,19:30,C0068,Abdul Rahim Shaikh,63,Chili Paneer,Starter,5,? 280.00," ? 1,400.00 ", ? 219.00 ,? 305.00,The Chili Paneer was a fantastic start to our meal! Perfectly crispy.
1439,1439,O01440,24-06-2024,16:30,C0217,Nikhat Mujawar,97,Grilled Cheese Sandwich,Sandwiches,4,? 120.00, ? 480.00 , ? 90.00 ,? 120.00,I was not a fan of the Grilled Cheese Sandwich.
1440,1440,O01441,24-06-2024,13:45,C0078,Arahan Shaikh,109,Cheese Sandwich,Sandwiches,1,? 100.00, ? 100.00 , ? 72.00 ,? 28.00,The Cheese Sandwich was not what I expected.
1441,1441,O01442,24-06-2024,11:00,C0062,Ayeza Nadaf,54,Egg Biryani,Rice & Noodles,2,? 340.00, ? 680.00 , ? 268.00 ,? 144.00,The Egg Biryani was excellent. Really enjoyed the meal.
1442,1442,O01443,24-06-2024,15:30,C0222,Arman Ali,79,Fried Momos (Chicken),Starter,2,? 240.00, ? 480.00 , ? 176.00 ,? 128.00,The Fried Momos (Chicken) was simply delicious and fresh. Highly recommended!
1443,1443,O01444,24-06-2024,16:30,C0182,Rihan Shaikh,98,Paneer Kathi Roll,Street Food,1,? 140.00, ? 140.00 , ? 103.00 ,? 37.00,I was not a fan of the Paneer Kathi Roll.
1444,1444,O01445,25-06-2024,17:00,C0160,Shahrukh Malik,80,Tandoori Momos,Starter,5,? 260.00," ? 1,300.00 ", ? 185.00 ,? 375.00,The Tandoori Momos was simply delicious and fresh. Highly recommended!
1445,1445,O01446,25-06-2024,17:45,C0271,Aasiya Mujawar,36,Pav Bhaji,Vegetarian,3,? 220.00, ? 660.00 , ? 171.00 ,? 147.00,The Pav Bhaji was as expected.
1446,1446,O01447,25-06-2024,21:00,C0085,Aasifa Azam,58,Crab Curry,Non-Veg Main,5,? 520.00," ? 2,600.00 ", ? 374.00 ,? 730.00,The Crab Curry was alright. It was cooked well but the flavor was average.
1447,1447,O01448,25-06-2024,16:30,C0095,Aakib Azam,41,Vada Sambar,Vegetarian,1,? 170.00, ? 170.00 , ? 121.00 ,? 49.00,The Vada Sambar was a decent vegetarian option.
1448,1448,O01449,25-06-2024,20:45,C0039,Aasifa Shaikh,113,Aloo Parantha,Breads,4,? 80.00, ? 320.00 , ? 63.00 ,? 68.00,The Aloo Parantha was fine.
1449,1449,O01450,26-06-2024,15:15,C0194,Isharat Momin,109,Cheese Sandwich,Sandwiches,3,? 100.00, ? 300.00 , ? 72.00 ,? 84.00,The Cheese Sandwich was excellent. Really enjoyed the meal.
1450,1450,O01451,26-06-2024,21:45,C0147,Danish Khan,16,Ice Cream Sundae,Dessert,1,? 200.00, ? 200.00 , ? 143.00 ,? 57.00,Great food! The Ice Cream Sundae was delicious and well-prepared.
1451,1451,O01452,26-06-2024,10:15,C0129,Sher Taimoor,103,Paneer Frankie,Street Food,2,? 130.00, ? 260.00 , ? 95.00 ,? 70.00,The Paneer Frankie was excellent. Really enjoyed the meal.
1452,1452,O01453,26-06-2024,10:45,C0068,Abdul Rahim Shaikh,24,Samosa,Starter,1,? 100.00, ? 100.00 , ? 73.00 ,? 27.00,"The Samosa was decent, but nothing special."
1453,1453,O01454,26-06-2024,22:45,C0014,Arman Faruqi,86,Non-Veg Thali,Meal Combo,3,? 440.00," ? 1,320.00 ", ? 322.00 ,? 354.00,Great food! The Non-Veg Thali was delicious and well-prepared.
1454,1454,O01455,26-06-2024,22:15,C0122,Aakib Nadaf,66,Schezwan Chicken Fried Rice,Rice & Noodles,1,? 280.00, ? 280.00 , ? 211.00 ,? 69.00,Great food! The Schezwan Chicken Fried Rice was delicious and well-prepared.
1455,1455,O01456,26-06-2024,12:15,C0069,Aasin Khan,82,Fish Curry (Goan),Main Course,5,? 380.00," ? 1,900.00 ", ? 289.00 ,? 455.00,I was not a fan of the Fish Curry (Goan).
1456,1456,O01457,26-06-2024,14:30,C0048,Abdul Rahim Malik,123,Chicken Caesar Wrap,Snacks,4,? 150.00, ? 600.00 , ? 109.00 ,? 164.00,A satisfying meal. The Chicken Caesar Wrap was a good choice.
1457,1457,O01458,26-06-2024,22:45,C0034,Anis Raes,81,Biryani (Veg),Rice,4,? 320.00," ? 1,280.00 ", ? 251.00 ,? 276.00,The Biryani (Veg) met my expectations.
1458,1458,O01459,26-06-2024,10:00,C0324,Aasifa Faruqi,7,Butter Chicken,Meat Special,5,? 495.00," ? 2,475.00 ", ? 349.00 ,? 730.00,It was an average Butter Chicken.
1459,1459,O01460,26-06-2024,21:15,C0048,Abdul Rahim Malik,131,Avocado Toast,Breakfast,3,? 150.00, ? 450.00 , ? 111.00 ,? 117.00,A satisfying meal. The Avocado Toast was a good choice.
1460,1460,O01461,26-06-2024,17:45,C0028,Aakib Faruqi,101,Veggie Sub,Sandwiches,2,? 150.00, ? 300.00 , ? 105.00 ,? 90.00,A satisfying meal. The Veggie Sub was a good choice.
1461,1461,O01462,26-06-2024,10:15,C0038,Moh Saad Malik,127,Mutton Seekh Kebab Roll,Snacks,4,? 170.00, ? 680.00 , ? 132.00 ,? 152.00,A satisfying meal. The Mutton Seekh Kebab Roll was a good choice.
1462,1462,O01463,27-06-2024,15:45,C0047,Rihan Sayyad,71,Sweet Corn Soup (Veg),Starter,1,? 140.00, ? 140.00 , ? 108.00 ,? 32.00,Wasn't very impressed with the Sweet Corn Soup (Veg). It lacked flavor.
1463,1463,O01464,27-06-2024,17:30,C0215,Ayeza Faruqi,12,Veggie Burger,Burger,3,? 250.00, ? 750.00 , ? 199.00 ,? 153.00,Great food! The Veggie Burger was delicious and well-prepared.
1464,1464,O01465,27-06-2024,18:45,C0299,Aakib Shaikh,128,Paneer Tandoori Wrap,Snacks,4,? 120.00, ? 480.00 , ? 94.00 ,? 104.00,Great food! The Paneer Tandoori Wrap was delicious and well-prepared.
1465,1465,O01466,27-06-2024,14:00,C0312,Danish Khan,109,Cheese Sandwich,Sandwiches,4,? 100.00, ? 400.00 , ? 72.00 ,? 112.00,It was an average Cheese Sandwich.
1466,1466,O01467,27-06-2024,17:30,C0006,Imran Taimoor,73,Veg Clear Soup,Starter,3,? 120.00, ? 360.00 , ? 84.00 ,? 108.00,Absolutely loved the Veg Clear Soup! It was the perfect appetizer to get us started.
1467,1467,O01468,27-06-2024,20:45,C0185,Nikhat Shikalkar,42,Medu Vada,Vegetarian,5,? 150.00, ? 750.00 , ? 112.00 ,? 190.00,A wholesome and delicious Medu Vada. The vegetables were so fresh!
1468,1468,O01469,27-06-2024,12:15,C0301,Sher Taimoor,131,Avocado Toast,Breakfast,3,? 150.00, ? 450.00 , ? 111.00 ,? 117.00,The Avocado Toast was excellent. Really enjoyed the meal.
1469,1469,O01470,27-06-2024,20:00,C0179,Arman Malik,109,Cheese Sandwich,Sandwiches,1,? 100.00, ? 100.00 , ? 72.00 ,? 28.00,The Cheese Sandwich was fine.
1470,1470,O01471,27-06-2024,22:30,C0312,Danish Khan,9,Palak Paneer,Vegetarian,2,? 360.00, ? 720.00 , ? 273.00 ,? 174.00,The vegetables in the Palak Paneer seemed overcooked.
1471,1471,O01472,27-06-2024,22:30,C0305,Aasin Faruqi,75,Veg Momos,Starter,3,? 180.00, ? 540.00 , ? 138.00 ,? 126.00,The Veg Momos was a bit too oily for my liking.
1472,1472,O01473,27-06-2024,14:15,C0201,Sher Sayyad,85,Veg Thali,Meal Combo,3,? 360.00," ? 1,080.00 ", ? 263.00 ,? 291.00,I was not a fan of the Veg Thali.
1473,1473,O01474,28-06-2024,18:15,C0218,Danish Khan,79,Fried Momos (Chicken),Starter,2,? 240.00, ? 480.00 , ? 176.00 ,? 128.00,The Fried Momos (Chicken) was a fantastic start to our meal! Perfectly crispy.
1474,1474,O01475,28-06-2024,18:00,C0142,Abdul Rahim Nadaf,92,Kadhi Pakora,Main Course,5,? 300.00," ? 1,500.00 ", ? 231.00 ,? 345.00,A satisfying meal. The Kadhi Pakora was a good choice.
1475,1475,O01476,28-06-2024,12:30,C0015,Kaif Taimoor,125,BBQ Chicken Pizza Sandwich,Snacks,1,? 160.00, ? 160.00 , ? 115.00 ,? 45.00,A satisfying meal. The BBQ Chicken Pizza Sandwich was a good choice.
1476,1476,O01477,28-06-2024,22:30,C0275,Arman Khan,106,Chicken Burger,Fast Food,1,? 160.00, ? 160.00 , ? 115.00 ,? 45.00,Great food! The Chicken Burger was delicious and well-prepared.
1477,1477,O01478,28-06-2024,16:30,C0124,Arahan Shaikh,95,Garlic Naan,Breads,5,? 70.00, ? 350.00 , ? 54.00 ,? 80.00,The Garlic Naan was excellent. Really enjoyed the meal.
1478,1478,O01479,28-06-2024,21:30,C0310,Ayeza Faruqi,55,Vegetable Korma,Vegetarian,3,? 320.00, ? 960.00 , ? 243.00 ,? 231.00,The vegetables in the Vegetable Korma seemed overcooked.
1479,1479,O01480,28-06-2024,19:30,C0130,Aakib Shikalkar,132,Club Chicken Sandwich,Snacks,3,? 140.00, ? 420.00 , ? 101.00 ,? 117.00,The Club Chicken Sandwich was excellent. Really enjoyed the meal.
1480,1480,O01481,28-06-2024,11:15,C0071,Arman Azam,38,Mutton Biryani,Rice Meal,4,? 490.00," ? 1,960.00 ", ? 350.00 ,? 560.00,Great food! The Mutton Biryani was delicious and well-prepared.
1481,1481,O01482,29-06-2024,19:00,C0044,Shamsher Mujawar,66,Schezwan Chicken Fried Rice,Rice & Noodles,2,? 280.00, ? 560.00 , ? 211.00 ,? 138.00,I was not a fan of the Schezwan Chicken Fried Rice.
1482,1482,O01483,29-06-2024,15:00,C0012,Abdul Rahim Malik,75,Veg Momos,Starter,3,? 180.00, ? 540.00 , ? 138.00 ,? 126.00,Absolutely loved the Veg Momos! It was the perfect appetizer to get us started.
1483,1483,O01484,29-06-2024,10:30,C0139,Arman Khan,121,Cheese Garlic Bread,Breads,2,? 110.00, ? 220.00 , ? 85.00 ,? 50.00,A satisfying meal. The Cheese Garlic Bread was a good choice.
1484,1484,O01485,29-06-2024,14:30,C0195,Aasin Malik,103,Paneer Frankie,Street Food,1,? 130.00, ? 130.00 , ? 95.00 ,? 35.00,The Paneer Frankie was fine.
1485,1485,O01486,29-06-2024,16:00,C0275,Arman Khan,27,Pasta Arrabbiata,Continental,5,? 300.00," ? 1,500.00 ", ? 215.00 ,? 425.00,It was an average Pasta Arrabbiata.
1486,1486,O01487,29-06-2024,18:00,C0291,Aman Faruqi,94,Butter Naan,Breads,2,? 60.00, ? 120.00 , ? 45.00 ,? 30.00,The Butter Naan was fine.
1487,1487,O01488,29-06-2024,10:45,C0306,Arman Malik,1,Tomato Soup,Starter,4,? 180.00, ? 720.00 , ? 132.00 ,? 192.00,Absolutely loved the Tomato Soup! It was the perfect appetizer to get us started.
1488,1488,O01489,29-06-2024,22:15,C0057,Arman Azam,6,Grilled Salmon,Ocean Meal,3,? 500.00," ? 1,500.00 ", ? 357.00 ,? 429.00,The Grilled Salmon met my expectations.
1489,1489,O01490,30-06-2024,10:00,C0029,Rihan Sayyad,56,Dal Makhani,Vegetarian,1,? 340.00, ? 340.00 , ? 269.00 ,? 71.00,The vegetables in the Dal Makhani seemed overcooked.
1490,1490,O01491,30-06-2024,20:15,C0248,Shahrukh Raes,103,Paneer Frankie,Street Food,3,? 130.00, ? 390.00 , ? 95.00 ,? 105.00,Great food! The Paneer Frankie was delicious and well-prepared.
1491,1491,O01492,30-06-2024,14:30,C0254,Sultan Ali,45,Egg Curry,Non-Veg Main,3,? 280.00, ? 840.00 , ? 203.00 ,? 231.00,The Egg Curry was cooked to perfection. The spices were spot on!
1492,1492,O01493,30-06-2024,21:15,C0138,Wahaj Taimoor,63,Chili Paneer,Starter,4,? 280.00," ? 1,120.00 ", ? 219.00 ,? 244.00,The Chili Paneer was okay. It was a standard appetizer.
1493,1493,O01494,30-06-2024,12:30,C0282,Nikhat Khan,36,Pav Bhaji,Vegetarian,1,? 220.00, ? 220.00 , ? 171.00 ,? 49.00,Loved the Pav Bhaji! It was a delightful and well-prepared vegetarian meal.
1494,1494,O01495,30-06-2024,22:00,C0300,Dua Azam,93,Matar Paneer,Main Course,1,? 340.00, ? 340.00 , ? 263.00 ,? 77.00,The Matar Paneer was not what I expected.
1495,1495,O01496,30-06-2024,19:15,C0005,Aasin Azam,70,Hot & Sour Soup (Chicken),Starter,5,? 200.00," ? 1,000.00 ", ? 159.00 ,? 205.00,The Hot & Sour Soup (Chicken) was cold when it arrived at our table.
1496,1496,O01497,30-06-2024,21:45,C0062,Ayeza Nadaf,59,Veg Manchurian,Starter,1,? 240.00, ? 240.00 , ? 169.00 ,? 71.00,"The Veg Manchurian was decent, but nothing special."
1497,1497,O01498,30-06-2024,13:00,C0183,Imran Mujawar,81,Biryani (Veg),Rice,4,? 320.00," ? 1,280.00 ", ? 251.00 ,? 276.00,Great food! The Biryani (Veg) was delicious and well-prepared.
1498,1498,O01499,30-06-2024,14:30,C0303,Dua Momin,11,Margherita Pizza,Pizza,3,? 330.00, ? 990.00 , ? 231.00 ,? 297.00,The Margherita Pizza met my expectations.
1499,1499,O01500,30-06-2024,16:45,C0316,Shamsher Mujawar,74,Chicken Clear Soup,Starter,4,? 160.00, ? 640.00 , ? 125.00 ,? 140.00,The Chicken Clear Soup was a bit too oily for my liking.
1500,1500,O01501,30-06-2024,10:00,C0005,Aasin Azam,118,Tuna Melt Sandwich,Snacks,4,? 140.00, ? 560.00 , ? 100.00 ,? 160.00,The Tuna Melt Sandwich was excellent. Really enjoyed the meal.
1501,1501,O01502,30-06-2024,13:00,C0278,Sultan Shikalkar,35,Chole Bhature,Vegetarian,2,? 280.00, ? 560.00 , ? 223.00 ,? 114.00,The Chole Bhature was a decent vegetarian option.
1502,1502,O01503,30-06-2024,20:45,C0066,Abdul Rahim Mujawar,18,Veg Hakka Noodles,Rice & Noodles,2,? 220.00, ? 440.00 , ? 165.00 ,? 110.00,The Veg Hakka Noodles met my expectations.
1503,1503,O01504,30-06-2024,19:00,C0049,Aman Khan,87,Uttapam,South Indian,3,? 220.00, ? 660.00 , ? 170.00 ,? 150.00,Great food! The Uttapam was delicious and well-prepared.
1504,1504,O01505,30-06-2024,14:00,C0305,Aasin Faruqi,65,Schezwan Fried Rice,Rice & Noodles,2,? 220.00, ? 440.00 , ? 160.00 ,? 120.00,The Schezwan Fried Rice met my expectations.
1505,1505,O01506,30-06-2024,21:45,C0008,Dua Sayyad,91,Chana Masala,Main Course,1,? 260.00, ? 260.00 , ? 185.00 ,? 75.00,A satisfying meal. The Chana Masala was a good choice.
1506,1506,O01507,30-06-2024,11:00,C0106,Aasin Mujawar,49,Aloo Gobi,Vegetarian,5,? 220.00," ? 1,100.00 ", ? 166.00 ,? 270.00,The Aloo Gobi was a decent vegetarian option.
1507,1507,O01508,30-06-2024,13:00,C0083,Isharat Mujawar,10,Pepperoni Pizza,Pizza,2,? 368.00, ? 736.00 , ? 283.00 ,? 170.00,I was not a fan of the Pepperoni Pizza.
1508,1508,O01509,30-06-2024,19:15,C0192,Danish Faruqi,36,Pav Bhaji,Vegetarian,5,? 220.00," ? 1,100.00 ", ? 171.00 ,? 245.00,"It was an okay Pav Bhaji, but I've had better."
1509,1509,O01510,30-06-2024,22:15,C0045,Arman Shaikh,1,Tomato Soup,Starter,2,? 180.00, ? 360.00 , ? 132.00 ,? 96.00,The Tomato Soup was a bit too oily for my liking.
1510,1510,O01511,01-07-2024,16:15,C0226,Aman Taimoor,113,Aloo Parantha,Breads,5,? 80.00, ? 400.00 , ? 63.00 ,? 85.00,The Aloo Parantha could have been better.
1511,1511,O01512,01-07-2024,11:15,C0277,Shamsher Faruqi,73,Veg Clear Soup,Starter,4,? 120.00, ? 480.00 , ? 84.00 ,? 144.00,It was an average Veg Clear Soup.
1512,1512,O01513,01-07-2024,17:15,C0146,Sultan Sayyad,17,French Fries,Starter,2,? 120.00, ? 240.00 , ? 87.00 ,? 66.00,The French Fries was a bit too oily for my liking.
1513,1513,O01514,01-07-2024,17:00,C0021,Moh Saad Shaikh,86,Non-Veg Thali,Meal Combo,1,? 440.00, ? 440.00 , ? 322.00 ,? 118.00,A satisfying meal. The Non-Veg Thali was a good choice.
1514,1514,O01515,01-07-2024,19:30,C0049,Aman Khan,48,Baingan Bharta,Vegetarian,1,? 260.00, ? 260.00 , ? 195.00 ,? 65.00,The Baingan Bharta was bland and needed more seasoning.
1515,1515,O01516,01-07-2024,15:30,C0224,Nikhat Mujawar,102,Chicken Sub,Sandwiches,2,? 180.00, ? 360.00 , ? 137.00 ,? 86.00,The Chicken Sub was not what I expected.
1516,1516,O01517,01-07-2024,20:45,C0091,Aasin Nadaf,50,Jeera Rice,Rice & Noodles,2,? 180.00, ? 360.00 , ? 129.00 ,? 102.00,I was not a fan of the Jeera Rice.
1517,1517,O01518,01-07-2024,12:45,C0097,Isharat Taimoor,95,Garlic Naan,Breads,3,? 70.00, ? 210.00 , ? 54.00 ,? 48.00,The Garlic Naan met my expectations.
1518,1518,O01519,01-07-2024,19:00,C0139,Arman Khan,92,Kadhi Pakora,Main Course,5,? 300.00," ? 1,500.00 ", ? 231.00 ,? 345.00,The Kadhi Pakora was excellent. Really enjoyed the meal.
1519,1519,O01520,01-07-2024,12:00,C0016,Dua Khan,61,Veg Spring Rolls,Starter,1,? 220.00, ? 220.00 , ? 162.00 ,? 58.00,The Veg Spring Rolls was okay. It was a standard appetizer.
1520,1520,O01521,01-07-2024,10:30,C0033,Arahan Azam,62,Chicken Spring Rolls,Starter,1,? 260.00, ? 260.00 , ? 189.00 ,? 71.00,The Chicken Spring Rolls was simply delicious and fresh. Highly recommended!
1521,1521,O01522,01-07-2024,11:15,C0276,Wahaj Faruqi,69,Hot & Sour Soup (Veg),Starter,5,? 160.00, ? 800.00 , ? 113.00 ,? 235.00,The Hot & Sour Soup (Veg) was a fantastic start to our meal! Perfectly crispy.
1522,1522,O01523,01-07-2024,19:00,C0196,Arman Taimoor,87,Uttapam,South Indian,1,? 220.00, ? 220.00 , ? 170.00 ,? 50.00,The Uttapam was fine.
1523,1523,O01524,01-07-2024,22:30,C0003,Danish Malik,112,Paneer Parantha,Breads,5,? 90.00, ? 450.00 , ? 64.00 ,? 130.00,Great food! The Paneer Parantha was delicious and well-prepared.
1524,1524,O01525,01-07-2024,21:00,C0031,Rihan Momin,9,Palak Paneer,Vegetarian,2,? 360.00, ? 720.00 , ? 273.00 ,? 174.00,A wholesome and delicious Palak Paneer. The vegetables were so fresh!
1525,1525,O01526,01-07-2024,11:00,C0051,Dua Khan,16,Ice Cream Sundae,Dessert,2,? 200.00, ? 400.00 , ? 143.00 ,? 114.00,The Ice Cream Sundae could have been better.
1526,1526,O01527,01-07-2024,13:15,C0225,Arman Faruqi,66,Schezwan Chicken Fried Rice,Rice & Noodles,1,? 280.00, ? 280.00 , ? 211.00 ,? 69.00,The Schezwan Chicken Fried Rice was not what I expected.
1527,1527,O01528,01-07-2024,13:30,C0113,Ayeza Momin,59,Veg Manchurian,Starter,5,? 240.00," ? 1,200.00 ", ? 169.00 ,? 355.00,The Veg Manchurian was a bit too oily for my liking.
1528,1528,O01529,01-07-2024,14:45,C0270,Isharat Malik,79,Fried Momos (Chicken),Starter,4,? 240.00, ? 960.00 , ? 176.00 ,? 256.00,The Fried Momos (Chicken) was a fantastic start to our meal! Perfectly crispy.
1529,1529,O01530,02-07-2024,11:15,C0138,Wahaj Taimoor,65,Schezwan Fried Rice,Rice & Noodles,4,? 220.00, ? 880.00 , ? 160.00 ,? 240.00,Great food! The Schezwan Fried Rice was delicious and well-prepared.
1530,1530,O01531,02-07-2024,16:00,C0054,Shamsher Ali,69,Hot & Sour Soup (Veg),Starter,5,? 160.00, ? 800.00 , ? 113.00 ,? 235.00,It was an average Hot & Sour Soup (Veg).
1531,1531,O01532,02-07-2024,17:45,C0030,Sher Mujawar,128,Paneer Tandoori Wrap,Snacks,3,? 120.00, ? 360.00 , ? 94.00 ,? 78.00,The Paneer Tandoori Wrap met my expectations.
1532,1532,O01533,02-07-2024,13:30,C0296,Aariz Sayyad,55,Vegetable Korma,Vegetarian,4,? 320.00," ? 1,280.00 ", ? 243.00 ,? 308.00,Loved the Vegetable Korma! It was a delightful and well-prepared vegetarian meal.
1533,1533,O01534,02-07-2024,12:00,C0010,Kaif Azam,82,Fish Curry (Goan),Main Course,3,? 380.00," ? 1,140.00 ", ? 289.00 ,? 273.00,The Fish Curry (Goan) was not what I expected.
1534,1534,O01535,02-07-2024,12:45,C0059,Aman Momin,91,Chana Masala,Main Course,1,? 260.00, ? 260.00 , ? 185.00 ,? 75.00,Great food! The Chana Masala was delicious and well-prepared.
1535,1535,O01536,02-07-2024,19:45,C0315,Imran Shaikh,90,Pani Puri,Snack,4,? 100.00, ? 400.00 , ? 74.00 ,? 104.00,The Pani Puri could have been better.
1536,1536,O01537,03-07-2024,15:45,C0095,Aakib Azam,121,Cheese Garlic Bread,Breads,2,? 110.00, ? 220.00 , ? 85.00 ,? 50.00,Great food! The Cheese Garlic Bread was delicious and well-prepared.
1537,1537,O01538,03-07-2024,12:30,C0016,Dua Khan,24,Samosa,Starter,3,? 100.00, ? 300.00 , ? 73.00 ,? 81.00,"The Samosa was decent, but nothing special."
1538,1538,O01539,03-07-2024,10:45,C0329,Wahaj Sayyad,122,Falafel Wrap,Snacks,2,? 130.00, ? 260.00 , ? 102.00 ,? 56.00,Great food! The Falafel Wrap was delicious and well-prepared.
1539,1539,O01540,03-07-2024,21:15,C0239,Arman Momin,53,Veg Pulao,Rice & Noodles,5,? 240.00," ? 1,200.00 ", ? 190.00 ,? 250.00,A satisfying meal. The Veg Pulao was a good choice.
1540,1540,O01541,03-07-2024,17:00,C0240,Sultan Ali,2,Mushroom Soup,Starter,1,? 200.00, ? 200.00 , ? 159.00 ,? 41.00,Wasn't very impressed with the Mushroom Soup. It lacked flavor.
1541,1541,O01542,03-07-2024,16:45,C0136,Anis Taimoor,62,Chicken Spring Rolls,Starter,2,? 260.00, ? 520.00 , ? 189.00 ,? 142.00,Absolutely loved the Chicken Spring Rolls! It was the perfect appetizer to get us started.
1542,1542,O01543,03-07-2024,17:30,C0029,Rihan Sayyad,2,Mushroom Soup,Starter,3,? 200.00, ? 600.00 , ? 159.00 ,? 123.00,The Mushroom Soup was a fantastic start to our meal! Perfectly crispy.
1543,1543,O01544,03-07-2024,16:15,C0329,Wahaj Sayyad,20,Veg Fried Rice,Rice & Noodles,1,? 200.00, ? 200.00 , ? 145.00 ,? 55.00,Great food! The Veg Fried Rice was delicious and well-prepared.
1544,1544,O01545,04-07-2024,11:15,C0326,Aman Sayyad,109,Cheese Sandwich,Sandwiches,3,? 100.00, ? 300.00 , ? 72.00 ,? 84.00,The Cheese Sandwich was not what I expected.
1545,1545,O01546,04-07-2024,10:00,C0317,Rihan Azam,122,Falafel Wrap,Snacks,3,? 130.00, ? 390.00 , ? 102.00 ,? 84.00,A satisfying meal. The Falafel Wrap was a good choice.
1546,1546,O01547,04-07-2024,20:30,C0110,Danish Momin,82,Fish Curry (Goan),Main Course,5,? 380.00," ? 1,900.00 ", ? 289.00 ,? 455.00,The Fish Curry (Goan) was fine.
1547,1547,O01548,04-07-2024,13:15,C0294,Isharat Sayyad,27,Pasta Arrabbiata,Continental,2,? 300.00, ? 600.00 , ? 215.00 ,? 170.00,The Pasta Arrabbiata was excellent. Really enjoyed the meal.
1548,1548,O01549,04-07-2024,20:30,C0113,Ayeza Momin,111,Egg Sandwich,Sandwiches,4,? 110.00, ? 440.00 , ? 80.00 ,? 120.00,The Egg Sandwich was excellent. Really enjoyed the meal.
1549,1549,O01550,04-07-2024,18:30,C0247,Shahrukh Sayyad,35,Chole Bhature,Vegetarian,1,? 280.00, ? 280.00 , ? 223.00 ,? 57.00,Loved the Chole Bhature! It was a delightful and well-prepared vegetarian meal.
1550,1550,O01551,04-07-2024,10:00,C0283,Shahrukh Sayyad,70,Hot & Sour Soup (Chicken),Starter,5,? 200.00," ? 1,000.00 ", ? 159.00 ,? 205.00,Absolutely loved the Hot & Sour Soup (Chicken)! It was the perfect appetizer to get us started.
1551,1551,O01552,04-07-2024,21:15,C0218,Danish Khan,28,Caesar Salad,Salad,3,? 280.00, ? 840.00 , ? 210.00 ,? 210.00,Great food! The Caesar Salad was delicious and well-prepared.
1552,1552,O01553,04-07-2024,19:15,C0018,Sher Shikalkar,74,Chicken Clear Soup,Starter,3,? 160.00, ? 480.00 , ? 125.00 ,? 105.00,The Chicken Clear Soup was simply delicious and fresh. Highly recommended!
1553,1553,O01554,04-07-2024,14:00,C0114,Imran Faruqi,29,Greek Salad,Salad,1,? 260.00, ? 260.00 , ? 197.00 ,? 63.00,Great food! The Greek Salad was delicious and well-prepared.
1554,1554,O01555,04-07-2024,22:15,C0077,Shahrukh Momin,21,Chicken Fried Rice,Rice & Noodles,2,? 240.00, ? 480.00 , ? 182.00 ,? 116.00,The Chicken Fried Rice met my expectations.
1555,1555,O01556,04-07-2024,17:00,C0188,Sher Raes,70,Hot & Sour Soup (Chicken),Starter,2,? 200.00, ? 400.00 , ? 159.00 ,? 82.00,The Hot & Sour Soup (Chicken) was a fantastic start to our meal! Perfectly crispy.
1556,1556,O01557,05-07-2024,11:15,C0008,Dua Sayyad,109,Cheese Sandwich,Sandwiches,5,? 100.00, ? 500.00 , ? 72.00 ,? 140.00,The Cheese Sandwich met my expectations.
1557,1557,O01558,05-07-2024,13:00,C0084,Imran Momin,68,Chicken Schezwan Noodles,Rice & Noodles,4,? 280.00," ? 1,120.00 ", ? 218.00 ,? 248.00,A satisfying meal. The Chicken Schezwan Noodles was a good choice.
1558,1558,O01559,05-07-2024,15:30,C0318,Shahrukh Ali,60,Chicken Manchurian,Starter,5,? 280.00," ? 1,400.00 ", ? 205.00 ,? 375.00,"The Chicken Manchurian was decent, but nothing special."
1559,1559,O01560,05-07-2024,19:00,C0058,Danish Nadaf,123,Chicken Caesar Wrap,Snacks,4,? 150.00, ? 600.00 , ? 109.00 ,? 164.00,Great food! The Chicken Caesar Wrap was delicious and well-prepared.
1560,1560,O01561,05-07-2024,20:00,C0086,Sher Momin,87,Uttapam,South Indian,3,? 220.00, ? 660.00 , ? 170.00 ,? 150.00,The Uttapam was excellent. Really enjoyed the meal.
1561,1561,O01562,05-07-2024,12:30,C0211,Moh Saad Faruqi,131,Avocado Toast,Breakfast,5,? 150.00, ? 750.00 , ? 111.00 ,? 195.00,The Avocado Toast was not what I expected.
1562,1562,O01563,05-07-2024,13:00,C0137,Aman Raes,53,Veg Pulao,Rice & Noodles,1,? 240.00, ? 240.00 , ? 190.00 ,? 50.00,The Veg Pulao was not what I expected.
1563,1563,O01564,05-07-2024,10:15,C0222,Arman Ali,81,Biryani (Veg),Rice,1,? 320.00, ? 320.00 , ? 251.00 ,? 69.00,The Biryani (Veg) was excellent. Really enjoyed the meal.
1564,1564,O01565,05-07-2024,12:15,C0073,Moh Saad Taimoor,48,Baingan Bharta,Vegetarian,4,? 260.00," ? 1,040.00 ", ? 195.00 ,? 260.00,A wholesome and delicious Baingan Bharta. The vegetables were so fresh!
1565,1565,O01566,05-07-2024,14:00,C0135,Danish Azam,85,Veg Thali,Meal Combo,4,? 360.00," ? 1,440.00 ", ? 263.00 ,? 388.00,A satisfying meal. The Veg Thali was a good choice.
1566,1566,O01567,05-07-2024,16:15,C0141,Arahan Ali,48,Baingan Bharta,Vegetarian,4,? 260.00," ? 1,040.00 ", ? 195.00 ,? 260.00,The vegetables in the Baingan Bharta seemed overcooked.
1567,1567,O01568,05-07-2024,10:00,C0113,Ayeza Momin,12,Veggie Burger,Burger,2,? 250.00, ? 500.00 , ? 199.00 ,? 102.00,Great food! The Veggie Burger was delicious and well-prepared.
1568,1568,O01569,05-07-2024,20:30,C0149,Aariz Nadaf,86,Non-Veg Thali,Meal Combo,2,? 440.00, ? 880.00 , ? 322.00 ,? 236.00,I was not a fan of the Non-Veg Thali.
1569,1569,O01570,06-07-2024,13:15,C0031,Rihan Momin,93,Matar Paneer,Main Course,5,? 340.00," ? 1,700.00 ", ? 263.00 ,? 385.00,It was an average Matar Paneer.
1570,1570,O01571,06-07-2024,10:15,C0073,Moh Saad Taimoor,18,Veg Hakka Noodles,Rice & Noodles,1,? 220.00, ? 220.00 , ? 165.00 ,? 55.00,The Veg Hakka Noodles was excellent. Really enjoyed the meal.
1571,1571,O01572,06-07-2024,15:30,C0142,Abdul Rahim Nadaf,31,Mutton Rogan Josh,Non-Veg Main,4,? 520.00," ? 2,080.00 ", ? 395.00 ,? 500.00,The Mutton Rogan Josh was the highlight of our meal. Absolutely delicious!
1572,1572,O01573,06-07-2024,15:45,C0322,Aasin Malik,96,Club Sandwich,Sandwiches,4,? 160.00, ? 640.00 , ? 119.00 ,? 164.00,Great food! The Club Sandwich was delicious and well-prepared.
1573,1573,O01574,06-07-2024,13:00,C0248,Shahrukh Raes,35,Chole Bhature,Vegetarian,4,? 280.00," ? 1,120.00 ", ? 223.00 ,? 228.00,The Chole Bhature is a great choice for vegetarians. Hearty and full of flavor.
1574,1574,O01575,06-07-2024,15:45,C0027,Arman Faruqi,102,Chicken Sub,Sandwiches,2,? 180.00, ? 360.00 , ? 137.00 ,? 86.00,A satisfying meal. The Chicken Sub was a good choice.
1575,1575,O01576,06-07-2024,13:45,C0048,Abdul Rahim Malik,75,Veg Momos,Starter,2,? 180.00, ? 360.00 , ? 138.00 ,? 84.00,The Veg Momos was simply delicious and fresh. Highly recommended!
1576,1576,O01577,06-07-2024,19:15,C0106,Aasin Mujawar,109,Cheese Sandwich,Sandwiches,4,? 100.00, ? 400.00 , ? 72.00 ,? 112.00,Great food! The Cheese Sandwich was delicious and well-prepared.
1577,1577,O01578,06-07-2024,14:30,C0039,Aasifa Shaikh,75,Veg Momos,Starter,4,? 180.00, ? 720.00 , ? 138.00 ,? 168.00,The Veg Momos was simply delicious and fresh. Highly recommended!
1578,1578,O01579,06-07-2024,21:45,C0201,Sher Sayyad,57,Prawn Masala,Non-Veg Main,4,? 460.00," ? 1,840.00 ", ? 326.00 ,? 536.00,The Prawn Masala was cooked to perfection. The spices were spot on!
1579,1579,O01580,06-07-2024,22:00,C0030,Sher Mujawar,60,Chicken Manchurian,Starter,4,? 280.00," ? 1,120.00 ", ? 205.00 ,? 300.00,The Chicken Manchurian was cold when it arrived at our table.
1580,1580,O01581,07-07-2024,14:45,C0302,Shamsher Ali,31,Mutton Rogan Josh,Non-Veg Main,1,? 520.00, ? 520.00 , ? 395.00 ,? 125.00,The Mutton Rogan Josh was cooked to perfection. The spices were spot on!
1581,1581,O01582,07-07-2024,12:45,C0203,Isharat Sayyad,26,Pasta Alfredo,Continental,2,? 320.00, ? 640.00 , ? 249.00 ,? 142.00,The Pasta Alfredo was excellent. Really enjoyed the meal.
1582,1582,O01583,07-07-2024,20:45,C0227,Nikhat Taimoor,70,Hot & Sour Soup (Chicken),Starter,3,? 200.00, ? 600.00 , ? 159.00 ,? 123.00,The Hot & Sour Soup (Chicken) was a fantastic start to our meal! Perfectly crispy.
1583,1583,O01584,07-07-2024,19:00,C0052,Shahrukh Sayyad,88,Vada Pav,Snack,4,? 120.00, ? 480.00 , ? 91.00 ,? 116.00,The Vada Pav could have been better.
1584,1584,O01585,07-07-2024,12:00,C0218,Danish Khan,112,Paneer Parantha,Breads,5,? 90.00, ? 450.00 , ? 64.00 ,? 130.00,The Paneer Parantha was fine.
1585,1585,O01586,08-07-2024,19:30,C0240,Sultan Ali,9,Palak Paneer,Vegetarian,5,? 360.00," ? 1,800.00 ", ? 273.00 ,? 435.00,Loved the Palak Paneer! It was a delightful and well-prepared vegetarian meal.
1586,1586,O01587,08-07-2024,13:15,C0171,Aman Azam,11,Margherita Pizza,Pizza,1,? 330.00, ? 330.00 , ? 231.00 ,? 99.00,The Margherita Pizza was excellent. Really enjoyed the meal.
1587,1587,O01588,08-07-2024,12:00,C0261,Kaif Shaikh,37,Biryani Veg,Rice & Noodles,1,? 320.00, ? 320.00 , ? 233.00 ,? 87.00,A satisfying meal. The Biryani Veg was a good choice.
1588,1588,O01589,08-07-2024,14:15,C0223,Anis Sayyad,2,Mushroom Soup,Starter,2,? 200.00, ? 400.00 , ? 159.00 ,? 82.00,Absolutely loved the Mushroom Soup! It was the perfect appetizer to get us started.
1589,1589,O01590,08-07-2024,18:00,C0195,Aasin Malik,27,Pasta Arrabbiata,Continental,2,? 300.00, ? 600.00 , ? 215.00 ,? 170.00,Great food! The Pasta Arrabbiata was delicious and well-prepared.
1590,1590,O01591,08-07-2024,13:30,C0030,Sher Mujawar,132,Club Chicken Sandwich,Snacks,2,? 140.00, ? 280.00 , ? 101.00 ,? 78.00,The Club Chicken Sandwich was fine.
1591,1591,O01592,08-07-2024,18:00,C0181,Aman Khan,105,Paneer Burger,Fast Food,2,? 140.00, ? 280.00 , ? 110.00 ,? 60.00,The Paneer Burger could have been better.
1592,1592,O01593,08-07-2024,10:30,C0116,Arman Khan,57,Prawn Masala,Non-Veg Main,3,? 460.00," ? 1,380.00 ", ? 326.00 ,? 402.00,The Prawn Masala was the highlight of our meal. Absolutely delicious!
1593,1593,O01594,08-07-2024,20:15,C0270,Isharat Malik,74,Chicken Clear Soup,Starter,2,? 160.00, ? 320.00 , ? 125.00 ,? 70.00,The Chicken Clear Soup was simply delicious and fresh. Highly recommended!
1594,1594,O01595,08-07-2024,11:30,C0256,Arman Faruqi,15,Tiramisu,Dessert,2,? 280.00, ? 560.00 , ? 201.00 ,? 158.00,The Tiramisu met my expectations.
1595,1595,O01596,09-07-2024,14:00,C0244,Arahan Raes,53,Veg Pulao,Rice & Noodles,2,? 240.00, ? 480.00 , ? 190.00 ,? 100.00,A satisfying meal. The Veg Pulao was a good choice.
1596,1596,O01597,09-07-2024,20:15,C0302,Shamsher Ali,121,Cheese Garlic Bread,Breads,1,? 110.00, ? 110.00 , ? 85.00 ,? 25.00,It was an average Cheese Garlic Bread.
1597,1597,O01598,09-07-2024,22:15,C0305,Aasin Faruqi,14,Rasgulla,Dessert,2,? 140.00, ? 280.00 , ? 100.00 ,? 80.00,Great food! The Rasgulla was delicious and well-prepared.
1598,1598,O01599,09-07-2024,22:30,C0263,Sher Raes,39,Masala Dosa,Vegetarian,1,? 180.00, ? 180.00 , ? 138.00 ,? 42.00,The Masala Dosa was bland and needed more seasoning.
1599,1599,O01600,09-07-2024,16:00,C0160,Shahrukh Malik,31,Mutton Rogan Josh,Non-Veg Main,2,? 520.00," ? 1,040.00 ", ? 395.00 ,? 250.00,The meat in the Mutton Rogan Josh was a bit tough and chewy.
1600,1600,O01601,09-07-2024,20:15,C0034,Anis Raes,13,Gulab Jamun,Dessert,2,? 150.00, ? 300.00 , ? 117.00 ,? 66.00,It was an average Gulab Jamun.
1601,1601,O01602,09-07-2024,10:00,C0165,Dua Sayyad,93,Matar Paneer,Main Course,3,? 340.00," ? 1,020.00 ", ? 263.00 ,? 231.00,A satisfying meal. The Matar Paneer was a good choice.
1602,1602,O01603,09-07-2024,21:00,C0255,Shamsher Malik,10,Pepperoni Pizza,Pizza,4,? 368.00," ? 1,472.00 ", ? 283.00 ,? 340.00,The Pepperoni Pizza was excellent. Really enjoyed the meal.
1603,1603,O01604,09-07-2024,17:15,C0169,Anis Taimoor,120,Peri Peri Chicken Wings,Snacks,4,? 180.00, ? 720.00 , ? 135.00 ,? 180.00,The Peri Peri Chicken Wings met my expectations.
1604,1604,O01605,10-07-2024,15:00,C0213,Aakib Ali,46,Kadai Paneer,Vegetarian,5,? 360.00," ? 1,800.00 ", ? 275.00 ,? 425.00,The Kadai Paneer is a great choice for vegetarians. Hearty and full of flavor.
1605,1605,O01606,10-07-2024,22:15,C0199,Arman Shaikh,112,Paneer Parantha,Breads,3,? 90.00, ? 270.00 , ? 64.00 ,? 78.00,The Paneer Parantha was not what I expected.
1606,1606,O01607,10-07-2024,10:30,C0070,Aasifa Azam,39,Masala Dosa,Vegetarian,4,? 180.00, ? 720.00 , ? 138.00 ,? 168.00,The Masala Dosa is a great choice for vegetarians. Hearty and full of flavor.
1607,1607,O01608,10-07-2024,10:15,C0189,Dua Faruqi,92,Kadhi Pakora,Main Course,4,? 300.00," ? 1,200.00 ", ? 231.00 ,? 276.00,A satisfying meal. The Kadhi Pakora was a good choice.
1608,1608,O01609,10-07-2024,19:15,C0027,Arman Faruqi,34,Rajma Chawal,Vegetarian,1,? 300.00, ? 300.00 , ? 238.00 ,? 62.00,A wholesome and delicious Rajma Chawal. The vegetables were so fresh!
1609,1609,O01610,10-07-2024,18:30,C0154,Aasin Shikalkar,83,Malai Kofta,Main Course,4,? 340.00," ? 1,360.00 ", ? 249.00 ,? 364.00,A satisfying meal. The Malai Kofta was a good choice.
1610,1610,O01611,10-07-2024,16:00,C0197,Arahan Ali,71,Sweet Corn Soup (Veg),Starter,4,? 140.00, ? 560.00 , ? 108.00 ,? 128.00,Absolutely loved the Sweet Corn Soup (Veg)! It was the perfect appetizer to get us started.
1611,1611,O01612,10-07-2024,12:00,C0066,Abdul Rahim Mujawar,105,Paneer Burger,Fast Food,1,? 140.00, ? 140.00 , ? 110.00 ,? 30.00,It was an average Paneer Burger.
1612,1612,O01613,10-07-2024,18:30,C0318,Shahrukh Ali,20,Veg Fried Rice,Rice & Noodles,1,? 200.00, ? 200.00 , ? 145.00 ,? 55.00,A satisfying meal. The Veg Fried Rice was a good choice.
1613,1613,O01614,11-07-2024,10:15,C0074,Moh Saad Malik,120,Peri Peri Chicken Wings,Snacks,3,? 180.00, ? 540.00 , ? 135.00 ,? 135.00,Great food! The Peri Peri Chicken Wings was delicious and well-prepared.
1614,1614,O01615,11-07-2024,18:15,C0044,Shamsher Mujawar,95,Garlic Naan,Breads,1,? 70.00, ? 70.00 , ? 54.00 ,? 16.00,The Garlic Naan was not what I expected.
1615,1615,O01616,11-07-2024,22:00,C0257,Aman Nadaf,45,Egg Curry,Non-Veg Main,2,? 280.00, ? 560.00 , ? 203.00 ,? 154.00,Felt that the Egg Curry was overpriced for its quality.
1616,1616,O01617,11-07-2024,17:30,C0214,Nikhat Taimoor,50,Jeera Rice,Rice & Noodles,4,? 180.00, ? 720.00 , ? 129.00 ,? 204.00,It was an average Jeera Rice.
1617,1617,O01618,11-07-2024,20:15,C0242,Arahan Mujawar,69,Hot & Sour Soup (Veg),Starter,1,? 160.00, ? 160.00 , ? 113.00 ,? 47.00,The Hot & Sour Soup (Veg) was cold when it arrived at our table.
1618,1618,O01619,11-07-2024,11:30,C0007,Aman Taimoor,30,Shahi Paneer,Vegetarian,5,? 400.00," ? 2,000.00 ", ? 281.00 ,? 595.00,A wholesome and delicious Shahi Paneer. The vegetables were so fresh!
1619,1619,O01620,11-07-2024,13:30,C0285,Ayeza Raes,42,Medu Vada,Vegetarian,5,? 150.00, ? 750.00 , ? 112.00 ,? 190.00,"It was an okay Medu Vada, but I've had better."
1620,1620,O01621,12-07-2024,18:45,C0313,Aakib Shikalkar,10,Pepperoni Pizza,Pizza,5,? 368.00," ? 1,840.00 ", ? 283.00 ,? 425.00,Great food! The Pepperoni Pizza was delicious and well-prepared.
1621,1621,O01622,12-07-2024,10:30,C0145,Imran Khan,124,Grilled Veg Panini,Snacks,3,? 140.00, ? 420.00 , ? 99.00 ,? 123.00,Great food! The Grilled Veg Panini was delicious and well-prepared.
1622,1622,O01623,12-07-2024,19:45,C0259,Nikhat Malik,105,Paneer Burger,Fast Food,1,? 140.00, ? 140.00 , ? 110.00 ,? 30.00,It was an average Paneer Burger.
1623,1623,O01624,12-07-2024,18:00,C0083,Isharat Mujawar,17,French Fries,Starter,4,? 120.00, ? 480.00 , ? 87.00 ,? 132.00,The French Fries was simply delicious and fresh. Highly recommended!
1624,1624,O01625,12-07-2024,17:45,C0179,Arman Malik,42,Medu Vada,Vegetarian,2,? 150.00, ? 300.00 , ? 112.00 ,? 76.00,"It was an okay Medu Vada, but I've had better."
1625,1625,O01626,12-07-2024,21:30,C0015,Kaif Taimoor,55,Vegetable Korma,Vegetarian,3,? 320.00, ? 960.00 , ? 243.00 ,? 231.00,The Vegetable Korma was as expected.
1626,1626,O01627,12-07-2024,15:00,C0319,Sultan Raes,121,Cheese Garlic Bread,Breads,4,? 110.00, ? 440.00 , ? 85.00 ,? 100.00,It was an average Cheese Garlic Bread.
1627,1627,O01628,12-07-2024,18:15,C0033,Arahan Azam,8,Paneer Butter Masala,Vegetarian,2,? 380.00, ? 760.00 , ? 298.00 ,? 164.00,Loved the Paneer Butter Masala! It was a delightful and well-prepared vegetarian meal.
1628,1628,O01629,12-07-2024,13:45,C0030,Sher Mujawar,3,Chicken Soup,Starter,3,? 220.00, ? 660.00 , ? 170.00 ,? 150.00,The Chicken Soup was a fantastic start to our meal! Perfectly crispy.
1629,1629,O01630,12-07-2024,22:00,C0242,Arahan Mujawar,7,Butter Chicken,Meat Special,1,? 495.00, ? 495.00 , ? 349.00 ,? 146.00,Great food! The Butter Chicken was delicious and well-prepared.
1630,1630,O01631,12-07-2024,17:30,C0311,Imran Shikalkar,35,Chole Bhature,Vegetarian,5,? 280.00," ? 1,400.00 ", ? 223.00 ,? 285.00,A wholesome and delicious Chole Bhature. The vegetables were so fresh!
1631,1631,O01632,13-07-2024,21:30,C0239,Arman Momin,35,Chole Bhature,Vegetarian,2,? 280.00, ? 560.00 , ? 223.00 ,? 114.00,The Chole Bhature was bland and needed more seasoning.
1632,1632,O01633,13-07-2024,11:30,C0012,Abdul Rahim Malik,115,Chicken Kathi Roll,Street Food,5,? 160.00, ? 800.00 , ? 112.00 ,? 240.00,The Chicken Kathi Roll was excellent. Really enjoyed the meal.
1633,1633,O01634,13-07-2024,14:45,C0073,Moh Saad Taimoor,14,Rasgulla,Dessert,4,? 140.00, ? 560.00 , ? 100.00 ,? 160.00,The Rasgulla was fine.
1634,1634,O01635,13-07-2024,15:15,C0099,Aariz Faruqi,70,Hot & Sour Soup (Chicken),Starter,2,? 200.00, ? 400.00 , ? 159.00 ,? 82.00,The Hot & Sour Soup (Chicken) was cold when it arrived at our table.
1635,1635,O01636,13-07-2024,12:00,C0277,Shamsher Faruqi,115,Chicken Kathi Roll,Snacks,2,? 120.00, ? 240.00 , ? 91.00 ,? 58.00,The Chicken Kathi Roll met my expectations.
1636,1636,O01637,13-07-2024,15:30,C0024,Aman Momin,82,Fish Curry (Goan),Main Course,4,? 380.00," ? 1,520.00 ", ? 289.00 ,? 364.00,Great food! The Fish Curry (Goan) was delicious and well-prepared.
1637,1637,O01638,13-07-2024,20:45,C0172,Ayeza Shaikh,113,Aloo Parantha,Breads,4,? 80.00, ? 320.00 , ? 63.00 ,? 68.00,Great food! The Aloo Parantha was delicious and well-prepared.
1638,1638,O01639,13-07-2024,10:00,C0082,Isharat Nadaf,51,Tandoori Chicken,Non-Veg Main,1,? 460.00, ? 460.00 , ? 366.00 ,? 94.00,The Tandoori Chicken was the highlight of our meal. Absolutely delicious!
1639,1639,O01640,13-07-2024,12:45,C0328,Isharat Khan,83,Malai Kofta,Main Course,1,? 340.00, ? 340.00 , ? 249.00 ,? 91.00,The Malai Kofta was fine.
1640,1640,O01641,13-07-2024,14:45,C0041,Aakib Shaikh,8,Paneer Butter Masala,Vegetarian,5,? 380.00," ? 1,900.00 ", ? 298.00 ,? 410.00,The Paneer Butter Masala was a decent vegetarian option.
1641,1641,O01642,14-07-2024,22:30,C0058,Danish Nadaf,62,Chicken Spring Rolls,Starter,3,? 260.00, ? 780.00 , ? 189.00 ,? 213.00,Wasn't very impressed with the Chicken Spring Rolls. It lacked flavor.
1642,1642,O01643,14-07-2024,10:15,C0130,Aakib Shikalkar,4,Chicken Biryani,Rice Meal,4,? 440.00," ? 1,760.00 ", ? 334.00 ,? 424.00,I was not a fan of the Chicken Biryani.
1643,1643,O01644,14-07-2024,20:30,C0138,Wahaj Taimoor,66,Schezwan Chicken Fried Rice,Rice & Noodles,3,? 280.00, ? 840.00 , ? 211.00 ,? 207.00,The Schezwan Chicken Fried Rice was excellent. Really enjoyed the meal.
1644,1644,O01645,14-07-2024,14:15,C0220,Rihan Mujawar,127,Mutton Seekh Kebab Roll,Snacks,4,? 170.00, ? 680.00 , ? 132.00 ,? 152.00,The Mutton Seekh Kebab Roll could have been better.
1645,1645,O01646,14-07-2024,16:00,C0090,Shahrukh Khan,16,Ice Cream Sundae,Dessert,3,? 200.00, ? 600.00 , ? 143.00 ,? 171.00,Great food! The Ice Cream Sundae was delicious and well-prepared.
1646,1646,O01647,14-07-2024,18:00,C0052,Shahrukh Sayyad,124,Grilled Veg Panini,Snacks,2,? 140.00, ? 280.00 , ? 99.00 ,? 82.00,A satisfying meal. The Grilled Veg Panini was a good choice.
1647,1647,O01648,14-07-2024,11:30,C0048,Abdul Rahim Malik,115,Chicken Kathi Roll,Snacks,5,? 120.00, ? 600.00 , ? 91.00 ,? 145.00,The Chicken Kathi Roll was fine.
1648,1648,O01649,15-07-2024,22:15,C0050,Dua Sayyad,100,Veg Wrap,Sandwiches,1,? 130.00, ? 130.00 , ? 92.00 ,? 38.00,The Veg Wrap was excellent. Really enjoyed the meal.
1649,1649,O01650,15-07-2024,20:30,C0259,Nikhat Malik,126,Corn & Cheese Sandwich,Snacks,3,? 90.00, ? 270.00 , ? 66.00 ,? 72.00,The Corn & Cheese Sandwich was excellent. Really enjoyed the meal.
1650,1650,O01651,15-07-2024,12:30,C0078,Arahan Shaikh,58,Crab Curry,Non-Veg Main,5,? 520.00," ? 2,600.00 ", ? 374.00 ,? 730.00,A truly authentic and flavorful Crab Curry. It was very satisfying.
1651,1651,O01652,15-07-2024,18:45,C0179,Arman Malik,92,Kadhi Pakora,Main Course,2,? 300.00, ? 600.00 , ? 231.00 ,? 138.00,A satisfying meal. The Kadhi Pakora was a good choice.
1652,1652,O01653,15-07-2024,15:45,C0036,Sher Shikalkar,19,Chicken Hakka Noodles,Rice & Noodles,2,? 260.00, ? 520.00 , ? 193.00 ,? 134.00,Great food! The Chicken Hakka Noodles was delicious and well-prepared.
1653,1653,O01654,15-07-2024,14:00,C0278,Sultan Shikalkar,58,Crab Curry,Non-Veg Main,1,? 520.00, ? 520.00 , ? 374.00 ,? 146.00,The Crab Curry was the highlight of our meal. Absolutely delicious!
1654,1654,O01655,15-07-2024,18:30,C0180,Isharat Shikalkar,106,Chicken Burger,Fast Food,1,? 160.00, ? 160.00 , ? 115.00 ,? 45.00,I was not a fan of the Chicken Burger.
1655,1655,O01656,15-07-2024,12:00,C0238,Aakib Malik,107,Paneer Shawarma,Street Food,1,? 150.00, ? 150.00 , ? 111.00 ,? 39.00,Great food! The Paneer Shawarma was delicious and well-prepared.
1656,1656,O01657,15-07-2024,19:00,C0057,Arman Azam,12,Veggie Burger,Burger,2,? 250.00, ? 500.00 , ? 199.00 ,? 102.00,Great food! The Veggie Burger was delicious and well-prepared.
1657,1657,O01658,15-07-2024,18:00,C0010,Kaif Azam,69,Hot & Sour Soup (Veg),Starter,5,? 160.00, ? 800.00 , ? 113.00 ,? 235.00,The Hot & Sour Soup (Veg) was a fantastic start to our meal! Perfectly crispy.
1658,1658,O01659,15-07-2024,15:45,C0104,Sultan Nadaf,120,Peri Peri Chicken Wings,Snacks,5,? 180.00, ? 900.00 , ? 135.00 ,? 225.00,Great food! The Peri Peri Chicken Wings was delicious and well-prepared.
1659,1659,O01660,15-07-2024,20:45,C0310,Ayeza Faruqi,61,Veg Spring Rolls,Starter,3,? 220.00, ? 660.00 , ? 162.00 ,? 174.00,Absolutely loved the Veg Spring Rolls! It was the perfect appetizer to get us started.
1660,1660,O01661,16-07-2024,21:30,C0024,Aman Momin,3,Chicken Soup,Starter,2,? 220.00, ? 440.00 , ? 170.00 ,? 100.00,The Chicken Soup was simply delicious and fresh. Highly recommended!
1661,1661,O01662,16-07-2024,16:00,C0258,Aakib Sayyad,57,Prawn Masala,Non-Veg Main,3,? 460.00," ? 1,380.00 ", ? 326.00 ,? 402.00,The Prawn Masala was cooked to perfection. The spices were spot on!
1662,1662,O01663,16-07-2024,19:45,C0159,Arman Taimoor,85,Veg Thali,Meal Combo,1,? 360.00, ? 360.00 , ? 263.00 ,? 97.00,A satisfying meal. The Veg Thali was a good choice.
1663,1663,O01664,16-07-2024,13:45,C0054,Shamsher Ali,80,Tandoori Momos,Starter,1,? 260.00, ? 260.00 , ? 185.00 ,? 75.00,The Tandoori Momos was simply delicious and fresh. Highly recommended!
1664,1664,O01665,16-07-2024,15:15,C0208,Dua Momin,18,Veg Hakka Noodles,Rice & Noodles,2,? 220.00, ? 440.00 , ? 165.00 ,? 110.00,The Veg Hakka Noodles was excellent. Really enjoyed the meal.
1665,1665,O01666,16-07-2024,14:45,C0279,Arman Taimoor,7,Butter Chicken,Meat Special,2,? 495.00, ? 990.00 , ? 349.00 ,? 292.00,I was not a fan of the Butter Chicken.
1666,1666,O01667,16-07-2024,22:00,C0253,Kaif Sayyad,45,Egg Curry,Non-Veg Main,2,? 280.00, ? 560.00 , ? 203.00 ,? 154.00,The meat in the Egg Curry was a bit tough and chewy.
1667,1667,O01668,16-07-2024,10:00,C0222,Arman Ali,132,Club Chicken Sandwich,Snacks,4,? 140.00, ? 560.00 , ? 101.00 ,? 156.00,The Club Chicken Sandwich was excellent. Really enjoyed the meal.
1668,1668,O01669,16-07-2024,14:15,C0045,Arman Shaikh,55,Vegetable Korma,Vegetarian,3,? 320.00, ? 960.00 , ? 243.00 ,? 231.00,The vegetables in the Vegetable Korma seemed overcooked.
1669,1669,O01670,16-07-2024,16:00,C0106,Aasin Mujawar,63,Chili Paneer,Starter,2,? 280.00, ? 560.00 , ? 219.00 ,? 122.00,Wasn't very impressed with the Chili Paneer. It lacked flavor.
1670,1670,O01671,16-07-2024,13:30,C0172,Ayeza Shaikh,59,Veg Manchurian,Starter,1,? 240.00, ? 240.00 , ? 169.00 ,? 71.00,The Veg Manchurian was a bit too oily for my liking.
1671,1671,O01672,16-07-2024,17:45,C0097,Isharat Taimoor,89,Misal Pav,Snack,1,? 160.00, ? 160.00 , ? 126.00 ,? 34.00,The Misal Pav was excellent. Really enjoyed the meal.
1672,1672,O01673,17-07-2024,15:15,C0330,Kaif Momin,76,Chicken Momos,Starter,4,? 220.00, ? 880.00 , ? 170.00 ,? 200.00,The Chicken Momos was cold when it arrived at our table.
1673,1673,O01674,17-07-2024,12:00,C0026,Imran Shikalkar,40,Idli Sambar,Vegetarian,2,? 160.00, ? 320.00 , ? 119.00 ,? 82.00,I found the Idli Sambar to be a bit watery.
1674,1674,O01675,17-07-2024,13:30,C0104,Sultan Nadaf,12,Veggie Burger,Burger,4,? 250.00," ? 1,000.00 ", ? 199.00 ,? 204.00,Great food! The Veggie Burger was delicious and well-prepared.
1675,1675,O01676,17-07-2024,11:30,C0138,Wahaj Taimoor,132,Club Chicken Sandwich,Snacks,4,? 140.00, ? 560.00 , ? 101.00 ,? 156.00,A satisfying meal. The Club Chicken Sandwich was a good choice.
1676,1676,O01677,17-07-2024,15:45,C0310,Ayeza Faruqi,95,Garlic Naan,Breads,5,? 70.00, ? 350.00 , ? 54.00 ,? 80.00,The Garlic Naan was fine.
1677,1677,O01678,17-07-2024,11:00,C0134,Isharat Nadaf,26,Pasta Alfredo,Continental,3,? 320.00, ? 960.00 , ? 249.00 ,? 213.00,A satisfying meal. The Pasta Alfredo was a good choice.
1678,1678,O01679,17-07-2024,21:30,C0173,Aasifa Shaikh,51,Tandoori Chicken,Non-Veg Main,1,? 460.00, ? 460.00 , ? 366.00 ,? 94.00,The Tandoori Chicken was cooked to perfection. The spices were spot on!
1679,1679,O01680,17-07-2024,19:30,C0242,Arahan Mujawar,13,Gulab Jamun,Dessert,3,? 150.00, ? 450.00 , ? 117.00 ,? 99.00,Great food! The Gulab Jamun was delicious and well-prepared.
1680,1680,O01681,17-07-2024,13:30,C0083,Isharat Mujawar,70,Hot & Sour Soup (Chicken),Starter,3,? 200.00, ? 600.00 , ? 159.00 ,? 123.00,The Hot & Sour Soup (Chicken) was okay. It was a standard appetizer.
1681,1681,O01682,17-07-2024,14:45,C0104,Sultan Nadaf,52,Chicken Tikka Masala,Non-Veg Main,3,? 480.00," ? 1,440.00 ", ? 373.00 ,? 321.00,A truly authentic and flavorful Chicken Tikka Masala. It was very satisfying.
1682,1682,O01683,17-07-2024,20:45,C0209,Aasiya Malik,102,Chicken Sub,Sandwiches,5,? 180.00, ? 900.00 , ? 137.00 ,? 215.00,A satisfying meal. The Chicken Sub was a good choice.
1683,1683,O01684,17-07-2024,15:30,C0138,Wahaj Taimoor,13,Gulab Jamun,Dessert,2,? 150.00, ? 300.00 , ? 117.00 ,? 66.00,The Gulab Jamun was fine.
1684,1684,O01685,18-07-2024,22:00,C0242,Arahan Mujawar,59,Veg Manchurian,Starter,2,? 240.00, ? 480.00 , ? 169.00 ,? 142.00,The Veg Manchurian was a fantastic start to our meal! Perfectly crispy.
1685,1685,O01686,18-07-2024,14:45,C0160,Shahrukh Malik,69,Hot & Sour Soup (Veg),Starter,5,? 160.00, ? 800.00 , ? 113.00 ,? 235.00,The Hot & Sour Soup (Veg) was a fantastic start to our meal! Perfectly crispy.
1686,1686,O01687,18-07-2024,11:00,C0278,Sultan Shikalkar,93,Matar Paneer,Main Course,1,? 340.00, ? 340.00 , ? 263.00 ,? 77.00,A satisfying meal. The Matar Paneer was a good choice.
1687,1687,O01688,18-07-2024,18:45,C0168,Isharat Shikalkar,3,Chicken Soup,Starter,5,? 220.00," ? 1,100.00 ", ? 170.00 ,? 250.00,Absolutely loved the Chicken Soup! It was the perfect appetizer to get us started.
1688,1688,O01689,18-07-2024,10:15,C0057,Arman Azam,38,Mutton Biryani,Rice & Noodles,2,? 480.00, ? 960.00 , ? 340.00 ,? 280.00,The Mutton Biryani was excellent. Really enjoyed the meal.
1689,1689,O01690,18-07-2024,22:15,C0326,Aman Sayyad,40,Idli Sambar,Vegetarian,1,? 160.00, ? 160.00 , ? 119.00 ,? 41.00,Loved the Idli Sambar! It was a delightful and well-prepared vegetarian meal.
1690,1690,O01691,18-07-2024,15:30,C0089,Aasin Shaikh,43,Onion Uttapam,Vegetarian,3,? 160.00, ? 480.00 , ? 112.00 ,? 144.00,The Onion Uttapam was a decent vegetarian option.
1691,1691,O01692,18-07-2024,11:00,C0177,Sultan Ali,86,Non-Veg Thali,Meal Combo,1,? 440.00, ? 440.00 , ? 322.00 ,? 118.00,I was not a fan of the Non-Veg Thali.
1692,1692,O01693,19-07-2024,18:30,C0106,Aasin Mujawar,93,Matar Paneer,Main Course,2,? 340.00, ? 680.00 , ? 263.00 ,? 154.00,Great food! The Matar Paneer was delicious and well-prepared.
1693,1693,O01694,19-07-2024,15:00,C0160,Shahrukh Malik,53,Veg Pulao,Rice & Noodles,4,? 240.00, ? 960.00 , ? 190.00 ,? 200.00,The Veg Pulao was excellent. Really enjoyed the meal.
1694,1694,O01695,19-07-2024,15:00,C0207,Imran Khan,11,Margherita Pizza,Pizza,2,? 330.00, ? 660.00 , ? 231.00 ,? 198.00,Great food! The Margherita Pizza was delicious and well-prepared.
1695,1695,O01696,19-07-2024,12:00,C0119,Shahrukh Azam,43,Onion Uttapam,Vegetarian,2,? 160.00, ? 320.00 , ? 112.00 ,? 96.00,The vegetables in the Onion Uttapam seemed overcooked.
1696,1696,O01697,19-07-2024,12:00,C0146,Sultan Sayyad,30,Shahi Paneer,Vegetarian,3,? 400.00," ? 1,200.00 ", ? 281.00 ,? 357.00,The Shahi Paneer is a great choice for vegetarians. Hearty and full of flavor.
1697,1697,O01698,19-07-2024,18:15,C0069,Aasin Khan,115,Chicken Kathi Roll,Street Food,4,? 160.00, ? 640.00 , ? 112.00 ,? 192.00,A satisfying meal. The Chicken Kathi Roll was a good choice.
1698,1698,O01699,19-07-2024,18:30,C0006,Imran Taimoor,83,Malai Kofta,Main Course,1,? 340.00, ? 340.00 , ? 249.00 ,? 91.00,It was an average Malai Kofta.
1699,1699,O01700,19-07-2024,10:00,C0100,Aman Momin,74,Chicken Clear Soup,Starter,4,? 160.00, ? 640.00 , ? 125.00 ,? 140.00,Absolutely loved the Chicken Clear Soup! It was the perfect appetizer to get us started.
1700,1700,O01701,19-07-2024,16:30,C0063,Aasiya Malik,20,Veg Fried Rice,Rice & Noodles,2,? 200.00, ? 400.00 , ? 145.00 ,? 110.00,I was not a fan of the Veg Fried Rice.
1701,1701,O01702,20-07-2024,15:30,C0014,Arman Faruqi,102,Chicken Sub,Sandwiches,2,? 180.00, ? 360.00 , ? 137.00 ,? 86.00,The Chicken Sub met my expectations.
1702,1702,O01703,20-07-2024,17:45,C0166,Nikhat Taimoor,24,Samosa,Starter,2,? 100.00, ? 200.00 , ? 73.00 ,? 54.00,The Samosa was a fantastic start to our meal! Perfectly crispy.
1703,1703,O01704,20-07-2024,15:30,C0162,Shamsher Mujawar,116,Paneer Bhurji Sandwich,Snacks,4,? 75.00, ? 300.00 , ? 59.00 ,? 64.00,Great food! The Paneer Bhurji Sandwich was delicious and well-prepared.
1704,1704,O01705,20-07-2024,19:15,C0150,Aman Ali,87,Uttapam,South Indian,4,? 220.00, ? 880.00 , ? 170.00 ,? 200.00,The Uttapam was not what I expected.
1705,1705,O01706,20-07-2024,20:15,C0285,Ayeza Raes,78,Fried Momos (Veg),Starter,1,? 200.00, ? 200.00 , ? 141.00 ,? 59.00,The Fried Momos (Veg) was a bit too oily for my liking.
1706,1706,O01707,20-07-2024,14:45,C0308,Ayeza Khan,44,Hyderabadi Haleem,Non-Veg Main,4,? 500.00," ? 2,000.00 ", ? 395.00 ,? 420.00,The Hyderabadi Haleem was the highlight of our meal. Absolutely delicious!
1707,1707,O01708,20-07-2024,21:00,C0323,Wahaj Ali,100,Veg Wrap,Sandwiches,3,? 130.00, ? 390.00 , ? 92.00 ,? 114.00,Great food! The Veg Wrap was delicious and well-prepared.
1708,1708,O01709,20-07-2024,18:00,C0264,Abdul Rahim Mujawar,76,Chicken Momos,Starter,1,? 220.00, ? 220.00 , ? 170.00 ,? 50.00,Absolutely loved the Chicken Momos! It was the perfect appetizer to get us started.
1709,1709,O01710,21-07-2024,21:45,C0258,Aakib Sayyad,13,Gulab Jamun,Dessert,1,? 150.00, ? 150.00 , ? 117.00 ,? 33.00,The Gulab Jamun was excellent. Really enjoyed the meal.
1710,1710,O01711,21-07-2024,13:30,C0037,Wahaj Malik,57,Prawn Masala,Non-Veg Main,2,? 460.00, ? 920.00 , ? 326.00 ,? 268.00,"It was a standard Prawn Masala, nothing out of the ordinary."
1711,1711,O01712,21-07-2024,18:15,C0248,Shahrukh Raes,9,Palak Paneer,Vegetarian,5,? 360.00," ? 1,800.00 ", ? 273.00 ,? 435.00,The Palak Paneer is a great choice for vegetarians. Hearty and full of flavor.
1712,1712,O01713,21-07-2024,20:00,C0201,Sher Sayyad,54,Egg Biryani,Rice & Noodles,4,? 340.00," ? 1,360.00 ", ? 268.00 ,? 288.00,The Egg Biryani could have been better.
1713,1713,O01714,21-07-2024,22:45,C0057,Arman Azam,13,Gulab Jamun,Dessert,5,? 150.00, ? 750.00 , ? 117.00 ,? 165.00,Great food! The Gulab Jamun was delicious and well-prepared.
1714,1714,O01715,21-07-2024,15:15,C0118,Aman Azam,70,Hot & Sour Soup (Chicken),Starter,3,? 200.00, ? 600.00 , ? 159.00 ,? 123.00,It was an average Hot & Sour Soup (Chicken).
1715,1715,O01716,21-07-2024,16:45,C0308,Ayeza Khan,50,Jeera Rice,Rice & Noodles,4,? 180.00, ? 720.00 , ? 129.00 ,? 204.00,The Jeera Rice met my expectations.
1716,1716,O01717,21-07-2024,19:15,C0138,Wahaj Taimoor,106,Chicken Burger,Fast Food,3,? 160.00, ? 480.00 , ? 115.00 ,? 135.00,The Chicken Burger met my expectations.
1717,1717,O01718,21-07-2024,12:00,C0211,Moh Saad Faruqi,33,Dal Tadka,Vegetarian,3,? 260.00, ? 780.00 , ? 183.00 ,? 231.00,Loved the Dal Tadka! It was a delightful and well-prepared vegetarian meal.
1718,1718,O01719,22-07-2024,14:15,C0212,Shahrukh Mujawar,84,Seekh Kebab,Starter,4,? 400.00," ? 1,600.00 ", ? 282.00 ,? 472.00,The Seekh Kebab was okay. It was a standard appetizer.
1719,1719,O01720,22-07-2024,10:30,C0260,Danish Ali,126,Corn & Cheese Sandwich,Snacks,2,? 90.00, ? 180.00 , ? 66.00 ,? 48.00,The Corn & Cheese Sandwich met my expectations.
1720,1720,O01721,22-07-2024,19:00,C0151,Aasifa Malik,32,Fish Curry,Non-Veg Main,5,? 400.00," ? 2,000.00 ", ? 286.00 ,? 570.00,A truly authentic and flavorful Fish Curry. It was very satisfying.
1721,1721,O01722,22-07-2024,19:30,C0309,Arman Faruqi,33,Dal Tadka,Vegetarian,1,? 260.00, ? 260.00 , ? 183.00 ,? 77.00,I found the Dal Tadka to be a bit watery.
1722,1722,O01723,22-07-2024,13:15,C0031,Rihan Momin,45,Egg Curry,Non-Veg Main,5,? 280.00," ? 1,400.00 ", ? 203.00 ,? 385.00,The Egg Curry was satisfactory.
1723,1723,O01724,22-07-2024,16:45,C0200,Aariz Taimoor,38,Mutton Biryani,Rice Meal,4,? 490.00," ? 1,960.00 ", ? 350.00 ,? 560.00,Great food! The Mutton Biryani was delicious and well-prepared.
1724,1724,O01725,22-07-2024,13:30,C0056,Aasifa Khan,28,Caesar Salad,Salad,2,? 280.00, ? 560.00 , ? 210.00 ,? 140.00,The Caesar Salad was excellent. Really enjoyed the meal.
1725,1725,O01726,22-07-2024,15:00,C0164,Aakib Malik,26,Pasta Alfredo,Continental,5,? 320.00," ? 1,600.00 ", ? 249.00 ,? 355.00,The Pasta Alfredo met my expectations.
1726,1726,O01727,22-07-2024,22:45,C0237,Aman Azam,19,Chicken Hakka Noodles,Rice & Noodles,4,? 260.00," ? 1,040.00 ", ? 193.00 ,? 268.00,The Chicken Hakka Noodles was fine.
1727,1727,O01728,22-07-2024,16:45,C0017,Wahaj Taimoor,98,Paneer Kathi Roll,Street Food,4,? 140.00, ? 560.00 , ? 103.00 ,? 148.00,The Paneer Kathi Roll met my expectations.
1728,1728,O01729,22-07-2024,11:30,C0244,Arahan Raes,83,Malai Kofta,Main Course,3,? 340.00," ? 1,020.00 ", ? 249.00 ,? 273.00,The Malai Kofta met my expectations.
1729,1729,O01730,23-07-2024,10:45,C0178,Wahaj Sayyad,64,Chili Chicken,Starter,5,? 340.00," ? 1,700.00 ", ? 250.00 ,? 450.00,The Chili Chicken was a fantastic start to our meal! Perfectly crispy.
1730,1730,O01731,23-07-2024,14:00,C0286,Sher Malik,29,Greek Salad,Salad,3,? 260.00, ? 780.00 , ? 197.00 ,? 189.00,The Greek Salad met my expectations.
1731,1731,O01732,23-07-2024,14:30,C0302,Shamsher Ali,35,Chole Bhature,Vegetarian,3,? 280.00, ? 840.00 , ? 223.00 ,? 171.00,The Chole Bhature is a great choice for vegetarians. Hearty and full of flavor.
1732,1732,O01733,23-07-2024,16:15,C0120,Ayeza Taimoor,39,Masala Dosa,Vegetarian,5,? 180.00, ? 900.00 , ? 138.00 ,? 210.00,"It was an okay Masala Dosa, but I've had better."
1733,1733,O01734,23-07-2024,10:15,C0254,Sultan Ali,14,Rasgulla,Dessert,2,? 140.00, ? 280.00 , ? 100.00 ,? 80.00,I was not a fan of the Rasgulla.
1734,1734,O01735,23-07-2024,21:15,C0025,Aasifa Khan,97,Grilled Cheese Sandwich,Sandwiches,4,? 120.00, ? 480.00 , ? 90.00 ,? 120.00,The Grilled Cheese Sandwich was not what I expected.
1735,1735,O01736,23-07-2024,15:00,C0113,Ayeza Momin,25,Spring Rolls,Starter,1,? 220.00, ? 220.00 , ? 164.00 ,? 56.00,The Spring Rolls was okay. It was a standard appetizer.
1736,1736,O01737,23-07-2024,11:15,C0327,Abdul Rahim Mujawar,70,Hot & Sour Soup (Chicken),Starter,1,? 200.00, ? 200.00 , ? 159.00 ,? 41.00,The Hot & Sour Soup (Chicken) was a fantastic start to our meal! Perfectly crispy.
1737,1737,O01738,23-07-2024,15:30,C0198,Danish Faruqi,2,Mushroom Soup,Starter,3,? 200.00, ? 600.00 , ? 159.00 ,? 123.00,The Mushroom Soup was a fantastic start to our meal! Perfectly crispy.
1738,1738,O01739,23-07-2024,14:30,C0310,Ayeza Faruqi,116,Paneer Bhurji Sandwich,Snacks,5,? 75.00, ? 375.00 , ? 59.00 ,? 80.00,A satisfying meal. The Paneer Bhurji Sandwich was a good choice.
1739,1739,O01740,23-07-2024,14:30,C0214,Nikhat Taimoor,62,Chicken Spring Rolls,Starter,1,? 260.00, ? 260.00 , ? 189.00 ,? 71.00,The Chicken Spring Rolls was cold when it arrived at our table.
1740,1740,O01741,24-07-2024,20:30,C0263,Sher Raes,39,Masala Dosa,Vegetarian,2,? 180.00, ? 360.00 , ? 138.00 ,? 84.00,The Masala Dosa is a great choice for vegetarians. Hearty and full of flavor.
1741,1741,O01742,24-07-2024,11:30,C0216,Sultan Khan,92,Kadhi Pakora,Main Course,3,? 300.00, ? 900.00 , ? 231.00 ,? 207.00,A satisfying meal. The Kadhi Pakora was a good choice.
1742,1742,O01743,24-07-2024,10:15,C0212,Shahrukh Mujawar,70,Hot & Sour Soup (Chicken),Starter,5,? 200.00," ? 1,000.00 ", ? 159.00 ,? 205.00,The Hot & Sour Soup (Chicken) was simply delicious and fresh. Highly recommended!
1743,1743,O01744,24-07-2024,14:00,C0297,Wahaj Ali,10,Pepperoni Pizza,Pizza,5,? 368.00," ? 1,840.00 ", ? 283.00 ,? 425.00,The Pepperoni Pizza met my expectations.
1744,1744,O01745,24-07-2024,14:30,C0093,Aakib Raes,105,Paneer Burger,Fast Food,3,? 140.00, ? 420.00 , ? 110.00 ,? 90.00,Great food! The Paneer Burger was delicious and well-prepared.
1745,1745,O01746,24-07-2024,15:00,C0092,Sultan Shaikh,41,Vada Sambar,Vegetarian,4,? 170.00, ? 680.00 , ? 121.00 ,? 196.00,The Vada Sambar was bland and needed more seasoning.
1746,1746,O01747,24-07-2024,20:30,C0208,Dua Momin,86,Non-Veg Thali,Meal Combo,1,? 440.00, ? 440.00 , ? 322.00 ,? 118.00,The Non-Veg Thali was excellent. Really enjoyed the meal.
1747,1747,O01748,24-07-2024,21:45,C0011,Aasiya Ali,116,Paneer Bhurji Sandwich,Snacks,2,? 75.00, ? 150.00 , ? 59.00 ,? 32.00,The Paneer Bhurji Sandwich was not what I expected.
1748,1748,O01749,24-07-2024,18:30,C0079,Shahrukh Faruqi,95,Garlic Naan,Breads,4,? 70.00, ? 280.00 , ? 54.00 ,? 64.00,A satisfying meal. The Garlic Naan was a good choice.
1749,1749,O01750,24-07-2024,22:45,C0103,Aasiya Faruqi,107,Paneer Shawarma,Street Food,2,? 150.00, ? 300.00 , ? 111.00 ,? 78.00,Great food! The Paneer Shawarma was delicious and well-prepared.
1750,1750,O01751,24-07-2024,10:00,C0147,Danish Khan,107,Paneer Shawarma,Street Food,4,? 150.00, ? 600.00 , ? 111.00 ,? 156.00,Great food! The Paneer Shawarma was delicious and well-prepared.
1751,1751,O01752,24-07-2024,11:30,C0171,Aman Azam,132,Club Chicken Sandwich,Snacks,4,? 140.00, ? 560.00 , ? 101.00 ,? 156.00,The Club Chicken Sandwich could have been better.
1752,1752,O01753,24-07-2024,14:15,C0180,Isharat Shikalkar,83,Malai Kofta,Main Course,2,? 340.00, ? 680.00 , ? 249.00 ,? 182.00,I was not a fan of the Malai Kofta.
1753,1753,O01754,24-07-2024,18:30,C0185,Nikhat Shikalkar,103,Paneer Frankie,Street Food,2,? 130.00, ? 260.00 , ? 95.00 ,? 70.00,The Paneer Frankie was fine.
1754,1754,O01755,25-07-2024,10:00,C0016,Dua Khan,32,Fish Curry,Non-Veg Main,5,? 400.00," ? 2,000.00 ", ? 286.00 ,? 570.00,Felt that the Fish Curry was overpriced for its quality.
1755,1755,O01756,25-07-2024,19:15,C0050,Dua Sayyad,16,Ice Cream Sundae,Dessert,5,? 200.00," ? 1,000.00 ", ? 143.00 ,? 285.00,A satisfying meal. The Ice Cream Sundae was a good choice.
1756,1756,O01757,25-07-2024,12:45,C0061,Shamsher Raes,74,Chicken Clear Soup,Starter,4,? 160.00, ? 640.00 , ? 125.00 ,? 140.00,"The Chicken Clear Soup was decent, but nothing special."
1757,1757,O01758,25-07-2024,14:00,C0315,Imran Shaikh,19,Chicken Hakka Noodles,Rice & Noodles,1,? 260.00, ? 260.00 , ? 193.00 ,? 67.00,The Chicken Hakka Noodles met my expectations.
1758,1758,O01759,26-07-2024,19:00,C0168,Isharat Shikalkar,6,Grilled Salmon,Ocean Meal,2,? 500.00," ? 1,000.00 ", ? 357.00 ,? 286.00,It was an average Grilled Salmon.
1759,1759,O01760,26-07-2024,17:30,C0256,Arman Faruqi,111,Egg Sandwich,Sandwiches,5,? 110.00, ? 550.00 , ? 80.00 ,? 150.00,A satisfying meal. The Egg Sandwich was a good choice.
1760,1760,O01761,26-07-2024,11:15,C0054,Shamsher Ali,91,Chana Masala,Main Course,2,? 260.00, ? 520.00 , ? 185.00 ,? 150.00,Great food! The Chana Masala was delicious and well-prepared.
1761,1761,O01762,26-07-2024,21:45,C0283,Shahrukh Sayyad,124,Grilled Veg Panini,Snacks,2,? 140.00, ? 280.00 , ? 99.00 ,? 82.00,A satisfying meal. The Grilled Veg Panini was a good choice.
1762,1762,O01763,26-07-2024,15:15,C0176,Abdul Rahim Shikalkar,54,Egg Biryani,Rice & Noodles,5,? 340.00," ? 1,700.00 ", ? 268.00 ,? 360.00,The Egg Biryani was excellent. Really enjoyed the meal.
1763,1763,O01764,26-07-2024,20:00,C0011,Aasiya Ali,32,Fish Curry,Non-Veg Main,2,? 400.00, ? 800.00 , ? 286.00 ,? 228.00,The meat in the Fish Curry was a bit tough and chewy.
1764,1764,O01765,26-07-2024,21:30,C0030,Sher Mujawar,106,Chicken Burger,Fast Food,3,? 160.00, ? 480.00 , ? 115.00 ,? 135.00,The Chicken Burger met my expectations.
1765,1765,O01766,26-07-2024,18:15,C0187,Aasin Nadaf,69,Hot & Sour Soup (Veg),Starter,5,? 160.00, ? 800.00 , ? 113.00 ,? 235.00,The Hot & Sour Soup (Veg) was a bit too oily for my liking.
1766,1766,O01767,26-07-2024,10:00,C0202,Moh Saad Shikalkar,43,Onion Uttapam,Vegetarian,1,? 160.00, ? 160.00 , ? 112.00 ,? 48.00,I found the Onion Uttapam to be a bit watery.
1767,1767,O01768,26-07-2024,11:30,C0127,Dua Taimoor,98,Paneer Kathi Roll,Street Food,3,? 140.00, ? 420.00 , ? 103.00 ,? 111.00,The Paneer Kathi Roll met my expectations.
1768,1768,O01769,27-07-2024,21:30,C0146,Sultan Sayyad,24,Samosa,Starter,1,? 100.00, ? 100.00 , ? 73.00 ,? 27.00,The Samosa was simply delicious and fresh. Highly recommended!
1769,1769,O01770,27-07-2024,14:30,C0257,Aman Nadaf,108,Chicken Shawarma,Street Food,5,? 170.00, ? 850.00 , ? 131.00 ,? 195.00,The Chicken Shawarma was not what I expected.
1770,1770,O01771,27-07-2024,21:45,C0104,Sultan Nadaf,22,Paneer Tikka,Starter,5,? 280.00," ? 1,400.00 ", ? 199.00 ,? 405.00,It was an average Paneer Tikka.
1771,1771,O01772,27-07-2024,10:15,C0118,Aman Azam,112,Paneer Parantha,Breads,1,? 90.00, ? 90.00 , ? 64.00 ,? 26.00,I was not a fan of the Paneer Parantha.
1772,1772,O01773,27-07-2024,19:00,C0133,Wahaj Ali,70,Hot & Sour Soup (Chicken),Starter,5,? 200.00," ? 1,000.00 ", ? 159.00 ,? 205.00,Absolutely loved the Hot & Sour Soup (Chicken)! It was the perfect appetizer to get us started.
1773,1773,O01774,27-07-2024,13:15,C0173,Aasifa Shaikh,73,Veg Clear Soup,Starter,1,? 120.00, ? 120.00 , ? 84.00 ,? 36.00,Wasn't very impressed with the Veg Clear Soup. It lacked flavor.
1774,1774,O01775,27-07-2024,22:30,C0101,Aariz Malik,18,Veg Hakka Noodles,Rice & Noodles,5,? 220.00," ? 1,100.00 ", ? 165.00 ,? 275.00,The Veg Hakka Noodles met my expectations.
1775,1775,O01776,27-07-2024,11:45,C0089,Aasin Shaikh,129,Smoked Chicken Sub,Snacks,2,? 160.00, ? 320.00 , ? 112.00 ,? 96.00,I was not a fan of the Smoked Chicken Sub.
1776,1776,O01777,28-07-2024,18:00,C0085,Aasifa Azam,34,Rajma Chawal,Vegetarian,3,? 300.00, ? 900.00 , ? 238.00 ,? 186.00,The Rajma Chawal is a great choice for vegetarians. Hearty and full of flavor.
1777,1777,O01778,28-07-2024,13:15,C0009,Shamsher Khan,126,Corn & Cheese Sandwich,Snacks,5,? 90.00, ? 450.00 , ? 66.00 ,? 120.00,The Corn & Cheese Sandwich was fine.
1778,1778,O01779,28-07-2024,17:30,C0059,Aman Momin,28,Caesar Salad,Salad,4,? 280.00," ? 1,120.00 ", ? 210.00 ,? 280.00,The Caesar Salad was excellent. Really enjoyed the meal.
1779,1779,O01780,28-07-2024,20:15,C0118,Aman Azam,114,Veg Frankie Roll,Snacks,5,? 80.00, ? 400.00 , ? 62.00 ,? 90.00,The Veg Frankie Roll was not what I expected.
1780,1780,O01781,28-07-2024,16:00,C0178,Wahaj Sayyad,75,Veg Momos,Starter,4,? 180.00, ? 720.00 , ? 138.00 ,? 168.00,The Veg Momos was a fantastic start to our meal! Perfectly crispy.
1781,1781,O01782,28-07-2024,21:30,C0257,Aman Nadaf,35,Chole Bhature,Vegetarian,3,? 280.00, ? 840.00 , ? 223.00 ,? 171.00,"It was an okay Chole Bhature, but I've had better."
1782,1782,O01783,28-07-2024,12:45,C0190,Rihan Raes,36,Pav Bhaji,Vegetarian,4,? 220.00, ? 880.00 , ? 171.00 ,? 196.00,The Pav Bhaji is a great choice for vegetarians. Hearty and full of flavor.
1783,1783,O01784,28-07-2024,18:45,C0191,Imran Shikalkar,68,Chicken Schezwan Noodles,Rice & Noodles,1,? 280.00, ? 280.00 , ? 218.00 ,? 62.00,The Chicken Schezwan Noodles was excellent. Really enjoyed the meal.
1784,1784,O01785,28-07-2024,22:30,C0061,Shamsher Raes,80,Tandoori Momos,Starter,3,? 260.00, ? 780.00 , ? 185.00 ,? 225.00,The Tandoori Momos was simply delicious and fresh. Highly recommended!
1785,1785,O01786,28-07-2024,20:00,C0178,Wahaj Sayyad,36,Pav Bhaji,Vegetarian,3,? 220.00, ? 660.00 , ? 171.00 ,? 147.00,A wholesome and delicious Pav Bhaji. The vegetables were so fresh!
1786,1786,O01787,28-07-2024,16:45,C0113,Ayeza Momin,80,Tandoori Momos,Starter,2,? 260.00, ? 520.00 , ? 185.00 ,? 150.00,The Tandoori Momos was cold when it arrived at our table.
1787,1787,O01788,29-07-2024,17:45,C0086,Sher Momin,71,Sweet Corn Soup (Veg),Starter,2,? 140.00, ? 280.00 , ? 108.00 ,? 64.00,Wasn't very impressed with the Sweet Corn Soup (Veg). It lacked flavor.
1788,1788,O01789,29-07-2024,20:30,C0185,Nikhat Shikalkar,21,Chicken Fried Rice,Rice & Noodles,5,? 240.00," ? 1,200.00 ", ? 182.00 ,? 290.00,A satisfying meal. The Chicken Fried Rice was a good choice.
1789,1789,O01790,29-07-2024,14:45,C0211,Moh Saad Faruqi,68,Chicken Schezwan Noodles,Rice & Noodles,1,? 280.00, ? 280.00 , ? 218.00 ,? 62.00,Great food! The Chicken Schezwan Noodles was delicious and well-prepared.
1790,1790,O01791,29-07-2024,18:00,C0308,Ayeza Khan,101,Veggie Sub,Sandwiches,4,? 150.00, ? 600.00 , ? 105.00 ,? 180.00,Great food! The Veggie Sub was delicious and well-prepared.
1791,1791,O01792,29-07-2024,16:45,C0246,Aariz Raes,28,Caesar Salad,Salad,2,? 280.00, ? 560.00 , ? 210.00 ,? 140.00,A satisfying meal. The Caesar Salad was a good choice.
1792,1792,O01793,29-07-2024,13:00,C0324,Aasifa Faruqi,125,BBQ Chicken Pizza Sandwich,Snacks,2,? 160.00, ? 320.00 , ? 115.00 ,? 90.00,A satisfying meal. The BBQ Chicken Pizza Sandwich was a good choice.
1793,1793,O01794,29-07-2024,22:00,C0192,Danish Faruqi,114,Veg Frankie Roll,Snacks,5,? 80.00, ? 400.00 , ? 62.00 ,? 90.00,A satisfying meal. The Veg Frankie Roll was a good choice.
1794,1794,O01795,29-07-2024,18:15,C0236,Aakib Khan,37,Biryani Veg,Rice & Noodles,3,? 320.00, ? 960.00 , ? 233.00 ,? 261.00,The Biryani Veg was excellent. Really enjoyed the meal.
1795,1795,O01796,30-07-2024,22:30,C0153,Nikhat Malik,18,Veg Hakka Noodles,Rice & Noodles,2,? 220.00, ? 440.00 , ? 165.00 ,? 110.00,The Veg Hakka Noodles was not what I expected.
1796,1796,O01797,30-07-2024,18:30,C0086,Sher Momin,105,Paneer Burger,Fast Food,5,? 140.00, ? 700.00 , ? 110.00 ,? 150.00,A satisfying meal. The Paneer Burger was a good choice.
1797,1797,O01798,30-07-2024,11:30,C0308,Ayeza Khan,109,Cheese Sandwich,Sandwiches,2,? 100.00, ? 200.00 , ? 72.00 ,? 56.00,The Cheese Sandwich was excellent. Really enjoyed the meal.
1798,1798,O01799,30-07-2024,11:45,C0273,Aasin Mujawar,93,Matar Paneer,Main Course,4,? 340.00," ? 1,360.00 ", ? 263.00 ,? 308.00,Great food! The Matar Paneer was delicious and well-prepared.
1799,1799,O01800,30-07-2024,22:00,C0007,Aman Taimoor,6,Grilled Salmon,Ocean Meal,1,? 500.00, ? 500.00 , ? 357.00 ,? 143.00,The Grilled Salmon was excellent. Really enjoyed the meal.
1800,1800,O01801,31-07-2024,14:15,C0180,Isharat Shikalkar,97,Grilled Cheese Sandwich,Sandwiches,2,? 120.00, ? 240.00 , ? 90.00 ,? 60.00,A satisfying meal. The Grilled Cheese Sandwich was a good choice.
1801,1801,O01802,31-07-2024,12:30,C0272,Aasifa Raes,27,Pasta Arrabbiata,Continental,1,? 300.00, ? 300.00 , ? 215.00 ,? 85.00,The Pasta Arrabbiata was not what I expected.
1802,1802,O01803,31-07-2024,15:45,C0217,Nikhat Mujawar,115,Chicken Kathi Roll,Street Food,2,? 160.00, ? 320.00 , ? 112.00 ,? 96.00,Great food! The Chicken Kathi Roll was delicious and well-prepared.
1803,1803,O01804,31-07-2024,21:45,C0213,Aakib Ali,13,Gulab Jamun,Dessert,5,? 150.00, ? 750.00 , ? 117.00 ,? 165.00,The Gulab Jamun met my expectations.
1804,1804,O01805,31-07-2024,18:15,C0206,Aariz Faruqi,14,Rasgulla,Dessert,5,? 140.00, ? 700.00 , ? 100.00 ,? 200.00,The Rasgulla was not what I expected.
1805,1805,O01806,01-08-2024,16:30,C0265,Aasin Ali,16,Ice Cream Sundae,Dessert,5,? 200.00," ? 1,000.00 ", ? 143.00 ,? 285.00,Great food! The Ice Cream Sundae was delicious and well-prepared.
1806,1806,O01807,01-08-2024,10:45,C0135,Danish Azam,124,Grilled Veg Panini,Snacks,2,? 140.00, ? 280.00 , ? 99.00 ,? 82.00,The Grilled Veg Panini was fine.
1807,1807,O01808,01-08-2024,20:15,C0217,Nikhat Mujawar,83,Malai Kofta,Main Course,2,? 340.00, ? 680.00 , ? 249.00 ,? 182.00,The Malai Kofta could have been better.
1808,1808,O01809,01-08-2024,12:15,C0255,Shamsher Malik,115,Chicken Kathi Roll,Snacks,2,? 120.00, ? 240.00 , ? 91.00 ,? 58.00,It was an average Chicken Kathi Roll.
1809,1809,O01810,01-08-2024,22:45,C0314,Arman Faruqi,132,Club Chicken Sandwich,Snacks,2,? 140.00, ? 280.00 , ? 101.00 ,? 78.00,The Club Chicken Sandwich was excellent. Really enjoyed the meal.
1810,1810,O01811,01-08-2024,17:15,C0227,Nikhat Taimoor,125,BBQ Chicken Pizza Sandwich,Snacks,5,? 160.00, ? 800.00 , ? 115.00 ,? 225.00,A satisfying meal. The BBQ Chicken Pizza Sandwich was a good choice.
1811,1811,O01812,01-08-2024,21:30,C0210,Sultan Nadaf,81,Biryani (Veg),Rice,4,? 320.00," ? 1,280.00 ", ? 251.00 ,? 276.00,I was not a fan of the Biryani (Veg).
1812,1812,O01813,01-08-2024,15:00,C0091,Aasin Nadaf,114,Veg Frankie Roll,Snacks,1,? 80.00, ? 80.00 , ? 62.00 ,? 18.00,The Veg Frankie Roll was excellent. Really enjoyed the meal.
1813,1813,O01814,01-08-2024,14:00,C0213,Aakib Ali,10,Pepperoni Pizza,Pizza,4,? 368.00," ? 1,472.00 ", ? 283.00 ,? 340.00,I was not a fan of the Pepperoni Pizza.
1814,1814,O01815,01-08-2024,14:15,C0090,Shahrukh Khan,97,Grilled Cheese Sandwich,Sandwiches,1,? 120.00, ? 120.00 , ? 90.00 ,? 30.00,A satisfying meal. The Grilled Cheese Sandwich was a good choice.
1815,1815,O01816,01-08-2024,18:00,C0049,Aman Khan,40,Idli Sambar,Vegetarian,1,? 160.00, ? 160.00 , ? 119.00 ,? 41.00,The Idli Sambar was as expected.
1816,1816,O01817,02-08-2024,11:30,C0189,Dua Faruqi,56,Dal Makhani,Vegetarian,1,? 340.00, ? 340.00 , ? 269.00 ,? 71.00,I found the Dal Makhani to be a bit watery.
1817,1817,O01818,02-08-2024,15:15,C0283,Shahrukh Sayyad,18,Veg Hakka Noodles,Rice & Noodles,1,? 220.00, ? 220.00 , ? 165.00 ,? 55.00,A satisfying meal. The Veg Hakka Noodles was a good choice.
1818,1818,O01819,02-08-2024,16:45,C0097,Isharat Taimoor,84,Seekh Kebab,Starter,4,? 400.00," ? 1,600.00 ", ? 282.00 ,? 472.00,Absolutely loved the Seekh Kebab! It was the perfect appetizer to get us started.
1819,1819,O01820,02-08-2024,19:30,C0194,Isharat Momin,114,Veg Frankie Roll,Snacks,1,? 80.00, ? 80.00 , ? 62.00 ,? 18.00,The Veg Frankie Roll was excellent. Really enjoyed the meal.
1820,1820,O01821,02-08-2024,10:15,C0094,Rihan Ali,91,Chana Masala,Main Course,3,? 260.00, ? 780.00 , ? 185.00 ,? 225.00,The Chana Masala was fine.
1821,1821,O01822,02-08-2024,14:30,C0106,Aasin Mujawar,41,Vada Sambar,Vegetarian,1,? 170.00, ? 170.00 , ? 121.00 ,? 49.00,A wholesome and delicious Vada Sambar. The vegetables were so fresh!
1822,1822,O01823,02-08-2024,12:45,C0132,Sultan Momin,44,Hyderabadi Haleem,Non-Veg Main,2,? 500.00," ? 1,000.00 ", ? 395.00 ,? 210.00,The Hyderabadi Haleem was the highlight of our meal. Absolutely delicious!
1823,1823,O01824,02-08-2024,14:30,C0284,Sher Shaikh,10,Pepperoni Pizza,Pizza,4,? 368.00," ? 1,472.00 ", ? 283.00 ,? 340.00,The Pepperoni Pizza was excellent. Really enjoyed the meal.
1824,1824,O01825,02-08-2024,21:45,C0227,Nikhat Taimoor,17,French Fries,Starter,2,? 120.00, ? 240.00 , ? 87.00 ,? 66.00,The French Fries was simply delicious and fresh. Highly recommended!
1825,1825,O01826,02-08-2024,11:00,C0180,Isharat Shikalkar,69,Hot & Sour Soup (Veg),Starter,5,? 160.00, ? 800.00 , ? 113.00 ,? 235.00,Absolutely loved the Hot & Sour Soup (Veg)! It was the perfect appetizer to get us started.
1826,1826,O01827,03-08-2024,11:45,C0017,Wahaj Taimoor,123,Chicken Caesar Wrap,Snacks,2,? 150.00, ? 300.00 , ? 109.00 ,? 82.00,The Chicken Caesar Wrap was fine.
1827,1827,O01828,03-08-2024,16:00,C0310,Ayeza Faruqi,6,Grilled Salmon,Ocean Meal,2,? 500.00," ? 1,000.00 ", ? 357.00 ,? 286.00,The Grilled Salmon was excellent. Really enjoyed the meal.
1828,1828,O01829,03-08-2024,17:45,C0090,Shahrukh Khan,84,Seekh Kebab,Starter,4,? 400.00," ? 1,600.00 ", ? 282.00 ,? 472.00,Absolutely loved the Seekh Kebab! It was the perfect appetizer to get us started.
1829,1829,O01830,03-08-2024,21:30,C0304,Danish Sayyad,50,Jeera Rice,Rice & Noodles,2,? 180.00, ? 360.00 , ? 129.00 ,? 102.00,The Jeera Rice was not what I expected.
1830,1830,O01831,03-08-2024,18:45,C0044,Shamsher Mujawar,47,Bhindi Masala,Vegetarian,2,? 240.00, ? 480.00 , ? 175.00 ,? 130.00,The Bhindi Masala was bland and needed more seasoning.
1831,1831,O01832,03-08-2024,19:15,C0326,Aman Sayyad,130,Veggie Delight Sub,Snacks,3,? 120.00, ? 360.00 , ? 90.00 ,? 90.00,The Veggie Delight Sub was excellent. Really enjoyed the meal.
1832,1832,O01833,03-08-2024,16:45,C0096,Imran Mujawar,35,Chole Bhature,Vegetarian,5,? 280.00," ? 1,400.00 ", ? 223.00 ,? 285.00,The Chole Bhature is a great choice for vegetarians. Hearty and full of flavor.
1833,1833,O01834,03-08-2024,11:00,C0164,Aakib Malik,113,Aloo Parantha,Breads,4,? 80.00, ? 320.00 , ? 63.00 ,? 68.00,A satisfying meal. The Aloo Parantha was a good choice.
1834,1834,O01835,03-08-2024,20:00,C0265,Aasin Ali,125,BBQ Chicken Pizza Sandwich,Snacks,2,? 160.00, ? 320.00 , ? 115.00 ,? 90.00,A satisfying meal. The BBQ Chicken Pizza Sandwich was a good choice.
1835,1835,O01836,03-08-2024,15:00,C0156,Arman Faruqi,97,Grilled Cheese Sandwich,Sandwiches,3,? 120.00, ? 360.00 , ? 90.00 ,? 90.00,It was an average Grilled Cheese Sandwich.
1836,1836,O01837,04-08-2024,12:45,C0272,Aasifa Raes,132,Club Chicken Sandwich,Snacks,5,? 140.00, ? 700.00 , ? 101.00 ,? 195.00,The Club Chicken Sandwich was excellent. Really enjoyed the meal.
1837,1837,O01838,04-08-2024,13:15,C0027,Arman Faruqi,66,Schezwan Chicken Fried Rice,Rice & Noodles,1,? 280.00, ? 280.00 , ? 211.00 ,? 69.00,The Schezwan Chicken Fried Rice could have been better.
1838,1838,O01839,04-08-2024,11:15,C0123,Abdul Rahim Faruqi,89,Misal Pav,Snack,1,? 160.00, ? 160.00 , ? 126.00 ,? 34.00,The Misal Pav was fine.
1839,1839,O01840,04-08-2024,13:00,C0318,Shahrukh Ali,106,Chicken Burger,Fast Food,5,? 160.00, ? 800.00 , ? 115.00 ,? 225.00,The Chicken Burger was excellent. Really enjoyed the meal.
1840,1840,O01841,04-08-2024,18:30,C0209,Aasiya Malik,120,Peri Peri Chicken Wings,Snacks,5,? 180.00, ? 900.00 , ? 135.00 ,? 225.00,The Peri Peri Chicken Wings was excellent. Really enjoyed the meal.
1841,1841,O01842,04-08-2024,15:15,C0141,Arahan Ali,103,Paneer Frankie,Street Food,1,? 130.00, ? 130.00 , ? 95.00 ,? 35.00,The Paneer Frankie met my expectations.
1842,1842,O01843,04-08-2024,20:15,C0140,Imran Taimoor,88,Vada Pav,Snack,5,? 120.00, ? 600.00 , ? 91.00 ,? 145.00,The Vada Pav could have been better.
1843,1843,O01844,04-08-2024,18:30,C0062,Ayeza Nadaf,27,Pasta Arrabbiata,Continental,4,? 300.00," ? 1,200.00 ", ? 215.00 ,? 340.00,Great food! The Pasta Arrabbiata was delicious and well-prepared.
1844,1844,O01845,04-08-2024,15:30,C0129,Sher Taimoor,4,Chicken Biryani,Rice Meal,4,? 440.00," ? 1,760.00 ", ? 334.00 ,? 424.00,The Chicken Biryani was excellent. Really enjoyed the meal.
1845,1845,O01846,04-08-2024,13:30,C0322,Aasin Malik,61,Veg Spring Rolls,Starter,2,? 220.00, ? 440.00 , ? 162.00 ,? 116.00,The Veg Spring Rolls was cold when it arrived at our table.
1846,1846,O01847,04-08-2024,10:00,C0118,Aman Azam,31,Mutton Rogan Josh,Non-Veg Main,2,? 520.00," ? 1,040.00 ", ? 395.00 ,? 250.00,Felt that the Mutton Rogan Josh was overpriced for its quality.
1847,1847,O01848,04-08-2024,15:30,C0005,Aasin Azam,7,Butter Chicken,Meat Special,2,? 495.00, ? 990.00 , ? 349.00 ,? 292.00,A satisfying meal. The Butter Chicken was a good choice.
1848,1848,O01849,05-08-2024,11:30,C0180,Isharat Shikalkar,3,Chicken Soup,Starter,2,? 220.00, ? 440.00 , ? 170.00 ,? 100.00,The Chicken Soup was simply delicious and fresh. Highly recommended!
1849,1849,O01850,05-08-2024,14:00,C0066,Abdul Rahim Mujawar,45,Egg Curry,Non-Veg Main,3,? 280.00, ? 840.00 , ? 203.00 ,? 231.00,A truly authentic and flavorful Egg Curry. It was very satisfying.
1850,1850,O01851,05-08-2024,20:45,C0043,Aakib Faruqi,17,French Fries,Starter,4,? 120.00, ? 480.00 , ? 87.00 ,? 132.00,The French Fries was simply delicious and fresh. Highly recommended!
1851,1851,O01852,05-08-2024,13:00,C0170,Sher Shikalkar,16,Ice Cream Sundae,Dessert,3,? 200.00, ? 600.00 , ? 143.00 ,? 171.00,I was not a fan of the Ice Cream Sundae.
1852,1852,O01853,05-08-2024,15:45,C0192,Danish Faruqi,10,Pepperoni Pizza,Pizza,2,? 368.00, ? 736.00 , ? 283.00 ,? 170.00,A satisfying meal. The Pepperoni Pizza was a good choice.
1853,1853,O01854,05-08-2024,22:00,C0205,Rihan Taimoor,67,Veg Schezwan Noodles,Rice & Noodles,5,? 240.00," ? 1,200.00 ", ? 171.00 ,? 345.00,The Veg Schezwan Noodles was excellent. Really enjoyed the meal.
1854,1854,O01855,05-08-2024,11:30,C0308,Ayeza Khan,43,Onion Uttapam,Vegetarian,4,? 160.00, ? 640.00 , ? 112.00 ,? 192.00,A wholesome and delicious Onion Uttapam. The vegetables were so fresh!
1855,1855,O01856,05-08-2024,16:45,C0051,Dua Khan,15,Tiramisu,Dessert,1,? 280.00, ? 280.00 , ? 201.00 ,? 79.00,The Tiramisu was not what I expected.
1856,1856,O01857,05-08-2024,13:30,C0188,Sher Raes,98,Paneer Kathi Roll,Street Food,5,? 140.00, ? 700.00 , ? 103.00 ,? 185.00,A satisfying meal. The Paneer Kathi Roll was a good choice.
1857,1857,O01858,05-08-2024,19:45,C0250,Isharat Azam,96,Club Sandwich,Sandwiches,4,? 160.00, ? 640.00 , ? 119.00 ,? 164.00,A satisfying meal. The Club Sandwich was a good choice.
1858,1858,O01859,05-08-2024,15:00,C0053,Shahrukh Taimoor,40,Idli Sambar,Vegetarian,3,? 160.00, ? 480.00 , ? 119.00 ,? 123.00,The Idli Sambar is a great choice for vegetarians. Hearty and full of flavor.
1859,1859,O01860,05-08-2024,19:00,C0297,Wahaj Ali,38,Mutton Biryani,Rice Meal,2,? 490.00, ? 980.00 , ? 350.00 ,? 280.00,The Mutton Biryani met my expectations.
1860,1860,O01861,05-08-2024,15:45,C0018,Sher Shikalkar,91,Chana Masala,Main Course,4,? 260.00," ? 1,040.00 ", ? 185.00 ,? 300.00,Great food! The Chana Masala was delicious and well-prepared.
1861,1861,O01862,05-08-2024,12:45,C0059,Aman Momin,78,Fried Momos (Veg),Starter,2,? 200.00, ? 400.00 , ? 141.00 ,? 118.00,The Fried Momos (Veg) was okay. It was a standard appetizer.
1862,1862,O01863,05-08-2024,14:30,C0044,Shamsher Mujawar,119,Veg Paneer Wrap,Snacks,2,? 95.00, ? 190.00 , ? 74.00 ,? 42.00,The Veg Paneer Wrap was fine.
1863,1863,O01864,05-08-2024,10:00,C0104,Sultan Nadaf,84,Seekh Kebab,Starter,3,? 400.00," ? 1,200.00 ", ? 282.00 ,? 354.00,The Seekh Kebab was simply delicious and fresh. Highly recommended!
1864,1864,O01865,05-08-2024,19:30,C0137,Aman Raes,83,Malai Kofta,Main Course,3,? 340.00," ? 1,020.00 ", ? 249.00 ,? 273.00,A satisfying meal. The Malai Kofta was a good choice.
1865,1865,O01866,06-08-2024,19:15,C0249,Aasiya Mujawar,47,Bhindi Masala,Vegetarian,5,? 240.00," ? 1,200.00 ", ? 175.00 ,? 325.00,I found the Bhindi Masala to be a bit watery.
1866,1866,O01867,06-08-2024,14:00,C0128,Moh Saad Shikalkar,19,Chicken Hakka Noodles,Rice & Noodles,5,? 260.00," ? 1,300.00 ", ? 193.00 ,? 335.00,The Chicken Hakka Noodles was excellent. Really enjoyed the meal.
1867,1867,O01868,06-08-2024,11:45,C0109,Aman Mujawar,132,Club Chicken Sandwich,Snacks,1,? 140.00, ? 140.00 , ? 101.00 ,? 39.00,I was not a fan of the Club Chicken Sandwich.
1868,1868,O01869,06-08-2024,13:15,C0076,Dua Shikalkar,120,Peri Peri Chicken Wings,Snacks,4,? 180.00, ? 720.00 , ? 135.00 ,? 180.00,The Peri Peri Chicken Wings was excellent. Really enjoyed the meal.
1869,1869,O01870,06-08-2024,12:15,C0062,Ayeza Nadaf,129,Smoked Chicken Sub,Snacks,4,? 160.00, ? 640.00 , ? 112.00 ,? 192.00,The Smoked Chicken Sub was excellent. Really enjoyed the meal.
1870,1870,O01871,06-08-2024,22:15,C0036,Sher Shikalkar,117,Egg Mayo Sandwich,Snacks,2,? 85.00, ? 170.00 , ? 66.00 ,? 38.00,The Egg Mayo Sandwich was excellent. Really enjoyed the meal.
1871,1871,O01872,06-08-2024,16:15,C0226,Aman Taimoor,41,Vada Sambar,Vegetarian,4,? 170.00, ? 680.00 , ? 121.00 ,? 196.00,The Vada Sambar was as expected.
1872,1872,O01873,06-08-2024,14:30,C0238,Aakib Malik,85,Veg Thali,Meal Combo,2,? 360.00, ? 720.00 , ? 263.00 ,? 194.00,A satisfying meal. The Veg Thali was a good choice.
1873,1873,O01874,06-08-2024,22:30,C0198,Danish Faruqi,38,Mutton Biryani,Rice Meal,2,? 490.00, ? 980.00 , ? 350.00 ,? 280.00,The Mutton Biryani was excellent. Really enjoyed the meal.
1874,1874,O01875,06-08-2024,17:45,C0178,Wahaj Sayyad,92,Kadhi Pakora,Main Course,2,? 300.00, ? 600.00 , ? 231.00 ,? 138.00,Great food! The Kadhi Pakora was delicious and well-prepared.
1875,1875,O01876,06-08-2024,20:15,C0068,Abdul Rahim Shaikh,116,Paneer Bhurji Sandwich,Snacks,1,? 75.00, ? 75.00 , ? 59.00 ,? 16.00,A satisfying meal. The Paneer Bhurji Sandwich was a good choice.
1876,1876,O01877,06-08-2024,22:15,C0095,Aakib Azam,103,Paneer Frankie,Street Food,3,? 130.00, ? 390.00 , ? 95.00 ,? 105.00,Great food! The Paneer Frankie was delicious and well-prepared.
1877,1877,O01878,06-08-2024,17:45,C0014,Arman Faruqi,86,Non-Veg Thali,Meal Combo,3,? 440.00," ? 1,320.00 ", ? 322.00 ,? 354.00,The Non-Veg Thali was excellent. Really enjoyed the meal.
1878,1878,O01879,07-08-2024,13:30,C0186,Aariz Khan,17,French Fries,Starter,3,? 120.00, ? 360.00 , ? 87.00 ,? 99.00,The French Fries was a fantastic start to our meal! Perfectly crispy.
1879,1879,O01880,07-08-2024,13:00,C0156,Arman Faruqi,29,Greek Salad,Salad,4,? 260.00," ? 1,040.00 ", ? 197.00 ,? 252.00,The Greek Salad was fine.
1880,1880,O01881,07-08-2024,17:15,C0241,Shamsher Faruqi,80,Tandoori Momos,Starter,5,? 260.00," ? 1,300.00 ", ? 185.00 ,? 375.00,Wasn't very impressed with the Tandoori Momos. It lacked flavor.
1881,1881,O01882,07-08-2024,10:15,C0233,Moh Saad Nadaf,81,Biryani (Veg),Rice,3,? 320.00, ? 960.00 , ? 251.00 ,? 207.00,A satisfying meal. The Biryani (Veg) was a good choice.
1882,1882,O01883,07-08-2024,15:00,C0044,Shamsher Mujawar,109,Cheese Sandwich,Sandwiches,2,? 100.00, ? 200.00 , ? 72.00 ,? 56.00,The Cheese Sandwich was not what I expected.
1883,1883,O01884,07-08-2024,10:45,C0091,Aasin Nadaf,126,Corn & Cheese Sandwich,Snacks,5,? 90.00, ? 450.00 , ? 66.00 ,? 120.00,A satisfying meal. The Corn & Cheese Sandwich was a good choice.
1884,1884,O01885,07-08-2024,15:00,C0051,Dua Khan,110,Paneer Sandwich,Sandwiches,3,? 120.00, ? 360.00 , ? 84.00 ,? 108.00,The Paneer Sandwich could have been better.
1885,1885,O01886,07-08-2024,16:15,C0302,Shamsher Ali,57,Prawn Masala,Non-Veg Main,2,? 460.00, ? 920.00 , ? 326.00 ,? 268.00,The Prawn Masala was cooked to perfection. The spices were spot on!
1886,1886,O01887,07-08-2024,10:30,C0166,Nikhat Taimoor,57,Prawn Masala,Non-Veg Main,2,? 460.00, ? 920.00 , ? 326.00 ,? 268.00,Felt that the Prawn Masala was overpriced for its quality.
1887,1887,O01888,07-08-2024,10:45,C0305,Aasin Faruqi,10,Pepperoni Pizza,Pizza,2,? 368.00, ? 736.00 , ? 283.00 ,? 170.00,The Pepperoni Pizza was not what I expected.
1888,1888,O01889,07-08-2024,18:30,C0186,Aariz Khan,74,Chicken Clear Soup,Starter,3,? 160.00, ? 480.00 , ? 125.00 ,? 105.00,The Chicken Clear Soup was cold when it arrived at our table.
1889,1889,O01890,08-08-2024,16:45,C0038,Moh Saad Malik,71,Sweet Corn Soup (Veg),Starter,4,? 140.00, ? 560.00 , ? 108.00 ,? 128.00,The Sweet Corn Soup (Veg) was a bit too oily for my liking.
1890,1890,O01891,08-08-2024,14:45,C0149,Aariz Nadaf,59,Veg Manchurian,Starter,4,? 240.00, ? 960.00 , ? 169.00 ,? 284.00,The Veg Manchurian was simply delicious and fresh. Highly recommended!
1891,1891,O01892,08-08-2024,21:00,C0240,Sultan Ali,25,Spring Rolls,Starter,1,? 220.00, ? 220.00 , ? 164.00 ,? 56.00,The Spring Rolls was simply delicious and fresh. Highly recommended!
1892,1892,O01893,08-08-2024,20:30,C0013,Aariz Raes,3,Chicken Soup,Starter,3,? 220.00, ? 660.00 , ? 170.00 ,? 150.00,Wasn't very impressed with the Chicken Soup. It lacked flavor.
1893,1893,O01894,08-08-2024,17:30,C0094,Rihan Ali,101,Veggie Sub,Sandwiches,5,? 150.00, ? 750.00 , ? 105.00 ,? 225.00,The Veggie Sub could have been better.
1894,1894,O01895,08-08-2024,13:30,C0125,Danish Nadaf,113,Aloo Parantha,Breads,5,? 80.00, ? 400.00 , ? 63.00 ,? 85.00,The Aloo Parantha was excellent. Really enjoyed the meal.
1895,1895,O01896,08-08-2024,21:30,C0316,Shamsher Mujawar,34,Rajma Chawal,Vegetarian,1,? 300.00, ? 300.00 , ? 238.00 ,? 62.00,The Rajma Chawal is a great choice for vegetarians. Hearty and full of flavor.
1896,1896,O01897,08-08-2024,21:45,C0214,Nikhat Taimoor,16,Ice Cream Sundae,Dessert,2,? 200.00, ? 400.00 , ? 143.00 ,? 114.00,Great food! The Ice Cream Sundae was delicious and well-prepared.
1897,1897,O01898,08-08-2024,20:45,C0299,Aakib Shaikh,45,Egg Curry,Non-Veg Main,1,? 280.00, ? 280.00 , ? 203.00 ,? 77.00,The Egg Curry was satisfactory.
1898,1898,O01899,08-08-2024,11:15,C0039,Aasifa Shaikh,114,Veg Frankie Roll,Snacks,2,? 80.00, ? 160.00 , ? 62.00 ,? 36.00,It was an average Veg Frankie Roll.
1899,1899,O01900,08-08-2024,12:00,C0316,Shamsher Mujawar,132,Club Chicken Sandwich,Snacks,1,? 140.00, ? 140.00 , ? 101.00 ,? 39.00,It was an average Club Chicken Sandwich.
1900,1900,O01901,08-08-2024,20:45,C0324,Aasifa Faruqi,20,Veg Fried Rice,Rice & Noodles,4,? 200.00, ? 800.00 , ? 145.00 ,? 220.00,Great food! The Veg Fried Rice was delicious and well-prepared.
1901,1901,O01902,08-08-2024,17:30,C0113,Ayeza Momin,92,Kadhi Pakora,Main Course,1,? 300.00, ? 300.00 , ? 231.00 ,? 69.00,It was an average Kadhi Pakora.
1902,1902,O01903,09-08-2024,22:15,C0121,Rihan Mujawar,25,Spring Rolls,Starter,3,? 220.00, ? 660.00 , ? 164.00 ,? 168.00,Absolutely loved the Spring Rolls! It was the perfect appetizer to get us started.
1903,1903,O01904,09-08-2024,11:45,C0050,Dua Sayyad,76,Chicken Momos,Starter,3,? 220.00, ? 660.00 , ? 170.00 ,? 150.00,The Chicken Momos was a fantastic start to our meal! Perfectly crispy.
1904,1904,O01905,09-08-2024,12:00,C0203,Isharat Sayyad,54,Egg Biryani,Rice & Noodles,1,? 340.00, ? 340.00 , ? 268.00 ,? 72.00,The Egg Biryani met my expectations.
1905,1905,O01906,09-08-2024,15:00,C0088,Abdul Rahim Nadaf,104,Chicken Frankie,Street Food,1,? 150.00, ? 150.00 , ? 112.00 ,? 38.00,A satisfying meal. The Chicken Frankie was a good choice.
1906,1906,O01907,09-08-2024,21:45,C0181,Aman Khan,28,Caesar Salad,Salad,5,? 280.00," ? 1,400.00 ", ? 210.00 ,? 350.00,The Caesar Salad was excellent. Really enjoyed the meal.
1907,1907,O01908,09-08-2024,20:00,C0196,Arman Taimoor,130,Veggie Delight Sub,Snacks,4,? 120.00, ? 480.00 , ? 90.00 ,? 120.00,It was an average Veggie Delight Sub.
1908,1908,O01909,09-08-2024,22:00,C0133,Wahaj Ali,60,Chicken Manchurian,Starter,2,? 280.00, ? 560.00 , ? 205.00 ,? 150.00,The Chicken Manchurian was cold when it arrived at our table.
1909,1909,O01910,09-08-2024,18:00,C0293,Wahaj Raes,33,Dal Tadka,Vegetarian,3,? 260.00, ? 780.00 , ? 183.00 ,? 231.00,I found the Dal Tadka to be a bit watery.
1910,1910,O01911,09-08-2024,12:00,C0141,Arahan Ali,81,Biryani (Veg),Rice,5,? 320.00," ? 1,600.00 ", ? 251.00 ,? 345.00,A satisfying meal. The Biryani (Veg) was a good choice.
1911,1911,O01912,09-08-2024,22:00,C0030,Sher Mujawar,44,Hyderabadi Haleem,Non-Veg Main,3,? 500.00," ? 1,500.00 ", ? 395.00 ,? 315.00,The Hyderabadi Haleem was the highlight of our meal. Absolutely delicious!
1912,1912,O01913,09-08-2024,20:45,C0104,Sultan Nadaf,74,Chicken Clear Soup,Starter,2,? 160.00, ? 320.00 , ? 125.00 ,? 70.00,The Chicken Clear Soup was a fantastic start to our meal! Perfectly crispy.
1913,1913,O01914,09-08-2024,21:15,C0190,Rihan Raes,38,Mutton Biryani,Rice Meal,2,? 490.00, ? 980.00 , ? 350.00 ,? 280.00,Great food! The Mutton Biryani was delicious and well-prepared.
1914,1914,O01915,09-08-2024,17:15,C0300,Dua Azam,24,Samosa,Starter,2,? 100.00, ? 200.00 , ? 73.00 ,? 54.00,Absolutely loved the Samosa! It was the perfect appetizer to get us started.
1915,1915,O01916,09-08-2024,18:45,C0094,Rihan Ali,28,Caesar Salad,Salad,2,? 280.00, ? 560.00 , ? 210.00 ,? 140.00,I was not a fan of the Caesar Salad.
1916,1916,O01917,09-08-2024,22:00,C0069,Aasin Khan,131,Avocado Toast,Breakfast,3,? 150.00, ? 450.00 , ? 111.00 ,? 117.00,Great food! The Avocado Toast was delicious and well-prepared.
1917,1917,O01918,09-08-2024,18:00,C0261,Kaif Shaikh,11,Margherita Pizza,Pizza,5,? 330.00," ? 1,650.00 ", ? 231.00 ,? 495.00,Great food! The Margherita Pizza was delicious and well-prepared.
1918,1918,O01919,10-08-2024,15:30,C0032,Ayeza Mujawar,106,Chicken Burger,Fast Food,2,? 160.00, ? 320.00 , ? 115.00 ,? 90.00,Great food! The Chicken Burger was delicious and well-prepared.
1919,1919,O01920,10-08-2024,17:30,C0066,Abdul Rahim Mujawar,129,Smoked Chicken Sub,Snacks,5,? 160.00, ? 800.00 , ? 112.00 ,? 240.00,Great food! The Smoked Chicken Sub was delicious and well-prepared.
1920,1920,O01921,10-08-2024,22:00,C0022,Aasiya Ali,108,Chicken Shawarma,Street Food,3,? 170.00, ? 510.00 , ? 131.00 ,? 117.00,The Chicken Shawarma was excellent. Really enjoyed the meal.
1921,1921,O01922,10-08-2024,22:15,C0048,Abdul Rahim Malik,87,Uttapam,South Indian,3,? 220.00, ? 660.00 , ? 170.00 ,? 150.00,The Uttapam was fine.
1922,1922,O01923,10-08-2024,13:45,C0300,Dua Azam,122,Falafel Wrap,Snacks,5,? 130.00, ? 650.00 , ? 102.00 ,? 140.00,The Falafel Wrap was not what I expected.
1923,1923,O01924,10-08-2024,13:15,C0240,Sultan Ali,57,Prawn Masala,Non-Veg Main,1,? 460.00, ? 460.00 , ? 326.00 ,? 134.00,The Prawn Masala was the highlight of our meal. Absolutely delicious!
1924,1924,O01925,10-08-2024,20:30,C0162,Shamsher Mujawar,24,Samosa,Starter,3,? 100.00, ? 300.00 , ? 73.00 ,? 81.00,The Samosa was simply delicious and fresh. Highly recommended!
1925,1925,O01926,10-08-2024,18:00,C0054,Shamsher Ali,29,Greek Salad,Salad,5,? 260.00," ? 1,300.00 ", ? 197.00 ,? 315.00,The Greek Salad was fine.
1926,1926,O01927,10-08-2024,14:00,C0069,Aasin Khan,22,Paneer Tikka,Starter,2,? 280.00, ? 560.00 , ? 199.00 ,? 162.00,The Paneer Tikka was a bit too oily for my liking.
1927,1927,O01928,10-08-2024,17:15,C0218,Danish Khan,16,Ice Cream Sundae,Dessert,3,? 200.00, ? 600.00 , ? 143.00 ,? 171.00,Great food! The Ice Cream Sundae was delicious and well-prepared.
1928,1928,O01929,10-08-2024,12:45,C0183,Imran Mujawar,83,Malai Kofta,Main Course,3,? 340.00," ? 1,020.00 ", ? 249.00 ,? 273.00,The Malai Kofta was excellent. Really enjoyed the meal.
1929,1929,O01930,10-08-2024,13:30,C0095,Aakib Azam,108,Chicken Shawarma,Street Food,3,? 170.00, ? 510.00 , ? 131.00 ,? 117.00,Great food! The Chicken Shawarma was delicious and well-prepared.
1930,1930,O01931,10-08-2024,12:15,C0060,Nikhat Khan,60,Chicken Manchurian,Starter,5,? 280.00," ? 1,400.00 ", ? 205.00 ,? 375.00,Absolutely loved the Chicken Manchurian! It was the perfect appetizer to get us started.
1931,1931,O01932,10-08-2024,19:45,C0295,Sultan Taimoor,65,Schezwan Fried Rice,Rice & Noodles,4,? 220.00, ? 880.00 , ? 160.00 ,? 240.00,It was an average Schezwan Fried Rice.
1932,1932,O01933,10-08-2024,19:00,C0097,Isharat Taimoor,57,Prawn Masala,Non-Veg Main,1,? 460.00, ? 460.00 , ? 326.00 ,? 134.00,The Prawn Masala was cooked to perfection. The spices were spot on!
1933,1933,O01934,10-08-2024,15:15,C0028,Aakib Faruqi,7,Butter Chicken,Meat Special,3,? 495.00," ? 1,485.00 ", ? 349.00 ,? 438.00,A satisfying meal. The Butter Chicken was a good choice.
1934,1934,O01935,11-08-2024,20:15,C0320,Sultan Momin,51,Tandoori Chicken,Non-Veg Main,1,? 460.00, ? 460.00 , ? 366.00 ,? 94.00,"It was a standard Tandoori Chicken, nothing out of the ordinary."
1935,1935,O01936,11-08-2024,19:00,C0151,Aasifa Malik,65,Schezwan Fried Rice,Rice & Noodles,5,? 220.00," ? 1,100.00 ", ? 160.00 ,? 300.00,The Schezwan Fried Rice could have been better.
1936,1936,O01937,11-08-2024,16:30,C0017,Wahaj Taimoor,43,Onion Uttapam,Vegetarian,1,? 160.00, ? 160.00 , ? 112.00 ,? 48.00,The Onion Uttapam is a great choice for vegetarians. Hearty and full of flavor.
1937,1937,O01938,11-08-2024,10:30,C0243,Imran Sayyad,96,Club Sandwich,Sandwiches,2,? 160.00, ? 320.00 , ? 119.00 ,? 82.00,The Club Sandwich was excellent. Really enjoyed the meal.
1938,1938,O01939,11-08-2024,20:15,C0082,Isharat Nadaf,117,Egg Mayo Sandwich,Snacks,5,? 85.00, ? 425.00 , ? 66.00 ,? 95.00,Great food! The Egg Mayo Sandwich was delicious and well-prepared.
1939,1939,O01940,11-08-2024,17:00,C0119,Shahrukh Azam,68,Chicken Schezwan Noodles,Rice & Noodles,3,? 280.00, ? 840.00 , ? 218.00 ,? 186.00,I was not a fan of the Chicken Schezwan Noodles.
1940,1940,O01941,11-08-2024,18:45,C0327,Abdul Rahim Mujawar,124,Grilled Veg Panini,Snacks,1,? 140.00, ? 140.00 , ? 99.00 ,? 41.00,The Grilled Veg Panini was excellent. Really enjoyed the meal.
1941,1941,O01942,12-08-2024,19:30,C0067,Sultan Ali,33,Dal Tadka,Vegetarian,5,? 260.00," ? 1,300.00 ", ? 183.00 ,? 385.00,A wholesome and delicious Dal Tadka. The vegetables were so fresh!
1942,1942,O01943,12-08-2024,11:45,C0027,Arman Faruqi,53,Veg Pulao,Rice & Noodles,2,? 240.00, ? 480.00 , ? 190.00 ,? 100.00,The Veg Pulao was fine.
1943,1943,O01944,12-08-2024,14:30,C0166,Nikhat Taimoor,94,Butter Naan,Breads,2,? 60.00, ? 120.00 , ? 45.00 ,? 30.00,The Butter Naan was not what I expected.
1944,1944,O01945,12-08-2024,22:45,C0259,Nikhat Malik,59,Veg Manchurian,Starter,5,? 240.00," ? 1,200.00 ", ? 169.00 ,? 355.00,The Veg Manchurian was a bit too oily for my liking.
1945,1945,O01946,12-08-2024,15:15,C0054,Shamsher Ali,49,Aloo Gobi,Vegetarian,5,? 220.00," ? 1,100.00 ", ? 166.00 ,? 270.00,The Aloo Gobi was bland and needed more seasoning.
1946,1946,O01947,12-08-2024,19:00,C0202,Moh Saad Shikalkar,129,Smoked Chicken Sub,Snacks,4,? 160.00, ? 640.00 , ? 112.00 ,? 192.00,The Smoked Chicken Sub was excellent. Really enjoyed the meal.
1947,1947,O01948,12-08-2024,10:45,C0108,Arman Azam,47,Bhindi Masala,Vegetarian,1,? 240.00, ? 240.00 , ? 175.00 ,? 65.00,The Bhindi Masala was bland and needed more seasoning.
1948,1948,O01949,12-08-2024,17:15,C0244,Arahan Raes,75,Veg Momos,Starter,5,? 180.00, ? 900.00 , ? 138.00 ,? 210.00,The Veg Momos was a fantastic start to our meal! Perfectly crispy.
1949,1949,O01950,12-08-2024,15:45,C0025,Aasifa Khan,55,Vegetable Korma,Vegetarian,2,? 320.00, ? 640.00 , ? 243.00 ,? 154.00,The Vegetable Korma is a great choice for vegetarians. Hearty and full of flavor.
1950,1950,O01951,12-08-2024,18:45,C0084,Imran Momin,52,Chicken Tikka Masala,Non-Veg Main,4,? 480.00," ? 1,920.00 ", ? 373.00 ,? 428.00,A truly authentic and flavorful Chicken Tikka Masala. It was very satisfying.
1951,1951,O01952,12-08-2024,10:45,C0207,Imran Khan,95,Garlic Naan,Breads,3,? 70.00, ? 210.00 , ? 54.00 ,? 48.00,The Garlic Naan could have been better.
1952,1952,O01953,13-08-2024,16:00,C0204,Aasifa Faruqi,94,Butter Naan,Breads,2,? 60.00, ? 120.00 , ? 45.00 ,? 30.00,The Butter Naan was fine.
1953,1953,O01954,13-08-2024,10:30,C0234,Moh Saad Faruqi,88,Vada Pav,Snack,1,? 120.00, ? 120.00 , ? 91.00 ,? 29.00,The Vada Pav was excellent. Really enjoyed the meal.
1954,1954,O01955,13-08-2024,13:45,C0018,Sher Shikalkar,60,Chicken Manchurian,Starter,2,? 280.00, ? 560.00 , ? 205.00 ,? 150.00,The Chicken Manchurian was a fantastic start to our meal! Perfectly crispy.
1955,1955,O01956,13-08-2024,21:15,C0148,Aakib Momin,26,Pasta Alfredo,Continental,2,? 320.00, ? 640.00 , ? 249.00 ,? 142.00,The Pasta Alfredo was excellent. Really enjoyed the meal.
1956,1956,O01957,13-08-2024,17:45,C0034,Anis Raes,38,Mutton Biryani,Rice Meal,4,? 490.00," ? 1,960.00 ", ? 350.00 ,? 560.00,The Mutton Biryani was excellent. Really enjoyed the meal.
1957,1957,O01958,13-08-2024,22:00,C0121,Rihan Mujawar,129,Smoked Chicken Sub,Snacks,2,? 160.00, ? 320.00 , ? 112.00 ,? 96.00,The Smoked Chicken Sub could have been better.
1958,1958,O01959,13-08-2024,16:15,C0318,Shahrukh Ali,117,Egg Mayo Sandwich,Snacks,1,? 85.00, ? 85.00 , ? 66.00 ,? 19.00,Great food! The Egg Mayo Sandwich was delicious and well-prepared.
1959,1959,O01960,13-08-2024,10:30,C0009,Shamsher Khan,40,Idli Sambar,Vegetarian,5,? 160.00, ? 800.00 , ? 119.00 ,? 205.00,Loved the Idli Sambar! It was a delightful and well-prepared vegetarian meal.
1960,1960,O01961,13-08-2024,22:45,C0114,Imran Faruqi,96,Club Sandwich,Sandwiches,1,? 160.00, ? 160.00 , ? 119.00 ,? 41.00,The Club Sandwich was fine.
1961,1961,O01962,13-08-2024,18:30,C0046,Nikhat Taimoor,122,Falafel Wrap,Snacks,4,? 130.00, ? 520.00 , ? 102.00 ,? 112.00,Great food! The Falafel Wrap was delicious and well-prepared.
1962,1962,O01963,13-08-2024,17:45,C0219,Isharat Nadaf,127,Mutton Seekh Kebab Roll,Snacks,1,? 170.00, ? 170.00 , ? 132.00 ,? 38.00,The Mutton Seekh Kebab Roll was excellent. Really enjoyed the meal.
1963,1963,O01964,13-08-2024,11:15,C0321,Aasifa Khan,114,Veg Frankie Roll,Snacks,5,? 80.00, ? 400.00 , ? 62.00 ,? 90.00,Great food! The Veg Frankie Roll was delicious and well-prepared.
1964,1964,O01965,14-08-2024,17:00,C0326,Aman Sayyad,95,Garlic Naan,Breads,4,? 70.00, ? 280.00 , ? 54.00 ,? 64.00,A satisfying meal. The Garlic Naan was a good choice.
1965,1965,O01966,14-08-2024,22:15,C0061,Shamsher Raes,19,Chicken Hakka Noodles,Rice & Noodles,2,? 260.00, ? 520.00 , ? 193.00 ,? 134.00,The Chicken Hakka Noodles was not what I expected.
1966,1966,O01967,14-08-2024,15:30,C0172,Ayeza Shaikh,12,Veggie Burger,Burger,3,? 250.00, ? 750.00 , ? 199.00 ,? 153.00,Great food! The Veggie Burger was delicious and well-prepared.
1967,1967,O01968,14-08-2024,11:00,C0098,Shahrukh Malik,108,Chicken Shawarma,Street Food,1,? 170.00, ? 170.00 , ? 131.00 ,? 39.00,I was not a fan of the Chicken Shawarma.
1968,1968,O01969,14-08-2024,12:00,C0100,Aman Momin,75,Veg Momos,Starter,2,? 180.00, ? 360.00 , ? 138.00 ,? 84.00,It was an average Veg Momos.
1969,1969,O01970,14-08-2024,12:30,C0228,Isharat Momin,111,Egg Sandwich,Sandwiches,4,? 110.00, ? 440.00 , ? 80.00 ,? 120.00,The Egg Sandwich met my expectations.
1970,1970,O01971,14-08-2024,12:45,C0012,Abdul Rahim Malik,94,Butter Naan,Breads,2,? 60.00, ? 120.00 , ? 45.00 ,? 30.00,The Butter Naan was not what I expected.
1971,1971,O01972,14-08-2024,18:30,C0060,Nikhat Khan,77,Paneer Momos,Starter,3,? 200.00, ? 600.00 , ? 155.00 ,? 135.00,It was an average Paneer Momos.
1972,1972,O01973,14-08-2024,19:15,C0062,Ayeza Nadaf,59,Veg Manchurian,Starter,3,? 240.00, ? 720.00 , ? 169.00 ,? 213.00,The Veg Manchurian was a bit too oily for my liking.
1973,1973,O01974,14-08-2024,15:00,C0290,Isharat Raes,54,Egg Biryani,Rice & Noodles,5,? 340.00," ? 1,700.00 ", ? 268.00 ,? 360.00,The Egg Biryani was fine.
1974,1974,O01975,14-08-2024,12:30,C0203,Isharat Sayyad,59,Veg Manchurian,Starter,3,? 240.00, ? 720.00 , ? 169.00 ,? 213.00,The Veg Manchurian was simply delicious and fresh. Highly recommended!
1975,1975,O01976,15-08-2024,15:00,C0247,Shahrukh Sayyad,65,Schezwan Fried Rice,Rice & Noodles,5,? 220.00," ? 1,100.00 ", ? 160.00 ,? 300.00,The Schezwan Fried Rice was excellent. Really enjoyed the meal.
1976,1976,O01977,15-08-2024,17:15,C0101,Aariz Malik,105,Paneer Burger,Fast Food,3,? 140.00, ? 420.00 , ? 110.00 ,? 90.00,I was not a fan of the Paneer Burger.
1977,1977,O01978,15-08-2024,19:30,C0052,Shahrukh Sayyad,83,Malai Kofta,Main Course,2,? 340.00, ? 680.00 , ? 249.00 ,? 182.00,Great food! The Malai Kofta was delicious and well-prepared.
1978,1978,O01979,15-08-2024,17:45,C0289,Aasin Malik,73,Veg Clear Soup,Starter,1,? 120.00, ? 120.00 , ? 84.00 ,? 36.00,Absolutely loved the Veg Clear Soup! It was the perfect appetizer to get us started.
1979,1979,O01980,15-08-2024,14:45,C0052,Shahrukh Sayyad,82,Fish Curry (Goan),Main Course,4,? 380.00," ? 1,520.00 ", ? 289.00 ,? 364.00,Great food! The Fish Curry (Goan) was delicious and well-prepared.
1980,1980,O01981,15-08-2024,16:15,C0261,Kaif Shaikh,93,Matar Paneer,Main Course,1,? 340.00, ? 340.00 , ? 263.00 ,? 77.00,The Matar Paneer was excellent. Really enjoyed the meal.
1981,1981,O01982,15-08-2024,18:30,C0136,Anis Taimoor,49,Aloo Gobi,Vegetarian,3,? 220.00, ? 660.00 , ? 166.00 ,? 162.00,Loved the Aloo Gobi! It was a delightful and well-prepared vegetarian meal.
1982,1982,O01983,15-08-2024,14:45,C0249,Aasiya Mujawar,112,Paneer Parantha,Breads,2,? 90.00, ? 180.00 , ? 64.00 ,? 52.00,A satisfying meal. The Paneer Parantha was a good choice.
1983,1983,O01984,15-08-2024,15:45,C0278,Sultan Shikalkar,7,Butter Chicken,Meat Special,3,? 495.00," ? 1,485.00 ", ? 349.00 ,? 438.00,Great food! The Butter Chicken was delicious and well-prepared.
1984,1984,O01985,16-08-2024,22:30,C0187,Aasin Nadaf,24,Samosa,Starter,2,? 100.00, ? 200.00 , ? 73.00 ,? 54.00,The Samosa was cold when it arrived at our table.
1985,1985,O01986,16-08-2024,12:15,C0036,Sher Shikalkar,94,Butter Naan,Breads,2,? 60.00, ? 120.00 , ? 45.00 ,? 30.00,The Butter Naan met my expectations.
1986,1986,O01987,16-08-2024,21:30,C0320,Sultan Momin,25,Spring Rolls,Starter,2,? 220.00, ? 440.00 , ? 164.00 ,? 112.00,The Spring Rolls was a fantastic start to our meal! Perfectly crispy.
1987,1987,O01988,16-08-2024,17:00,C0217,Nikhat Mujawar,126,Corn & Cheese Sandwich,Snacks,5,? 90.00, ? 450.00 , ? 66.00 ,? 120.00,It was an average Corn & Cheese Sandwich.
1988,1988,O01989,16-08-2024,20:30,C0239,Arman Momin,17,French Fries,Starter,3,? 120.00, ? 360.00 , ? 87.00 ,? 99.00,"The French Fries was decent, but nothing special."
1989,1989,O01990,16-08-2024,13:00,C0044,Shamsher Mujawar,31,Mutton Rogan Josh,Non-Veg Main,1,? 520.00, ? 520.00 , ? 395.00 ,? 125.00,The Mutton Rogan Josh was satisfactory.
1990,1990,O01991,16-08-2024,22:30,C0301,Sher Taimoor,51,Tandoori Chicken,Non-Veg Main,3,? 460.00," ? 1,380.00 ", ? 366.00 ,? 282.00,The Tandoori Chicken was cooked to perfection. The spices were spot on!
1991,1991,O01992,16-08-2024,22:30,C0300,Dua Azam,115,Chicken Kathi Roll,Snacks,4,? 120.00, ? 480.00 , ? 91.00 ,? 116.00,Great food! The Chicken Kathi Roll was delicious and well-prepared.
1992,1992,O01993,16-08-2024,17:30,C0216,Sultan Khan,57,Prawn Masala,Non-Veg Main,2,? 460.00, ? 920.00 , ? 326.00 ,? 268.00,The Prawn Masala was cooked to perfection. The spices were spot on!
1993,1993,O01994,16-08-2024,19:00,C0112,Shahrukh Sayyad,45,Egg Curry,Non-Veg Main,5,? 280.00," ? 1,400.00 ", ? 203.00 ,? 385.00,A truly authentic and flavorful Egg Curry. It was very satisfying.
1994,1994,O01995,17-08-2024,19:00,C0264,Abdul Rahim Mujawar,118,Tuna Melt Sandwich,Snacks,1,? 140.00, ? 140.00 , ? 100.00 ,? 40.00,The Tuna Melt Sandwich was fine.
1995,1995,O01996,17-08-2024,22:30,C0136,Anis Taimoor,28,Caesar Salad,Salad,4,? 280.00," ? 1,120.00 ", ? 210.00 ,? 280.00,The Caesar Salad was excellent. Really enjoyed the meal.
1996,1996,O01997,17-08-2024,16:45,C0003,Danish Malik,51,Tandoori Chicken,Non-Veg Main,3,? 460.00," ? 1,380.00 ", ? 366.00 ,? 282.00,The Tandoori Chicken was cooked to perfection. The spices were spot on!
1997,1997,O01998,17-08-2024,19:00,C0105,Aakib Nadaf,77,Paneer Momos,Starter,3,? 200.00, ? 600.00 , ? 155.00 ,? 135.00,The Paneer Momos was a fantastic start to our meal! Perfectly crispy.
1998,1998,O01999,17-08-2024,17:00,C0238,Aakib Malik,96,Club Sandwich,Sandwiches,1,? 160.00, ? 160.00 , ? 119.00 ,? 41.00,The Club Sandwich could have been better.
1999,1999,O02000,17-08-2024,20:30,C0188,Sher Raes,68,Chicken Schezwan Noodles,Rice & Noodles,4,? 280.00," ? 1,120.00 ", ? 218.00 ,? 248.00,It was an average Chicken Schezwan Noodles.
2000,2000,O02001,17-08-2024,16:45,C0256,Arman Faruqi,80,Tandoori Momos,Starter,5,? 260.00," ? 1,300.00 ", ? 185.00 ,? 375.00,The Tandoori Momos was a fantastic start to our meal! Perfectly crispy.
2001,2001,O02002,17-08-2024,19:45,C0301,Sher Taimoor,51,Tandoori Chicken,Non-Veg Main,4,? 460.00," ? 1,840.00 ", ? 366.00 ,? 376.00,The Tandoori Chicken was alright. It was cooked well but the flavor was average.
2002,2002,O02003,17-08-2024,17:30,C0188,Sher Raes,86,Non-Veg Thali,Meal Combo,1,? 440.00, ? 440.00 , ? 322.00 ,? 118.00,It was an average Non-Veg Thali.
2003,2003,O02004,18-08-2024,18:15,C0264,Abdul Rahim Mujawar,115,Chicken Kathi Roll,Street Food,1,? 160.00, ? 160.00 , ? 112.00 ,? 48.00,A satisfying meal. The Chicken Kathi Roll was a good choice.
2004,2004,O02005,18-08-2024,20:00,C0261,Kaif Shaikh,90,Pani Puri,Snack,1,? 100.00, ? 100.00 , ? 74.00 ,? 26.00,The Pani Puri was excellent. Really enjoyed the meal.
2005,2005,O02006,18-08-2024,16:15,C0067,Sultan Ali,101,Veggie Sub,Sandwiches,2,? 150.00, ? 300.00 , ? 105.00 ,? 90.00,Great food! The Veggie Sub was delicious and well-prepared.
2006,2006,O02007,18-08-2024,10:00,C0164,Aakib Malik,13,Gulab Jamun,Dessert,4,? 150.00, ? 600.00 , ? 117.00 ,? 132.00,The Gulab Jamun met my expectations.
2007,2007,O02008,18-08-2024,22:00,C0274,Moh Saad Sayyad,73,Veg Clear Soup,Starter,3,? 120.00, ? 360.00 , ? 84.00 ,? 108.00,The Veg Clear Soup was simply delicious and fresh. Highly recommended!
2008,2008,O02009,18-08-2024,10:15,C0215,Ayeza Faruqi,108,Chicken Shawarma,Street Food,3,? 170.00, ? 510.00 , ? 131.00 ,? 117.00,The Chicken Shawarma was not what I expected.
2009,2009,O02010,18-08-2024,22:15,C0302,Shamsher Ali,43,Onion Uttapam,Vegetarian,1,? 160.00, ? 160.00 , ? 112.00 ,? 48.00,A wholesome and delicious Onion Uttapam. The vegetables were so fresh!
2010,2010,O02011,18-08-2024,21:15,C0073,Moh Saad Taimoor,86,Non-Veg Thali,Meal Combo,2,? 440.00, ? 880.00 , ? 322.00 ,? 236.00,A satisfying meal. The Non-Veg Thali was a good choice.
2011,2011,O02012,18-08-2024,20:00,C0326,Aman Sayyad,25,Spring Rolls,Starter,2,? 220.00, ? 440.00 , ? 164.00 ,? 112.00,Absolutely loved the Spring Rolls! It was the perfect appetizer to get us started.
2012,2012,O02013,19-08-2024,17:30,C0323,Wahaj Ali,18,Veg Hakka Noodles,Rice & Noodles,2,? 220.00, ? 440.00 , ? 165.00 ,? 110.00,The Veg Hakka Noodles was not what I expected.
2013,2013,O02014,19-08-2024,10:45,C0157,Arahan Azam,13,Gulab Jamun,Dessert,2,? 150.00, ? 300.00 , ? 117.00 ,? 66.00,Great food! The Gulab Jamun was delicious and well-prepared.
2014,2014,O02015,19-08-2024,12:15,C0274,Moh Saad Sayyad,100,Veg Wrap,Sandwiches,5,? 130.00, ? 650.00 , ? 92.00 ,? 190.00,The Veg Wrap was not what I expected.
2015,2015,O02016,19-08-2024,19:15,C0121,Rihan Mujawar,49,Aloo Gobi,Vegetarian,1,? 220.00, ? 220.00 , ? 166.00 ,? 54.00,A wholesome and delicious Aloo Gobi. The vegetables were so fresh!
2016,2016,O02017,19-08-2024,10:30,C0098,Shahrukh Malik,126,Corn & Cheese Sandwich,Snacks,4,? 90.00, ? 360.00 , ? 66.00 ,? 96.00,The Corn & Cheese Sandwich was excellent. Really enjoyed the meal.
2017,2017,O02018,19-08-2024,14:00,C0036,Sher Shikalkar,47,Bhindi Masala,Vegetarian,4,? 240.00, ? 960.00 , ? 175.00 ,? 260.00,The Bhindi Masala is a great choice for vegetarians. Hearty and full of flavor.
2018,2018,O02019,19-08-2024,17:15,C0127,Dua Taimoor,35,Chole Bhature,Vegetarian,4,? 280.00," ? 1,120.00 ", ? 223.00 ,? 228.00,Loved the Chole Bhature! It was a delightful and well-prepared vegetarian meal.
2019,2019,O02020,19-08-2024,11:00,C0324,Aasifa Faruqi,106,Chicken Burger,Fast Food,5,? 160.00, ? 800.00 , ? 115.00 ,? 225.00,Great food! The Chicken Burger was delicious and well-prepared.
2020,2020,O02021,19-08-2024,12:45,C0268,Ayeza Azam,62,Chicken Spring Rolls,Starter,1,? 260.00, ? 260.00 , ? 189.00 ,? 71.00,The Chicken Spring Rolls was simply delicious and fresh. Highly recommended!
2021,2021,O02022,20-08-2024,13:45,C0269,Aakib Nadaf,11,Margherita Pizza,Pizza,5,? 330.00," ? 1,650.00 ", ? 231.00 ,? 495.00,A satisfying meal. The Margherita Pizza was a good choice.
2022,2022,O02023,20-08-2024,13:45,C0194,Isharat Momin,60,Chicken Manchurian,Starter,3,? 280.00, ? 840.00 , ? 205.00 ,? 225.00,The Chicken Manchurian was simply delicious and fresh. Highly recommended!
2023,2023,O02024,20-08-2024,20:00,C0169,Anis Taimoor,115,Chicken Kathi Roll,Street Food,4,? 160.00, ? 640.00 , ? 112.00 ,? 192.00,It was an average Chicken Kathi Roll.
2024,2024,O02025,20-08-2024,18:30,C0218,Danish Khan,95,Garlic Naan,Breads,4,? 70.00, ? 280.00 , ? 54.00 ,? 64.00,A satisfying meal. The Garlic Naan was a good choice.
2025,2025,O02026,20-08-2024,19:45,C0242,Arahan Mujawar,38,Mutton Biryani,Rice Meal,3,? 490.00," ? 1,470.00 ", ? 350.00 ,? 420.00,It was an average Mutton Biryani.
2026,2026,O02027,20-08-2024,13:30,C0233,Moh Saad Nadaf,130,Veggie Delight Sub,Snacks,1,? 120.00, ? 120.00 , ? 90.00 ,? 30.00,The Veggie Delight Sub could have been better.
2027,2027,O02028,20-08-2024,14:45,C0034,Anis Raes,19,Chicken Hakka Noodles,Rice & Noodles,1,? 260.00, ? 260.00 , ? 193.00 ,? 67.00,Great food! The Chicken Hakka Noodles was delicious and well-prepared.
2028,2028,O02029,20-08-2024,15:45,C0263,Sher Raes,112,Paneer Parantha,Breads,2,? 90.00, ? 180.00 , ? 64.00 ,? 52.00,Great food! The Paneer Parantha was delicious and well-prepared.
2029,2029,O02030,20-08-2024,14:15,C0223,Anis Sayyad,68,Chicken Schezwan Noodles,Rice & Noodles,2,? 280.00, ? 560.00 , ? 218.00 ,? 124.00,The Chicken Schezwan Noodles was excellent. Really enjoyed the meal.
2030,2030,O02031,20-08-2024,11:30,C0057,Arman Azam,113,Aloo Parantha,Breads,3,? 80.00, ? 240.00 , ? 63.00 ,? 51.00,It was an average Aloo Parantha.
2031,2031,O02032,21-08-2024,17:00,C0125,Danish Nadaf,127,Mutton Seekh Kebab Roll,Snacks,5,? 170.00, ? 850.00 , ? 132.00 ,? 190.00,I was not a fan of the Mutton Seekh Kebab Roll.
2032,2032,O02033,21-08-2024,18:30,C0151,Aasifa Malik,105,Paneer Burger,Fast Food,4,? 140.00, ? 560.00 , ? 110.00 ,? 120.00,I was not a fan of the Paneer Burger.
2033,2033,O02034,21-08-2024,19:45,C0119,Shahrukh Azam,13,Gulab Jamun,Dessert,3,? 150.00, ? 450.00 , ? 117.00 ,? 99.00,The Gulab Jamun could have been better.
2034,2034,O02035,21-08-2024,14:45,C0285,Ayeza Raes,47,Bhindi Masala,Vegetarian,1,? 240.00, ? 240.00 , ? 175.00 ,? 65.00,A wholesome and delicious Bhindi Masala. The vegetables were so fresh!
2035,2035,O02036,21-08-2024,16:45,C0018,Sher Shikalkar,59,Veg Manchurian,Starter,3,? 240.00, ? 720.00 , ? 169.00 ,? 213.00,Absolutely loved the Veg Manchurian! It was the perfect appetizer to get us started.
2036,2036,O02037,21-08-2024,10:00,C0243,Imran Sayyad,26,Pasta Alfredo,Continental,4,? 320.00," ? 1,280.00 ", ? 249.00 ,? 284.00,The Pasta Alfredo was excellent. Really enjoyed the meal.
2037,2037,O02038,21-08-2024,16:30,C0244,Arahan Raes,32,Fish Curry,Non-Veg Main,5,? 400.00," ? 2,000.00 ", ? 286.00 ,? 570.00,The Fish Curry was the highlight of our meal. Absolutely delicious!
2038,2038,O02039,21-08-2024,19:15,C0318,Shahrukh Ali,81,Biryani (Veg),Rice,2,? 320.00, ? 640.00 , ? 251.00 ,? 138.00,The Biryani (Veg) met my expectations.
2039,2039,O02040,21-08-2024,16:30,C0200,Aariz Taimoor,56,Dal Makhani,Vegetarian,1,? 340.00, ? 340.00 , ? 269.00 ,? 71.00,The vegetables in the Dal Makhani seemed overcooked.
2040,2040,O02041,21-08-2024,12:00,C0149,Aariz Nadaf,107,Paneer Shawarma,Street Food,3,? 150.00, ? 450.00 , ? 111.00 ,? 117.00,Great food! The Paneer Shawarma was delicious and well-prepared.
2041,2041,O02042,21-08-2024,22:45,C0080,Sher Khan,85,Veg Thali,Meal Combo,3,? 360.00," ? 1,080.00 ", ? 263.00 ,? 291.00,A satisfying meal. The Veg Thali was a good choice.
2042,2042,O02043,21-08-2024,10:45,C0249,Aasiya Mujawar,98,Paneer Kathi Roll,Street Food,2,? 140.00, ? 280.00 , ? 103.00 ,? 74.00,The Paneer Kathi Roll met my expectations.
2043,2043,O02044,21-08-2024,18:15,C0155,Imran Mujawar,121,Cheese Garlic Bread,Breads,3,? 110.00, ? 330.00 , ? 85.00 ,? 75.00,A satisfying meal. The Cheese Garlic Bread was a good choice.
2044,2044,O02045,21-08-2024,16:45,C0161,Isharat Momin,16,Ice Cream Sundae,Dessert,2,? 200.00, ? 400.00 , ? 143.00 ,? 114.00,A satisfying meal. The Ice Cream Sundae was a good choice.
2045,2045,O02046,21-08-2024,22:45,C0030,Sher Mujawar,64,Chili Chicken,Starter,5,? 340.00," ? 1,700.00 ", ? 250.00 ,? 450.00,The Chili Chicken was a fantastic start to our meal! Perfectly crispy.
2046,2046,O02047,21-08-2024,10:15,C0020,Rihan Shikalkar,82,Fish Curry (Goan),Main Course,3,? 380.00," ? 1,140.00 ", ? 289.00 ,? 273.00,The Fish Curry (Goan) could have been better.
2047,2047,O02048,21-08-2024,13:15,C0267,Moh Saad Faruqi,16,Ice Cream Sundae,Dessert,3,? 200.00, ? 600.00 , ? 143.00 ,? 171.00,The Ice Cream Sundae met my expectations.
2048,2048,O02049,21-08-2024,20:15,C0147,Danish Khan,129,Smoked Chicken Sub,Snacks,4,? 160.00, ? 640.00 , ? 112.00 ,? 192.00,A satisfying meal. The Smoked Chicken Sub was a good choice.
2049,2049,O02050,22-08-2024,16:00,C0224,Nikhat Mujawar,129,Smoked Chicken Sub,Snacks,2,? 160.00, ? 320.00 , ? 112.00 ,? 96.00,I was not a fan of the Smoked Chicken Sub.
2050,2050,O02051,22-08-2024,13:30,C0007,Aman Taimoor,18,Veg Hakka Noodles,Rice & Noodles,3,? 220.00, ? 660.00 , ? 165.00 ,? 165.00,I was not a fan of the Veg Hakka Noodles.
2051,2051,O02052,22-08-2024,19:00,C0310,Ayeza Faruqi,16,Ice Cream Sundae,Dessert,2,? 200.00, ? 400.00 , ? 143.00 ,? 114.00,Great food! The Ice Cream Sundae was delicious and well-prepared.
2052,2052,O02053,22-08-2024,15:15,C0093,Aakib Raes,125,BBQ Chicken Pizza Sandwich,Snacks,1,? 160.00, ? 160.00 , ? 115.00 ,? 45.00,Great food! The BBQ Chicken Pizza Sandwich was delicious and well-prepared.
2053,2053,O02054,22-08-2024,13:00,C0044,Shamsher Mujawar,9,Palak Paneer,Vegetarian,5,? 360.00," ? 1,800.00 ", ? 273.00 ,? 435.00,A wholesome and delicious Palak Paneer. The vegetables were so fresh!
2054,2054,O02055,22-08-2024,14:45,C0016,Dua Khan,97,Grilled Cheese Sandwich,Sandwiches,5,? 120.00, ? 600.00 , ? 90.00 ,? 150.00,The Grilled Cheese Sandwich was not what I expected.
2055,2055,O02056,23-08-2024,21:15,C0072,Kaif Taimoor,23,Chicken Tikka,Starter,3,? 320.00, ? 960.00 , ? 233.00 ,? 261.00,The Chicken Tikka was simply delicious and fresh. Highly recommended!
2056,2056,O02057,23-08-2024,18:30,C0132,Sultan Momin,45,Egg Curry,Non-Veg Main,4,? 280.00," ? 1,120.00 ", ? 203.00 ,? 308.00,The Egg Curry was too spicy for me to handle.
2057,2057,O02058,23-08-2024,18:15,C0001,Moh Saad Azam,67,Veg Schezwan Noodles,Rice & Noodles,3,? 240.00, ? 720.00 , ? 171.00 ,? 207.00,Great food! The Veg Schezwan Noodles was delicious and well-prepared.
2058,2058,O02059,23-08-2024,18:00,C0208,Dua Momin,117,Egg Mayo Sandwich,Snacks,2,? 85.00, ? 170.00 , ? 66.00 ,? 38.00,The Egg Mayo Sandwich was not what I expected.
2059,2059,O02060,23-08-2024,16:15,C0199,Arman Shaikh,43,Onion Uttapam,Vegetarian,1,? 160.00, ? 160.00 , ? 112.00 ,? 48.00,A wholesome and delicious Onion Uttapam. The vegetables were so fresh!
2060,2060,O02061,23-08-2024,11:00,C0023,Shamsher Faruqi,2,Mushroom Soup,Starter,4,? 200.00, ? 800.00 , ? 159.00 ,? 164.00,The Mushroom Soup was a bit too oily for my liking.
2061,2061,O02062,23-08-2024,12:15,C0249,Aasiya Mujawar,85,Veg Thali,Meal Combo,4,? 360.00," ? 1,440.00 ", ? 263.00 ,? 388.00,A satisfying meal. The Veg Thali was a good choice.
2062,2062,O02063,23-08-2024,10:15,C0010,Kaif Azam,60,Chicken Manchurian,Starter,2,? 280.00, ? 560.00 , ? 205.00 ,? 150.00,The Chicken Manchurian was a bit too oily for my liking.
2063,2063,O02064,23-08-2024,18:45,C0308,Ayeza Khan,6,Grilled Salmon,Ocean Meal,5,? 500.00," ? 2,500.00 ", ? 357.00 ,? 715.00,The Grilled Salmon was excellent. Really enjoyed the meal.
2064,2064,O02065,23-08-2024,14:45,C0093,Aakib Raes,132,Club Chicken Sandwich,Snacks,3,? 140.00, ? 420.00 , ? 101.00 ,? 117.00,A satisfying meal. The Club Chicken Sandwich was a good choice.
2065,2065,O02066,23-08-2024,17:15,C0213,Aakib Ali,117,Egg Mayo Sandwich,Snacks,5,? 85.00, ? 425.00 , ? 66.00 ,? 95.00,Great food! The Egg Mayo Sandwich was delicious and well-prepared.
2066,2066,O02067,23-08-2024,12:45,C0196,Arman Taimoor,53,Veg Pulao,Rice & Noodles,2,? 240.00, ? 480.00 , ? 190.00 ,? 100.00,The Veg Pulao was excellent. Really enjoyed the meal.
2067,2067,O02068,23-08-2024,17:15,C0302,Shamsher Ali,23,Chicken Tikka,Starter,4,? 320.00," ? 1,280.00 ", ? 233.00 ,? 348.00,The Chicken Tikka was cold when it arrived at our table.
2068,2068,O02069,23-08-2024,15:00,C0108,Arman Azam,131,Avocado Toast,Breakfast,5,? 150.00, ? 750.00 , ? 111.00 ,? 195.00,A satisfying meal. The Avocado Toast was a good choice.
2069,2069,O02070,23-08-2024,20:30,C0062,Ayeza Nadaf,20,Veg Fried Rice,Rice & Noodles,3,? 200.00, ? 600.00 , ? 145.00 ,? 165.00,A satisfying meal. The Veg Fried Rice was a good choice.
2070,2070,O02071,24-08-2024,20:30,C0014,Arman Faruqi,91,Chana Masala,Main Course,3,? 260.00, ? 780.00 , ? 185.00 ,? 225.00,A satisfying meal. The Chana Masala was a good choice.
2071,2071,O02072,24-08-2024,21:30,C0045,Arman Shaikh,103,Paneer Frankie,Street Food,5,? 130.00, ? 650.00 , ? 95.00 ,? 175.00,It was an average Paneer Frankie.
2072,2072,O02073,24-08-2024,11:45,C0078,Arahan Shaikh,56,Dal Makhani,Vegetarian,3,? 340.00," ? 1,020.00 ", ? 269.00 ,? 213.00,The Dal Makhani is a great choice for vegetarians. Hearty and full of flavor.
2073,2073,O02074,24-08-2024,12:00,C0264,Abdul Rahim Mujawar,118,Tuna Melt Sandwich,Snacks,4,? 140.00, ? 560.00 , ? 100.00 ,? 160.00,The Tuna Melt Sandwich was excellent. Really enjoyed the meal.
2074,2074,O02075,24-08-2024,18:30,C0063,Aasiya Malik,98,Paneer Kathi Roll,Street Food,3,? 140.00, ? 420.00 , ? 103.00 ,? 111.00,The Paneer Kathi Roll was excellent. Really enjoyed the meal.
2075,2075,O02076,24-08-2024,10:30,C0096,Imran Mujawar,74,Chicken Clear Soup,Starter,5,? 160.00, ? 800.00 , ? 125.00 ,? 175.00,The Chicken Clear Soup was simply delicious and fresh. Highly recommended!
2076,2076,O02077,24-08-2024,12:45,C0053,Shahrukh Taimoor,34,Rajma Chawal,Vegetarian,2,? 300.00, ? 600.00 , ? 238.00 ,? 124.00,The Rajma Chawal was as expected.
2077,2077,O02078,24-08-2024,18:30,C0061,Shamsher Raes,102,Chicken Sub,Sandwiches,5,? 180.00, ? 900.00 , ? 137.00 ,? 215.00,The Chicken Sub met my expectations.
2078,2078,O02079,24-08-2024,13:45,C0195,Aasin Malik,38,Mutton Biryani,Rice & Noodles,4,? 480.00," ? 1,920.00 ", ? 340.00 ,? 560.00,The Mutton Biryani was excellent. Really enjoyed the meal.
2079,2079,O02080,24-08-2024,12:00,C0217,Nikhat Mujawar,1,Tomato Soup,Starter,2,? 180.00, ? 360.00 , ? 132.00 ,? 96.00,The Tomato Soup was simply delicious and fresh. Highly recommended!
2080,2080,O02081,25-08-2024,16:15,C0261,Kaif Shaikh,84,Seekh Kebab,Starter,4,? 400.00," ? 1,600.00 ", ? 282.00 ,? 472.00,Wasn't very impressed with the Seekh Kebab. It lacked flavor.
2081,2081,O02082,25-08-2024,17:00,C0173,Aasifa Shaikh,42,Medu Vada,Vegetarian,3,? 150.00, ? 450.00 , ? 112.00 ,? 114.00,A wholesome and delicious Medu Vada. The vegetables were so fresh!
2082,2082,O02083,25-08-2024,12:00,C0069,Aasin Khan,34,Rajma Chawal,Vegetarian,1,? 300.00, ? 300.00 , ? 238.00 ,? 62.00,The vegetables in the Rajma Chawal seemed overcooked.
2083,2083,O02084,25-08-2024,14:00,C0091,Aasin Nadaf,114,Veg Frankie Roll,Snacks,4,? 80.00, ? 320.00 , ? 62.00 ,? 72.00,The Veg Frankie Roll could have been better.
2084,2084,O02085,25-08-2024,19:45,C0325,Aakib Momin,68,Chicken Schezwan Noodles,Rice & Noodles,2,? 280.00, ? 560.00 , ? 218.00 ,? 124.00,The Chicken Schezwan Noodles was not what I expected.
2085,2085,O02086,25-08-2024,15:15,C0214,Nikhat Taimoor,127,Mutton Seekh Kebab Roll,Snacks,1,? 170.00, ? 170.00 , ? 132.00 ,? 38.00,Great food! The Mutton Seekh Kebab Roll was delicious and well-prepared.
2086,2086,O02087,25-08-2024,22:00,C0304,Danish Sayyad,106,Chicken Burger,Fast Food,3,? 160.00, ? 480.00 , ? 115.00 ,? 135.00,The Chicken Burger was excellent. Really enjoyed the meal.
2087,2087,O02088,25-08-2024,12:15,C0280,Dua Faruqi,40,Idli Sambar,Vegetarian,2,? 160.00, ? 320.00 , ? 119.00 ,? 82.00,The Idli Sambar was as expected.
2088,2088,O02089,25-08-2024,14:30,C0239,Arman Momin,102,Chicken Sub,Sandwiches,3,? 180.00, ? 540.00 , ? 137.00 ,? 129.00,The Chicken Sub was excellent. Really enjoyed the meal.
2089,2089,O02090,26-08-2024,10:45,C0051,Dua Khan,45,Egg Curry,Non-Veg Main,3,? 280.00, ? 840.00 , ? 203.00 ,? 231.00,A truly authentic and flavorful Egg Curry. It was very satisfying.
2090,2090,O02091,26-08-2024,11:15,C0145,Imran Khan,62,Chicken Spring Rolls,Starter,3,? 260.00, ? 780.00 , ? 189.00 ,? 213.00,The Chicken Spring Rolls was cold when it arrived at our table.
2091,2091,O02092,26-08-2024,17:15,C0049,Aman Khan,113,Aloo Parantha,Breads,4,? 80.00, ? 320.00 , ? 63.00 ,? 68.00,The Aloo Parantha was excellent. Really enjoyed the meal.
2092,2092,O02093,26-08-2024,19:00,C0050,Dua Sayyad,73,Veg Clear Soup,Starter,2,? 120.00, ? 240.00 , ? 84.00 ,? 72.00,The Veg Clear Soup was a fantastic start to our meal! Perfectly crispy.
2093,2093,O02094,26-08-2024,15:45,C0063,Aasiya Malik,116,Paneer Bhurji Sandwich,Snacks,3,? 75.00, ? 225.00 , ? 59.00 ,? 48.00,It was an average Paneer Bhurji Sandwich.
2094,2094,O02095,26-08-2024,15:45,C0310,Ayeza Faruqi,17,French Fries,Starter,4,? 120.00, ? 480.00 , ? 87.00 ,? 132.00,The French Fries was cold when it arrived at our table.
2095,2095,O02096,26-08-2024,21:30,C0181,Aman Khan,73,Veg Clear Soup,Starter,3,? 120.00, ? 360.00 , ? 84.00 ,? 108.00,Wasn't very impressed with the Veg Clear Soup. It lacked flavor.
2096,2096,O02097,26-08-2024,10:00,C0204,Aasifa Faruqi,49,Aloo Gobi,Vegetarian,3,? 220.00, ? 660.00 , ? 166.00 ,? 162.00,Loved the Aloo Gobi! It was a delightful and well-prepared vegetarian meal.
2097,2097,O02098,26-08-2024,11:15,C0209,Aasiya Malik,40,Idli Sambar,Vegetarian,1,? 160.00, ? 160.00 , ? 119.00 ,? 41.00,The Idli Sambar is a great choice for vegetarians. Hearty and full of flavor.
2098,2098,O02099,27-08-2024,15:00,C0134,Isharat Nadaf,65,Schezwan Fried Rice,Rice & Noodles,3,? 220.00, ? 660.00 , ? 160.00 ,? 180.00,The Schezwan Fried Rice was excellent. Really enjoyed the meal.
2099,2099,O02100,27-08-2024,20:45,C0096,Imran Mujawar,95,Garlic Naan,Breads,2,? 70.00, ? 140.00 , ? 54.00 ,? 32.00,The Garlic Naan was not what I expected.
2100,2100,O02101,27-08-2024,21:15,C0138,Wahaj Taimoor,25,Spring Rolls,Starter,4,? 220.00, ? 880.00 , ? 164.00 ,? 224.00,The Spring Rolls was simply delicious and fresh. Highly recommended!
2101,2101,O02102,27-08-2024,15:45,C0249,Aasiya Mujawar,13,Gulab Jamun,Dessert,3,? 150.00, ? 450.00 , ? 117.00 ,? 99.00,The Gulab Jamun met my expectations.
2102,2102,O02103,27-08-2024,21:30,C0055,Sultan Momin,35,Chole Bhature,Vegetarian,4,? 280.00," ? 1,120.00 ", ? 223.00 ,? 228.00,The Chole Bhature is a great choice for vegetarians. Hearty and full of flavor.
2103,2103,O02104,27-08-2024,11:30,C0046,Nikhat Taimoor,55,Vegetable Korma,Vegetarian,3,? 320.00, ? 960.00 , ? 243.00 ,? 231.00,"It was an okay Vegetable Korma, but I've had better."
2104,2104,O02105,27-08-2024,11:00,C0300,Dua Azam,25,Spring Rolls,Starter,3,? 220.00, ? 660.00 , ? 164.00 ,? 168.00,Wasn't very impressed with the Spring Rolls. It lacked flavor.
2105,2105,O02106,27-08-2024,17:15,C0242,Arahan Mujawar,56,Dal Makhani,Vegetarian,5,? 340.00," ? 1,700.00 ", ? 269.00 ,? 355.00,"It was an okay Dal Makhani, but I've had better."
2106,2106,O02107,27-08-2024,16:15,C0025,Aasifa Khan,25,Spring Rolls,Starter,3,? 220.00, ? 660.00 , ? 164.00 ,? 168.00,"The Spring Rolls was decent, but nothing special."
2107,2107,O02108,27-08-2024,21:00,C0273,Aasin Mujawar,126,Corn & Cheese Sandwich,Snacks,5,? 90.00, ? 450.00 , ? 66.00 ,? 120.00,The Corn & Cheese Sandwich was fine.
2108,2108,O02109,28-08-2024,12:45,C0286,Sher Malik,21,Chicken Fried Rice,Rice & Noodles,2,? 240.00, ? 480.00 , ? 182.00 ,? 116.00,The Chicken Fried Rice was not what I expected.
2109,2109,O02110,28-08-2024,13:00,C0230,Arman Azam,62,Chicken Spring Rolls,Starter,2,? 260.00, ? 520.00 , ? 189.00 ,? 142.00,"The Chicken Spring Rolls was decent, but nothing special."
2110,2110,O02111,28-08-2024,11:15,C0091,Aasin Nadaf,51,Tandoori Chicken,Non-Veg Main,2,? 460.00, ? 920.00 , ? 366.00 ,? 188.00,The Tandoori Chicken was the highlight of our meal. Absolutely delicious!
2111,2111,O02112,28-08-2024,18:45,C0292,Arahan Taimoor,26,Pasta Alfredo,Continental,2,? 320.00, ? 640.00 , ? 249.00 ,? 142.00,Great food! The Pasta Alfredo was delicious and well-prepared.
2112,2112,O02113,28-08-2024,20:15,C0106,Aasin Mujawar,86,Non-Veg Thali,Meal Combo,1,? 440.00, ? 440.00 , ? 322.00 ,? 118.00,The Non-Veg Thali could have been better.
2113,2113,O02114,28-08-2024,21:45,C0198,Danish Faruqi,20,Veg Fried Rice,Rice & Noodles,1,? 200.00, ? 200.00 , ? 145.00 ,? 55.00,A satisfying meal. The Veg Fried Rice was a good choice.
2114,2114,O02115,28-08-2024,11:45,C0206,Aariz Faruqi,64,Chili Chicken,Starter,3,? 340.00," ? 1,020.00 ", ? 250.00 ,? 270.00,The Chili Chicken was simply delicious and fresh. Highly recommended!
2115,2115,O02116,29-08-2024,22:45,C0107,Aasifa Faruqi,20,Veg Fried Rice,Rice & Noodles,2,? 200.00, ? 400.00 , ? 145.00 ,? 110.00,The Veg Fried Rice was excellent. Really enjoyed the meal.
2116,2116,O02117,29-08-2024,11:15,C0256,Arman Faruqi,13,Gulab Jamun,Dessert,4,? 150.00, ? 600.00 , ? 117.00 ,? 132.00,Great food! The Gulab Jamun was delicious and well-prepared.
2117,2117,O02118,29-08-2024,22:00,C0297,Wahaj Ali,47,Bhindi Masala,Vegetarian,3,? 240.00, ? 720.00 , ? 175.00 ,? 195.00,Loved the Bhindi Masala! It was a delightful and well-prepared vegetarian meal.
2118,2118,O02119,29-08-2024,13:30,C0271,Aasiya Mujawar,51,Tandoori Chicken,Non-Veg Main,1,? 460.00, ? 460.00 , ? 366.00 ,? 94.00,Felt that the Tandoori Chicken was overpriced for its quality.
2119,2119,O02120,29-08-2024,10:30,C0161,Isharat Momin,118,Tuna Melt Sandwich,Snacks,2,? 140.00, ? 280.00 , ? 100.00 ,? 80.00,Great food! The Tuna Melt Sandwich was delicious and well-prepared.
2120,2120,O02121,29-08-2024,18:30,C0126,Aakib Momin,57,Prawn Masala,Non-Veg Main,4,? 460.00," ? 1,840.00 ", ? 326.00 ,? 536.00,The Prawn Masala was the highlight of our meal. Absolutely delicious!
2121,2121,O02122,29-08-2024,21:45,C0164,Aakib Malik,120,Peri Peri Chicken Wings,Snacks,3,? 180.00, ? 540.00 , ? 135.00 ,? 135.00,The Peri Peri Chicken Wings was fine.
2122,2122,O02123,29-08-2024,14:45,C0245,Wahaj Taimoor,84,Seekh Kebab,Starter,3,? 400.00," ? 1,200.00 ", ? 282.00 ,? 354.00,The Seekh Kebab was cold when it arrived at our table.
2123,2123,O02124,29-08-2024,21:15,C0068,Abdul Rahim Shaikh,30,Shahi Paneer,Vegetarian,5,? 400.00," ? 2,000.00 ", ? 281.00 ,? 595.00,I found the Shahi Paneer to be a bit watery.
2124,2124,O02125,29-08-2024,17:30,C0196,Arman Taimoor,8,Paneer Butter Masala,Vegetarian,4,? 380.00," ? 1,520.00 ", ? 298.00 ,? 328.00,The Paneer Butter Masala is a great choice for vegetarians. Hearty and full of flavor.
2125,2125,O02126,29-08-2024,19:15,C0108,Arman Azam,29,Greek Salad,Salad,3,? 260.00, ? 780.00 , ? 197.00 ,? 189.00,The Greek Salad was excellent. Really enjoyed the meal.
2126,2126,O02127,29-08-2024,13:30,C0072,Kaif Taimoor,54,Egg Biryani,Rice & Noodles,5,? 340.00," ? 1,700.00 ", ? 268.00 ,? 360.00,Great food! The Egg Biryani was delicious and well-prepared.
2127,2127,O02128,29-08-2024,12:15,C0159,Arman Taimoor,58,Crab Curry,Non-Veg Main,1,? 520.00, ? 520.00 , ? 374.00 ,? 146.00,The Crab Curry was satisfactory.
2128,2128,O02129,29-08-2024,17:45,C0253,Kaif Sayyad,113,Aloo Parantha,Breads,1,? 80.00, ? 80.00 , ? 63.00 ,? 17.00,I was not a fan of the Aloo Parantha.
2129,2129,O02130,30-08-2024,14:00,C0122,Aakib Nadaf,113,Aloo Parantha,Breads,5,? 80.00, ? 400.00 , ? 63.00 ,? 85.00,The Aloo Parantha was excellent. Really enjoyed the meal.
2130,2130,O02131,30-08-2024,22:00,C0312,Danish Khan,29,Greek Salad,Salad,5,? 260.00," ? 1,300.00 ", ? 197.00 ,? 315.00,A satisfying meal. The Greek Salad was a good choice.
2131,2131,O02132,30-08-2024,16:45,C0197,Arahan Ali,76,Chicken Momos,Starter,5,? 220.00," ? 1,100.00 ", ? 170.00 ,? 250.00,"The Chicken Momos was decent, but nothing special."
2132,2132,O02133,30-08-2024,10:00,C0109,Aman Mujawar,84,Seekh Kebab,Starter,4,? 400.00," ? 1,600.00 ", ? 282.00 ,? 472.00,Absolutely loved the Seekh Kebab! It was the perfect appetizer to get us started.
2133,2133,O02134,30-08-2024,20:00,C0313,Aakib Shikalkar,101,Veggie Sub,Sandwiches,2,? 150.00, ? 300.00 , ? 105.00 ,? 90.00,A satisfying meal. The Veggie Sub was a good choice.
2134,2134,O02135,30-08-2024,10:30,C0170,Sher Shikalkar,79,Fried Momos (Chicken),Starter,5,? 240.00," ? 1,200.00 ", ? 176.00 ,? 320.00,The Fried Momos (Chicken) was cold when it arrived at our table.
2135,2135,O02136,30-08-2024,12:15,C0212,Shahrukh Mujawar,76,Chicken Momos,Starter,5,? 220.00," ? 1,100.00 ", ? 170.00 ,? 250.00,The Chicken Momos was simply delicious and fresh. Highly recommended!
2136,2136,O02137,30-08-2024,15:45,C0006,Imran Taimoor,16,Ice Cream Sundae,Dessert,4,? 200.00, ? 800.00 , ? 143.00 ,? 228.00,A satisfying meal. The Ice Cream Sundae was a good choice.
2137,2137,O02138,30-08-2024,20:45,C0174,Anis Malik,43,Onion Uttapam,Vegetarian,1,? 160.00, ? 160.00 , ? 112.00 ,? 48.00,The Onion Uttapam is a great choice for vegetarians. Hearty and full of flavor.
2138,2138,O02139,31-08-2024,20:30,C0265,Aasin Ali,128,Paneer Tandoori Wrap,Snacks,1,? 120.00, ? 120.00 , ? 94.00 ,? 26.00,The Paneer Tandoori Wrap was excellent. Really enjoyed the meal.
2139,2139,O02140,31-08-2024,12:45,C0319,Sultan Raes,75,Veg Momos,Starter,4,? 180.00, ? 720.00 , ? 138.00 ,? 168.00,Absolutely loved the Veg Momos! It was the perfect appetizer to get us started.
2140,2140,O02141,31-08-2024,14:00,C0217,Nikhat Mujawar,1,Tomato Soup,Starter,2,? 180.00, ? 360.00 , ? 132.00 ,? 96.00,The Tomato Soup was okay. It was a standard appetizer.
2141,2141,O02142,31-08-2024,19:00,C0017,Wahaj Taimoor,126,Corn & Cheese Sandwich,Snacks,1,? 90.00, ? 90.00 , ? 66.00 ,? 24.00,Great food! The Corn & Cheese Sandwich was delicious and well-prepared.
2142,2142,O02143,31-08-2024,22:15,C0097,Isharat Taimoor,64,Chili Chicken,Starter,2,? 340.00, ? 680.00 , ? 250.00 ,? 180.00,The Chili Chicken was cold when it arrived at our table.
2143,2143,O02144,31-08-2024,10:30,C0238,Aakib Malik,66,Schezwan Chicken Fried Rice,Rice & Noodles,3,? 280.00, ? 840.00 , ? 211.00 ,? 207.00,The Schezwan Chicken Fried Rice was excellent. Really enjoyed the meal.
2144,2144,O02145,31-08-2024,12:15,C0266,Aasifa Sayyad,18,Veg Hakka Noodles,Rice & Noodles,1,? 220.00, ? 220.00 , ? 165.00 ,? 55.00,Great food! The Veg Hakka Noodles was delicious and well-prepared.
2145,2145,O02146,31-08-2024,21:00,C0177,Sultan Ali,85,Veg Thali,Meal Combo,4,? 360.00," ? 1,440.00 ", ? 263.00 ,? 388.00,I was not a fan of the Veg Thali.
2146,2146,O02147,31-08-2024,19:15,C0079,Shahrukh Faruqi,115,Chicken Kathi Roll,Street Food,4,? 160.00, ? 640.00 , ? 112.00 ,? 192.00,The Chicken Kathi Roll was excellent. Really enjoyed the meal.
2147,2147,O02148,31-08-2024,15:45,C0234,Moh Saad Faruqi,46,Kadai Paneer,Vegetarian,5,? 360.00," ? 1,800.00 ", ? 275.00 ,? 425.00,I found the Kadai Paneer to be a bit watery.
2148,2148,O02149,31-08-2024,22:30,C0097,Isharat Taimoor,53,Veg Pulao,Rice & Noodles,2,? 240.00, ? 480.00 , ? 190.00 ,? 100.00,A satisfying meal. The Veg Pulao was a good choice.
2149,2149,O02150,31-08-2024,18:15,C0163,Shamsher Shikalkar,8,Paneer Butter Masala,Vegetarian,2,? 380.00, ? 760.00 , ? 298.00 ,? 164.00,The Paneer Butter Masala was bland and needed more seasoning.
2150,2150,O02151,31-08-2024,15:45,C0049,Aman Khan,38,Mutton Biryani,Rice & Noodles,3,? 480.00," ? 1,440.00 ", ? 340.00 ,? 420.00,The Mutton Biryani met my expectations.
2151,2151,O02152,31-08-2024,21:15,C0201,Sher Sayyad,115,Chicken Kathi Roll,Street Food,5,? 160.00, ? 800.00 , ? 112.00 ,? 240.00,Great food! The Chicken Kathi Roll was delicious and well-prepared.
2152,2152,O02153,01-09-2024,13:15,C0284,Sher Shaikh,11,Margherita Pizza,Pizza,2,? 330.00, ? 660.00 , ? 231.00 ,? 198.00,It was an average Margherita Pizza.
2153,2153,O02154,01-09-2024,12:15,C0313,Aakib Shikalkar,131,Avocado Toast,Breakfast,5,? 150.00, ? 750.00 , ? 111.00 ,? 195.00,I was not a fan of the Avocado Toast.
2154,2154,O02155,01-09-2024,15:00,C0101,Aariz Malik,82,Fish Curry (Goan),Main Course,3,? 380.00," ? 1,140.00 ", ? 289.00 ,? 273.00,The Fish Curry (Goan) was not what I expected.
2155,2155,O02156,01-09-2024,13:45,C0126,Aakib Momin,50,Jeera Rice,Rice & Noodles,2,? 180.00, ? 360.00 , ? 129.00 ,? 102.00,A satisfying meal. The Jeera Rice was a good choice.
2156,2156,O02157,01-09-2024,18:45,C0226,Aman Taimoor,47,Bhindi Masala,Vegetarian,4,? 240.00, ? 960.00 , ? 175.00 ,? 260.00,The vegetables in the Bhindi Masala seemed overcooked.
2157,2157,O02158,01-09-2024,21:15,C0220,Rihan Mujawar,55,Vegetable Korma,Vegetarian,4,? 320.00," ? 1,280.00 ", ? 243.00 ,? 308.00,A wholesome and delicious Vegetable Korma. The vegetables were so fresh!
2158,2158,O02159,01-09-2024,19:45,C0226,Aman Taimoor,34,Rajma Chawal,Vegetarian,4,? 300.00," ? 1,200.00 ", ? 238.00 ,? 248.00,The Rajma Chawal was a decent vegetarian option.
2159,2159,O02160,01-09-2024,10:45,C0287,Nikhat Shaikh,131,Avocado Toast,Breakfast,5,? 150.00, ? 750.00 , ? 111.00 ,? 195.00,Great food! The Avocado Toast was delicious and well-prepared.
2160,2160,O02161,01-09-2024,11:30,C0287,Nikhat Shaikh,62,Chicken Spring Rolls,Starter,3,? 260.00, ? 780.00 , ? 189.00 ,? 213.00,The Chicken Spring Rolls was simply delicious and fresh. Highly recommended!
2161,2161,O02162,01-09-2024,11:45,C0045,Arman Shaikh,4,Chicken Biryani,Rice Meal,3,? 440.00," ? 1,320.00 ", ? 334.00 ,? 318.00,Great food! The Chicken Biryani was delicious and well-prepared.
2162,2162,O02163,01-09-2024,14:15,C0275,Arman Khan,32,Fish Curry,Non-Veg Main,1,? 400.00, ? 400.00 , ? 286.00 ,? 114.00,The Fish Curry was satisfactory.
2163,2163,O02164,01-09-2024,15:00,C0246,Aariz Raes,21,Chicken Fried Rice,Rice & Noodles,4,? 240.00, ? 960.00 , ? 182.00 ,? 232.00,Great food! The Chicken Fried Rice was delicious and well-prepared.
2164,2164,O02165,01-09-2024,16:15,C0009,Shamsher Khan,54,Egg Biryani,Rice & Noodles,1,? 340.00, ? 340.00 , ? 268.00 ,? 72.00,The Egg Biryani met my expectations.
2165,2165,O02166,02-09-2024,19:15,C0298,Aasin Malik,81,Biryani (Veg),Rice,4,? 320.00," ? 1,280.00 ", ? 251.00 ,? 276.00,The Biryani (Veg) was excellent. Really enjoyed the meal.
2166,2166,O02167,02-09-2024,21:15,C0241,Shamsher Faruqi,19,Chicken Hakka Noodles,Rice & Noodles,4,? 260.00," ? 1,040.00 ", ? 193.00 ,? 268.00,Great food! The Chicken Hakka Noodles was delicious and well-prepared.
2167,2167,O02168,02-09-2024,16:00,C0099,Aariz Faruqi,96,Club Sandwich,Sandwiches,2,? 160.00, ? 320.00 , ? 119.00 ,? 82.00,Great food! The Club Sandwich was delicious and well-prepared.
2168,2168,O02169,02-09-2024,16:45,C0296,Aariz Sayyad,43,Onion Uttapam,Vegetarian,3,? 160.00, ? 480.00 , ? 112.00 ,? 144.00,"It was an okay Onion Uttapam, but I've had better."
2169,2169,O02170,02-09-2024,19:45,C0002,Dua Khan,1,Tomato Soup,Starter,5,? 180.00, ? 900.00 , ? 132.00 ,? 240.00,The Tomato Soup was simply delicious and fresh. Highly recommended!
2170,2170,O02171,02-09-2024,21:30,C0057,Arman Azam,42,Medu Vada,Vegetarian,5,? 150.00, ? 750.00 , ? 112.00 ,? 190.00,The Medu Vada was a decent vegetarian option.
2171,2171,O02172,02-09-2024,17:15,C0169,Anis Taimoor,23,Chicken Tikka,Starter,1,? 320.00, ? 320.00 , ? 233.00 ,? 87.00,The Chicken Tikka was simply delicious and fresh. Highly recommended!
2172,2172,O02173,02-09-2024,11:00,C0257,Aman Nadaf,17,French Fries,Starter,2,? 120.00, ? 240.00 , ? 87.00 ,? 66.00,Wasn't very impressed with the French Fries. It lacked flavor.
2173,2173,O02174,02-09-2024,18:45,C0128,Moh Saad Shikalkar,90,Pani Puri,Snack,2,? 100.00, ? 200.00 , ? 74.00 ,? 52.00,A satisfying meal. The Pani Puri was a good choice.
2174,2174,O02175,02-09-2024,15:45,C0226,Aman Taimoor,79,Fried Momos (Chicken),Starter,5,? 240.00," ? 1,200.00 ", ? 176.00 ,? 320.00,The Fried Momos (Chicken) was a fantastic start to our meal! Perfectly crispy.
2175,2175,O02176,03-09-2024,17:30,C0111,Moh Saad Raes,34,Rajma Chawal,Vegetarian,5,? 300.00," ? 1,500.00 ", ? 238.00 ,? 310.00,A wholesome and delicious Rajma Chawal. The vegetables were so fresh!
2176,2176,O02177,03-09-2024,14:00,C0089,Aasin Shaikh,117,Egg Mayo Sandwich,Snacks,3,? 85.00, ? 255.00 , ? 66.00 ,? 57.00,Great food! The Egg Mayo Sandwich was delicious and well-prepared.
2177,2177,O02178,03-09-2024,10:15,C0121,Rihan Mujawar,73,Veg Clear Soup,Starter,2,? 120.00, ? 240.00 , ? 84.00 ,? 72.00,Wasn't very impressed with the Veg Clear Soup. It lacked flavor.
2178,2178,O02179,03-09-2024,19:45,C0110,Danish Momin,117,Egg Mayo Sandwich,Snacks,3,? 85.00, ? 255.00 , ? 66.00 ,? 57.00,I was not a fan of the Egg Mayo Sandwich.
2179,2179,O02180,03-09-2024,22:45,C0066,Abdul Rahim Mujawar,45,Egg Curry,Non-Veg Main,5,? 280.00," ? 1,400.00 ", ? 203.00 ,? 385.00,The Egg Curry was too spicy for me to handle.
2180,2180,O02181,03-09-2024,17:45,C0004,Ayeza Ali,120,Peri Peri Chicken Wings,Snacks,5,? 180.00, ? 900.00 , ? 135.00 ,? 225.00,A satisfying meal. The Peri Peri Chicken Wings was a good choice.
2181,2181,O02182,03-09-2024,12:00,C0004,Ayeza Ali,112,Paneer Parantha,Breads,4,? 90.00, ? 360.00 , ? 64.00 ,? 104.00,The Paneer Parantha was fine.
2182,2182,O02183,03-09-2024,17:00,C0330,Kaif Momin,79,Fried Momos (Chicken),Starter,4,? 240.00, ? 960.00 , ? 176.00 ,? 256.00,The Fried Momos (Chicken) was a fantastic start to our meal! Perfectly crispy.
2183,2183,O02184,03-09-2024,21:15,C0278,Sultan Shikalkar,24,Samosa,Starter,5,? 100.00, ? 500.00 , ? 73.00 ,? 135.00,The Samosa was a bit too oily for my liking.
2184,2184,O02185,03-09-2024,11:15,C0307,Aasiya Mujawar,124,Grilled Veg Panini,Snacks,2,? 140.00, ? 280.00 , ? 99.00 ,? 82.00,Great food! The Grilled Veg Panini was delicious and well-prepared.
2185,2185,O02186,03-09-2024,12:00,C0206,Aariz Faruqi,73,Veg Clear Soup,Starter,3,? 120.00, ? 360.00 , ? 84.00 ,? 108.00,The Veg Clear Soup was a fantastic start to our meal! Perfectly crispy.
2186,2186,O02187,03-09-2024,12:00,C0175,Aasiya Momin,84,Seekh Kebab,Starter,4,? 400.00," ? 1,600.00 ", ? 282.00 ,? 472.00,Wasn't very impressed with the Seekh Kebab. It lacked flavor.
2187,2187,O02188,03-09-2024,12:45,C0172,Ayeza Shaikh,26,Pasta Alfredo,Continental,5,? 320.00," ? 1,600.00 ", ? 249.00 ,? 355.00,A satisfying meal. The Pasta Alfredo was a good choice.
2188,2188,O02189,04-09-2024,14:45,C0108,Arman Azam,115,Chicken Kathi Roll,Snacks,4,? 120.00, ? 480.00 , ? 91.00 ,? 116.00,The Chicken Kathi Roll was fine.
2189,2189,O02190,04-09-2024,17:30,C0323,Wahaj Ali,2,Mushroom Soup,Starter,4,? 200.00, ? 800.00 , ? 159.00 ,? 164.00,The Mushroom Soup was simply delicious and fresh. Highly recommended!
2190,2190,O02191,04-09-2024,10:15,C0052,Shahrukh Sayyad,120,Peri Peri Chicken Wings,Snacks,1,? 180.00, ? 180.00 , ? 135.00 ,? 45.00,Great food! The Peri Peri Chicken Wings was delicious and well-prepared.
2191,2191,O02192,04-09-2024,13:45,C0225,Arman Faruqi,107,Paneer Shawarma,Street Food,2,? 150.00, ? 300.00 , ? 111.00 ,? 78.00,The Paneer Shawarma was excellent. Really enjoyed the meal.
2192,2192,O02193,04-09-2024,20:00,C0283,Shahrukh Sayyad,37,Biryani Veg,Rice & Noodles,4,? 320.00," ? 1,280.00 ", ? 233.00 ,? 348.00,The Biryani Veg was not what I expected.
2193,2193,O02194,04-09-2024,22:45,C0254,Sultan Ali,123,Chicken Caesar Wrap,Snacks,2,? 150.00, ? 300.00 , ? 109.00 ,? 82.00,I was not a fan of the Chicken Caesar Wrap.
2194,2194,O02195,04-09-2024,14:00,C0129,Sher Taimoor,41,Vada Sambar,Vegetarian,5,? 170.00, ? 850.00 , ? 121.00 ,? 245.00,Loved the Vada Sambar! It was a delightful and well-prepared vegetarian meal.
2195,2195,O02196,04-09-2024,16:00,C0305,Aasin Faruqi,105,Paneer Burger,Fast Food,3,? 140.00, ? 420.00 , ? 110.00 ,? 90.00,I was not a fan of the Paneer Burger.
2196,2196,O02197,04-09-2024,19:15,C0205,Rihan Taimoor,46,Kadai Paneer,Vegetarian,3,? 360.00," ? 1,080.00 ", ? 275.00 ,? 255.00,Loved the Kadai Paneer! It was a delightful and well-prepared vegetarian meal.
2197,2197,O02198,04-09-2024,15:45,C0176,Abdul Rahim Shikalkar,126,Corn & Cheese Sandwich,Snacks,4,? 90.00, ? 360.00 , ? 66.00 ,? 96.00,The Corn & Cheese Sandwich was not what I expected.
2198,2198,O02199,04-09-2024,18:15,C0198,Danish Faruqi,51,Tandoori Chicken,Non-Veg Main,4,? 460.00," ? 1,840.00 ", ? 366.00 ,? 376.00,Felt that the Tandoori Chicken was overpriced for its quality.
2199,2199,O02200,04-09-2024,15:00,C0221,Arman Mujawar,66,Schezwan Chicken Fried Rice,Rice & Noodles,4,? 280.00," ? 1,120.00 ", ? 211.00 ,? 276.00,The Schezwan Chicken Fried Rice was excellent. Really enjoyed the meal.
2200,2200,O02201,05-09-2024,14:45,C0239,Arman Momin,52,Chicken Tikka Masala,Non-Veg Main,4,? 480.00," ? 1,920.00 ", ? 373.00 ,? 428.00,The Chicken Tikka Masala was cooked to perfection. The spices were spot on!
2201,2201,O02202,05-09-2024,14:00,C0116,Arman Khan,36,Pav Bhaji,Vegetarian,2,? 220.00, ? 440.00 , ? 171.00 ,? 98.00,A wholesome and delicious Pav Bhaji. The vegetables were so fresh!
2202,2202,O02203,05-09-2024,17:30,C0078,Arahan Shaikh,15,Tiramisu,Dessert,1,? 280.00, ? 280.00 , ? 201.00 ,? 79.00,Great food! The Tiramisu was delicious and well-prepared.
2203,2203,O02204,05-09-2024,10:15,C0014,Arman Faruqi,126,Corn & Cheese Sandwich,Snacks,5,? 90.00, ? 450.00 , ? 66.00 ,? 120.00,The Corn & Cheese Sandwich met my expectations.
2204,2204,O02205,05-09-2024,15:15,C0154,Aasin Shikalkar,112,Paneer Parantha,Breads,4,? 90.00, ? 360.00 , ? 64.00 ,? 104.00,The Paneer Parantha was not what I expected.
2205,2205,O02206,05-09-2024,11:45,C0114,Imran Faruqi,57,Prawn Masala,Non-Veg Main,4,? 460.00," ? 1,840.00 ", ? 326.00 ,? 536.00,The Prawn Masala was the highlight of our meal. Absolutely delicious!
2206,2206,O02207,05-09-2024,14:45,C0049,Aman Khan,128,Paneer Tandoori Wrap,Snacks,4,? 120.00, ? 480.00 , ? 94.00 ,? 104.00,Great food! The Paneer Tandoori Wrap was delicious and well-prepared.
2207,2207,O02208,05-09-2024,12:00,C0219,Isharat Nadaf,49,Aloo Gobi,Vegetarian,5,? 220.00," ? 1,100.00 ", ? 166.00 ,? 270.00,The Aloo Gobi was as expected.
2208,2208,O02209,05-09-2024,16:45,C0162,Shamsher Mujawar,106,Chicken Burger,Fast Food,3,? 160.00, ? 480.00 , ? 115.00 ,? 135.00,The Chicken Burger was excellent. Really enjoyed the meal.
2209,2209,O02210,06-09-2024,11:00,C0115,Aasifa Nadaf,47,Bhindi Masala,Vegetarian,5,? 240.00," ? 1,200.00 ", ? 175.00 ,? 325.00,The Bhindi Masala is a great choice for vegetarians. Hearty and full of flavor.
2210,2210,O02211,06-09-2024,20:00,C0058,Danish Nadaf,105,Paneer Burger,Fast Food,5,? 140.00, ? 700.00 , ? 110.00 ,? 150.00,A satisfying meal. The Paneer Burger was a good choice.
2211,2211,O02212,06-09-2024,22:15,C0201,Sher Sayyad,90,Pani Puri,Snack,1,? 100.00, ? 100.00 , ? 74.00 ,? 26.00,The Pani Puri was excellent. Really enjoyed the meal.
2212,2212,O02213,06-09-2024,10:45,C0245,Wahaj Taimoor,123,Chicken Caesar Wrap,Snacks,2,? 150.00, ? 300.00 , ? 109.00 ,? 82.00,A satisfying meal. The Chicken Caesar Wrap was a good choice.
2213,2213,O02214,06-09-2024,14:30,C0073,Moh Saad Taimoor,101,Veggie Sub,Sandwiches,1,? 150.00, ? 150.00 , ? 105.00 ,? 45.00,The Veggie Sub was fine.
2214,2214,O02215,06-09-2024,19:45,C0242,Arahan Mujawar,100,Veg Wrap,Sandwiches,3,? 130.00, ? 390.00 , ? 92.00 ,? 114.00,The Veg Wrap was excellent. Really enjoyed the meal.
2215,2215,O02216,06-09-2024,10:30,C0072,Kaif Taimoor,67,Veg Schezwan Noodles,Rice & Noodles,1,? 240.00, ? 240.00 , ? 171.00 ,? 69.00,It was an average Veg Schezwan Noodles.
2216,2216,O02217,06-09-2024,20:30,C0074,Moh Saad Malik,104,Chicken Frankie,Street Food,4,? 150.00, ? 600.00 , ? 112.00 ,? 152.00,A satisfying meal. The Chicken Frankie was a good choice.
2217,2217,O02218,06-09-2024,10:15,C0243,Imran Sayyad,125,BBQ Chicken Pizza Sandwich,Snacks,1,? 160.00, ? 160.00 , ? 115.00 ,? 45.00,It was an average BBQ Chicken Pizza Sandwich.
2218,2218,O02219,06-09-2024,15:30,C0327,Abdul Rahim Mujawar,90,Pani Puri,Snack,5,? 100.00, ? 500.00 , ? 74.00 ,? 130.00,Great food! The Pani Puri was delicious and well-prepared.
2219,2219,O02220,06-09-2024,15:45,C0008,Dua Sayyad,106,Chicken Burger,Fast Food,5,? 160.00, ? 800.00 , ? 115.00 ,? 225.00,A satisfying meal. The Chicken Burger was a good choice.
2220,2220,O02221,06-09-2024,19:15,C0279,Arman Taimoor,96,Club Sandwich,Sandwiches,5,? 160.00, ? 800.00 , ? 119.00 ,? 205.00,The Club Sandwich was excellent. Really enjoyed the meal.
2221,2221,O02222,06-09-2024,11:30,C0069,Aasin Khan,85,Veg Thali,Meal Combo,1,? 360.00, ? 360.00 , ? 263.00 ,? 97.00,A satisfying meal. The Veg Thali was a good choice.
2222,2222,O02223,07-09-2024,17:30,C0317,Rihan Azam,68,Chicken Schezwan Noodles,Rice & Noodles,4,? 280.00," ? 1,120.00 ", ? 218.00 ,? 248.00,The Chicken Schezwan Noodles was not what I expected.
2223,2223,O02224,07-09-2024,20:15,C0070,Aasifa Azam,54,Egg Biryani,Rice & Noodles,1,? 340.00, ? 340.00 , ? 268.00 ,? 72.00,The Egg Biryani was not what I expected.
2224,2224,O02225,07-09-2024,22:45,C0090,Shahrukh Khan,96,Club Sandwich,Sandwiches,5,? 160.00, ? 800.00 , ? 119.00 ,? 205.00,A satisfying meal. The Club Sandwich was a good choice.
2225,2225,O02226,07-09-2024,15:15,C0034,Anis Raes,78,Fried Momos (Veg),Starter,3,? 200.00, ? 600.00 , ? 141.00 ,? 177.00,It was an average Fried Momos (Veg).
2226,2226,O02227,07-09-2024,19:00,C0173,Aasifa Shaikh,13,Gulab Jamun,Dessert,5,? 150.00, ? 750.00 , ? 117.00 ,? 165.00,The Gulab Jamun was not what I expected.
2227,2227,O02228,07-09-2024,10:30,C0009,Shamsher Khan,16,Ice Cream Sundae,Dessert,4,? 200.00, ? 800.00 , ? 143.00 ,? 228.00,A satisfying meal. The Ice Cream Sundae was a good choice.
2228,2228,O02229,07-09-2024,22:15,C0244,Arahan Raes,27,Pasta Arrabbiata,Continental,1,? 300.00, ? 300.00 , ? 215.00 ,? 85.00,A satisfying meal. The Pasta Arrabbiata was a good choice.
2229,2229,O02230,07-09-2024,13:30,C0172,Ayeza Shaikh,106,Chicken Burger,Fast Food,5,? 160.00, ? 800.00 , ? 115.00 ,? 225.00,The Chicken Burger was excellent. Really enjoyed the meal.
2230,2230,O02231,07-09-2024,19:00,C0118,Aman Azam,69,Hot & Sour Soup (Veg),Starter,4,? 160.00, ? 640.00 , ? 113.00 ,? 188.00,It was an average Hot & Sour Soup (Veg).
2231,2231,O02232,07-09-2024,13:15,C0283,Shahrukh Sayyad,80,Tandoori Momos,Starter,3,? 260.00, ? 780.00 , ? 185.00 ,? 225.00,The Tandoori Momos was a bit too oily for my liking.
2232,2232,O02233,07-09-2024,11:45,C0291,Aman Faruqi,12,Veggie Burger,Burger,5,? 250.00," ? 1,250.00 ", ? 199.00 ,? 255.00,The Veggie Burger was fine.
2233,2233,O02234,07-09-2024,10:30,C0092,Sultan Shaikh,10,Pepperoni Pizza,Pizza,5,? 368.00," ? 1,840.00 ", ? 283.00 ,? 425.00,Great food! The Pepperoni Pizza was delicious and well-prepared.
2234,2234,O02235,08-09-2024,20:15,C0041,Aakib Shaikh,4,Chicken Biryani,Rice Meal,1,? 440.00, ? 440.00 , ? 334.00 ,? 106.00,A satisfying meal. The Chicken Biryani was a good choice.
2235,2235,O02236,08-09-2024,19:00,C0034,Anis Raes,89,Misal Pav,Snack,3,? 160.00, ? 480.00 , ? 126.00 ,? 102.00,I was not a fan of the Misal Pav.
2236,2236,O02237,08-09-2024,13:00,C0016,Dua Khan,1,Tomato Soup,Starter,2,? 180.00, ? 360.00 , ? 132.00 ,? 96.00,The Tomato Soup was cold when it arrived at our table.
2237,2237,O02238,08-09-2024,19:45,C0102,Aasifa Taimoor,118,Tuna Melt Sandwich,Snacks,1,? 140.00, ? 140.00 , ? 100.00 ,? 40.00,The Tuna Melt Sandwich was excellent. Really enjoyed the meal.
2238,2238,O02239,08-09-2024,13:30,C0187,Aasin Nadaf,28,Caesar Salad,Salad,5,? 280.00," ? 1,400.00 ", ? 210.00 ,? 350.00,A satisfying meal. The Caesar Salad was a good choice.
2239,2239,O02240,08-09-2024,16:30,C0029,Rihan Sayyad,17,French Fries,Starter,3,? 120.00, ? 360.00 , ? 87.00 ,? 99.00,The French Fries was a fantastic start to our meal! Perfectly crispy.
2240,2240,O02241,08-09-2024,16:00,C0010,Kaif Azam,91,Chana Masala,Main Course,3,? 260.00, ? 780.00 , ? 185.00 ,? 225.00,A satisfying meal. The Chana Masala was a good choice.
2241,2241,O02242,08-09-2024,21:15,C0064,Isharat Nadaf,36,Pav Bhaji,Vegetarian,3,? 220.00, ? 660.00 , ? 171.00 ,? 147.00,The Pav Bhaji is a great choice for vegetarians. Hearty and full of flavor.
2242,2242,O02243,08-09-2024,16:30,C0294,Isharat Sayyad,127,Mutton Seekh Kebab Roll,Snacks,5,? 170.00, ? 850.00 , ? 132.00 ,? 190.00,Great food! The Mutton Seekh Kebab Roll was delicious and well-prepared.
2243,2243,O02244,08-09-2024,20:45,C0119,Shahrukh Azam,119,Veg Paneer Wrap,Snacks,5,? 95.00, ? 475.00 , ? 74.00 ,? 105.00,The Veg Paneer Wrap met my expectations.
2244,2244,O02245,08-09-2024,14:00,C0030,Sher Mujawar,29,Greek Salad,Salad,5,? 260.00," ? 1,300.00 ", ? 197.00 ,? 315.00,The Greek Salad was not what I expected.
2245,2245,O02246,08-09-2024,11:30,C0097,Isharat Taimoor,67,Veg Schezwan Noodles,Rice & Noodles,1,? 240.00, ? 240.00 , ? 171.00 ,? 69.00,The Veg Schezwan Noodles was not what I expected.
2246,2246,O02247,08-09-2024,17:30,C0181,Aman Khan,112,Paneer Parantha,Breads,4,? 90.00, ? 360.00 , ? 64.00 ,? 104.00,Great food! The Paneer Parantha was delicious and well-prepared.
2247,2247,O02248,08-09-2024,11:00,C0314,Arman Faruqi,51,Tandoori Chicken,Non-Veg Main,3,? 460.00," ? 1,380.00 ", ? 366.00 ,? 282.00,The Tandoori Chicken was the highlight of our meal. Absolutely delicious!
2248,2248,O02249,09-09-2024,17:15,C0172,Ayeza Shaikh,88,Vada Pav,Snack,5,? 120.00, ? 600.00 , ? 91.00 ,? 145.00,The Vada Pav was excellent. Really enjoyed the meal.
2249,2249,O02250,09-09-2024,10:30,C0300,Dua Azam,18,Veg Hakka Noodles,Rice & Noodles,2,? 220.00, ? 440.00 , ? 165.00 ,? 110.00,The Veg Hakka Noodles was fine.
2250,2250,O02251,09-09-2024,22:00,C0329,Wahaj Sayyad,108,Chicken Shawarma,Street Food,5,? 170.00, ? 850.00 , ? 131.00 ,? 195.00,I was not a fan of the Chicken Shawarma.
2251,2251,O02252,09-09-2024,15:00,C0136,Anis Taimoor,103,Paneer Frankie,Street Food,1,? 130.00, ? 130.00 , ? 95.00 ,? 35.00,I was not a fan of the Paneer Frankie.
2252,2252,O02253,09-09-2024,14:30,C0045,Arman Shaikh,106,Chicken Burger,Fast Food,3,? 160.00, ? 480.00 , ? 115.00 ,? 135.00,A satisfying meal. The Chicken Burger was a good choice.
2253,2253,O02254,09-09-2024,17:30,C0112,Shahrukh Sayyad,130,Veggie Delight Sub,Snacks,5,? 120.00, ? 600.00 , ? 90.00 ,? 150.00,The Veggie Delight Sub was excellent. Really enjoyed the meal.
2254,2254,O02255,09-09-2024,14:30,C0134,Isharat Nadaf,83,Malai Kofta,Main Course,3,? 340.00," ? 1,020.00 ", ? 249.00 ,? 273.00,The Malai Kofta was excellent. Really enjoyed the meal.
2255,2255,O02256,09-09-2024,21:15,C0168,Isharat Shikalkar,115,Chicken Kathi Roll,Snacks,3,? 120.00, ? 360.00 , ? 91.00 ,? 87.00,I was not a fan of the Chicken Kathi Roll.
2256,2256,O02257,09-09-2024,17:00,C0327,Abdul Rahim Mujawar,129,Smoked Chicken Sub,Snacks,3,? 160.00, ? 480.00 , ? 112.00 ,? 144.00,It was an average Smoked Chicken Sub.
2257,2257,O02258,09-09-2024,17:15,C0096,Imran Mujawar,38,Mutton Biryani,Rice & Noodles,3,? 480.00," ? 1,440.00 ", ? 340.00 ,? 420.00,The Mutton Biryani was excellent. Really enjoyed the meal.
2258,2258,O02259,09-09-2024,21:30,C0242,Arahan Mujawar,45,Egg Curry,Non-Veg Main,4,? 280.00," ? 1,120.00 ", ? 203.00 ,? 308.00,A truly authentic and flavorful Egg Curry. It was very satisfying.
2259,2259,O02260,10-09-2024,15:30,C0206,Aariz Faruqi,30,Shahi Paneer,Vegetarian,3,? 400.00," ? 1,200.00 ", ? 281.00 ,? 357.00,Loved the Shahi Paneer! It was a delightful and well-prepared vegetarian meal.
2260,2260,O02261,10-09-2024,18:45,C0285,Ayeza Raes,104,Chicken Frankie,Street Food,1,? 150.00, ? 150.00 , ? 112.00 ,? 38.00,The Chicken Frankie was not what I expected.
2261,2261,O02262,10-09-2024,12:15,C0041,Aakib Shaikh,45,Egg Curry,Non-Veg Main,1,? 280.00, ? 280.00 , ? 203.00 ,? 77.00,The Egg Curry was cooked to perfection. The spices were spot on!
2262,2262,O02263,10-09-2024,22:45,C0259,Nikhat Malik,74,Chicken Clear Soup,Starter,1,? 160.00, ? 160.00 , ? 125.00 ,? 35.00,The Chicken Clear Soup was simply delicious and fresh. Highly recommended!
2263,2263,O02264,10-09-2024,22:00,C0025,Aasifa Khan,86,Non-Veg Thali,Meal Combo,3,? 440.00," ? 1,320.00 ", ? 322.00 ,? 354.00,A satisfying meal. The Non-Veg Thali was a good choice.
2264,2264,O02265,10-09-2024,18:45,C0220,Rihan Mujawar,103,Paneer Frankie,Street Food,2,? 130.00, ? 260.00 , ? 95.00 ,? 70.00,The Paneer Frankie was fine.
2265,2265,O02266,10-09-2024,10:45,C0124,Arahan Shaikh,14,Rasgulla,Dessert,4,? 140.00, ? 560.00 , ? 100.00 ,? 160.00,A satisfying meal. The Rasgulla was a good choice.
2266,2266,O02267,10-09-2024,12:15,C0305,Aasin Faruqi,47,Bhindi Masala,Vegetarian,4,? 240.00, ? 960.00 , ? 175.00 ,? 260.00,Loved the Bhindi Masala! It was a delightful and well-prepared vegetarian meal.
2267,2267,O02268,10-09-2024,12:45,C0007,Aman Taimoor,78,Fried Momos (Veg),Starter,3,? 200.00, ? 600.00 , ? 141.00 ,? 177.00,The Fried Momos (Veg) was a fantastic start to our meal! Perfectly crispy.
2268,2268,O02269,10-09-2024,22:15,C0231,Danish Momin,84,Seekh Kebab,Starter,1,? 400.00, ? 400.00 , ? 282.00 ,? 118.00,The Seekh Kebab was simply delicious and fresh. Highly recommended!
2269,2269,O02270,10-09-2024,15:15,C0105,Aakib Nadaf,37,Biryani Veg,Rice & Noodles,3,? 320.00, ? 960.00 , ? 233.00 ,? 261.00,The Biryani Veg was fine.
2270,2270,O02271,10-09-2024,17:15,C0160,Shahrukh Malik,74,Chicken Clear Soup,Starter,5,? 160.00, ? 800.00 , ? 125.00 ,? 175.00,Absolutely loved the Chicken Clear Soup! It was the perfect appetizer to get us started.
2271,2271,O02272,10-09-2024,16:30,C0158,Moh Saad Malik,89,Misal Pav,Snack,4,? 160.00, ? 640.00 , ? 126.00 ,? 136.00,The Misal Pav was excellent. Really enjoyed the meal.
2272,2272,O02273,11-09-2024,15:45,C0130,Aakib Shikalkar,69,Hot & Sour Soup (Veg),Starter,4,? 160.00, ? 640.00 , ? 113.00 ,? 188.00,The Hot & Sour Soup (Veg) was a fantastic start to our meal! Perfectly crispy.
2273,2273,O02274,11-09-2024,17:00,C0105,Aakib Nadaf,4,Chicken Biryani,Rice Meal,5,? 440.00," ? 2,200.00 ", ? 334.00 ,? 530.00,I was not a fan of the Chicken Biryani.
2274,2274,O02275,11-09-2024,21:00,C0026,Imran Shikalkar,61,Veg Spring Rolls,Starter,3,? 220.00, ? 660.00 , ? 162.00 ,? 174.00,The Veg Spring Rolls was cold when it arrived at our table.
2275,2275,O02276,11-09-2024,20:00,C0219,Isharat Nadaf,49,Aloo Gobi,Vegetarian,4,? 220.00, ? 880.00 , ? 166.00 ,? 216.00,The vegetables in the Aloo Gobi seemed overcooked.
2276,2276,O02277,11-09-2024,17:45,C0202,Moh Saad Shikalkar,37,Biryani Veg,Rice & Noodles,5,? 320.00," ? 1,600.00 ", ? 233.00 ,? 435.00,The Biryani Veg could have been better.
2277,2277,O02278,11-09-2024,11:30,C0281,Abdul Rahim Faruqi,128,Paneer Tandoori Wrap,Snacks,2,? 120.00, ? 240.00 , ? 94.00 ,? 52.00,The Paneer Tandoori Wrap was excellent. Really enjoyed the meal.
2278,2278,O02279,11-09-2024,11:15,C0088,Abdul Rahim Nadaf,108,Chicken Shawarma,Street Food,3,? 170.00, ? 510.00 , ? 131.00 ,? 117.00,The Chicken Shawarma could have been better.
2279,2279,O02280,11-09-2024,16:00,C0310,Ayeza Faruqi,73,Veg Clear Soup,Starter,2,? 120.00, ? 240.00 , ? 84.00 ,? 72.00,Absolutely loved the Veg Clear Soup! It was the perfect appetizer to get us started.
2280,2280,O02281,12-09-2024,21:00,C0147,Danish Khan,97,Grilled Cheese Sandwich,Sandwiches,3,? 120.00, ? 360.00 , ? 90.00 ,? 90.00,It was an average Grilled Cheese Sandwich.
2281,2281,O02282,12-09-2024,16:45,C0106,Aasin Mujawar,28,Caesar Salad,Salad,4,? 280.00," ? 1,120.00 ", ? 210.00 ,? 280.00,Great food! The Caesar Salad was delicious and well-prepared.
2282,2282,O02283,12-09-2024,17:30,C0235,Abdul Rahim Malik,80,Tandoori Momos,Starter,3,? 260.00, ? 780.00 , ? 185.00 ,? 225.00,Wasn't very impressed with the Tandoori Momos. It lacked flavor.
2283,2283,O02284,12-09-2024,22:45,C0229,Aasin Khan,77,Paneer Momos,Starter,4,? 200.00, ? 800.00 , ? 155.00 ,? 180.00,The Paneer Momos was simply delicious and fresh. Highly recommended!
2284,2284,O02285,12-09-2024,20:30,C0037,Wahaj Malik,63,Chili Paneer,Starter,3,? 280.00, ? 840.00 , ? 219.00 ,? 183.00,The Chili Paneer was a bit too oily for my liking.
2285,2285,O02286,12-09-2024,20:00,C0256,Arman Faruqi,23,Chicken Tikka,Starter,4,? 320.00," ? 1,280.00 ", ? 233.00 ,? 348.00,The Chicken Tikka was simply delicious and fresh. Highly recommended!
2286,2286,O02287,12-09-2024,11:00,C0321,Aasifa Khan,124,Grilled Veg Panini,Snacks,5,? 140.00, ? 700.00 , ? 99.00 ,? 205.00,A satisfying meal. The Grilled Veg Panini was a good choice.
2287,2287,O02288,12-09-2024,14:00,C0186,Aariz Khan,6,Grilled Salmon,Ocean Meal,2,? 500.00," ? 1,000.00 ", ? 357.00 ,? 286.00,A satisfying meal. The Grilled Salmon was a good choice.
2288,2288,O02289,12-09-2024,18:00,C0119,Shahrukh Azam,85,Veg Thali,Meal Combo,4,? 360.00," ? 1,440.00 ", ? 263.00 ,? 388.00,Great food! The Veg Thali was delicious and well-prepared.
2289,2289,O02290,12-09-2024,20:15,C0008,Dua Sayyad,127,Mutton Seekh Kebab Roll,Snacks,1,? 170.00, ? 170.00 , ? 132.00 ,? 38.00,A satisfying meal. The Mutton Seekh Kebab Roll was a good choice.
2290,2290,O02291,12-09-2024,15:45,C0001,Moh Saad Azam,61,Veg Spring Rolls,Starter,5,? 220.00," ? 1,100.00 ", ? 162.00 ,? 290.00,The Veg Spring Rolls was a bit too oily for my liking.
2291,2291,O02292,12-09-2024,11:45,C0209,Aasiya Malik,115,Chicken Kathi Roll,Street Food,3,? 160.00, ? 480.00 , ? 112.00 ,? 144.00,The Chicken Kathi Roll was not what I expected.
2292,2292,O02293,13-09-2024,13:30,C0072,Kaif Taimoor,27,Pasta Arrabbiata,Continental,5,? 300.00," ? 1,500.00 ", ? 215.00 ,? 425.00,Great food! The Pasta Arrabbiata was delicious and well-prepared.
2293,2293,O02294,13-09-2024,17:30,C0320,Sultan Momin,82,Fish Curry (Goan),Main Course,1,? 380.00, ? 380.00 , ? 289.00 ,? 91.00,The Fish Curry (Goan) was not what I expected.
2294,2294,O02295,13-09-2024,17:30,C0115,Aasifa Nadaf,131,Avocado Toast,Breakfast,1,? 150.00, ? 150.00 , ? 111.00 ,? 39.00,The Avocado Toast was not what I expected.
2295,2295,O02296,13-09-2024,21:45,C0220,Rihan Mujawar,120,Peri Peri Chicken Wings,Snacks,5,? 180.00, ? 900.00 , ? 135.00 ,? 225.00,The Peri Peri Chicken Wings was not what I expected.
2296,2296,O02297,13-09-2024,17:45,C0124,Arahan Shaikh,111,Egg Sandwich,Sandwiches,2,? 110.00, ? 220.00 , ? 80.00 ,? 60.00,The Egg Sandwich could have been better.
2297,2297,O02298,14-09-2024,13:45,C0295,Sultan Taimoor,110,Paneer Sandwich,Sandwiches,5,? 120.00, ? 600.00 , ? 84.00 ,? 180.00,A satisfying meal. The Paneer Sandwich was a good choice.
2298,2298,O02299,14-09-2024,15:15,C0140,Imran Taimoor,91,Chana Masala,Main Course,4,? 260.00," ? 1,040.00 ", ? 185.00 ,? 300.00,The Chana Masala was excellent. Really enjoyed the meal.
2299,2299,O02300,14-09-2024,10:45,C0069,Aasin Khan,114,Veg Frankie Roll,Snacks,1,? 80.00, ? 80.00 , ? 62.00 ,? 18.00,The Veg Frankie Roll was not what I expected.
2300,2300,O02301,14-09-2024,11:15,C0325,Aakib Momin,105,Paneer Burger,Fast Food,1,? 140.00, ? 140.00 , ? 110.00 ,? 30.00,Great food! The Paneer Burger was delicious and well-prepared.
2301,2301,O02302,14-09-2024,12:30,C0017,Wahaj Taimoor,80,Tandoori Momos,Starter,4,? 260.00," ? 1,040.00 ", ? 185.00 ,? 300.00,The Tandoori Momos was simply delicious and fresh. Highly recommended!
2302,2302,O02303,14-09-2024,14:45,C0009,Shamsher Khan,71,Sweet Corn Soup (Veg),Starter,2,? 140.00, ? 280.00 , ? 108.00 ,? 64.00,Wasn't very impressed with the Sweet Corn Soup (Veg). It lacked flavor.
2303,2303,O02304,14-09-2024,15:15,C0249,Aasiya Mujawar,56,Dal Makhani,Vegetarian,2,? 340.00, ? 680.00 , ? 269.00 ,? 142.00,A wholesome and delicious Dal Makhani. The vegetables were so fresh!
2304,2304,O02305,14-09-2024,12:30,C0141,Arahan Ali,115,Chicken Kathi Roll,Street Food,3,? 160.00, ? 480.00 , ? 112.00 ,? 144.00,The Chicken Kathi Roll was excellent. Really enjoyed the meal.
2305,2305,O02306,15-09-2024,21:30,C0173,Aasifa Shaikh,113,Aloo Parantha,Breads,2,? 80.00, ? 160.00 , ? 63.00 ,? 34.00,Great food! The Aloo Parantha was delicious and well-prepared.
2306,2306,O02307,15-09-2024,15:15,C0071,Arman Azam,46,Kadai Paneer,Vegetarian,4,? 360.00," ? 1,440.00 ", ? 275.00 ,? 340.00,A wholesome and delicious Kadai Paneer. The vegetables were so fresh!
2307,2307,O02308,15-09-2024,12:30,C0076,Dua Shikalkar,121,Cheese Garlic Bread,Breads,5,? 110.00, ? 550.00 , ? 85.00 ,? 125.00,The Cheese Garlic Bread was not what I expected.
2308,2308,O02309,15-09-2024,15:00,C0016,Dua Khan,1,Tomato Soup,Starter,1,? 180.00, ? 180.00 , ? 132.00 ,? 48.00,The Tomato Soup was simply delicious and fresh. Highly recommended!
2309,2309,O02310,15-09-2024,22:00,C0021,Moh Saad Shaikh,26,Pasta Alfredo,Continental,3,? 320.00, ? 960.00 , ? 249.00 ,? 213.00,Great food! The Pasta Alfredo was delicious and well-prepared.
2310,2310,O02311,15-09-2024,19:30,C0123,Abdul Rahim Faruqi,116,Paneer Bhurji Sandwich,Snacks,3,? 75.00, ? 225.00 , ? 59.00 ,? 48.00,Great food! The Paneer Bhurji Sandwich was delicious and well-prepared.
2311,2311,O02312,15-09-2024,11:15,C0280,Dua Faruqi,84,Seekh Kebab,Starter,3,? 400.00," ? 1,200.00 ", ? 282.00 ,? 354.00,The Seekh Kebab was a bit too oily for my liking.
2312,2312,O02313,15-09-2024,14:30,C0074,Moh Saad Malik,114,Veg Frankie Roll,Snacks,2,? 80.00, ? 160.00 , ? 62.00 ,? 36.00,The Veg Frankie Roll was excellent. Really enjoyed the meal.
2313,2313,O02314,15-09-2024,19:30,C0064,Isharat Nadaf,127,Mutton Seekh Kebab Roll,Snacks,1,? 170.00, ? 170.00 , ? 132.00 ,? 38.00,The Mutton Seekh Kebab Roll was fine.
2314,2314,O02315,15-09-2024,13:45,C0205,Rihan Taimoor,80,Tandoori Momos,Starter,1,? 260.00, ? 260.00 , ? 185.00 ,? 75.00,It was an average Tandoori Momos.
2315,2315,O02316,15-09-2024,15:45,C0323,Wahaj Ali,131,Avocado Toast,Breakfast,1,? 150.00, ? 150.00 , ? 111.00 ,? 39.00,The Avocado Toast was fine.
2316,2316,O02317,15-09-2024,15:00,C0219,Isharat Nadaf,4,Chicken Biryani,Rice Meal,5,? 440.00," ? 2,200.00 ", ? 334.00 ,? 530.00,A satisfying meal. The Chicken Biryani was a good choice.
2317,2317,O02318,16-09-2024,13:00,C0162,Shamsher Mujawar,28,Caesar Salad,Salad,2,? 280.00, ? 560.00 , ? 210.00 ,? 140.00,The Caesar Salad met my expectations.
2318,2318,O02319,16-09-2024,13:45,C0073,Moh Saad Taimoor,44,Hyderabadi Haleem,Non-Veg Main,2,? 500.00," ? 1,000.00 ", ? 395.00 ,? 210.00,Felt that the Hyderabadi Haleem was overpriced for its quality.
2319,2319,O02320,16-09-2024,18:45,C0317,Rihan Azam,119,Veg Paneer Wrap,Snacks,5,? 95.00, ? 475.00 , ? 74.00 ,? 105.00,It was an average Veg Paneer Wrap.
2320,2320,O02321,16-09-2024,20:15,C0070,Aasifa Azam,127,Mutton Seekh Kebab Roll,Snacks,1,? 170.00, ? 170.00 , ? 132.00 ,? 38.00,A satisfying meal. The Mutton Seekh Kebab Roll was a good choice.
2321,2321,O02322,16-09-2024,10:30,C0088,Abdul Rahim Nadaf,19,Chicken Hakka Noodles,Rice & Noodles,5,? 260.00," ? 1,300.00 ", ? 193.00 ,? 335.00,A satisfying meal. The Chicken Hakka Noodles was a good choice.
2322,2322,O02323,16-09-2024,13:30,C0210,Sultan Nadaf,11,Margherita Pizza,Pizza,2,? 330.00, ? 660.00 , ? 231.00 ,? 198.00,I was not a fan of the Margherita Pizza.
2323,2323,O02324,16-09-2024,13:30,C0004,Ayeza Ali,89,Misal Pav,Snack,2,? 160.00, ? 320.00 , ? 126.00 ,? 68.00,Great food! The Misal Pav was delicious and well-prepared.
2324,2324,O02325,16-09-2024,12:15,C0263,Sher Raes,127,Mutton Seekh Kebab Roll,Snacks,2,? 170.00, ? 340.00 , ? 132.00 ,? 76.00,The Mutton Seekh Kebab Roll was excellent. Really enjoyed the meal.
2325,2325,O02326,16-09-2024,14:00,C0102,Aasifa Taimoor,108,Chicken Shawarma,Street Food,1,? 170.00, ? 170.00 , ? 131.00 ,? 39.00,A satisfying meal. The Chicken Shawarma was a good choice.
2326,2326,O02327,17-09-2024,16:15,C0020,Rihan Shikalkar,80,Tandoori Momos,Starter,2,? 260.00, ? 520.00 , ? 185.00 ,? 150.00,It was an average Tandoori Momos.
2327,2327,O02328,17-09-2024,22:15,C0169,Anis Taimoor,41,Vada Sambar,Vegetarian,1,? 170.00, ? 170.00 , ? 121.00 ,? 49.00,A wholesome and delicious Vada Sambar. The vegetables were so fresh!
2328,2328,O02329,17-09-2024,12:00,C0005,Aasin Azam,115,Chicken Kathi Roll,Street Food,5,? 160.00, ? 800.00 , ? 112.00 ,? 240.00,The Chicken Kathi Roll was fine.
2329,2329,O02330,17-09-2024,10:00,C0149,Aariz Nadaf,10,Pepperoni Pizza,Pizza,3,? 368.00," ? 1,104.00 ", ? 283.00 ,? 255.00,I was not a fan of the Pepperoni Pizza.
2330,2330,O02331,17-09-2024,19:15,C0225,Arman Faruqi,55,Vegetable Korma,Vegetarian,3,? 320.00, ? 960.00 , ? 243.00 ,? 231.00,The Vegetable Korma was as expected.
2331,2331,O02332,17-09-2024,12:45,C0274,Moh Saad Sayyad,51,Tandoori Chicken,Non-Veg Main,2,? 460.00, ? 920.00 , ? 366.00 ,? 188.00,The Tandoori Chicken was alright. It was cooked well but the flavor was average.
2332,2332,O02333,17-09-2024,15:00,C0181,Aman Khan,20,Veg Fried Rice,Rice & Noodles,4,? 200.00, ? 800.00 , ? 145.00 ,? 220.00,Great food! The Veg Fried Rice was delicious and well-prepared.
2333,2333,O02334,17-09-2024,14:30,C0315,Imran Shaikh,130,Veggie Delight Sub,Snacks,2,? 120.00, ? 240.00 , ? 90.00 ,? 60.00,I was not a fan of the Veggie Delight Sub.
2334,2334,O02335,17-09-2024,11:45,C0185,Nikhat Shikalkar,69,Hot & Sour Soup (Veg),Starter,5,? 160.00, ? 800.00 , ? 113.00 ,? 235.00,Absolutely loved the Hot & Sour Soup (Veg)! It was the perfect appetizer to get us started.
2335,2335,O02336,17-09-2024,12:00,C0226,Aman Taimoor,7,Butter Chicken,Meat Special,3,? 495.00," ? 1,485.00 ", ? 349.00 ,? 438.00,I was not a fan of the Butter Chicken.
2336,2336,O02337,17-09-2024,21:00,C0114,Imran Faruqi,89,Misal Pav,Snack,2,? 160.00, ? 320.00 , ? 126.00 ,? 68.00,The Misal Pav was not what I expected.
2337,2337,O02338,17-09-2024,22:45,C0134,Isharat Nadaf,90,Pani Puri,Snack,4,? 100.00, ? 400.00 , ? 74.00 ,? 104.00,Great food! The Pani Puri was delicious and well-prepared.
2338,2338,O02339,17-09-2024,10:00,C0207,Imran Khan,123,Chicken Caesar Wrap,Snacks,4,? 150.00, ? 600.00 , ? 109.00 ,? 164.00,Great food! The Chicken Caesar Wrap was delicious and well-prepared.
2339,2339,O02340,17-09-2024,15:30,C0144,Aasifa Mujawar,26,Pasta Alfredo,Continental,5,? 320.00," ? 1,600.00 ", ? 249.00 ,? 355.00,The Pasta Alfredo was fine.
2340,2340,O02341,17-09-2024,14:00,C0071,Arman Azam,118,Tuna Melt Sandwich,Snacks,4,? 140.00, ? 560.00 , ? 100.00 ,? 160.00,The Tuna Melt Sandwich was excellent. Really enjoyed the meal.
2341,2341,O02342,17-09-2024,22:15,C0240,Sultan Ali,34,Rajma Chawal,Vegetarian,1,? 300.00, ? 300.00 , ? 238.00 ,? 62.00,The Rajma Chawal was as expected.
2342,2342,O02343,17-09-2024,11:00,C0101,Aariz Malik,132,Club Chicken Sandwich,Snacks,1,? 140.00, ? 140.00 , ? 101.00 ,? 39.00,The Club Chicken Sandwich met my expectations.
2343,2343,O02344,18-09-2024,19:30,C0196,Arman Taimoor,9,Palak Paneer,Vegetarian,2,? 360.00, ? 720.00 , ? 273.00 ,? 174.00,Loved the Palak Paneer! It was a delightful and well-prepared vegetarian meal.
2344,2344,O02345,18-09-2024,22:30,C0327,Abdul Rahim Mujawar,84,Seekh Kebab,Starter,5,? 400.00," ? 2,000.00 ", ? 282.00 ,? 590.00,Absolutely loved the Seekh Kebab! It was the perfect appetizer to get us started.
2345,2345,O02346,18-09-2024,18:15,C0013,Aariz Raes,84,Seekh Kebab,Starter,5,? 400.00," ? 2,000.00 ", ? 282.00 ,? 590.00,The Seekh Kebab was okay. It was a standard appetizer.
2346,2346,O02347,18-09-2024,19:45,C0135,Danish Azam,36,Pav Bhaji,Vegetarian,2,? 220.00, ? 440.00 , ? 171.00 ,? 98.00,Loved the Pav Bhaji! It was a delightful and well-prepared vegetarian meal.
2347,2347,O02348,18-09-2024,16:15,C0162,Shamsher Mujawar,33,Dal Tadka,Vegetarian,3,? 260.00, ? 780.00 , ? 183.00 ,? 231.00,Loved the Dal Tadka! It was a delightful and well-prepared vegetarian meal.
2348,2348,O02349,18-09-2024,13:15,C0216,Sultan Khan,104,Chicken Frankie,Street Food,3,? 150.00, ? 450.00 , ? 112.00 ,? 114.00,A satisfying meal. The Chicken Frankie was a good choice.
2349,2349,O02350,18-09-2024,11:15,C0329,Wahaj Sayyad,31,Mutton Rogan Josh,Non-Veg Main,1,? 520.00, ? 520.00 , ? 395.00 ,? 125.00,A truly authentic and flavorful Mutton Rogan Josh. It was very satisfying.
2350,2350,O02351,18-09-2024,10:30,C0250,Isharat Azam,121,Cheese Garlic Bread,Breads,5,? 110.00, ? 550.00 , ? 85.00 ,? 125.00,I was not a fan of the Cheese Garlic Bread.
2351,2351,O02352,18-09-2024,19:30,C0254,Sultan Ali,31,Mutton Rogan Josh,Non-Veg Main,1,? 520.00, ? 520.00 , ? 395.00 ,? 125.00,The Mutton Rogan Josh was the highlight of our meal. Absolutely delicious!
2352,2352,O02353,18-09-2024,14:45,C0121,Rihan Mujawar,112,Paneer Parantha,Breads,1,? 90.00, ? 90.00 , ? 64.00 ,? 26.00,The Paneer Parantha was excellent. Really enjoyed the meal.
2353,2353,O02354,18-09-2024,21:15,C0032,Ayeza Mujawar,72,Sweet Corn Soup (Chicken),Starter,4,? 180.00, ? 720.00 , ? 129.00 ,? 204.00,The Sweet Corn Soup (Chicken) was a fantastic start to our meal! Perfectly crispy.
2354,2354,O02355,19-09-2024,16:15,C0242,Arahan Mujawar,105,Paneer Burger,Fast Food,3,? 140.00, ? 420.00 , ? 110.00 ,? 90.00,The Paneer Burger was excellent. Really enjoyed the meal.
2355,2355,O02356,19-09-2024,19:30,C0082,Isharat Nadaf,102,Chicken Sub,Sandwiches,4,? 180.00, ? 720.00 , ? 137.00 ,? 172.00,The Chicken Sub could have been better.
2356,2356,O02357,19-09-2024,16:15,C0297,Wahaj Ali,50,Jeera Rice,Rice & Noodles,4,? 180.00, ? 720.00 , ? 129.00 ,? 204.00,The Jeera Rice was excellent. Really enjoyed the meal.
2357,2357,O02358,19-09-2024,15:30,C0021,Moh Saad Shaikh,53,Veg Pulao,Rice & Noodles,5,? 240.00," ? 1,200.00 ", ? 190.00 ,? 250.00,The Veg Pulao was excellent. Really enjoyed the meal.
2358,2358,O02359,19-09-2024,14:15,C0099,Aariz Faruqi,36,Pav Bhaji,Vegetarian,1,? 220.00, ? 220.00 , ? 171.00 ,? 49.00,I found the Pav Bhaji to be a bit watery.
2359,2359,O02360,19-09-2024,18:45,C0137,Aman Raes,42,Medu Vada,Vegetarian,3,? 150.00, ? 450.00 , ? 112.00 ,? 114.00,A wholesome and delicious Medu Vada. The vegetables were so fresh!
2360,2360,O02361,19-09-2024,16:30,C0055,Sultan Momin,131,Avocado Toast,Breakfast,4,? 150.00, ? 600.00 , ? 111.00 ,? 156.00,The Avocado Toast was excellent. Really enjoyed the meal.
2361,2361,O02362,19-09-2024,21:30,C0222,Arman Ali,19,Chicken Hakka Noodles,Rice & Noodles,2,? 260.00, ? 520.00 , ? 193.00 ,? 134.00,The Chicken Hakka Noodles was excellent. Really enjoyed the meal.
2362,2362,O02363,19-09-2024,22:15,C0050,Dua Sayyad,76,Chicken Momos,Starter,5,? 220.00," ? 1,100.00 ", ? 170.00 ,? 250.00,The Chicken Momos was a fantastic start to our meal! Perfectly crispy.
2363,2363,O02364,19-09-2024,20:30,C0080,Sher Khan,17,French Fries,Starter,4,? 120.00, ? 480.00 , ? 87.00 ,? 132.00,The French Fries was a bit too oily for my liking.
2364,2364,O02365,19-09-2024,12:00,C0287,Nikhat Shaikh,102,Chicken Sub,Sandwiches,5,? 180.00, ? 900.00 , ? 137.00 ,? 215.00,A satisfying meal. The Chicken Sub was a good choice.
2365,2365,O02366,19-09-2024,20:00,C0020,Rihan Shikalkar,74,Chicken Clear Soup,Starter,2,? 160.00, ? 320.00 , ? 125.00 ,? 70.00,The Chicken Clear Soup was simply delicious and fresh. Highly recommended!
2366,2366,O02367,19-09-2024,21:45,C0245,Wahaj Taimoor,13,Gulab Jamun,Dessert,1,? 150.00, ? 150.00 , ? 117.00 ,? 33.00,It was an average Gulab Jamun.
2367,2367,O02368,19-09-2024,17:45,C0301,Sher Taimoor,61,Veg Spring Rolls,Starter,4,? 220.00, ? 880.00 , ? 162.00 ,? 232.00,Absolutely loved the Veg Spring Rolls! It was the perfect appetizer to get us started.
2368,2368,O02369,19-09-2024,16:30,C0069,Aasin Khan,97,Grilled Cheese Sandwich,Sandwiches,3,? 120.00, ? 360.00 , ? 90.00 ,? 90.00,Great food! The Grilled Cheese Sandwich was delicious and well-prepared.
2369,2369,O02370,20-09-2024,14:00,C0120,Ayeza Taimoor,56,Dal Makhani,Vegetarian,2,? 340.00, ? 680.00 , ? 269.00 ,? 142.00,The Dal Makhani was bland and needed more seasoning.
2370,2370,O02371,20-09-2024,17:15,C0262,Nikhat Faruqi,109,Cheese Sandwich,Sandwiches,2,? 100.00, ? 200.00 , ? 72.00 ,? 56.00,A satisfying meal. The Cheese Sandwich was a good choice.
2371,2371,O02372,20-09-2024,17:00,C0200,Aariz Taimoor,97,Grilled Cheese Sandwich,Sandwiches,3,? 120.00, ? 360.00 , ? 90.00 ,? 90.00,I was not a fan of the Grilled Cheese Sandwich.
2372,2372,O02373,20-09-2024,10:30,C0324,Aasifa Faruqi,47,Bhindi Masala,Vegetarian,3,? 240.00, ? 720.00 , ? 175.00 ,? 195.00,The Bhindi Masala is a great choice for vegetarians. Hearty and full of flavor.
2373,2373,O02374,20-09-2024,12:00,C0294,Isharat Sayyad,111,Egg Sandwich,Sandwiches,5,? 110.00, ? 550.00 , ? 80.00 ,? 150.00,Great food! The Egg Sandwich was delicious and well-prepared.
2374,2374,O02375,20-09-2024,14:30,C0174,Anis Malik,121,Cheese Garlic Bread,Breads,3,? 110.00, ? 330.00 , ? 85.00 ,? 75.00,The Cheese Garlic Bread met my expectations.
2375,2375,O02376,20-09-2024,12:15,C0217,Nikhat Mujawar,116,Paneer Bhurji Sandwich,Snacks,4,? 75.00, ? 300.00 , ? 59.00 ,? 64.00,A satisfying meal. The Paneer Bhurji Sandwich was a good choice.
2376,2376,O02377,20-09-2024,14:15,C0097,Isharat Taimoor,74,Chicken Clear Soup,Starter,5,? 160.00, ? 800.00 , ? 125.00 ,? 175.00,The Chicken Clear Soup was simply delicious and fresh. Highly recommended!
2377,2377,O02378,20-09-2024,17:15,C0147,Danish Khan,111,Egg Sandwich,Sandwiches,3,? 110.00, ? 330.00 , ? 80.00 ,? 90.00,Great food! The Egg Sandwich was delicious and well-prepared.
2378,2378,O02379,20-09-2024,16:00,C0152,Dua Sayyad,15,Tiramisu,Dessert,1,? 280.00, ? 280.00 , ? 201.00 ,? 79.00,Great food! The Tiramisu was delicious and well-prepared.
2379,2379,O02380,20-09-2024,19:30,C0244,Arahan Raes,101,Veggie Sub,Sandwiches,4,? 150.00, ? 600.00 , ? 105.00 ,? 180.00,The Veggie Sub met my expectations.
2380,2380,O02381,20-09-2024,19:15,C0295,Sultan Taimoor,101,Veggie Sub,Sandwiches,5,? 150.00, ? 750.00 , ? 105.00 ,? 225.00,The Veggie Sub was fine.
2381,2381,O02382,20-09-2024,10:15,C0327,Abdul Rahim Mujawar,86,Non-Veg Thali,Meal Combo,1,? 440.00, ? 440.00 , ? 322.00 ,? 118.00,A satisfying meal. The Non-Veg Thali was a good choice.
2382,2382,O02383,20-09-2024,12:45,C0077,Shahrukh Momin,15,Tiramisu,Dessert,5,? 280.00," ? 1,400.00 ", ? 201.00 ,? 395.00,The Tiramisu met my expectations.
2383,2383,O02384,20-09-2024,21:45,C0318,Shahrukh Ali,125,BBQ Chicken Pizza Sandwich,Snacks,5,? 160.00, ? 800.00 , ? 115.00 ,? 225.00,A satisfying meal. The BBQ Chicken Pizza Sandwich was a good choice.
2384,2384,O02385,20-09-2024,13:45,C0186,Aariz Khan,15,Tiramisu,Dessert,4,? 280.00," ? 1,120.00 ", ? 201.00 ,? 316.00,Great food! The Tiramisu was delicious and well-prepared.
2385,2385,O02386,21-09-2024,18:00,C0050,Dua Sayyad,32,Fish Curry,Non-Veg Main,5,? 400.00," ? 2,000.00 ", ? 286.00 ,? 570.00,The Fish Curry was cooked to perfection. The spices were spot on!
2386,2386,O02387,21-09-2024,10:30,C0142,Abdul Rahim Nadaf,86,Non-Veg Thali,Meal Combo,5,? 440.00," ? 2,200.00 ", ? 322.00 ,? 590.00,The Non-Veg Thali was not what I expected.
2387,2387,O02388,21-09-2024,12:00,C0093,Aakib Raes,89,Misal Pav,Snack,4,? 160.00, ? 640.00 , ? 126.00 ,? 136.00,A satisfying meal. The Misal Pav was a good choice.
2388,2388,O02389,21-09-2024,20:45,C0007,Aman Taimoor,128,Paneer Tandoori Wrap,Snacks,4,? 120.00, ? 480.00 , ? 94.00 ,? 104.00,A satisfying meal. The Paneer Tandoori Wrap was a good choice.
2389,2389,O02390,21-09-2024,21:30,C0085,Aasifa Azam,38,Mutton Biryani,Rice Meal,4,? 490.00," ? 1,960.00 ", ? 350.00 ,? 560.00,It was an average Mutton Biryani.
2390,2390,O02391,21-09-2024,14:45,C0092,Sultan Shaikh,126,Corn & Cheese Sandwich,Snacks,4,? 90.00, ? 360.00 , ? 66.00 ,? 96.00,The Corn & Cheese Sandwich was excellent. Really enjoyed the meal.
2391,2391,O02392,21-09-2024,16:00,C0216,Sultan Khan,50,Jeera Rice,Rice & Noodles,2,? 180.00, ? 360.00 , ? 129.00 ,? 102.00,A satisfying meal. The Jeera Rice was a good choice.
2392,2392,O02393,22-09-2024,19:45,C0015,Kaif Taimoor,113,Aloo Parantha,Breads,1,? 80.00, ? 80.00 , ? 63.00 ,? 17.00,A satisfying meal. The Aloo Parantha was a good choice.
2393,2393,O02394,22-09-2024,15:15,C0192,Danish Faruqi,46,Kadai Paneer,Vegetarian,1,? 360.00, ? 360.00 , ? 275.00 ,? 85.00,A wholesome and delicious Kadai Paneer. The vegetables were so fresh!
2394,2394,O02395,22-09-2024,15:15,C0181,Aman Khan,60,Chicken Manchurian,Starter,3,? 280.00, ? 840.00 , ? 205.00 ,? 225.00,Wasn't very impressed with the Chicken Manchurian. It lacked flavor.
2395,2395,O02396,22-09-2024,22:45,C0236,Aakib Khan,22,Paneer Tikka,Starter,1,? 280.00, ? 280.00 , ? 199.00 ,? 81.00,The Paneer Tikka was okay. It was a standard appetizer.
2396,2396,O02397,22-09-2024,13:30,C0064,Isharat Nadaf,104,Chicken Frankie,Street Food,1,? 150.00, ? 150.00 , ? 112.00 ,? 38.00,It was an average Chicken Frankie.
2397,2397,O02398,22-09-2024,15:15,C0245,Wahaj Taimoor,98,Paneer Kathi Roll,Street Food,4,? 140.00, ? 560.00 , ? 103.00 ,? 148.00,The Paneer Kathi Roll was fine.
2398,2398,O02399,22-09-2024,15:45,C0259,Nikhat Malik,72,Sweet Corn Soup (Chicken),Starter,2,? 180.00, ? 360.00 , ? 129.00 ,? 102.00,The Sweet Corn Soup (Chicken) was a fantastic start to our meal! Perfectly crispy.
2399,2399,O02400,22-09-2024,17:30,C0194,Isharat Momin,102,Chicken Sub,Sandwiches,2,? 180.00, ? 360.00 , ? 137.00 ,? 86.00,A satisfying meal. The Chicken Sub was a good choice.
2400,2400,O02401,22-09-2024,15:00,C0023,Shamsher Faruqi,2,Mushroom Soup,Starter,3,? 200.00, ? 600.00 , ? 159.00 ,? 123.00,The Mushroom Soup was a bit too oily for my liking.
2401,2401,O02402,22-09-2024,17:45,C0101,Aariz Malik,123,Chicken Caesar Wrap,Snacks,5,? 150.00, ? 750.00 , ? 109.00 ,? 205.00,The Chicken Caesar Wrap was not what I expected.
2402,2402,O02403,23-09-2024,17:30,C0139,Arman Khan,46,Kadai Paneer,Vegetarian,5,? 360.00," ? 1,800.00 ", ? 275.00 ,? 425.00,The Kadai Paneer is a great choice for vegetarians. Hearty and full of flavor.
2403,2403,O02404,23-09-2024,20:00,C0287,Nikhat Shaikh,113,Aloo Parantha,Breads,4,? 80.00, ? 320.00 , ? 63.00 ,? 68.00,Great food! The Aloo Parantha was delicious and well-prepared.
2404,2404,O02405,23-09-2024,21:00,C0188,Sher Raes,71,Sweet Corn Soup (Veg),Starter,4,? 140.00, ? 560.00 , ? 108.00 ,? 128.00,The Sweet Corn Soup (Veg) was a fantastic start to our meal! Perfectly crispy.
2405,2405,O02406,23-09-2024,10:00,C0185,Nikhat Shikalkar,6,Grilled Salmon,Ocean Meal,5,? 500.00," ? 2,500.00 ", ? 357.00 ,? 715.00,The Grilled Salmon was not what I expected.
2406,2406,O02407,23-09-2024,12:00,C0213,Aakib Ali,24,Samosa,Starter,3,? 100.00, ? 300.00 , ? 73.00 ,? 81.00,The Samosa was a fantastic start to our meal! Perfectly crispy.
2407,2407,O02408,23-09-2024,16:45,C0146,Sultan Sayyad,56,Dal Makhani,Vegetarian,3,? 340.00," ? 1,020.00 ", ? 269.00 ,? 213.00,"It was an okay Dal Makhani, but I've had better."
2408,2408,O02409,23-09-2024,11:45,C0285,Ayeza Raes,45,Egg Curry,Non-Veg Main,5,? 280.00," ? 1,400.00 ", ? 203.00 ,? 385.00,The Egg Curry was cooked to perfection. The spices were spot on!
2409,2409,O02410,24-09-2024,19:15,C0022,Aasiya Ali,89,Misal Pav,Snack,4,? 160.00, ? 640.00 , ? 126.00 ,? 136.00,A satisfying meal. The Misal Pav was a good choice.
2410,2410,O02411,24-09-2024,17:15,C0148,Aakib Momin,21,Chicken Fried Rice,Rice & Noodles,4,? 240.00, ? 960.00 , ? 182.00 ,? 232.00,A satisfying meal. The Chicken Fried Rice was a good choice.
2411,2411,O02412,24-09-2024,14:00,C0149,Aariz Nadaf,38,Mutton Biryani,Rice & Noodles,1,? 480.00, ? 480.00 , ? 340.00 ,? 140.00,I was not a fan of the Mutton Biryani.
2412,2412,O02413,24-09-2024,11:15,C0278,Sultan Shikalkar,103,Paneer Frankie,Street Food,2,? 130.00, ? 260.00 , ? 95.00 ,? 70.00,The Paneer Frankie met my expectations.
2413,2413,O02414,25-09-2024,15:30,C0104,Sultan Nadaf,112,Paneer Parantha,Breads,5,? 90.00, ? 450.00 , ? 64.00 ,? 130.00,Great food! The Paneer Parantha was delicious and well-prepared.
2414,2414,O02415,25-09-2024,11:00,C0224,Nikhat Mujawar,13,Gulab Jamun,Dessert,3,? 150.00, ? 450.00 , ? 117.00 ,? 99.00,The Gulab Jamun was fine.
2415,2415,O02416,25-09-2024,15:30,C0108,Arman Azam,112,Paneer Parantha,Breads,5,? 90.00, ? 450.00 , ? 64.00 ,? 130.00,Great food! The Paneer Parantha was delicious and well-prepared.
2416,2416,O02417,25-09-2024,10:45,C0229,Aasin Khan,69,Hot & Sour Soup (Veg),Starter,3,? 160.00, ? 480.00 , ? 113.00 ,? 141.00,Wasn't very impressed with the Hot & Sour Soup (Veg). It lacked flavor.
2417,2417,O02418,25-09-2024,12:30,C0011,Aasiya Ali,49,Aloo Gobi,Vegetarian,2,? 220.00, ? 440.00 , ? 166.00 ,? 108.00,Loved the Aloo Gobi! It was a delightful and well-prepared vegetarian meal.
2418,2418,O02419,25-09-2024,18:30,C0306,Arman Malik,77,Paneer Momos,Starter,3,? 200.00, ? 600.00 , ? 155.00 ,? 135.00,The Paneer Momos was okay. It was a standard appetizer.
2419,2419,O02420,25-09-2024,15:30,C0239,Arman Momin,68,Chicken Schezwan Noodles,Rice & Noodles,3,? 280.00, ? 840.00 , ? 218.00 ,? 186.00,The Chicken Schezwan Noodles met my expectations.
2420,2420,O02421,25-09-2024,12:00,C0251,Aakib Khan,80,Tandoori Momos,Starter,4,? 260.00," ? 1,040.00 ", ? 185.00 ,? 300.00,The Tandoori Momos was a fantastic start to our meal! Perfectly crispy.
2421,2421,O02422,25-09-2024,22:00,C0060,Nikhat Khan,91,Chana Masala,Main Course,5,? 260.00," ? 1,300.00 ", ? 185.00 ,? 375.00,Great food! The Chana Masala was delicious and well-prepared.
2422,2422,O02423,25-09-2024,16:30,C0040,Moh Saad Nadaf,72,Sweet Corn Soup (Chicken),Starter,5,? 180.00, ? 900.00 , ? 129.00 ,? 255.00,It was an average Sweet Corn Soup (Chicken).
2423,2423,O02424,26-09-2024,16:45,C0298,Aasin Malik,31,Mutton Rogan Josh,Non-Veg Main,2,? 520.00," ? 1,040.00 ", ? 395.00 ,? 250.00,A truly authentic and flavorful Mutton Rogan Josh. It was very satisfying.
2424,2424,O02425,26-09-2024,15:30,C0146,Sultan Sayyad,65,Schezwan Fried Rice,Rice & Noodles,4,? 220.00, ? 880.00 , ? 160.00 ,? 240.00,The Schezwan Fried Rice was excellent. Really enjoyed the meal.
2425,2425,O02426,26-09-2024,13:30,C0125,Danish Nadaf,75,Veg Momos,Starter,1,? 180.00, ? 180.00 , ? 138.00 ,? 42.00,Absolutely loved the Veg Momos! It was the perfect appetizer to get us started.
2426,2426,O02427,26-09-2024,18:00,C0255,Shamsher Malik,36,Pav Bhaji,Vegetarian,3,? 220.00, ? 660.00 , ? 171.00 ,? 147.00,The Pav Bhaji is a great choice for vegetarians. Hearty and full of flavor.
2427,2427,O02428,26-09-2024,13:30,C0223,Anis Sayyad,31,Mutton Rogan Josh,Non-Veg Main,1,? 520.00, ? 520.00 , ? 395.00 ,? 125.00,The Mutton Rogan Josh was the highlight of our meal. Absolutely delicious!
2428,2428,O02429,26-09-2024,10:45,C0094,Rihan Ali,96,Club Sandwich,Sandwiches,2,? 160.00, ? 320.00 , ? 119.00 ,? 82.00,The Club Sandwich met my expectations.
2429,2429,O02430,27-09-2024,12:15,C0330,Kaif Momin,45,Egg Curry,Non-Veg Main,5,? 280.00," ? 1,400.00 ", ? 203.00 ,? 385.00,The Egg Curry was cooked to perfection. The spices were spot on!
2430,2430,O02431,27-09-2024,15:15,C0102,Aasifa Taimoor,48,Baingan Bharta,Vegetarian,1,? 260.00, ? 260.00 , ? 195.00 ,? 65.00,The Baingan Bharta is a great choice for vegetarians. Hearty and full of flavor.
2431,2431,O02432,27-09-2024,17:45,C0317,Rihan Azam,58,Crab Curry,Non-Veg Main,2,? 520.00," ? 1,040.00 ", ? 374.00 ,? 292.00,The Crab Curry was the highlight of our meal. Absolutely delicious!
2432,2432,O02433,27-09-2024,14:00,C0074,Moh Saad Malik,50,Jeera Rice,Rice & Noodles,1,? 180.00, ? 180.00 , ? 129.00 ,? 51.00,The Jeera Rice could have been better.
2433,2433,O02434,27-09-2024,10:00,C0254,Sultan Ali,13,Gulab Jamun,Dessert,1,? 150.00, ? 150.00 , ? 117.00 ,? 33.00,A satisfying meal. The Gulab Jamun was a good choice.
2434,2434,O02435,27-09-2024,22:45,C0078,Arahan Shaikh,25,Spring Rolls,Starter,1,? 220.00, ? 220.00 , ? 164.00 ,? 56.00,Absolutely loved the Spring Rolls! It was the perfect appetizer to get us started.
2435,2435,O02436,27-09-2024,22:00,C0203,Isharat Sayyad,26,Pasta Alfredo,Continental,2,? 320.00, ? 640.00 , ? 249.00 ,? 142.00,Great food! The Pasta Alfredo was delicious and well-prepared.
2436,2436,O02437,27-09-2024,14:15,C0081,Ayeza Raes,33,Dal Tadka,Vegetarian,5,? 260.00," ? 1,300.00 ", ? 183.00 ,? 385.00,The Dal Tadka is a great choice for vegetarians. Hearty and full of flavor.
2437,2437,O02438,27-09-2024,16:00,C0081,Ayeza Raes,105,Paneer Burger,Fast Food,4,? 140.00, ? 560.00 , ? 110.00 ,? 120.00,A satisfying meal. The Paneer Burger was a good choice.
2438,2438,O02439,27-09-2024,10:30,C0274,Moh Saad Sayyad,54,Egg Biryani,Rice & Noodles,1,? 340.00, ? 340.00 , ? 268.00 ,? 72.00,A satisfying meal. The Egg Biryani was a good choice.
2439,2439,O02440,27-09-2024,12:30,C0043,Aakib Faruqi,85,Veg Thali,Meal Combo,4,? 360.00," ? 1,440.00 ", ? 263.00 ,? 388.00,A satisfying meal. The Veg Thali was a good choice.
2440,2440,O02441,27-09-2024,21:00,C0081,Ayeza Raes,45,Egg Curry,Non-Veg Main,3,? 280.00, ? 840.00 , ? 203.00 ,? 231.00,The Egg Curry was the highlight of our meal. Absolutely delicious!
2441,2441,O02442,27-09-2024,20:30,C0308,Ayeza Khan,51,Tandoori Chicken,Non-Veg Main,5,? 460.00," ? 2,300.00 ", ? 366.00 ,? 470.00,The Tandoori Chicken was alright. It was cooked well but the flavor was average.
2442,2442,O02443,27-09-2024,16:15,C0159,Arman Taimoor,22,Paneer Tikka,Starter,4,? 280.00," ? 1,120.00 ", ? 199.00 ,? 324.00,The Paneer Tikka was okay. It was a standard appetizer.
2443,2443,O02444,28-09-2024,11:45,C0062,Ayeza Nadaf,70,Hot & Sour Soup (Chicken),Starter,1,? 200.00, ? 200.00 , ? 159.00 ,? 41.00,The Hot & Sour Soup (Chicken) was cold when it arrived at our table.
2444,2444,O02445,28-09-2024,10:30,C0323,Wahaj Ali,116,Paneer Bhurji Sandwich,Snacks,2,? 75.00, ? 150.00 , ? 59.00 ,? 32.00,The Paneer Bhurji Sandwich was excellent. Really enjoyed the meal.
2445,2445,O02446,28-09-2024,11:30,C0255,Shamsher Malik,90,Pani Puri,Snack,1,? 100.00, ? 100.00 , ? 74.00 ,? 26.00,The Pani Puri was excellent. Really enjoyed the meal.
2446,2446,O02447,28-09-2024,13:15,C0033,Arahan Azam,91,Chana Masala,Main Course,2,? 260.00, ? 520.00 , ? 185.00 ,? 150.00,The Chana Masala met my expectations.
2447,2447,O02448,28-09-2024,15:30,C0015,Kaif Taimoor,67,Veg Schezwan Noodles,Rice & Noodles,5,? 240.00," ? 1,200.00 ", ? 171.00 ,? 345.00,It was an average Veg Schezwan Noodles.
2448,2448,O02449,28-09-2024,22:45,C0097,Isharat Taimoor,82,Fish Curry (Goan),Main Course,5,? 380.00," ? 1,900.00 ", ? 289.00 ,? 455.00,Great food! The Fish Curry (Goan) was delicious and well-prepared.
2449,2449,O02450,28-09-2024,13:45,C0134,Isharat Nadaf,132,Club Chicken Sandwich,Snacks,1,? 140.00, ? 140.00 , ? 101.00 ,? 39.00,The Club Chicken Sandwich was excellent. Really enjoyed the meal.
2450,2450,O02451,28-09-2024,18:45,C0156,Arman Faruqi,88,Vada Pav,Snack,5,? 120.00, ? 600.00 , ? 91.00 ,? 145.00,A satisfying meal. The Vada Pav was a good choice.
2451,2451,O02452,28-09-2024,19:15,C0176,Abdul Rahim Shikalkar,4,Chicken Biryani,Rice Meal,3,? 440.00," ? 1,320.00 ", ? 334.00 ,? 318.00,The Chicken Biryani was not what I expected.
2452,2452,O02453,28-09-2024,22:15,C0229,Aasin Khan,65,Schezwan Fried Rice,Rice & Noodles,5,? 220.00," ? 1,100.00 ", ? 160.00 ,? 300.00,The Schezwan Fried Rice was not what I expected.
2453,2453,O02454,28-09-2024,10:15,C0265,Aasin Ali,10,Pepperoni Pizza,Pizza,2,? 368.00, ? 736.00 , ? 283.00 ,? 170.00,The Pepperoni Pizza met my expectations.
2454,2454,O02455,28-09-2024,14:00,C0247,Shahrukh Sayyad,19,Chicken Hakka Noodles,Rice & Noodles,1,? 260.00, ? 260.00 , ? 193.00 ,? 67.00,Great food! The Chicken Hakka Noodles was delicious and well-prepared.
2455,2455,O02456,28-09-2024,15:30,C0129,Sher Taimoor,82,Fish Curry (Goan),Main Course,3,? 380.00," ? 1,140.00 ", ? 289.00 ,? 273.00,The Fish Curry (Goan) met my expectations.
2456,2456,O02457,29-09-2024,19:30,C0262,Nikhat Faruqi,130,Veggie Delight Sub,Snacks,1,? 120.00, ? 120.00 , ? 90.00 ,? 30.00,I was not a fan of the Veggie Delight Sub.
2457,2457,O02458,29-09-2024,16:30,C0279,Arman Taimoor,83,Malai Kofta,Main Course,3,? 340.00," ? 1,020.00 ", ? 249.00 ,? 273.00,I was not a fan of the Malai Kofta.
2458,2458,O02459,29-09-2024,19:45,C0002,Dua Khan,7,Butter Chicken,Meat Special,2,? 495.00, ? 990.00 , ? 349.00 ,? 292.00,Great food! The Butter Chicken was delicious and well-prepared.
2459,2459,O02460,29-09-2024,16:45,C0156,Arman Faruqi,77,Paneer Momos,Starter,4,? 200.00, ? 800.00 , ? 155.00 ,? 180.00,The Paneer Momos was simply delicious and fresh. Highly recommended!
2460,2460,O02461,29-09-2024,13:30,C0298,Aasin Malik,109,Cheese Sandwich,Sandwiches,1,? 100.00, ? 100.00 , ? 72.00 ,? 28.00,A satisfying meal. The Cheese Sandwich was a good choice.
2461,2461,O02462,29-09-2024,18:30,C0302,Shamsher Ali,21,Chicken Fried Rice,Rice & Noodles,4,? 240.00, ? 960.00 , ? 182.00 ,? 232.00,The Chicken Fried Rice could have been better.
2462,2462,O02463,29-09-2024,22:00,C0147,Danish Khan,20,Veg Fried Rice,Rice & Noodles,1,? 200.00, ? 200.00 , ? 145.00 ,? 55.00,The Veg Fried Rice was not what I expected.
2463,2463,O02464,29-09-2024,14:45,C0291,Aman Faruqi,59,Veg Manchurian,Starter,3,? 240.00, ? 720.00 , ? 169.00 ,? 213.00,The Veg Manchurian was a fantastic start to our meal! Perfectly crispy.
2464,2464,O02465,29-09-2024,12:45,C0016,Dua Khan,75,Veg Momos,Starter,4,? 180.00, ? 720.00 , ? 138.00 ,? 168.00,Absolutely loved the Veg Momos! It was the perfect appetizer to get us started.
2465,2465,O02466,29-09-2024,17:00,C0260,Danish Ali,51,Tandoori Chicken,Non-Veg Main,1,? 460.00, ? 460.00 , ? 366.00 ,? 94.00,A truly authentic and flavorful Tandoori Chicken. It was very satisfying.
2466,2466,O02467,29-09-2024,10:00,C0086,Sher Momin,130,Veggie Delight Sub,Snacks,2,? 120.00, ? 240.00 , ? 90.00 ,? 60.00,I was not a fan of the Veggie Delight Sub.
2467,2467,O02468,30-09-2024,22:30,C0185,Nikhat Shikalkar,23,Chicken Tikka,Starter,3,? 320.00, ? 960.00 , ? 233.00 ,? 261.00,The Chicken Tikka was simply delicious and fresh. Highly recommended!
2468,2468,O02469,30-09-2024,18:15,C0296,Aariz Sayyad,63,Chili Paneer,Starter,2,? 280.00, ? 560.00 , ? 219.00 ,? 122.00,The Chili Paneer was a bit too oily for my liking.
2469,2469,O02470,30-09-2024,21:45,C0298,Aasin Malik,34,Rajma Chawal,Vegetarian,2,? 300.00, ? 600.00 , ? 238.00 ,? 124.00,The vegetables in the Rajma Chawal seemed overcooked.
2470,2470,O02471,30-09-2024,20:45,C0308,Ayeza Khan,47,Bhindi Masala,Vegetarian,3,? 240.00, ? 720.00 , ? 175.00 ,? 195.00,Loved the Bhindi Masala! It was a delightful and well-prepared vegetarian meal.
2471,2471,O02472,30-09-2024,20:00,C0216,Sultan Khan,86,Non-Veg Thali,Meal Combo,3,? 440.00," ? 1,320.00 ", ? 322.00 ,? 354.00,It was an average Non-Veg Thali.
2472,2472,O02473,30-09-2024,22:45,C0205,Rihan Taimoor,129,Smoked Chicken Sub,Snacks,2,? 160.00, ? 320.00 , ? 112.00 ,? 96.00,Great food! The Smoked Chicken Sub was delicious and well-prepared.
2473,2473,O02474,30-09-2024,18:15,C0234,Moh Saad Faruqi,3,Chicken Soup,Starter,1,? 220.00, ? 220.00 , ? 170.00 ,? 50.00,The Chicken Soup was cold when it arrived at our table.
2474,2474,O02475,30-09-2024,22:45,C0116,Arman Khan,119,Veg Paneer Wrap,Snacks,2,? 95.00, ? 190.00 , ? 74.00 ,? 42.00,The Veg Paneer Wrap was excellent. Really enjoyed the meal.
2475,2475,O02476,30-09-2024,20:00,C0030,Sher Mujawar,108,Chicken Shawarma,Street Food,1,? 170.00, ? 170.00 , ? 131.00 ,? 39.00,A satisfying meal. The Chicken Shawarma was a good choice.
2476,2476,O02477,30-09-2024,15:15,C0081,Ayeza Raes,40,Idli Sambar,Vegetarian,3,? 160.00, ? 480.00 , ? 119.00 ,? 123.00,The Idli Sambar was a decent vegetarian option.
2477,2477,O02478,30-09-2024,22:00,C0283,Shahrukh Sayyad,94,Butter Naan,Breads,1,? 60.00, ? 60.00 , ? 45.00 ,? 15.00,The Butter Naan could have been better.
2478,2478,O02479,30-09-2024,22:00,C0024,Aman Momin,27,Pasta Arrabbiata,Continental,4,? 300.00," ? 1,200.00 ", ? 215.00 ,? 340.00,Great food! The Pasta Arrabbiata was delicious and well-prepared.
2479,2479,O02480,30-09-2024,10:30,C0204,Aasifa Faruqi,82,Fish Curry (Goan),Main Course,5,? 380.00," ? 1,900.00 ", ? 289.00 ,? 455.00,It was an average Fish Curry (Goan).
2480,2480,O02481,30-09-2024,18:15,C0077,Shahrukh Momin,89,Misal Pav,Snack,2,? 160.00, ? 320.00 , ? 126.00 ,? 68.00,A satisfying meal. The Misal Pav was a good choice.
2481,2481,O02482,30-09-2024,22:00,C0130,Aakib Shikalkar,61,Veg Spring Rolls,Starter,5,? 220.00," ? 1,100.00 ", ? 162.00 ,? 290.00,The Veg Spring Rolls was a fantastic start to our meal! Perfectly crispy.
2482,2482,O02483,30-09-2024,12:15,C0294,Isharat Sayyad,110,Paneer Sandwich,Sandwiches,3,? 120.00, ? 360.00 , ? 84.00 ,? 108.00,The Paneer Sandwich could have been better.
2483,2483,O02484,30-09-2024,16:30,C0137,Aman Raes,129,Smoked Chicken Sub,Snacks,2,? 160.00, ? 320.00 , ? 112.00 ,? 96.00,The Smoked Chicken Sub was excellent. Really enjoyed the meal.
2484,2484,O02485,01-10-2024,17:00,C0238,Aakib Malik,10,Pepperoni Pizza,Pizza,3,? 368.00," ? 1,104.00 ", ? 283.00 ,? 255.00,A satisfying meal. The Pepperoni Pizza was a good choice.
2485,2485,O02486,01-10-2024,18:15,C0169,Anis Taimoor,102,Chicken Sub,Sandwiches,5,? 180.00, ? 900.00 , ? 137.00 ,? 215.00,The Chicken Sub met my expectations.
2486,2486,O02487,01-10-2024,17:00,C0107,Aasifa Faruqi,75,Veg Momos,Starter,4,? 180.00, ? 720.00 , ? 138.00 ,? 168.00,The Veg Momos was a fantastic start to our meal! Perfectly crispy.
2487,2487,O02488,01-10-2024,10:30,C0285,Ayeza Raes,13,Gulab Jamun,Dessert,4,? 150.00, ? 600.00 , ? 117.00 ,? 132.00,The Gulab Jamun could have been better.
2488,2488,O02489,01-10-2024,20:15,C0286,Sher Malik,121,Cheese Garlic Bread,Breads,1,? 110.00, ? 110.00 , ? 85.00 ,? 25.00,Great food! The Cheese Garlic Bread was delicious and well-prepared.
2489,2489,O02490,01-10-2024,12:15,C0005,Aasin Azam,68,Chicken Schezwan Noodles,Rice & Noodles,5,? 280.00," ? 1,400.00 ", ? 218.00 ,? 310.00,A satisfying meal. The Chicken Schezwan Noodles was a good choice.
2490,2490,O02491,01-10-2024,10:15,C0072,Kaif Taimoor,120,Peri Peri Chicken Wings,Snacks,3,? 180.00, ? 540.00 , ? 135.00 ,? 135.00,I was not a fan of the Peri Peri Chicken Wings.
2491,2491,O02492,02-10-2024,18:30,C0014,Arman Faruqi,63,Chili Paneer,Starter,3,? 280.00, ? 840.00 , ? 219.00 ,? 183.00,The Chili Paneer was cold when it arrived at our table.
2492,2492,O02493,02-10-2024,13:15,C0039,Aasifa Shaikh,34,Rajma Chawal,Vegetarian,1,? 300.00, ? 300.00 , ? 238.00 ,? 62.00,The Rajma Chawal was bland and needed more seasoning.
2493,2493,O02494,02-10-2024,22:45,C0038,Moh Saad Malik,85,Veg Thali,Meal Combo,3,? 360.00," ? 1,080.00 ", ? 263.00 ,? 291.00,Great food! The Veg Thali was delicious and well-prepared.
2494,2494,O02495,02-10-2024,12:30,C0202,Moh Saad Shikalkar,125,BBQ Chicken Pizza Sandwich,Snacks,4,? 160.00, ? 640.00 , ? 115.00 ,? 180.00,The BBQ Chicken Pizza Sandwich was excellent. Really enjoyed the meal.
2495,2495,O02496,02-10-2024,11:15,C0043,Aakib Faruqi,72,Sweet Corn Soup (Chicken),Starter,3,? 180.00, ? 540.00 , ? 129.00 ,? 153.00,"The Sweet Corn Soup (Chicken) was decent, but nothing special."
2496,2496,O02497,02-10-2024,11:00,C0227,Nikhat Taimoor,107,Paneer Shawarma,Street Food,2,? 150.00, ? 300.00 , ? 111.00 ,? 78.00,The Paneer Shawarma was excellent. Really enjoyed the meal.
2497,2497,O02498,02-10-2024,11:15,C0255,Shamsher Malik,44,Hyderabadi Haleem,Non-Veg Main,1,? 500.00, ? 500.00 , ? 395.00 ,? 105.00,A truly authentic and flavorful Hyderabadi Haleem. It was very satisfying.
2498,2498,O02499,03-10-2024,13:15,C0072,Kaif Taimoor,85,Veg Thali,Meal Combo,2,? 360.00, ? 720.00 , ? 263.00 ,? 194.00,The Veg Thali was not what I expected.
2499,2499,O02500,03-10-2024,17:15,C0121,Rihan Mujawar,78,Fried Momos (Veg),Starter,2,? 200.00, ? 400.00 , ? 141.00 ,? 118.00,Absolutely loved the Fried Momos (Veg)! It was the perfect appetizer to get us started.
2500,2500,O02501,03-10-2024,22:15,C0054,Shamsher Ali,82,Fish Curry (Goan),Main Course,4,? 380.00," ? 1,520.00 ", ? 289.00 ,? 364.00,The Fish Curry (Goan) was excellent. Really enjoyed the meal.
2501,2501,O02502,03-10-2024,22:30,C0046,Nikhat Taimoor,78,Fried Momos (Veg),Starter,2,? 200.00, ? 400.00 , ? 141.00 ,? 118.00,It was an average Fried Momos (Veg).
2502,2502,O02503,03-10-2024,16:15,C0161,Isharat Momin,1,Tomato Soup,Starter,1,? 180.00, ? 180.00 , ? 132.00 ,? 48.00,The Tomato Soup was a fantastic start to our meal! Perfectly crispy.
2503,2503,O02504,03-10-2024,16:15,C0036,Sher Shikalkar,7,Butter Chicken,Meat Special,5,? 495.00," ? 2,475.00 ", ? 349.00 ,? 730.00,The Butter Chicken was excellent. Really enjoyed the meal.
2504,2504,O02505,03-10-2024,21:30,C0152,Dua Sayyad,94,Butter Naan,Breads,5,? 60.00, ? 300.00 , ? 45.00 ,? 75.00,Great food! The Butter Naan was delicious and well-prepared.
2505,2505,O02506,03-10-2024,18:00,C0090,Shahrukh Khan,129,Smoked Chicken Sub,Snacks,3,? 160.00, ? 480.00 , ? 112.00 ,? 144.00,A satisfying meal. The Smoked Chicken Sub was a good choice.
2506,2506,O02507,03-10-2024,17:15,C0325,Aakib Momin,39,Masala Dosa,Vegetarian,2,? 180.00, ? 360.00 , ? 138.00 ,? 84.00,The vegetables in the Masala Dosa seemed overcooked.
2507,2507,O02508,03-10-2024,15:30,C0282,Nikhat Khan,9,Palak Paneer,Vegetarian,4,? 360.00," ? 1,440.00 ", ? 273.00 ,? 348.00,The Palak Paneer is a great choice for vegetarians. Hearty and full of flavor.
2508,2508,O02509,03-10-2024,18:15,C0292,Arahan Taimoor,52,Chicken Tikka Masala,Non-Veg Main,5,? 480.00," ? 2,400.00 ", ? 373.00 ,? 535.00,"It was a standard Chicken Tikka Masala, nothing out of the ordinary."
2509,2509,O02510,04-10-2024,10:30,C0018,Sher Shikalkar,88,Vada Pav,Snack,1,? 120.00, ? 120.00 , ? 91.00 ,? 29.00,Great food! The Vada Pav was delicious and well-prepared.
2510,2510,O02511,04-10-2024,20:15,C0249,Aasiya Mujawar,97,Grilled Cheese Sandwich,Sandwiches,2,? 120.00, ? 240.00 , ? 90.00 ,? 60.00,The Grilled Cheese Sandwich was excellent. Really enjoyed the meal.
2511,2511,O02512,04-10-2024,13:15,C0159,Arman Taimoor,81,Biryani (Veg),Rice,3,? 320.00, ? 960.00 , ? 251.00 ,? 207.00,A satisfying meal. The Biryani (Veg) was a good choice.
2512,2512,O02513,04-10-2024,22:30,C0126,Aakib Momin,125,BBQ Chicken Pizza Sandwich,Snacks,4,? 160.00, ? 640.00 , ? 115.00 ,? 180.00,The BBQ Chicken Pizza Sandwich met my expectations.
2513,2513,O02514,04-10-2024,20:30,C0149,Aariz Nadaf,64,Chili Chicken,Starter,2,? 340.00, ? 680.00 , ? 250.00 ,? 180.00,The Chili Chicken was a fantastic start to our meal! Perfectly crispy.
2514,2514,O02515,04-10-2024,11:45,C0190,Rihan Raes,108,Chicken Shawarma,Street Food,1,? 170.00, ? 170.00 , ? 131.00 ,? 39.00,The Chicken Shawarma was excellent. Really enjoyed the meal.
2515,2515,O02516,04-10-2024,10:00,C0196,Arman Taimoor,50,Jeera Rice,Rice & Noodles,5,? 180.00, ? 900.00 , ? 129.00 ,? 255.00,A satisfying meal. The Jeera Rice was a good choice.
2516,2516,O02517,04-10-2024,16:45,C0245,Wahaj Taimoor,80,Tandoori Momos,Starter,3,? 260.00, ? 780.00 , ? 185.00 ,? 225.00,The Tandoori Momos was simply delicious and fresh. Highly recommended!
2517,2517,O02518,04-10-2024,14:30,C0185,Nikhat Shikalkar,49,Aloo Gobi,Vegetarian,4,? 220.00, ? 880.00 , ? 166.00 ,? 216.00,A wholesome and delicious Aloo Gobi. The vegetables were so fresh!
2518,2518,O02519,04-10-2024,22:15,C0051,Dua Khan,121,Cheese Garlic Bread,Breads,2,? 110.00, ? 220.00 , ? 85.00 ,? 50.00,Great food! The Cheese Garlic Bread was delicious and well-prepared.
2519,2519,O02520,05-10-2024,18:30,C0185,Nikhat Shikalkar,13,Gulab Jamun,Dessert,5,? 150.00, ? 750.00 , ? 117.00 ,? 165.00,Great food! The Gulab Jamun was delicious and well-prepared.
2520,2520,O02521,05-10-2024,11:00,C0025,Aasifa Khan,65,Schezwan Fried Rice,Rice & Noodles,2,? 220.00, ? 440.00 , ? 160.00 ,? 120.00,The Schezwan Fried Rice met my expectations.
2521,2521,O02522,05-10-2024,16:15,C0039,Aasifa Shaikh,122,Falafel Wrap,Snacks,5,? 130.00, ? 650.00 , ? 102.00 ,? 140.00,The Falafel Wrap was fine.
2522,2522,O02523,05-10-2024,10:45,C0091,Aasin Nadaf,121,Cheese Garlic Bread,Breads,4,? 110.00, ? 440.00 , ? 85.00 ,? 100.00,The Cheese Garlic Bread was excellent. Really enjoyed the meal.
2523,2523,O02524,05-10-2024,16:30,C0292,Arahan Taimoor,69,Hot & Sour Soup (Veg),Starter,5,? 160.00, ? 800.00 , ? 113.00 ,? 235.00,The Hot & Sour Soup (Veg) was a fantastic start to our meal! Perfectly crispy.
2524,2524,O02525,05-10-2024,15:45,C0132,Sultan Momin,83,Malai Kofta,Main Course,5,? 340.00," ? 1,700.00 ", ? 249.00 ,? 455.00,The Malai Kofta was not what I expected.
2525,2525,O02526,05-10-2024,12:00,C0121,Rihan Mujawar,16,Ice Cream Sundae,Dessert,4,? 200.00, ? 800.00 , ? 143.00 ,? 228.00,A satisfying meal. The Ice Cream Sundae was a good choice.
2526,2526,O02527,05-10-2024,16:30,C0108,Arman Azam,23,Chicken Tikka,Starter,3,? 320.00, ? 960.00 , ? 233.00 ,? 261.00,The Chicken Tikka was okay. It was a standard appetizer.
2527,2527,O02528,05-10-2024,13:00,C0287,Nikhat Shaikh,89,Misal Pav,Snack,1,? 160.00, ? 160.00 , ? 126.00 ,? 34.00,The Misal Pav was excellent. Really enjoyed the meal.
2528,2528,O02529,05-10-2024,18:15,C0009,Shamsher Khan,34,Rajma Chawal,Vegetarian,2,? 300.00, ? 600.00 , ? 238.00 ,? 124.00,The Rajma Chawal was as expected.
2529,2529,O02530,05-10-2024,21:15,C0194,Isharat Momin,79,Fried Momos (Chicken),Starter,4,? 240.00, ? 960.00 , ? 176.00 ,? 256.00,The Fried Momos (Chicken) was a fantastic start to our meal! Perfectly crispy.
2530,2530,O02531,05-10-2024,21:00,C0104,Sultan Nadaf,38,Mutton Biryani,Rice & Noodles,5,? 480.00," ? 2,400.00 ", ? 340.00 ,? 700.00,A satisfying meal. The Mutton Biryani was a good choice.
2531,2531,O02532,06-10-2024,14:15,C0128,Moh Saad Shikalkar,121,Cheese Garlic Bread,Breads,2,? 110.00, ? 220.00 , ? 85.00 ,? 50.00,A satisfying meal. The Cheese Garlic Bread was a good choice.
2532,2532,O02533,06-10-2024,21:15,C0163,Shamsher Shikalkar,120,Peri Peri Chicken Wings,Snacks,2,? 180.00, ? 360.00 , ? 135.00 ,? 90.00,The Peri Peri Chicken Wings was excellent. Really enjoyed the meal.
2533,2533,O02534,06-10-2024,11:30,C0288,Anis Shikalkar,92,Kadhi Pakora,Main Course,1,? 300.00, ? 300.00 , ? 231.00 ,? 69.00,Great food! The Kadhi Pakora was delicious and well-prepared.
2534,2534,O02535,06-10-2024,14:15,C0214,Nikhat Taimoor,59,Veg Manchurian,Starter,5,? 240.00," ? 1,200.00 ", ? 169.00 ,? 355.00,Wasn't very impressed with the Veg Manchurian. It lacked flavor.
2535,2535,O02536,06-10-2024,22:00,C0257,Aman Nadaf,50,Jeera Rice,Rice & Noodles,5,? 180.00, ? 900.00 , ? 129.00 ,? 255.00,The Jeera Rice was fine.
2536,2536,O02537,06-10-2024,19:30,C0059,Aman Momin,40,Idli Sambar,Vegetarian,3,? 160.00, ? 480.00 , ? 119.00 ,? 123.00,A wholesome and delicious Idli Sambar. The vegetables were so fresh!
2537,2537,O02538,06-10-2024,19:30,C0167,Abdul Rahim Momin,32,Fish Curry,Non-Veg Main,1,? 400.00, ? 400.00 , ? 286.00 ,? 114.00,The Fish Curry was cooked to perfection. The spices were spot on!
2538,2538,O02539,06-10-2024,15:30,C0175,Aasiya Momin,77,Paneer Momos,Starter,2,? 200.00, ? 400.00 , ? 155.00 ,? 90.00,The Paneer Momos was simply delicious and fresh. Highly recommended!
2539,2539,O02540,06-10-2024,20:45,C0269,Aakib Nadaf,65,Schezwan Fried Rice,Rice & Noodles,5,? 220.00," ? 1,100.00 ", ? 160.00 ,? 300.00,The Schezwan Fried Rice met my expectations.
2540,2540,O02541,06-10-2024,16:15,C0067,Sultan Ali,36,Pav Bhaji,Vegetarian,2,? 220.00, ? 440.00 , ? 171.00 ,? 98.00,The Pav Bhaji is a great choice for vegetarians. Hearty and full of flavor.
2541,2541,O02542,06-10-2024,16:00,C0221,Arman Mujawar,110,Paneer Sandwich,Sandwiches,2,? 120.00, ? 240.00 , ? 84.00 ,? 72.00,The Paneer Sandwich could have been better.
2542,2542,O02543,06-10-2024,16:15,C0246,Aariz Raes,37,Biryani Veg,Rice & Noodles,4,? 320.00," ? 1,280.00 ", ? 233.00 ,? 348.00,The Biryani Veg met my expectations.
2543,2543,O02544,07-10-2024,13:30,C0320,Sultan Momin,28,Caesar Salad,Salad,4,? 280.00," ? 1,120.00 ", ? 210.00 ,? 280.00,The Caesar Salad was excellent. Really enjoyed the meal.
2544,2544,O02545,07-10-2024,10:45,C0074,Moh Saad Malik,113,Aloo Parantha,Breads,3,? 80.00, ? 240.00 , ? 63.00 ,? 51.00,A satisfying meal. The Aloo Parantha was a good choice.
2545,2545,O02546,07-10-2024,12:00,C0300,Dua Azam,66,Schezwan Chicken Fried Rice,Rice & Noodles,3,? 280.00, ? 840.00 , ? 211.00 ,? 207.00,A satisfying meal. The Schezwan Chicken Fried Rice was a good choice.
2546,2546,O02547,07-10-2024,15:30,C0319,Sultan Raes,65,Schezwan Fried Rice,Rice & Noodles,2,? 220.00, ? 440.00 , ? 160.00 ,? 120.00,The Schezwan Fried Rice could have been better.
2547,2547,O02548,07-10-2024,12:15,C0222,Arman Ali,67,Veg Schezwan Noodles,Rice & Noodles,3,? 240.00, ? 720.00 , ? 171.00 ,? 207.00,A satisfying meal. The Veg Schezwan Noodles was a good choice.
2548,2548,O02549,07-10-2024,15:15,C0265,Aasin Ali,72,Sweet Corn Soup (Chicken),Starter,4,? 180.00, ? 720.00 , ? 129.00 ,? 204.00,"The Sweet Corn Soup (Chicken) was decent, but nothing special."
2549,2549,O02550,07-10-2024,22:30,C0151,Aasifa Malik,90,Pani Puri,Snack,2,? 100.00, ? 200.00 , ? 74.00 ,? 52.00,I was not a fan of the Pani Puri.
2550,2550,O02551,07-10-2024,21:30,C0097,Isharat Taimoor,125,BBQ Chicken Pizza Sandwich,Snacks,1,? 160.00, ? 160.00 , ? 115.00 ,? 45.00,The BBQ Chicken Pizza Sandwich was excellent. Really enjoyed the meal.
2551,2551,O02552,07-10-2024,21:15,C0263,Sher Raes,11,Margherita Pizza,Pizza,1,? 330.00, ? 330.00 , ? 231.00 ,? 99.00,A satisfying meal. The Margherita Pizza was a good choice.
2552,2552,O02553,07-10-2024,22:30,C0002,Dua Khan,106,Chicken Burger,Fast Food,5,? 160.00, ? 800.00 , ? 115.00 ,? 225.00,The Chicken Burger could have been better.
2553,2553,O02554,07-10-2024,18:00,C0152,Dua Sayyad,103,Paneer Frankie,Street Food,4,? 130.00, ? 520.00 , ? 95.00 ,? 140.00,Great food! The Paneer Frankie was delicious and well-prepared.
2554,2554,O02555,07-10-2024,22:45,C0090,Shahrukh Khan,15,Tiramisu,Dessert,1,? 280.00, ? 280.00 , ? 201.00 ,? 79.00,The Tiramisu was excellent. Really enjoyed the meal.
2555,2555,O02556,08-10-2024,16:00,C0001,Moh Saad Azam,3,Chicken Soup,Starter,3,? 220.00, ? 660.00 , ? 170.00 ,? 150.00,The Chicken Soup was a fantastic start to our meal! Perfectly crispy.
2556,2556,O02557,08-10-2024,15:45,C0048,Abdul Rahim Malik,110,Paneer Sandwich,Sandwiches,5,? 120.00, ? 600.00 , ? 84.00 ,? 180.00,The Paneer Sandwich was excellent. Really enjoyed the meal.
2557,2557,O02558,08-10-2024,15:00,C0163,Shamsher Shikalkar,105,Paneer Burger,Fast Food,4,? 140.00, ? 560.00 , ? 110.00 ,? 120.00,Great food! The Paneer Burger was delicious and well-prepared.
2558,2558,O02559,08-10-2024,18:45,C0151,Aasifa Malik,19,Chicken Hakka Noodles,Rice & Noodles,3,? 260.00, ? 780.00 , ? 193.00 ,? 201.00,The Chicken Hakka Noodles met my expectations.
2559,2559,O02560,08-10-2024,19:45,C0168,Isharat Shikalkar,35,Chole Bhature,Vegetarian,3,? 280.00, ? 840.00 , ? 223.00 ,? 171.00,A wholesome and delicious Chole Bhature. The vegetables were so fresh!
2560,2560,O02561,08-10-2024,18:00,C0256,Arman Faruqi,116,Paneer Bhurji Sandwich,Snacks,3,? 75.00, ? 225.00 , ? 59.00 ,? 48.00,Great food! The Paneer Bhurji Sandwich was delicious and well-prepared.
2561,2561,O02562,09-10-2024,15:00,C0239,Arman Momin,91,Chana Masala,Main Course,5,? 260.00," ? 1,300.00 ", ? 185.00 ,? 375.00,Great food! The Chana Masala was delicious and well-prepared.
2562,2562,O02563,09-10-2024,22:15,C0076,Dua Shikalkar,96,Club Sandwich,Sandwiches,1,? 160.00, ? 160.00 , ? 119.00 ,? 41.00,The Club Sandwich was excellent. Really enjoyed the meal.
2563,2563,O02564,09-10-2024,18:30,C0284,Sher Shaikh,54,Egg Biryani,Rice & Noodles,3,? 340.00," ? 1,020.00 ", ? 268.00 ,? 216.00,A satisfying meal. The Egg Biryani was a good choice.
2564,2564,O02565,09-10-2024,17:00,C0120,Ayeza Taimoor,79,Fried Momos (Chicken),Starter,1,? 240.00, ? 240.00 , ? 176.00 ,? 64.00,It was an average Fried Momos (Chicken).
2565,2565,O02566,09-10-2024,11:00,C0021,Moh Saad Shaikh,32,Fish Curry,Non-Veg Main,4,? 400.00," ? 1,600.00 ", ? 286.00 ,? 456.00,The Fish Curry was cooked to perfection. The spices were spot on!
2566,2566,O02567,09-10-2024,10:15,C0092,Sultan Shaikh,15,Tiramisu,Dessert,4,? 280.00," ? 1,120.00 ", ? 201.00 ,? 316.00,A satisfying meal. The Tiramisu was a good choice.
2567,2567,O02568,09-10-2024,18:45,C0283,Shahrukh Sayyad,46,Kadai Paneer,Vegetarian,4,? 360.00," ? 1,440.00 ", ? 275.00 ,? 340.00,The Kadai Paneer is a great choice for vegetarians. Hearty and full of flavor.
2568,2568,O02569,09-10-2024,13:15,C0073,Moh Saad Taimoor,67,Veg Schezwan Noodles,Rice & Noodles,4,? 240.00, ? 960.00 , ? 171.00 ,? 276.00,A satisfying meal. The Veg Schezwan Noodles was a good choice.
2569,2569,O02570,09-10-2024,11:00,C0131,Aasin Ali,25,Spring Rolls,Starter,3,? 220.00, ? 660.00 , ? 164.00 ,? 168.00,The Spring Rolls was simply delicious and fresh. Highly recommended!
2570,2570,O02571,10-10-2024,19:15,C0257,Aman Nadaf,8,Paneer Butter Masala,Vegetarian,2,? 380.00, ? 760.00 , ? 298.00 ,? 164.00,A wholesome and delicious Paneer Butter Masala. The vegetables were so fresh!
2571,2571,O02572,10-10-2024,19:00,C0174,Anis Malik,104,Chicken Frankie,Street Food,4,? 150.00, ? 600.00 , ? 112.00 ,? 152.00,Great food! The Chicken Frankie was delicious and well-prepared.
2572,2572,O02573,10-10-2024,13:15,C0112,Shahrukh Sayyad,95,Garlic Naan,Breads,5,? 70.00, ? 350.00 , ? 54.00 ,? 80.00,A satisfying meal. The Garlic Naan was a good choice.
2573,2573,O02574,10-10-2024,22:30,C0323,Wahaj Ali,24,Samosa,Starter,4,? 100.00, ? 400.00 , ? 73.00 ,? 108.00,The Samosa was simply delicious and fresh. Highly recommended!
2574,2574,O02575,10-10-2024,22:15,C0084,Imran Momin,20,Veg Fried Rice,Rice & Noodles,1,? 200.00, ? 200.00 , ? 145.00 ,? 55.00,A satisfying meal. The Veg Fried Rice was a good choice.
2575,2575,O02576,10-10-2024,17:45,C0019,Aariz Sayyad,24,Samosa,Starter,3,? 100.00, ? 300.00 , ? 73.00 ,? 81.00,Absolutely loved the Samosa! It was the perfect appetizer to get us started.
2576,2576,O02577,10-10-2024,17:15,C0328,Isharat Khan,64,Chili Chicken,Starter,2,? 340.00, ? 680.00 , ? 250.00 ,? 180.00,The Chili Chicken was cold when it arrived at our table.
2577,2577,O02578,10-10-2024,16:00,C0150,Aman Ali,109,Cheese Sandwich,Sandwiches,2,? 100.00, ? 200.00 , ? 72.00 ,? 56.00,It was an average Cheese Sandwich.
2578,2578,O02579,10-10-2024,14:30,C0162,Shamsher Mujawar,21,Chicken Fried Rice,Rice & Noodles,4,? 240.00, ? 960.00 , ? 182.00 ,? 232.00,The Chicken Fried Rice was not what I expected.
2579,2579,O02580,11-10-2024,11:00,C0294,Isharat Sayyad,84,Seekh Kebab,Starter,2,? 400.00, ? 800.00 , ? 282.00 ,? 236.00,"The Seekh Kebab was decent, but nothing special."
2580,2580,O02581,11-10-2024,15:15,C0243,Imran Sayyad,87,Uttapam,South Indian,2,? 220.00, ? 440.00 , ? 170.00 ,? 100.00,The Uttapam could have been better.
2581,2581,O02582,11-10-2024,21:00,C0301,Sher Taimoor,83,Malai Kofta,Main Course,2,? 340.00, ? 680.00 , ? 249.00 ,? 182.00,The Malai Kofta could have been better.
2582,2582,O02583,11-10-2024,13:00,C0050,Dua Sayyad,27,Pasta Arrabbiata,Continental,2,? 300.00, ? 600.00 , ? 215.00 ,? 170.00,A satisfying meal. The Pasta Arrabbiata was a good choice.
2583,2583,O02584,11-10-2024,14:30,C0091,Aasin Nadaf,98,Paneer Kathi Roll,Street Food,2,? 140.00, ? 280.00 , ? 103.00 ,? 74.00,Great food! The Paneer Kathi Roll was delicious and well-prepared.
2584,2584,O02585,12-10-2024,12:15,C0076,Dua Shikalkar,117,Egg Mayo Sandwich,Snacks,1,? 85.00, ? 85.00 , ? 66.00 ,? 19.00,Great food! The Egg Mayo Sandwich was delicious and well-prepared.
2585,2585,O02586,12-10-2024,22:00,C0133,Wahaj Ali,51,Tandoori Chicken,Non-Veg Main,4,? 460.00," ? 1,840.00 ", ? 366.00 ,? 376.00,The Tandoori Chicken was the highlight of our meal. Absolutely delicious!
2586,2586,O02587,12-10-2024,18:30,C0027,Arman Faruqi,112,Paneer Parantha,Breads,1,? 90.00, ? 90.00 , ? 64.00 ,? 26.00,A satisfying meal. The Paneer Parantha was a good choice.
2587,2587,O02588,12-10-2024,11:45,C0166,Nikhat Taimoor,70,Hot & Sour Soup (Chicken),Starter,1,? 200.00, ? 200.00 , ? 159.00 ,? 41.00,Absolutely loved the Hot & Sour Soup (Chicken)! It was the perfect appetizer to get us started.
2588,2588,O02589,12-10-2024,17:45,C0030,Sher Mujawar,81,Biryani (Veg),Rice,4,? 320.00," ? 1,280.00 ", ? 251.00 ,? 276.00,I was not a fan of the Biryani (Veg).
2589,2589,O02590,12-10-2024,16:00,C0162,Shamsher Mujawar,64,Chili Chicken,Starter,3,? 340.00," ? 1,020.00 ", ? 250.00 ,? 270.00,The Chili Chicken was simply delicious and fresh. Highly recommended!
2590,2590,O02591,12-10-2024,22:45,C0009,Shamsher Khan,113,Aloo Parantha,Breads,3,? 80.00, ? 240.00 , ? 63.00 ,? 51.00,A satisfying meal. The Aloo Parantha was a good choice.
2591,2591,O02592,12-10-2024,13:45,C0133,Wahaj Ali,111,Egg Sandwich,Sandwiches,1,? 110.00, ? 110.00 , ? 80.00 ,? 30.00,The Egg Sandwich was excellent. Really enjoyed the meal.
2592,2592,O02593,12-10-2024,13:30,C0312,Danish Khan,46,Kadai Paneer,Vegetarian,1,? 360.00, ? 360.00 , ? 275.00 ,? 85.00,I found the Kadai Paneer to be a bit watery.
2593,2593,O02594,12-10-2024,18:30,C0132,Sultan Momin,50,Jeera Rice,Rice & Noodles,1,? 180.00, ? 180.00 , ? 129.00 ,? 51.00,The Jeera Rice could have been better.
2594,2594,O02595,12-10-2024,18:30,C0321,Aasifa Khan,127,Mutton Seekh Kebab Roll,Snacks,2,? 170.00, ? 340.00 , ? 132.00 ,? 76.00,A satisfying meal. The Mutton Seekh Kebab Roll was a good choice.
2595,2595,O02596,12-10-2024,14:45,C0091,Aasin Nadaf,70,Hot & Sour Soup (Chicken),Starter,5,? 200.00," ? 1,000.00 ", ? 159.00 ,? 205.00,The Hot & Sour Soup (Chicken) was simply delicious and fresh. Highly recommended!
2596,2596,O02597,12-10-2024,20:00,C0172,Ayeza Shaikh,8,Paneer Butter Masala,Vegetarian,2,? 380.00, ? 760.00 , ? 298.00 ,? 164.00,The Paneer Butter Masala was a decent vegetarian option.
2597,2597,O02598,12-10-2024,11:30,C0251,Aakib Khan,14,Rasgulla,Dessert,3,? 140.00, ? 420.00 , ? 100.00 ,? 120.00,The Rasgulla was excellent. Really enjoyed the meal.
2598,2598,O02599,13-10-2024,10:45,C0264,Abdul Rahim Mujawar,43,Onion Uttapam,Vegetarian,2,? 160.00, ? 320.00 , ? 112.00 ,? 96.00,A wholesome and delicious Onion Uttapam. The vegetables were so fresh!
2599,2599,O02600,13-10-2024,19:45,C0076,Dua Shikalkar,117,Egg Mayo Sandwich,Snacks,4,? 85.00, ? 340.00 , ? 66.00 ,? 76.00,The Egg Mayo Sandwich could have been better.
2600,2600,O02601,13-10-2024,12:45,C0326,Aman Sayyad,91,Chana Masala,Main Course,5,? 260.00," ? 1,300.00 ", ? 185.00 ,? 375.00,Great food! The Chana Masala was delicious and well-prepared.
2601,2601,O02602,13-10-2024,10:45,C0115,Aasifa Nadaf,84,Seekh Kebab,Starter,2,? 400.00, ? 800.00 , ? 282.00 ,? 236.00,The Seekh Kebab was simply delicious and fresh. Highly recommended!
2602,2602,O02603,13-10-2024,15:00,C0139,Arman Khan,60,Chicken Manchurian,Starter,3,? 280.00, ? 840.00 , ? 205.00 ,? 225.00,The Chicken Manchurian was okay. It was a standard appetizer.
2603,2603,O02604,13-10-2024,12:15,C0235,Abdul Rahim Malik,6,Grilled Salmon,Ocean Meal,4,? 500.00," ? 2,000.00 ", ? 357.00 ,? 572.00,The Grilled Salmon could have been better.
2604,2604,O02605,13-10-2024,17:45,C0122,Aakib Nadaf,23,Chicken Tikka,Starter,2,? 320.00, ? 640.00 , ? 233.00 ,? 174.00,The Chicken Tikka was a bit too oily for my liking.
2605,2605,O02606,13-10-2024,16:30,C0246,Aariz Raes,16,Ice Cream Sundae,Dessert,2,? 200.00, ? 400.00 , ? 143.00 ,? 114.00,The Ice Cream Sundae was excellent. Really enjoyed the meal.
2606,2606,O02607,13-10-2024,18:00,C0046,Nikhat Taimoor,50,Jeera Rice,Rice & Noodles,3,? 180.00, ? 540.00 , ? 129.00 ,? 153.00,A satisfying meal. The Jeera Rice was a good choice.
2607,2607,O02608,14-10-2024,15:00,C0087,Moh Saad Mujawar,129,Smoked Chicken Sub,Snacks,4,? 160.00, ? 640.00 , ? 112.00 ,? 192.00,The Smoked Chicken Sub was not what I expected.
2608,2608,O02609,14-10-2024,14:15,C0033,Arahan Azam,113,Aloo Parantha,Breads,5,? 80.00, ? 400.00 , ? 63.00 ,? 85.00,It was an average Aloo Parantha.
2609,2609,O02610,14-10-2024,18:00,C0030,Sher Mujawar,25,Spring Rolls,Starter,3,? 220.00, ? 660.00 , ? 164.00 ,? 168.00,Absolutely loved the Spring Rolls! It was the perfect appetizer to get us started.
2610,2610,O02611,14-10-2024,21:00,C0156,Arman Faruqi,125,BBQ Chicken Pizza Sandwich,Snacks,3,? 160.00, ? 480.00 , ? 115.00 ,? 135.00,It was an average BBQ Chicken Pizza Sandwich.
2611,2611,O02612,14-10-2024,10:45,C0014,Arman Faruqi,108,Chicken Shawarma,Street Food,2,? 170.00, ? 340.00 , ? 131.00 ,? 78.00,The Chicken Shawarma met my expectations.
2612,2612,O02613,14-10-2024,16:00,C0100,Aman Momin,122,Falafel Wrap,Snacks,2,? 130.00, ? 260.00 , ? 102.00 ,? 56.00,The Falafel Wrap could have been better.
2613,2613,O02614,14-10-2024,20:00,C0233,Moh Saad Nadaf,55,Vegetable Korma,Vegetarian,5,? 320.00," ? 1,600.00 ", ? 243.00 ,? 385.00,The Vegetable Korma is a great choice for vegetarians. Hearty and full of flavor.
2614,2614,O02615,14-10-2024,14:15,C0093,Aakib Raes,124,Grilled Veg Panini,Snacks,2,? 140.00, ? 280.00 , ? 99.00 ,? 82.00,Great food! The Grilled Veg Panini was delicious and well-prepared.
2615,2615,O02616,14-10-2024,18:00,C0252,Moh Saad Faruqi,116,Paneer Bhurji Sandwich,Snacks,2,? 75.00, ? 150.00 , ? 59.00 ,? 32.00,A satisfying meal. The Paneer Bhurji Sandwich was a good choice.
2616,2616,O02617,14-10-2024,22:30,C0004,Ayeza Ali,96,Club Sandwich,Sandwiches,2,? 160.00, ? 320.00 , ? 119.00 ,? 82.00,A satisfying meal. The Club Sandwich was a good choice.
2617,2617,O02618,15-10-2024,10:45,C0151,Aasifa Malik,82,Fish Curry (Goan),Main Course,5,? 380.00," ? 1,900.00 ", ? 289.00 ,? 455.00,A satisfying meal. The Fish Curry (Goan) was a good choice.
2618,2618,O02619,15-10-2024,17:15,C0067,Sultan Ali,65,Schezwan Fried Rice,Rice & Noodles,2,? 220.00, ? 440.00 , ? 160.00 ,? 120.00,Great food! The Schezwan Fried Rice was delicious and well-prepared.
2619,2619,O02620,15-10-2024,13:15,C0018,Sher Shikalkar,114,Veg Frankie Roll,Snacks,5,? 80.00, ? 400.00 , ? 62.00 ,? 90.00,A satisfying meal. The Veg Frankie Roll was a good choice.
2620,2620,O02621,15-10-2024,18:45,C0200,Aariz Taimoor,9,Palak Paneer,Vegetarian,3,? 360.00," ? 1,080.00 ", ? 273.00 ,? 261.00,Loved the Palak Paneer! It was a delightful and well-prepared vegetarian meal.
2621,2621,O02622,15-10-2024,12:30,C0095,Aakib Azam,94,Butter Naan,Breads,5,? 60.00, ? 300.00 , ? 45.00 ,? 75.00,It was an average Butter Naan.
2622,2622,O02623,15-10-2024,16:15,C0259,Nikhat Malik,110,Paneer Sandwich,Sandwiches,2,? 120.00, ? 240.00 , ? 84.00 ,? 72.00,The Paneer Sandwich was excellent. Really enjoyed the meal.
2623,2623,O02624,15-10-2024,22:30,C0328,Isharat Khan,75,Veg Momos,Starter,4,? 180.00, ? 720.00 , ? 138.00 ,? 168.00,"The Veg Momos was decent, but nothing special."
2624,2624,O02625,15-10-2024,14:00,C0186,Aariz Khan,60,Chicken Manchurian,Starter,2,? 280.00, ? 560.00 , ? 205.00 ,? 150.00,Absolutely loved the Chicken Manchurian! It was the perfect appetizer to get us started.
2625,2625,O02626,15-10-2024,21:30,C0258,Aakib Sayyad,42,Medu Vada,Vegetarian,1,? 150.00, ? 150.00 , ? 112.00 ,? 38.00,The Medu Vada was as expected.
2626,2626,O02627,15-10-2024,16:45,C0021,Moh Saad Shaikh,66,Schezwan Chicken Fried Rice,Rice & Noodles,2,? 280.00, ? 560.00 , ? 211.00 ,? 138.00,It was an average Schezwan Chicken Fried Rice.
2627,2627,O02628,15-10-2024,19:45,C0139,Arman Khan,24,Samosa,Starter,3,? 100.00, ? 300.00 , ? 73.00 ,? 81.00,The Samosa was simply delicious and fresh. Highly recommended!
2628,2628,O02629,16-10-2024,11:15,C0077,Shahrukh Momin,19,Chicken Hakka Noodles,Rice & Noodles,4,? 260.00," ? 1,040.00 ", ? 193.00 ,? 268.00,The Chicken Hakka Noodles met my expectations.
2629,2629,O02630,16-10-2024,15:30,C0217,Nikhat Mujawar,1,Tomato Soup,Starter,5,? 180.00, ? 900.00 , ? 132.00 ,? 240.00,The Tomato Soup was a fantastic start to our meal! Perfectly crispy.
2630,2630,O02631,16-10-2024,17:45,C0254,Sultan Ali,50,Jeera Rice,Rice & Noodles,1,? 180.00, ? 180.00 , ? 129.00 ,? 51.00,A satisfying meal. The Jeera Rice was a good choice.
2631,2631,O02632,16-10-2024,15:30,C0146,Sultan Sayyad,25,Spring Rolls,Starter,5,? 220.00," ? 1,100.00 ", ? 164.00 ,? 280.00,"The Spring Rolls was decent, but nothing special."
2632,2632,O02633,16-10-2024,12:30,C0203,Isharat Sayyad,56,Dal Makhani,Vegetarian,5,? 340.00," ? 1,700.00 ", ? 269.00 ,? 355.00,I found the Dal Makhani to be a bit watery.
2633,2633,O02634,16-10-2024,12:00,C0249,Aasiya Mujawar,6,Grilled Salmon,Ocean Meal,4,? 500.00," ? 2,000.00 ", ? 357.00 ,? 572.00,I was not a fan of the Grilled Salmon.
2634,2634,O02635,16-10-2024,16:30,C0278,Sultan Shikalkar,95,Garlic Naan,Breads,5,? 70.00, ? 350.00 , ? 54.00 ,? 80.00,The Garlic Naan met my expectations.
2635,2635,O02636,16-10-2024,17:30,C0252,Moh Saad Faruqi,4,Chicken Biryani,Rice Meal,1,? 440.00, ? 440.00 , ? 334.00 ,? 106.00,The Chicken Biryani could have been better.
2636,2636,O02637,17-10-2024,18:15,C0305,Aasin Faruqi,88,Vada Pav,Snack,2,? 120.00, ? 240.00 , ? 91.00 ,? 58.00,A satisfying meal. The Vada Pav was a good choice.
2637,2637,O02638,17-10-2024,11:00,C0224,Nikhat Mujawar,42,Medu Vada,Vegetarian,2,? 150.00, ? 300.00 , ? 112.00 ,? 76.00,Loved the Medu Vada! It was a delightful and well-prepared vegetarian meal.
2638,2638,O02639,17-10-2024,15:00,C0013,Aariz Raes,95,Garlic Naan,Breads,3,? 70.00, ? 210.00 , ? 54.00 ,? 48.00,I was not a fan of the Garlic Naan.
2639,2639,O02640,17-10-2024,11:30,C0324,Aasifa Faruqi,112,Paneer Parantha,Breads,1,? 90.00, ? 90.00 , ? 64.00 ,? 26.00,A satisfying meal. The Paneer Parantha was a good choice.
2640,2640,O02641,17-10-2024,18:00,C0211,Moh Saad Faruqi,42,Medu Vada,Vegetarian,3,? 150.00, ? 450.00 , ? 112.00 ,? 114.00,Loved the Medu Vada! It was a delightful and well-prepared vegetarian meal.
2641,2641,O02642,17-10-2024,14:15,C0301,Sher Taimoor,70,Hot & Sour Soup (Chicken),Starter,5,? 200.00," ? 1,000.00 ", ? 159.00 ,? 205.00,Absolutely loved the Hot & Sour Soup (Chicken)! It was the perfect appetizer to get us started.
2642,2642,O02643,17-10-2024,11:15,C0077,Shahrukh Momin,3,Chicken Soup,Starter,5,? 220.00," ? 1,100.00 ", ? 170.00 ,? 250.00,The Chicken Soup was simply delicious and fresh. Highly recommended!
2643,2643,O02644,18-10-2024,20:15,C0034,Anis Raes,91,Chana Masala,Main Course,1,? 260.00, ? 260.00 , ? 185.00 ,? 75.00,Great food! The Chana Masala was delicious and well-prepared.
2644,2644,O02645,18-10-2024,19:45,C0072,Kaif Taimoor,24,Samosa,Starter,5,? 100.00, ? 500.00 , ? 73.00 ,? 135.00,The Samosa was a fantastic start to our meal! Perfectly crispy.
2645,2645,O02646,18-10-2024,14:15,C0304,Danish Sayyad,28,Caesar Salad,Salad,5,? 280.00," ? 1,400.00 ", ? 210.00 ,? 350.00,Great food! The Caesar Salad was delicious and well-prepared.
2646,2646,O02647,18-10-2024,10:00,C0168,Isharat Shikalkar,125,BBQ Chicken Pizza Sandwich,Snacks,5,? 160.00, ? 800.00 , ? 115.00 ,? 225.00,The BBQ Chicken Pizza Sandwich was excellent. Really enjoyed the meal.
2647,2647,O02648,18-10-2024,12:45,C0171,Aman Azam,115,Chicken Kathi Roll,Snacks,1,? 120.00, ? 120.00 , ? 91.00 ,? 29.00,A satisfying meal. The Chicken Kathi Roll was a good choice.
2648,2648,O02649,18-10-2024,20:00,C0091,Aasin Nadaf,9,Palak Paneer,Vegetarian,3,? 360.00," ? 1,080.00 ", ? 273.00 ,? 261.00,The Palak Paneer was bland and needed more seasoning.
2649,2649,O02650,18-10-2024,20:30,C0021,Moh Saad Shaikh,112,Paneer Parantha,Breads,3,? 90.00, ? 270.00 , ? 64.00 ,? 78.00,The Paneer Parantha was fine.
2650,2650,O02651,19-10-2024,13:45,C0112,Shahrukh Sayyad,108,Chicken Shawarma,Street Food,4,? 170.00, ? 680.00 , ? 131.00 ,? 156.00,Great food! The Chicken Shawarma was delicious and well-prepared.
2651,2651,O02652,19-10-2024,22:45,C0245,Wahaj Taimoor,29,Greek Salad,Salad,3,? 260.00, ? 780.00 , ? 197.00 ,? 189.00,The Greek Salad was fine.
2652,2652,O02653,19-10-2024,16:15,C0174,Anis Malik,45,Egg Curry,Non-Veg Main,2,? 280.00, ? 560.00 , ? 203.00 ,? 154.00,The Egg Curry was alright. It was cooked well but the flavor was average.
2653,2653,O02654,19-10-2024,16:45,C0143,Sultan Mujawar,14,Rasgulla,Dessert,4,? 140.00, ? 560.00 , ? 100.00 ,? 160.00,A satisfying meal. The Rasgulla was a good choice.
2654,2654,O02655,19-10-2024,19:00,C0094,Rihan Ali,93,Matar Paneer,Main Course,3,? 340.00," ? 1,020.00 ", ? 263.00 ,? 231.00,The Matar Paneer met my expectations.
2655,2655,O02656,19-10-2024,19:45,C0136,Anis Taimoor,100,Veg Wrap,Sandwiches,2,? 130.00, ? 260.00 , ? 92.00 ,? 76.00,The Veg Wrap was fine.
2656,2656,O02657,19-10-2024,20:15,C0218,Danish Khan,110,Paneer Sandwich,Sandwiches,4,? 120.00, ? 480.00 , ? 84.00 ,? 144.00,A satisfying meal. The Paneer Sandwich was a good choice.
2657,2657,O02658,19-10-2024,22:00,C0265,Aasin Ali,48,Baingan Bharta,Vegetarian,4,? 260.00," ? 1,040.00 ", ? 195.00 ,? 260.00,The Baingan Bharta was a decent vegetarian option.
2658,2658,O02659,19-10-2024,10:00,C0134,Isharat Nadaf,127,Mutton Seekh Kebab Roll,Snacks,3,? 170.00, ? 510.00 , ? 132.00 ,? 114.00,The Mutton Seekh Kebab Roll was excellent. Really enjoyed the meal.
2659,2659,O02660,20-10-2024,13:00,C0319,Sultan Raes,43,Onion Uttapam,Vegetarian,5,? 160.00, ? 800.00 , ? 112.00 ,? 240.00,The Onion Uttapam was a decent vegetarian option.
2660,2660,O02661,20-10-2024,13:00,C0040,Moh Saad Nadaf,8,Paneer Butter Masala,Vegetarian,4,? 380.00," ? 1,520.00 ", ? 298.00 ,? 328.00,A wholesome and delicious Paneer Butter Masala. The vegetables were so fresh!
2661,2661,O02662,20-10-2024,15:30,C0295,Sultan Taimoor,125,BBQ Chicken Pizza Sandwich,Snacks,3,? 160.00, ? 480.00 , ? 115.00 ,? 135.00,Great food! The BBQ Chicken Pizza Sandwich was delicious and well-prepared.
2662,2662,O02663,20-10-2024,19:00,C0116,Arman Khan,106,Chicken Burger,Fast Food,5,? 160.00, ? 800.00 , ? 115.00 ,? 225.00,A satisfying meal. The Chicken Burger was a good choice.
2663,2663,O02664,20-10-2024,11:30,C0267,Moh Saad Faruqi,88,Vada Pav,Snack,4,? 120.00, ? 480.00 , ? 91.00 ,? 116.00,Great food! The Vada Pav was delicious and well-prepared.
2664,2664,O02665,20-10-2024,18:15,C0139,Arman Khan,57,Prawn Masala,Non-Veg Main,4,? 460.00," ? 1,840.00 ", ? 326.00 ,? 536.00,The Prawn Masala was the highlight of our meal. Absolutely delicious!
2665,2665,O02666,20-10-2024,11:15,C0135,Danish Azam,20,Veg Fried Rice,Rice & Noodles,4,? 200.00, ? 800.00 , ? 145.00 ,? 220.00,Great food! The Veg Fried Rice was delicious and well-prepared.
2666,2666,O02667,20-10-2024,14:30,C0070,Aasifa Azam,52,Chicken Tikka Masala,Non-Veg Main,3,? 480.00," ? 1,440.00 ", ? 373.00 ,? 321.00,The Chicken Tikka Masala was alright. It was cooked well but the flavor was average.
2667,2667,O02668,20-10-2024,20:45,C0006,Imran Taimoor,131,Avocado Toast,Breakfast,2,? 150.00, ? 300.00 , ? 111.00 ,? 78.00,Great food! The Avocado Toast was delicious and well-prepared.
2668,2668,O02669,20-10-2024,16:00,C0164,Aakib Malik,60,Chicken Manchurian,Starter,2,? 280.00, ? 560.00 , ? 205.00 ,? 150.00,The Chicken Manchurian was a fantastic start to our meal! Perfectly crispy.
2669,2669,O02670,20-10-2024,18:45,C0030,Sher Mujawar,122,Falafel Wrap,Snacks,3,? 130.00, ? 390.00 , ? 102.00 ,? 84.00,I was not a fan of the Falafel Wrap.
2670,2670,O02671,20-10-2024,13:45,C0116,Arman Khan,4,Chicken Biryani,Rice Meal,1,? 440.00, ? 440.00 , ? 334.00 ,? 106.00,Great food! The Chicken Biryani was delicious and well-prepared.
2671,2671,O02672,20-10-2024,17:00,C0120,Ayeza Taimoor,57,Prawn Masala,Non-Veg Main,3,? 460.00," ? 1,380.00 ", ? 326.00 ,? 402.00,The Prawn Masala was too spicy for me to handle.
2672,2672,O02673,20-10-2024,11:45,C0291,Aman Faruqi,18,Veg Hakka Noodles,Rice & Noodles,5,? 220.00," ? 1,100.00 ", ? 165.00 ,? 275.00,I was not a fan of the Veg Hakka Noodles.
2673,2673,O02674,20-10-2024,15:15,C0185,Nikhat Shikalkar,38,Mutton Biryani,Rice & Noodles,4,? 480.00," ? 1,920.00 ", ? 340.00 ,? 560.00,A satisfying meal. The Mutton Biryani was a good choice.
2674,2674,O02675,20-10-2024,16:15,C0240,Sultan Ali,40,Idli Sambar,Vegetarian,5,? 160.00, ? 800.00 , ? 119.00 ,? 205.00,The Idli Sambar is a great choice for vegetarians. Hearty and full of flavor.
2675,2675,O02676,21-10-2024,20:45,C0078,Arahan Shaikh,108,Chicken Shawarma,Street Food,5,? 170.00, ? 850.00 , ? 131.00 ,? 195.00,I was not a fan of the Chicken Shawarma.
2676,2676,O02677,21-10-2024,14:45,C0139,Arman Khan,81,Biryani (Veg),Rice,5,? 320.00," ? 1,600.00 ", ? 251.00 ,? 345.00,The Biryani (Veg) was not what I expected.
2677,2677,O02678,21-10-2024,22:00,C0170,Sher Shikalkar,38,Mutton Biryani,Rice Meal,5,? 490.00," ? 2,450.00 ", ? 350.00 ,? 700.00,The Mutton Biryani was excellent. Really enjoyed the meal.
2678,2678,O02679,21-10-2024,21:45,C0243,Imran Sayyad,128,Paneer Tandoori Wrap,Snacks,2,? 120.00, ? 240.00 , ? 94.00 ,? 52.00,A satisfying meal. The Paneer Tandoori Wrap was a good choice.
2679,2679,O02680,21-10-2024,21:15,C0194,Isharat Momin,111,Egg Sandwich,Sandwiches,4,? 110.00, ? 440.00 , ? 80.00 ,? 120.00,A satisfying meal. The Egg Sandwich was a good choice.
2680,2680,O02681,21-10-2024,16:15,C0194,Isharat Momin,92,Kadhi Pakora,Main Course,2,? 300.00, ? 600.00 , ? 231.00 ,? 138.00,A satisfying meal. The Kadhi Pakora was a good choice.
2681,2681,O02682,21-10-2024,20:30,C0023,Shamsher Faruqi,110,Paneer Sandwich,Sandwiches,5,? 120.00, ? 600.00 , ? 84.00 ,? 180.00,I was not a fan of the Paneer Sandwich.
2682,2682,O02683,21-10-2024,14:15,C0297,Wahaj Ali,114,Veg Frankie Roll,Snacks,1,? 80.00, ? 80.00 , ? 62.00 ,? 18.00,The Veg Frankie Roll was fine.
2683,2683,O02684,21-10-2024,20:00,C0260,Danish Ali,53,Veg Pulao,Rice & Noodles,1,? 240.00, ? 240.00 , ? 190.00 ,? 50.00,I was not a fan of the Veg Pulao.
2684,2684,O02685,21-10-2024,22:45,C0196,Arman Taimoor,20,Veg Fried Rice,Rice & Noodles,3,? 200.00, ? 600.00 , ? 145.00 ,? 165.00,A satisfying meal. The Veg Fried Rice was a good choice.
2685,2685,O02686,21-10-2024,12:15,C0281,Abdul Rahim Faruqi,130,Veggie Delight Sub,Snacks,3,? 120.00, ? 360.00 , ? 90.00 ,? 90.00,The Veggie Delight Sub was fine.
2686,2686,O02687,22-10-2024,14:00,C0019,Aariz Sayyad,117,Egg Mayo Sandwich,Snacks,4,? 85.00, ? 340.00 , ? 66.00 ,? 76.00,The Egg Mayo Sandwich was excellent. Really enjoyed the meal.
2687,2687,O02688,22-10-2024,14:30,C0309,Arman Faruqi,43,Onion Uttapam,Vegetarian,2,? 160.00, ? 320.00 , ? 112.00 ,? 96.00,The Onion Uttapam was as expected.
2688,2688,O02689,22-10-2024,21:15,C0324,Aasifa Faruqi,49,Aloo Gobi,Vegetarian,1,? 220.00, ? 220.00 , ? 166.00 ,? 54.00,Loved the Aloo Gobi! It was a delightful and well-prepared vegetarian meal.
2689,2689,O02690,22-10-2024,18:30,C0292,Arahan Taimoor,16,Ice Cream Sundae,Dessert,2,? 200.00, ? 400.00 , ? 143.00 ,? 114.00,The Ice Cream Sundae was not what I expected.
2690,2690,O02691,22-10-2024,16:45,C0172,Ayeza Shaikh,1,Tomato Soup,Starter,2,? 180.00, ? 360.00 , ? 132.00 ,? 96.00,The Tomato Soup was cold when it arrived at our table.
2691,2691,O02692,22-10-2024,22:45,C0103,Aasiya Faruqi,68,Chicken Schezwan Noodles,Rice & Noodles,5,? 280.00," ? 1,400.00 ", ? 218.00 ,? 310.00,The Chicken Schezwan Noodles was fine.
2692,2692,O02693,22-10-2024,11:30,C0301,Sher Taimoor,108,Chicken Shawarma,Street Food,3,? 170.00, ? 510.00 , ? 131.00 ,? 117.00,I was not a fan of the Chicken Shawarma.
2693,2693,O02694,23-10-2024,13:30,C0195,Aasin Malik,55,Vegetable Korma,Vegetarian,2,? 320.00, ? 640.00 , ? 243.00 ,? 154.00,Loved the Vegetable Korma! It was a delightful and well-prepared vegetarian meal.
2694,2694,O02695,23-10-2024,18:45,C0078,Arahan Shaikh,75,Veg Momos,Starter,5,? 180.00, ? 900.00 , ? 138.00 ,? 210.00,The Veg Momos was simply delicious and fresh. Highly recommended!
2695,2695,O02696,23-10-2024,15:30,C0105,Aakib Nadaf,43,Onion Uttapam,Vegetarian,5,? 160.00, ? 800.00 , ? 112.00 ,? 240.00,A wholesome and delicious Onion Uttapam. The vegetables were so fresh!
2696,2696,O02697,23-10-2024,16:00,C0327,Abdul Rahim Mujawar,81,Biryani (Veg),Rice,3,? 320.00, ? 960.00 , ? 251.00 ,? 207.00,The Biryani (Veg) could have been better.
2697,2697,O02698,23-10-2024,22:45,C0243,Imran Sayyad,9,Palak Paneer,Vegetarian,5,? 360.00," ? 1,800.00 ", ? 273.00 ,? 435.00,Loved the Palak Paneer! It was a delightful and well-prepared vegetarian meal.
2698,2698,O02699,23-10-2024,19:45,C0260,Danish Ali,2,Mushroom Soup,Starter,2,? 200.00, ? 400.00 , ? 159.00 ,? 82.00,The Mushroom Soup was a fantastic start to our meal! Perfectly crispy.
2699,2699,O02700,23-10-2024,22:00,C0114,Imran Faruqi,9,Palak Paneer,Vegetarian,4,? 360.00," ? 1,440.00 ", ? 273.00 ,? 348.00,The Palak Paneer was as expected.
2700,2700,O02701,24-10-2024,20:00,C0062,Ayeza Nadaf,26,Pasta Alfredo,Continental,1,? 320.00, ? 320.00 , ? 249.00 ,? 71.00,The Pasta Alfredo was fine.
2701,2701,O02702,24-10-2024,11:15,C0038,Moh Saad Malik,112,Paneer Parantha,Breads,5,? 90.00, ? 450.00 , ? 64.00 ,? 130.00,A satisfying meal. The Paneer Parantha was a good choice.
2702,2702,O02703,24-10-2024,21:00,C0251,Aakib Khan,46,Kadai Paneer,Vegetarian,5,? 360.00," ? 1,800.00 ", ? 275.00 ,? 425.00,A wholesome and delicious Kadai Paneer. The vegetables were so fresh!
2703,2703,O02704,24-10-2024,19:30,C0002,Dua Khan,115,Chicken Kathi Roll,Snacks,3,? 120.00, ? 360.00 , ? 91.00 ,? 87.00,The Chicken Kathi Roll was not what I expected.
2704,2704,O02705,24-10-2024,17:30,C0017,Wahaj Taimoor,29,Greek Salad,Salad,1,? 260.00, ? 260.00 , ? 197.00 ,? 63.00,The Greek Salad met my expectations.
2705,2705,O02706,24-10-2024,13:30,C0161,Isharat Momin,70,Hot & Sour Soup (Chicken),Starter,4,? 200.00, ? 800.00 , ? 159.00 ,? 164.00,The Hot & Sour Soup (Chicken) was a fantastic start to our meal! Perfectly crispy.
2706,2706,O02707,24-10-2024,13:00,C0184,Kaif Sayyad,127,Mutton Seekh Kebab Roll,Snacks,4,? 170.00, ? 680.00 , ? 132.00 ,? 152.00,The Mutton Seekh Kebab Roll was not what I expected.
2707,2707,O02708,24-10-2024,10:45,C0258,Aakib Sayyad,121,Cheese Garlic Bread,Breads,5,? 110.00, ? 550.00 , ? 85.00 ,? 125.00,I was not a fan of the Cheese Garlic Bread.
2708,2708,O02709,24-10-2024,12:45,C0295,Sultan Taimoor,64,Chili Chicken,Starter,3,? 340.00," ? 1,020.00 ", ? 250.00 ,? 270.00,The Chili Chicken was simply delicious and fresh. Highly recommended!
2709,2709,O02710,24-10-2024,17:30,C0006,Imran Taimoor,115,Chicken Kathi Roll,Street Food,2,? 160.00, ? 320.00 , ? 112.00 ,? 96.00,A satisfying meal. The Chicken Kathi Roll was a good choice.
2710,2710,O02711,24-10-2024,11:30,C0160,Shahrukh Malik,119,Veg Paneer Wrap,Snacks,5,? 95.00, ? 475.00 , ? 74.00 ,? 105.00,It was an average Veg Paneer Wrap.
2711,2711,O02712,24-10-2024,12:15,C0009,Shamsher Khan,36,Pav Bhaji,Vegetarian,2,? 220.00, ? 440.00 , ? 171.00 ,? 98.00,"It was an okay Pav Bhaji, but I've had better."
2712,2712,O02713,24-10-2024,10:45,C0289,Aasin Malik,93,Matar Paneer,Main Course,4,? 340.00," ? 1,360.00 ", ? 263.00 ,? 308.00,The Matar Paneer was excellent. Really enjoyed the meal.
2713,2713,O02714,24-10-2024,21:45,C0085,Aasifa Azam,12,Veggie Burger,Burger,2,? 250.00, ? 500.00 , ? 199.00 ,? 102.00,Great food! The Veggie Burger was delicious and well-prepared.
2714,2714,O02715,24-10-2024,19:45,C0176,Abdul Rahim Shikalkar,97,Grilled Cheese Sandwich,Sandwiches,3,? 120.00, ? 360.00 , ? 90.00 ,? 90.00,I was not a fan of the Grilled Cheese Sandwich.
2715,2715,O02716,25-10-2024,15:00,C0156,Arman Faruqi,116,Paneer Bhurji Sandwich,Snacks,4,? 75.00, ? 300.00 , ? 59.00 ,? 64.00,The Paneer Bhurji Sandwich could have been better.
2716,2716,O02717,25-10-2024,17:15,C0074,Moh Saad Malik,24,Samosa,Starter,4,? 100.00, ? 400.00 , ? 73.00 ,? 108.00,"The Samosa was decent, but nothing special."
2717,2717,O02718,25-10-2024,18:45,C0021,Moh Saad Shaikh,69,Hot & Sour Soup (Veg),Starter,5,? 160.00, ? 800.00 , ? 113.00 ,? 235.00,The Hot & Sour Soup (Veg) was cold when it arrived at our table.
2718,2718,O02719,25-10-2024,17:30,C0206,Aariz Faruqi,54,Egg Biryani,Rice & Noodles,2,? 340.00, ? 680.00 , ? 268.00 ,? 144.00,The Egg Biryani was excellent. Really enjoyed the meal.
2719,2719,O02720,25-10-2024,11:15,C0248,Shahrukh Raes,81,Biryani (Veg),Rice,5,? 320.00," ? 1,600.00 ", ? 251.00 ,? 345.00,The Biryani (Veg) was excellent. Really enjoyed the meal.
2720,2720,O02721,25-10-2024,21:45,C0218,Danish Khan,24,Samosa,Starter,3,? 100.00, ? 300.00 , ? 73.00 ,? 81.00,The Samosa was cold when it arrived at our table.
2721,2721,O02722,25-10-2024,22:15,C0130,Aakib Shikalkar,74,Chicken Clear Soup,Starter,4,? 160.00, ? 640.00 , ? 125.00 ,? 140.00,The Chicken Clear Soup was a fantastic start to our meal! Perfectly crispy.
2722,2722,O02723,25-10-2024,19:15,C0024,Aman Momin,55,Vegetable Korma,Vegetarian,3,? 320.00, ? 960.00 , ? 243.00 ,? 231.00,The Vegetable Korma is a great choice for vegetarians. Hearty and full of flavor.
2723,2723,O02724,25-10-2024,14:15,C0278,Sultan Shikalkar,13,Gulab Jamun,Dessert,1,? 150.00, ? 150.00 , ? 117.00 ,? 33.00,The Gulab Jamun met my expectations.
2724,2724,O02725,25-10-2024,22:00,C0297,Wahaj Ali,45,Egg Curry,Non-Veg Main,1,? 280.00, ? 280.00 , ? 203.00 ,? 77.00,The Egg Curry was the highlight of our meal. Absolutely delicious!
2725,2725,O02726,26-10-2024,19:00,C0151,Aasifa Malik,87,Uttapam,South Indian,2,? 220.00, ? 440.00 , ? 170.00 ,? 100.00,The Uttapam was excellent. Really enjoyed the meal.
2726,2726,O02727,26-10-2024,16:45,C0102,Aasifa Taimoor,18,Veg Hakka Noodles,Rice & Noodles,2,? 220.00, ? 440.00 , ? 165.00 ,? 110.00,The Veg Hakka Noodles could have been better.
2727,2727,O02728,26-10-2024,22:30,C0202,Moh Saad Shikalkar,81,Biryani (Veg),Rice,2,? 320.00, ? 640.00 , ? 251.00 ,? 138.00,The Biryani (Veg) was excellent. Really enjoyed the meal.
2728,2728,O02729,26-10-2024,21:30,C0123,Abdul Rahim Faruqi,115,Chicken Kathi Roll,Snacks,1,? 120.00, ? 120.00 , ? 91.00 ,? 29.00,A satisfying meal. The Chicken Kathi Roll was a good choice.
2729,2729,O02730,26-10-2024,19:00,C0062,Ayeza Nadaf,100,Veg Wrap,Sandwiches,2,? 130.00, ? 260.00 , ? 92.00 ,? 76.00,Great food! The Veg Wrap was delicious and well-prepared.
2730,2730,O02731,26-10-2024,19:00,C0143,Sultan Mujawar,41,Vada Sambar,Vegetarian,1,? 170.00, ? 170.00 , ? 121.00 ,? 49.00,A wholesome and delicious Vada Sambar. The vegetables were so fresh!
2731,2731,O02732,27-10-2024,14:30,C0220,Rihan Mujawar,102,Chicken Sub,Sandwiches,3,? 180.00, ? 540.00 , ? 137.00 ,? 129.00,A satisfying meal. The Chicken Sub was a good choice.
2732,2732,O02733,27-10-2024,22:45,C0130,Aakib Shikalkar,36,Pav Bhaji,Vegetarian,3,? 220.00, ? 660.00 , ? 171.00 ,? 147.00,A wholesome and delicious Pav Bhaji. The vegetables were so fresh!
2733,2733,O02734,27-10-2024,16:15,C0145,Imran Khan,30,Shahi Paneer,Vegetarian,4,? 400.00," ? 1,600.00 ", ? 281.00 ,? 476.00,A wholesome and delicious Shahi Paneer. The vegetables were so fresh!
2734,2734,O02735,27-10-2024,18:00,C0221,Arman Mujawar,18,Veg Hakka Noodles,Rice & Noodles,1,? 220.00, ? 220.00 , ? 165.00 ,? 55.00,The Veg Hakka Noodles was excellent. Really enjoyed the meal.
2735,2735,O02736,27-10-2024,10:45,C0102,Aasifa Taimoor,40,Idli Sambar,Vegetarian,2,? 160.00, ? 320.00 , ? 119.00 ,? 82.00,Loved the Idli Sambar! It was a delightful and well-prepared vegetarian meal.
2736,2736,O02737,27-10-2024,21:30,C0034,Anis Raes,23,Chicken Tikka,Starter,5,? 320.00," ? 1,600.00 ", ? 233.00 ,? 435.00,Absolutely loved the Chicken Tikka! It was the perfect appetizer to get us started.
2737,2737,O02738,27-10-2024,17:45,C0229,Aasin Khan,52,Chicken Tikka Masala,Non-Veg Main,1,? 480.00, ? 480.00 , ? 373.00 ,? 107.00,A truly authentic and flavorful Chicken Tikka Masala. It was very satisfying.
2738,2738,O02739,27-10-2024,13:45,C0147,Danish Khan,9,Palak Paneer,Vegetarian,3,? 360.00," ? 1,080.00 ", ? 273.00 ,? 261.00,The vegetables in the Palak Paneer seemed overcooked.
2739,2739,O02740,27-10-2024,21:30,C0216,Sultan Khan,71,Sweet Corn Soup (Veg),Starter,4,? 140.00, ? 560.00 , ? 108.00 ,? 128.00,Absolutely loved the Sweet Corn Soup (Veg)! It was the perfect appetizer to get us started.
2740,2740,O02741,28-10-2024,10:15,C0065,Shamsher Faruqi,93,Matar Paneer,Main Course,1,? 340.00, ? 340.00 , ? 263.00 ,? 77.00,The Matar Paneer was excellent. Really enjoyed the meal.
2741,2741,O02742,28-10-2024,14:45,C0003,Danish Malik,111,Egg Sandwich,Sandwiches,3,? 110.00, ? 330.00 , ? 80.00 ,? 90.00,A satisfying meal. The Egg Sandwich was a good choice.
2742,2742,O02743,28-10-2024,20:15,C0088,Abdul Rahim Nadaf,119,Veg Paneer Wrap,Snacks,3,? 95.00, ? 285.00 , ? 74.00 ,? 63.00,The Veg Paneer Wrap was excellent. Really enjoyed the meal.
2743,2743,O02744,28-10-2024,12:00,C0269,Aakib Nadaf,48,Baingan Bharta,Vegetarian,3,? 260.00, ? 780.00 , ? 195.00 ,? 195.00,Loved the Baingan Bharta! It was a delightful and well-prepared vegetarian meal.
2744,2744,O02745,28-10-2024,21:45,C0196,Arman Taimoor,19,Chicken Hakka Noodles,Rice & Noodles,2,? 260.00, ? 520.00 , ? 193.00 ,? 134.00,Great food! The Chicken Hakka Noodles was delicious and well-prepared.
2745,2745,O02746,28-10-2024,11:45,C0130,Aakib Shikalkar,43,Onion Uttapam,Vegetarian,3,? 160.00, ? 480.00 , ? 112.00 ,? 144.00,I found the Onion Uttapam to be a bit watery.
2746,2746,O02747,28-10-2024,20:00,C0282,Nikhat Khan,98,Paneer Kathi Roll,Street Food,2,? 140.00, ? 280.00 , ? 103.00 ,? 74.00,Great food! The Paneer Kathi Roll was delicious and well-prepared.
2747,2747,O02748,28-10-2024,21:15,C0299,Aakib Shaikh,56,Dal Makhani,Vegetarian,2,? 340.00, ? 680.00 , ? 269.00 ,? 142.00,I found the Dal Makhani to be a bit watery.
2748,2748,O02749,28-10-2024,18:45,C0016,Dua Khan,76,Chicken Momos,Starter,4,? 220.00, ? 880.00 , ? 170.00 ,? 200.00,The Chicken Momos was cold when it arrived at our table.
2749,2749,O02750,28-10-2024,21:45,C0148,Aakib Momin,98,Paneer Kathi Roll,Street Food,3,? 140.00, ? 420.00 , ? 103.00 ,? 111.00,I was not a fan of the Paneer Kathi Roll.
2750,2750,O02751,28-10-2024,20:45,C0108,Arman Azam,122,Falafel Wrap,Snacks,5,? 130.00, ? 650.00 , ? 102.00 ,? 140.00,The Falafel Wrap was excellent. Really enjoyed the meal.
2751,2751,O02752,29-10-2024,20:45,C0105,Aakib Nadaf,55,Vegetable Korma,Vegetarian,3,? 320.00, ? 960.00 , ? 243.00 ,? 231.00,Loved the Vegetable Korma! It was a delightful and well-prepared vegetarian meal.
2752,2752,O02753,29-10-2024,13:30,C0221,Arman Mujawar,66,Schezwan Chicken Fried Rice,Rice & Noodles,3,? 280.00, ? 840.00 , ? 211.00 ,? 207.00,It was an average Schezwan Chicken Fried Rice.
2753,2753,O02754,29-10-2024,20:45,C0295,Sultan Taimoor,87,Uttapam,South Indian,1,? 220.00, ? 220.00 , ? 170.00 ,? 50.00,The Uttapam was not what I expected.
2754,2754,O02755,29-10-2024,16:15,C0129,Sher Taimoor,81,Biryani (Veg),Rice,2,? 320.00, ? 640.00 , ? 251.00 ,? 138.00,The Biryani (Veg) could have been better.
2755,2755,O02756,29-10-2024,12:30,C0287,Nikhat Shaikh,83,Malai Kofta,Main Course,4,? 340.00," ? 1,360.00 ", ? 249.00 ,? 364.00,Great food! The Malai Kofta was delicious and well-prepared.
2756,2756,O02757,29-10-2024,12:45,C0143,Sultan Mujawar,90,Pani Puri,Snack,5,? 100.00, ? 500.00 , ? 74.00 ,? 130.00,A satisfying meal. The Pani Puri was a good choice.
2757,2757,O02758,29-10-2024,13:30,C0290,Isharat Raes,3,Chicken Soup,Starter,3,? 220.00, ? 660.00 , ? 170.00 ,? 150.00,It was an average Chicken Soup.
2758,2758,O02759,29-10-2024,20:30,C0112,Shahrukh Sayyad,110,Paneer Sandwich,Sandwiches,5,? 120.00, ? 600.00 , ? 84.00 ,? 180.00,A satisfying meal. The Paneer Sandwich was a good choice.
2759,2759,O02760,29-10-2024,15:45,C0057,Arman Azam,115,Chicken Kathi Roll,Street Food,1,? 160.00, ? 160.00 , ? 112.00 ,? 48.00,Great food! The Chicken Kathi Roll was delicious and well-prepared.
2760,2760,O02761,29-10-2024,18:45,C0020,Rihan Shikalkar,38,Mutton Biryani,Rice Meal,4,? 490.00," ? 1,960.00 ", ? 350.00 ,? 560.00,Great food! The Mutton Biryani was delicious and well-prepared.
2761,2761,O02762,29-10-2024,14:30,C0290,Isharat Raes,117,Egg Mayo Sandwich,Snacks,2,? 85.00, ? 170.00 , ? 66.00 ,? 38.00,The Egg Mayo Sandwich could have been better.
2762,2762,O02763,29-10-2024,21:00,C0289,Aasin Malik,130,Veggie Delight Sub,Snacks,3,? 120.00, ? 360.00 , ? 90.00 ,? 90.00,Great food! The Veggie Delight Sub was delicious and well-prepared.
2763,2763,O02764,29-10-2024,10:45,C0207,Imran Khan,49,Aloo Gobi,Vegetarian,5,? 220.00," ? 1,100.00 ", ? 166.00 ,? 270.00,Loved the Aloo Gobi! It was a delightful and well-prepared vegetarian meal.
2764,2764,O02765,29-10-2024,14:30,C0267,Moh Saad Faruqi,73,Veg Clear Soup,Starter,2,? 120.00, ? 240.00 , ? 84.00 ,? 72.00,The Veg Clear Soup was a fantastic start to our meal! Perfectly crispy.
2765,2765,O02766,30-10-2024,16:15,C0253,Kaif Sayyad,73,Veg Clear Soup,Starter,3,? 120.00, ? 360.00 , ? 84.00 ,? 108.00,The Veg Clear Soup was simply delicious and fresh. Highly recommended!
2766,2766,O02767,30-10-2024,15:15,C0260,Danish Ali,56,Dal Makhani,Vegetarian,5,? 340.00," ? 1,700.00 ", ? 269.00 ,? 355.00,The Dal Makhani is a great choice for vegetarians. Hearty and full of flavor.
2767,2767,O02768,30-10-2024,13:15,C0051,Dua Khan,89,Misal Pav,Snack,1,? 160.00, ? 160.00 , ? 126.00 ,? 34.00,It was an average Misal Pav.
2768,2768,O02769,30-10-2024,18:00,C0244,Arahan Raes,98,Paneer Kathi Roll,Street Food,1,? 140.00, ? 140.00 , ? 103.00 ,? 37.00,The Paneer Kathi Roll could have been better.
2769,2769,O02770,31-10-2024,15:00,C0289,Aasin Malik,25,Spring Rolls,Starter,4,? 220.00, ? 880.00 , ? 164.00 ,? 224.00,The Spring Rolls was a fantastic start to our meal! Perfectly crispy.
2770,2770,O02771,31-10-2024,20:30,C0092,Sultan Shaikh,70,Hot & Sour Soup (Chicken),Starter,3,? 200.00, ? 600.00 , ? 159.00 ,? 123.00,"The Hot & Sour Soup (Chicken) was decent, but nothing special."
2771,2771,O02772,31-10-2024,12:30,C0105,Aakib Nadaf,71,Sweet Corn Soup (Veg),Starter,4,? 140.00, ? 560.00 , ? 108.00 ,? 128.00,The Sweet Corn Soup (Veg) was okay. It was a standard appetizer.
2772,2772,O02773,31-10-2024,13:00,C0098,Shahrukh Malik,114,Veg Frankie Roll,Snacks,5,? 80.00, ? 400.00 , ? 62.00 ,? 90.00,It was an average Veg Frankie Roll.
2773,2773,O02774,31-10-2024,22:30,C0127,Dua Taimoor,103,Paneer Frankie,Street Food,3,? 130.00, ? 390.00 , ? 95.00 ,? 105.00,The Paneer Frankie met my expectations.
2774,2774,O02775,01-11-2024,21:00,C0048,Abdul Rahim Malik,62,Chicken Spring Rolls,Starter,3,? 260.00, ? 780.00 , ? 189.00 ,? 213.00,Absolutely loved the Chicken Spring Rolls! It was the perfect appetizer to get us started.
2775,2775,O02776,01-11-2024,12:00,C0017,Wahaj Taimoor,63,Chili Paneer,Starter,4,? 280.00," ? 1,120.00 ", ? 219.00 ,? 244.00,The Chili Paneer was a fantastic start to our meal! Perfectly crispy.
2776,2776,O02777,01-11-2024,19:15,C0006,Imran Taimoor,102,Chicken Sub,Sandwiches,1,? 180.00, ? 180.00 , ? 137.00 ,? 43.00,Great food! The Chicken Sub was delicious and well-prepared.
2777,2777,O02778,01-11-2024,13:00,C0323,Wahaj Ali,44,Hyderabadi Haleem,Non-Veg Main,4,? 500.00," ? 2,000.00 ", ? 395.00 ,? 420.00,The Hyderabadi Haleem was cooked to perfection. The spices were spot on!
2778,2778,O02779,01-11-2024,13:45,C0205,Rihan Taimoor,45,Egg Curry,Non-Veg Main,4,? 280.00," ? 1,120.00 ", ? 203.00 ,? 308.00,The Egg Curry was too spicy for me to handle.
2779,2779,O02780,01-11-2024,13:30,C0266,Aasifa Sayyad,119,Veg Paneer Wrap,Snacks,4,? 95.00, ? 380.00 , ? 74.00 ,? 84.00,It was an average Veg Paneer Wrap.
2780,2780,O02781,01-11-2024,11:30,C0254,Sultan Ali,48,Baingan Bharta,Vegetarian,4,? 260.00," ? 1,040.00 ", ? 195.00 ,? 260.00,Loved the Baingan Bharta! It was a delightful and well-prepared vegetarian meal.
2781,2781,O02782,01-11-2024,19:15,C0149,Aariz Nadaf,128,Paneer Tandoori Wrap,Snacks,3,? 120.00, ? 360.00 , ? 94.00 ,? 78.00,Great food! The Paneer Tandoori Wrap was delicious and well-prepared.
2782,2782,O02783,01-11-2024,15:30,C0296,Aariz Sayyad,126,Corn & Cheese Sandwich,Snacks,4,? 90.00, ? 360.00 , ? 66.00 ,? 96.00,The Corn & Cheese Sandwich met my expectations.
2783,2783,O02784,01-11-2024,19:45,C0234,Moh Saad Faruqi,75,Veg Momos,Starter,1,? 180.00, ? 180.00 , ? 138.00 ,? 42.00,Wasn't very impressed with the Veg Momos. It lacked flavor.
2784,2784,O02785,01-11-2024,13:45,C0007,Aman Taimoor,115,Chicken Kathi Roll,Street Food,5,? 160.00, ? 800.00 , ? 112.00 ,? 240.00,The Chicken Kathi Roll was excellent. Really enjoyed the meal.
2785,2785,O02786,01-11-2024,20:45,C0061,Shamsher Raes,88,Vada Pav,Snack,1,? 120.00, ? 120.00 , ? 91.00 ,? 29.00,Great food! The Vada Pav was delicious and well-prepared.
2786,2786,O02787,01-11-2024,17:45,C0042,Aasin Taimoor,100,Veg Wrap,Sandwiches,1,? 130.00, ? 130.00 , ? 92.00 ,? 38.00,The Veg Wrap was excellent. Really enjoyed the meal.
2787,2787,O02788,02-11-2024,20:00,C0320,Sultan Momin,121,Cheese Garlic Bread,Breads,4,? 110.00, ? 440.00 , ? 85.00 ,? 100.00,The Cheese Garlic Bread was not what I expected.
2788,2788,O02789,02-11-2024,21:15,C0306,Arman Malik,126,Corn & Cheese Sandwich,Snacks,5,? 90.00, ? 450.00 , ? 66.00 ,? 120.00,The Corn & Cheese Sandwich could have been better.
2789,2789,O02790,02-11-2024,18:45,C0309,Arman Faruqi,40,Idli Sambar,Vegetarian,2,? 160.00, ? 320.00 , ? 119.00 ,? 82.00,The Idli Sambar is a great choice for vegetarians. Hearty and full of flavor.
2790,2790,O02791,02-11-2024,19:45,C0220,Rihan Mujawar,98,Paneer Kathi Roll,Street Food,1,? 140.00, ? 140.00 , ? 103.00 ,? 37.00,The Paneer Kathi Roll was excellent. Really enjoyed the meal.
2791,2791,O02792,02-11-2024,17:45,C0191,Imran Shikalkar,90,Pani Puri,Snack,1,? 100.00, ? 100.00 , ? 74.00 ,? 26.00,Great food! The Pani Puri was delicious and well-prepared.
2792,2792,O02793,02-11-2024,16:15,C0280,Dua Faruqi,13,Gulab Jamun,Dessert,1,? 150.00, ? 150.00 , ? 117.00 ,? 33.00,The Gulab Jamun was excellent. Really enjoyed the meal.
2793,2793,O02794,02-11-2024,12:15,C0175,Aasiya Momin,59,Veg Manchurian,Starter,3,? 240.00, ? 720.00 , ? 169.00 ,? 213.00,Absolutely loved the Veg Manchurian! It was the perfect appetizer to get us started.
2794,2794,O02795,02-11-2024,17:30,C0026,Imran Shikalkar,46,Kadai Paneer,Vegetarian,5,? 360.00," ? 1,800.00 ", ? 275.00 ,? 425.00,I found the Kadai Paneer to be a bit watery.
2795,2795,O02796,02-11-2024,10:15,C0217,Nikhat Mujawar,39,Masala Dosa,Vegetarian,2,? 180.00, ? 360.00 , ? 138.00 ,? 84.00,"It was an okay Masala Dosa, but I've had better."
2796,2796,O02797,02-11-2024,22:15,C0251,Aakib Khan,109,Cheese Sandwich,Sandwiches,1,? 100.00, ? 100.00 , ? 72.00 ,? 28.00,The Cheese Sandwich was not what I expected.
2797,2797,O02798,02-11-2024,19:00,C0251,Aakib Khan,75,Veg Momos,Starter,3,? 180.00, ? 540.00 , ? 138.00 ,? 126.00,The Veg Momos was simply delicious and fresh. Highly recommended!
2798,2798,O02799,02-11-2024,22:15,C0063,Aasiya Malik,61,Veg Spring Rolls,Starter,4,? 220.00, ? 880.00 , ? 162.00 ,? 232.00,The Veg Spring Rolls was simply delicious and fresh. Highly recommended!
2799,2799,O02800,02-11-2024,10:30,C0270,Isharat Malik,126,Corn & Cheese Sandwich,Snacks,1,? 90.00, ? 90.00 , ? 66.00 ,? 24.00,The Corn & Cheese Sandwich was excellent. Really enjoyed the meal.
2800,2800,O02801,03-11-2024,12:00,C0060,Nikhat Khan,18,Veg Hakka Noodles,Rice & Noodles,2,? 220.00, ? 440.00 , ? 165.00 ,? 110.00,Great food! The Veg Hakka Noodles was delicious and well-prepared.
2801,2801,O02802,03-11-2024,19:00,C0119,Shahrukh Azam,58,Crab Curry,Non-Veg Main,1,? 520.00, ? 520.00 , ? 374.00 ,? 146.00,A truly authentic and flavorful Crab Curry. It was very satisfying.
2802,2802,O02803,03-11-2024,19:00,C0267,Moh Saad Faruqi,30,Shahi Paneer,Vegetarian,2,? 400.00, ? 800.00 , ? 281.00 ,? 238.00,Loved the Shahi Paneer! It was a delightful and well-prepared vegetarian meal.
2803,2803,O02804,03-11-2024,12:45,C0253,Kaif Sayyad,131,Avocado Toast,Breakfast,1,? 150.00, ? 150.00 , ? 111.00 ,? 39.00,The Avocado Toast was not what I expected.
2804,2804,O02805,03-11-2024,22:15,C0064,Isharat Nadaf,89,Misal Pav,Snack,1,? 160.00, ? 160.00 , ? 126.00 ,? 34.00,Great food! The Misal Pav was delicious and well-prepared.
2805,2805,O02806,03-11-2024,19:30,C0119,Shahrukh Azam,95,Garlic Naan,Breads,2,? 70.00, ? 140.00 , ? 54.00 ,? 32.00,The Garlic Naan was fine.
2806,2806,O02807,04-11-2024,14:00,C0172,Ayeza Shaikh,85,Veg Thali,Meal Combo,1,? 360.00, ? 360.00 , ? 263.00 ,? 97.00,The Veg Thali was excellent. Really enjoyed the meal.
2807,2807,O02808,04-11-2024,14:15,C0187,Aasin Nadaf,41,Vada Sambar,Vegetarian,4,? 170.00, ? 680.00 , ? 121.00 ,? 196.00,A wholesome and delicious Vada Sambar. The vegetables were so fresh!
2808,2808,O02809,04-11-2024,21:45,C0294,Isharat Sayyad,84,Seekh Kebab,Starter,4,? 400.00," ? 1,600.00 ", ? 282.00 ,? 472.00,The Seekh Kebab was a fantastic start to our meal! Perfectly crispy.
2809,2809,O02810,04-11-2024,10:15,C0292,Arahan Taimoor,112,Paneer Parantha,Breads,5,? 90.00, ? 450.00 , ? 64.00 ,? 130.00,Great food! The Paneer Parantha was delicious and well-prepared.
2810,2810,O02811,04-11-2024,21:30,C0037,Wahaj Malik,122,Falafel Wrap,Snacks,4,? 130.00, ? 520.00 , ? 102.00 ,? 112.00,Great food! The Falafel Wrap was delicious and well-prepared.
2811,2811,O02812,04-11-2024,14:15,C0074,Moh Saad Malik,19,Chicken Hakka Noodles,Rice & Noodles,3,? 260.00, ? 780.00 , ? 193.00 ,? 201.00,A satisfying meal. The Chicken Hakka Noodles was a good choice.
2812,2812,O02813,04-11-2024,12:00,C0236,Aakib Khan,90,Pani Puri,Snack,2,? 100.00, ? 200.00 , ? 74.00 ,? 52.00,I was not a fan of the Pani Puri.
2813,2813,O02814,04-11-2024,17:30,C0249,Aasiya Mujawar,50,Jeera Rice,Rice & Noodles,3,? 180.00, ? 540.00 , ? 129.00 ,? 153.00,The Jeera Rice was excellent. Really enjoyed the meal.
2814,2814,O02815,04-11-2024,21:45,C0134,Isharat Nadaf,54,Egg Biryani,Rice & Noodles,3,? 340.00," ? 1,020.00 ", ? 268.00 ,? 216.00,The Egg Biryani was fine.
2815,2815,O02816,05-11-2024,17:30,C0263,Sher Raes,85,Veg Thali,Meal Combo,3,? 360.00," ? 1,080.00 ", ? 263.00 ,? 291.00,The Veg Thali was not what I expected.
2816,2816,O02817,05-11-2024,12:30,C0312,Danish Khan,116,Paneer Bhurji Sandwich,Snacks,2,? 75.00, ? 150.00 , ? 59.00 ,? 32.00,A satisfying meal. The Paneer Bhurji Sandwich was a good choice.
2817,2817,O02818,05-11-2024,11:15,C0067,Sultan Ali,38,Mutton Biryani,Rice Meal,3,? 490.00," ? 1,470.00 ", ? 350.00 ,? 420.00,The Mutton Biryani was excellent. Really enjoyed the meal.
2818,2818,O02819,05-11-2024,21:00,C0106,Aasin Mujawar,88,Vada Pav,Snack,3,? 120.00, ? 360.00 , ? 91.00 ,? 87.00,I was not a fan of the Vada Pav.
2819,2819,O02820,05-11-2024,18:30,C0234,Moh Saad Faruqi,108,Chicken Shawarma,Street Food,2,? 170.00, ? 340.00 , ? 131.00 ,? 78.00,I was not a fan of the Chicken Shawarma.
2820,2820,O02821,06-11-2024,14:15,C0230,Arman Azam,72,Sweet Corn Soup (Chicken),Starter,5,? 180.00, ? 900.00 , ? 129.00 ,? 255.00,The Sweet Corn Soup (Chicken) was a fantastic start to our meal! Perfectly crispy.
2821,2821,O02822,06-11-2024,16:00,C0123,Abdul Rahim Faruqi,25,Spring Rolls,Starter,2,? 220.00, ? 440.00 , ? 164.00 ,? 112.00,Absolutely loved the Spring Rolls! It was the perfect appetizer to get us started.
2822,2822,O02823,06-11-2024,21:00,C0220,Rihan Mujawar,83,Malai Kofta,Main Course,4,? 340.00," ? 1,360.00 ", ? 249.00 ,? 364.00,The Malai Kofta was excellent. Really enjoyed the meal.
2823,2823,O02824,06-11-2024,22:00,C0056,Aasifa Khan,97,Grilled Cheese Sandwich,Sandwiches,2,? 120.00, ? 240.00 , ? 90.00 ,? 60.00,The Grilled Cheese Sandwich was excellent. Really enjoyed the meal.
2824,2824,O02825,06-11-2024,11:45,C0300,Dua Azam,84,Seekh Kebab,Starter,5,? 400.00," ? 2,000.00 ", ? 282.00 ,? 590.00,The Seekh Kebab was simply delicious and fresh. Highly recommended!
2825,2825,O02826,06-11-2024,19:00,C0282,Nikhat Khan,75,Veg Momos,Starter,4,? 180.00, ? 720.00 , ? 138.00 ,? 168.00,Absolutely loved the Veg Momos! It was the perfect appetizer to get us started.
2826,2826,O02827,06-11-2024,16:30,C0107,Aasifa Faruqi,75,Veg Momos,Starter,1,? 180.00, ? 180.00 , ? 138.00 ,? 42.00,Absolutely loved the Veg Momos! It was the perfect appetizer to get us started.
2827,2827,O02828,06-11-2024,19:15,C0286,Sher Malik,17,French Fries,Starter,5,? 120.00, ? 600.00 , ? 87.00 ,? 165.00,The French Fries was a fantastic start to our meal! Perfectly crispy.
2828,2828,O02829,06-11-2024,16:30,C0221,Arman Mujawar,3,Chicken Soup,Starter,5,? 220.00," ? 1,100.00 ", ? 170.00 ,? 250.00,The Chicken Soup was okay. It was a standard appetizer.
2829,2829,O02830,07-11-2024,22:15,C0308,Ayeza Khan,105,Paneer Burger,Fast Food,4,? 140.00, ? 560.00 , ? 110.00 ,? 120.00,Great food! The Paneer Burger was delicious and well-prepared.
2830,2830,O02831,07-11-2024,21:00,C0011,Aasiya Ali,53,Veg Pulao,Rice & Noodles,4,? 240.00, ? 960.00 , ? 190.00 ,? 200.00,The Veg Pulao was excellent. Really enjoyed the meal.
2831,2831,O02832,07-11-2024,12:00,C0311,Imran Shikalkar,122,Falafel Wrap,Snacks,5,? 130.00, ? 650.00 , ? 102.00 ,? 140.00,The Falafel Wrap was excellent. Really enjoyed the meal.
2832,2832,O02833,07-11-2024,13:30,C0278,Sultan Shikalkar,94,Butter Naan,Breads,5,? 60.00, ? 300.00 , ? 45.00 ,? 75.00,A satisfying meal. The Butter Naan was a good choice.
2833,2833,O02834,07-11-2024,12:30,C0028,Aakib Faruqi,21,Chicken Fried Rice,Rice & Noodles,2,? 240.00, ? 480.00 , ? 182.00 ,? 116.00,The Chicken Fried Rice was not what I expected.
2834,2834,O02835,07-11-2024,13:30,C0130,Aakib Shikalkar,104,Chicken Frankie,Street Food,3,? 150.00, ? 450.00 , ? 112.00 ,? 114.00,The Chicken Frankie was fine.
2835,2835,O02836,07-11-2024,14:00,C0109,Aman Mujawar,28,Caesar Salad,Salad,3,? 280.00, ? 840.00 , ? 210.00 ,? 210.00,The Caesar Salad was excellent. Really enjoyed the meal.
2836,2836,O02837,07-11-2024,20:45,C0053,Shahrukh Taimoor,50,Jeera Rice,Rice & Noodles,1,? 180.00, ? 180.00 , ? 129.00 ,? 51.00,I was not a fan of the Jeera Rice.
2837,2837,O02838,07-11-2024,22:15,C0006,Imran Taimoor,109,Cheese Sandwich,Sandwiches,3,? 100.00, ? 300.00 , ? 72.00 ,? 84.00,Great food! The Cheese Sandwich was delicious and well-prepared.
2838,2838,O02839,07-11-2024,22:15,C0236,Aakib Khan,41,Vada Sambar,Vegetarian,3,? 170.00, ? 510.00 , ? 121.00 ,? 147.00,The Vada Sambar is a great choice for vegetarians. Hearty and full of flavor.
2839,2839,O02840,08-11-2024,16:15,C0299,Aakib Shaikh,33,Dal Tadka,Vegetarian,3,? 260.00, ? 780.00 , ? 183.00 ,? 231.00,The Dal Tadka was a decent vegetarian option.
2840,2840,O02841,08-11-2024,21:15,C0151,Aasifa Malik,39,Masala Dosa,Vegetarian,3,? 180.00, ? 540.00 , ? 138.00 ,? 126.00,The vegetables in the Masala Dosa seemed overcooked.
2841,2841,O02842,08-11-2024,15:15,C0245,Wahaj Taimoor,85,Veg Thali,Meal Combo,5,? 360.00," ? 1,800.00 ", ? 263.00 ,? 485.00,It was an average Veg Thali.
2842,2842,O02843,08-11-2024,21:00,C0300,Dua Azam,19,Chicken Hakka Noodles,Rice & Noodles,2,? 260.00, ? 520.00 , ? 193.00 ,? 134.00,The Chicken Hakka Noodles was not what I expected.
2843,2843,O02844,09-11-2024,16:15,C0203,Isharat Sayyad,114,Veg Frankie Roll,Snacks,1,? 80.00, ? 80.00 , ? 62.00 ,? 18.00,The Veg Frankie Roll was excellent. Really enjoyed the meal.
2844,2844,O02845,09-11-2024,15:15,C0205,Rihan Taimoor,125,BBQ Chicken Pizza Sandwich,Snacks,4,? 160.00, ? 640.00 , ? 115.00 ,? 180.00,A satisfying meal. The BBQ Chicken Pizza Sandwich was a good choice.
2845,2845,O02846,09-11-2024,22:45,C0073,Moh Saad Taimoor,31,Mutton Rogan Josh,Non-Veg Main,2,? 520.00," ? 1,040.00 ", ? 395.00 ,? 250.00,"It was a standard Mutton Rogan Josh, nothing out of the ordinary."
2846,2846,O02847,09-11-2024,13:30,C0164,Aakib Malik,17,French Fries,Starter,5,? 120.00, ? 600.00 , ? 87.00 ,? 165.00,It was an average French Fries.
2847,2847,O02848,09-11-2024,18:30,C0214,Nikhat Taimoor,112,Paneer Parantha,Breads,3,? 90.00, ? 270.00 , ? 64.00 ,? 78.00,The Paneer Parantha met my expectations.
2848,2848,O02849,09-11-2024,16:45,C0017,Wahaj Taimoor,115,Chicken Kathi Roll,Street Food,1,? 160.00, ? 160.00 , ? 112.00 ,? 48.00,Great food! The Chicken Kathi Roll was delicious and well-prepared.
2849,2849,O02850,09-11-2024,17:45,C0229,Aasin Khan,103,Paneer Frankie,Street Food,3,? 130.00, ? 390.00 , ? 95.00 ,? 105.00,The Paneer Frankie was fine.
2850,2850,O02851,09-11-2024,21:30,C0033,Arahan Azam,39,Masala Dosa,Vegetarian,2,? 180.00, ? 360.00 , ? 138.00 ,? 84.00,"It was an okay Masala Dosa, but I've had better."
2851,2851,O02852,09-11-2024,12:15,C0267,Moh Saad Faruqi,39,Masala Dosa,Vegetarian,1,? 180.00, ? 180.00 , ? 138.00 ,? 42.00,The Masala Dosa is a great choice for vegetarians. Hearty and full of flavor.
2852,2852,O02853,09-11-2024,17:45,C0311,Imran Shikalkar,62,Chicken Spring Rolls,Starter,1,? 260.00, ? 260.00 , ? 189.00 ,? 71.00,The Chicken Spring Rolls was simply delicious and fresh. Highly recommended!
2853,2853,O02854,09-11-2024,20:30,C0305,Aasin Faruqi,98,Paneer Kathi Roll,Street Food,5,? 140.00, ? 700.00 , ? 103.00 ,? 185.00,A satisfying meal. The Paneer Kathi Roll was a good choice.
2854,2854,O02855,10-11-2024,22:30,C0022,Aasiya Ali,80,Tandoori Momos,Starter,5,? 260.00," ? 1,300.00 ", ? 185.00 ,? 375.00,The Tandoori Momos was simply delicious and fresh. Highly recommended!
2855,2855,O02856,10-11-2024,14:30,C0165,Dua Sayyad,97,Grilled Cheese Sandwich,Sandwiches,2,? 120.00, ? 240.00 , ? 90.00 ,? 60.00,The Grilled Cheese Sandwich met my expectations.
2856,2856,O02857,10-11-2024,14:30,C0276,Wahaj Faruqi,128,Paneer Tandoori Wrap,Snacks,2,? 120.00, ? 240.00 , ? 94.00 ,? 52.00,A satisfying meal. The Paneer Tandoori Wrap was a good choice.
2857,2857,O02858,10-11-2024,16:15,C0132,Sultan Momin,96,Club Sandwich,Sandwiches,1,? 160.00, ? 160.00 , ? 119.00 ,? 41.00,The Club Sandwich was fine.
2858,2858,O02859,10-11-2024,16:45,C0108,Arman Azam,109,Cheese Sandwich,Sandwiches,4,? 100.00, ? 400.00 , ? 72.00 ,? 112.00,A satisfying meal. The Cheese Sandwich was a good choice.
2859,2859,O02860,10-11-2024,11:30,C0181,Aman Khan,119,Veg Paneer Wrap,Snacks,1,? 95.00, ? 95.00 , ? 74.00 ,? 21.00,A satisfying meal. The Veg Paneer Wrap was a good choice.
2860,2860,O02861,10-11-2024,14:45,C0002,Dua Khan,108,Chicken Shawarma,Street Food,1,? 170.00, ? 170.00 , ? 131.00 ,? 39.00,I was not a fan of the Chicken Shawarma.
2861,2861,O02862,10-11-2024,11:45,C0163,Shamsher Shikalkar,98,Paneer Kathi Roll,Street Food,4,? 140.00, ? 560.00 , ? 103.00 ,? 148.00,A satisfying meal. The Paneer Kathi Roll was a good choice.
2862,2862,O02863,10-11-2024,21:15,C0255,Shamsher Malik,25,Spring Rolls,Starter,3,? 220.00, ? 660.00 , ? 164.00 ,? 168.00,The Spring Rolls was a bit too oily for my liking.
2863,2863,O02864,10-11-2024,11:45,C0267,Moh Saad Faruqi,79,Fried Momos (Chicken),Starter,1,? 240.00, ? 240.00 , ? 176.00 ,? 64.00,The Fried Momos (Chicken) was a fantastic start to our meal! Perfectly crispy.
2864,2864,O02865,11-11-2024,22:30,C0212,Shahrukh Mujawar,108,Chicken Shawarma,Street Food,1,? 170.00, ? 170.00 , ? 131.00 ,? 39.00,The Chicken Shawarma was fine.
2865,2865,O02866,11-11-2024,13:30,C0326,Aman Sayyad,83,Malai Kofta,Main Course,3,? 340.00," ? 1,020.00 ", ? 249.00 ,? 273.00,The Malai Kofta was not what I expected.
2866,2866,O02867,11-11-2024,16:00,C0065,Shamsher Faruqi,115,Chicken Kathi Roll,Snacks,5,? 120.00, ? 600.00 , ? 91.00 ,? 145.00,A satisfying meal. The Chicken Kathi Roll was a good choice.
2867,2867,O02868,11-11-2024,18:00,C0186,Aariz Khan,75,Veg Momos,Starter,2,? 180.00, ? 360.00 , ? 138.00 ,? 84.00,Absolutely loved the Veg Momos! It was the perfect appetizer to get us started.
2868,2868,O02869,11-11-2024,21:00,C0162,Shamsher Mujawar,51,Tandoori Chicken,Non-Veg Main,2,? 460.00, ? 920.00 , ? 366.00 ,? 188.00,The Tandoori Chicken was alright. It was cooked well but the flavor was average.
2869,2869,O02870,11-11-2024,15:15,C0058,Danish Nadaf,55,Vegetable Korma,Vegetarian,4,? 320.00," ? 1,280.00 ", ? 243.00 ,? 308.00,A wholesome and delicious Vegetable Korma. The vegetables were so fresh!
2870,2870,O02871,11-11-2024,19:45,C0043,Aakib Faruqi,115,Chicken Kathi Roll,Street Food,1,? 160.00, ? 160.00 , ? 112.00 ,? 48.00,The Chicken Kathi Roll met my expectations.
2871,2871,O02872,11-11-2024,16:30,C0224,Nikhat Mujawar,97,Grilled Cheese Sandwich,Sandwiches,3,? 120.00, ? 360.00 , ? 90.00 ,? 90.00,The Grilled Cheese Sandwich met my expectations.
2872,2872,O02873,11-11-2024,22:30,C0169,Anis Taimoor,61,Veg Spring Rolls,Starter,3,? 220.00, ? 660.00 , ? 162.00 ,? 174.00,The Veg Spring Rolls was a fantastic start to our meal! Perfectly crispy.
2873,2873,O02874,12-11-2024,18:00,C0091,Aasin Nadaf,64,Chili Chicken,Starter,3,? 340.00," ? 1,020.00 ", ? 250.00 ,? 270.00,Absolutely loved the Chili Chicken! It was the perfect appetizer to get us started.
2874,2874,O02875,12-11-2024,19:30,C0165,Dua Sayyad,131,Avocado Toast,Breakfast,4,? 150.00, ? 600.00 , ? 111.00 ,? 156.00,A satisfying meal. The Avocado Toast was a good choice.
2875,2875,O02876,12-11-2024,16:15,C0166,Nikhat Taimoor,102,Chicken Sub,Sandwiches,4,? 180.00, ? 720.00 , ? 137.00 ,? 172.00,The Chicken Sub was excellent. Really enjoyed the meal.
2876,2876,O02877,12-11-2024,18:30,C0246,Aariz Raes,128,Paneer Tandoori Wrap,Snacks,4,? 120.00, ? 480.00 , ? 94.00 ,? 104.00,The Paneer Tandoori Wrap met my expectations.
2877,2877,O02878,12-11-2024,19:00,C0042,Aasin Taimoor,22,Paneer Tikka,Starter,2,? 280.00, ? 560.00 , ? 199.00 ,? 162.00,Absolutely loved the Paneer Tikka! It was the perfect appetizer to get us started.
2878,2878,O02879,12-11-2024,11:30,C0107,Aasifa Faruqi,28,Caesar Salad,Salad,4,? 280.00," ? 1,120.00 ", ? 210.00 ,? 280.00,I was not a fan of the Caesar Salad.
2879,2879,O02880,12-11-2024,22:15,C0081,Ayeza Raes,9,Palak Paneer,Vegetarian,2,? 360.00, ? 720.00 , ? 273.00 ,? 174.00,The vegetables in the Palak Paneer seemed overcooked.
2880,2880,O02881,13-11-2024,19:30,C0256,Arman Faruqi,113,Aloo Parantha,Breads,4,? 80.00, ? 320.00 , ? 63.00 ,? 68.00,Great food! The Aloo Parantha was delicious and well-prepared.
2881,2881,O02882,13-11-2024,16:15,C0328,Isharat Khan,113,Aloo Parantha,Breads,1,? 80.00, ? 80.00 , ? 63.00 ,? 17.00,I was not a fan of the Aloo Parantha.
2882,2882,O02883,13-11-2024,17:00,C0094,Rihan Ali,12,Veggie Burger,Burger,1,? 250.00, ? 250.00 , ? 199.00 ,? 51.00,A satisfying meal. The Veggie Burger was a good choice.
2883,2883,O02884,13-11-2024,17:30,C0227,Nikhat Taimoor,40,Idli Sambar,Vegetarian,2,? 160.00, ? 320.00 , ? 119.00 ,? 82.00,The Idli Sambar is a great choice for vegetarians. Hearty and full of flavor.
2884,2884,O02885,13-11-2024,14:30,C0268,Ayeza Azam,62,Chicken Spring Rolls,Starter,3,? 260.00, ? 780.00 , ? 189.00 ,? 213.00,The Chicken Spring Rolls was a fantastic start to our meal! Perfectly crispy.
2885,2885,O02886,13-11-2024,19:15,C0193,Anis Nadaf,80,Tandoori Momos,Starter,4,? 260.00," ? 1,040.00 ", ? 185.00 ,? 300.00,"The Tandoori Momos was decent, but nothing special."
2886,2886,O02887,13-11-2024,12:00,C0059,Aman Momin,25,Spring Rolls,Starter,2,? 220.00, ? 440.00 , ? 164.00 ,? 112.00,The Spring Rolls was cold when it arrived at our table.
2887,2887,O02888,13-11-2024,11:45,C0182,Rihan Shaikh,107,Paneer Shawarma,Street Food,4,? 150.00, ? 600.00 , ? 111.00 ,? 156.00,The Paneer Shawarma was not what I expected.
2888,2888,O02889,13-11-2024,14:30,C0262,Nikhat Faruqi,84,Seekh Kebab,Starter,3,? 400.00," ? 1,200.00 ", ? 282.00 ,? 354.00,The Seekh Kebab was a fantastic start to our meal! Perfectly crispy.
2889,2889,O02890,14-11-2024,19:45,C0235,Abdul Rahim Malik,110,Paneer Sandwich,Sandwiches,5,? 120.00, ? 600.00 , ? 84.00 ,? 180.00,I was not a fan of the Paneer Sandwich.
2890,2890,O02891,14-11-2024,17:15,C0216,Sultan Khan,127,Mutton Seekh Kebab Roll,Snacks,1,? 170.00, ? 170.00 , ? 132.00 ,? 38.00,I was not a fan of the Mutton Seekh Kebab Roll.
2891,2891,O02892,14-11-2024,19:00,C0199,Arman Shaikh,87,Uttapam,South Indian,5,? 220.00," ? 1,100.00 ", ? 170.00 ,? 250.00,The Uttapam was excellent. Really enjoyed the meal.
2892,2892,O02893,14-11-2024,20:45,C0249,Aasiya Mujawar,1,Tomato Soup,Starter,1,? 180.00, ? 180.00 , ? 132.00 ,? 48.00,Absolutely loved the Tomato Soup! It was the perfect appetizer to get us started.
2893,2893,O02894,14-11-2024,19:30,C0120,Ayeza Taimoor,42,Medu Vada,Vegetarian,5,? 150.00, ? 750.00 , ? 112.00 ,? 190.00,The vegetables in the Medu Vada seemed overcooked.
2894,2894,O02895,14-11-2024,14:45,C0142,Abdul Rahim Nadaf,23,Chicken Tikka,Starter,1,? 320.00, ? 320.00 , ? 233.00 ,? 87.00,Absolutely loved the Chicken Tikka! It was the perfect appetizer to get us started.
2895,2895,O02896,14-11-2024,21:30,C0282,Nikhat Khan,50,Jeera Rice,Rice & Noodles,3,? 180.00, ? 540.00 , ? 129.00 ,? 153.00,The Jeera Rice was fine.
2896,2896,O02897,14-11-2024,17:15,C0035,Aasifa Shaikh,16,Ice Cream Sundae,Dessert,3,? 200.00, ? 600.00 , ? 143.00 ,? 171.00,Great food! The Ice Cream Sundae was delicious and well-prepared.
2897,2897,O02898,14-11-2024,22:30,C0221,Arman Mujawar,38,Mutton Biryani,Rice & Noodles,2,? 480.00, ? 960.00 , ? 340.00 ,? 280.00,Great food! The Mutton Biryani was delicious and well-prepared.
2898,2898,O02899,14-11-2024,17:00,C0013,Aariz Raes,111,Egg Sandwich,Sandwiches,3,? 110.00, ? 330.00 , ? 80.00 ,? 90.00,The Egg Sandwich met my expectations.
2899,2899,O02900,14-11-2024,17:45,C0018,Sher Shikalkar,79,Fried Momos (Chicken),Starter,5,? 240.00," ? 1,200.00 ", ? 176.00 ,? 320.00,Absolutely loved the Fried Momos (Chicken)! It was the perfect appetizer to get us started.
2900,2900,O02901,14-11-2024,19:15,C0220,Rihan Mujawar,94,Butter Naan,Breads,3,? 60.00, ? 180.00 , ? 45.00 ,? 45.00,The Butter Naan was excellent. Really enjoyed the meal.
2901,2901,O02902,15-11-2024,14:30,C0304,Danish Sayyad,37,Biryani Veg,Rice & Noodles,5,? 320.00," ? 1,600.00 ", ? 233.00 ,? 435.00,A satisfying meal. The Biryani Veg was a good choice.
2902,2902,O02903,15-11-2024,18:45,C0051,Dua Khan,126,Corn & Cheese Sandwich,Snacks,4,? 90.00, ? 360.00 , ? 66.00 ,? 96.00,A satisfying meal. The Corn & Cheese Sandwich was a good choice.
2903,2903,O02904,15-11-2024,11:00,C0316,Shamsher Mujawar,75,Veg Momos,Starter,3,? 180.00, ? 540.00 , ? 138.00 ,? 126.00,The Veg Momos was a bit too oily for my liking.
2904,2904,O02905,15-11-2024,14:15,C0242,Arahan Mujawar,98,Paneer Kathi Roll,Street Food,5,? 140.00, ? 700.00 , ? 103.00 ,? 185.00,The Paneer Kathi Roll met my expectations.
2905,2905,O02906,15-11-2024,11:30,C0010,Kaif Azam,61,Veg Spring Rolls,Starter,2,? 220.00, ? 440.00 , ? 162.00 ,? 116.00,The Veg Spring Rolls was a bit too oily for my liking.
2906,2906,O02907,15-11-2024,10:30,C0232,Aariz Raes,62,Chicken Spring Rolls,Starter,3,? 260.00, ? 780.00 , ? 189.00 ,? 213.00,The Chicken Spring Rolls was a fantastic start to our meal! Perfectly crispy.
2907,2907,O02908,15-11-2024,21:30,C0002,Dua Khan,3,Chicken Soup,Starter,1,? 220.00, ? 220.00 , ? 170.00 ,? 50.00,The Chicken Soup was a fantastic start to our meal! Perfectly crispy.
2908,2908,O02909,15-11-2024,15:30,C0159,Arman Taimoor,131,Avocado Toast,Breakfast,4,? 150.00, ? 600.00 , ? 111.00 ,? 156.00,The Avocado Toast was excellent. Really enjoyed the meal.
2909,2909,O02910,15-11-2024,16:00,C0326,Aman Sayyad,68,Chicken Schezwan Noodles,Rice & Noodles,2,? 280.00, ? 560.00 , ? 218.00 ,? 124.00,The Chicken Schezwan Noodles was not what I expected.
2910,2910,O02911,15-11-2024,18:15,C0006,Imran Taimoor,117,Egg Mayo Sandwich,Snacks,2,? 85.00, ? 170.00 , ? 66.00 ,? 38.00,The Egg Mayo Sandwich was fine.
2911,2911,O02912,15-11-2024,12:00,C0030,Sher Mujawar,100,Veg Wrap,Sandwiches,3,? 130.00, ? 390.00 , ? 92.00 ,? 114.00,A satisfying meal. The Veg Wrap was a good choice.
2912,2912,O02913,15-11-2024,10:00,C0265,Aasin Ali,72,Sweet Corn Soup (Chicken),Starter,4,? 180.00, ? 720.00 , ? 129.00 ,? 204.00,Wasn't very impressed with the Sweet Corn Soup (Chicken). It lacked flavor.
2913,2913,O02914,15-11-2024,14:30,C0258,Aakib Sayyad,123,Chicken Caesar Wrap,Snacks,4,? 150.00, ? 600.00 , ? 109.00 ,? 164.00,The Chicken Caesar Wrap was excellent. Really enjoyed the meal.
2914,2914,O02915,15-11-2024,14:30,C0227,Nikhat Taimoor,97,Grilled Cheese Sandwich,Sandwiches,4,? 120.00, ? 480.00 , ? 90.00 ,? 120.00,The Grilled Cheese Sandwich was excellent. Really enjoyed the meal.
2915,2915,O02916,15-11-2024,15:30,C0247,Shahrukh Sayyad,22,Paneer Tikka,Starter,1,? 280.00, ? 280.00 , ? 199.00 ,? 81.00,Absolutely loved the Paneer Tikka! It was the perfect appetizer to get us started.
2916,2916,O02917,16-11-2024,22:45,C0299,Aakib Shaikh,38,Mutton Biryani,Rice Meal,5,? 490.00," ? 2,450.00 ", ? 350.00 ,? 700.00,Great food! The Mutton Biryani was delicious and well-prepared.
2917,2917,O02918,16-11-2024,15:45,C0096,Imran Mujawar,2,Mushroom Soup,Starter,5,? 200.00," ? 1,000.00 ", ? 159.00 ,? 205.00,Absolutely loved the Mushroom Soup! It was the perfect appetizer to get us started.
2918,2918,O02919,16-11-2024,19:45,C0099,Aariz Faruqi,54,Egg Biryani,Rice & Noodles,1,? 340.00, ? 340.00 , ? 268.00 ,? 72.00,The Egg Biryani met my expectations.
2919,2919,O02920,16-11-2024,19:15,C0310,Ayeza Faruqi,6,Grilled Salmon,Ocean Meal,1,? 500.00, ? 500.00 , ? 357.00 ,? 143.00,The Grilled Salmon could have been better.
2920,2920,O02921,16-11-2024,19:15,C0186,Aariz Khan,22,Paneer Tikka,Starter,2,? 280.00, ? 560.00 , ? 199.00 ,? 162.00,The Paneer Tikka was simply delicious and fresh. Highly recommended!
2921,2921,O02922,16-11-2024,10:15,C0119,Shahrukh Azam,120,Peri Peri Chicken Wings,Snacks,1,? 180.00, ? 180.00 , ? 135.00 ,? 45.00,Great food! The Peri Peri Chicken Wings was delicious and well-prepared.
2922,2922,O02923,16-11-2024,12:00,C0175,Aasiya Momin,101,Veggie Sub,Sandwiches,1,? 150.00, ? 150.00 , ? 105.00 ,? 45.00,The Veggie Sub was not what I expected.
2923,2923,O02924,16-11-2024,11:45,C0223,Anis Sayyad,89,Misal Pav,Snack,4,? 160.00, ? 640.00 , ? 126.00 ,? 136.00,The Misal Pav was excellent. Really enjoyed the meal.
2924,2924,O02925,17-11-2024,10:30,C0241,Shamsher Faruqi,100,Veg Wrap,Sandwiches,4,? 130.00, ? 520.00 , ? 92.00 ,? 152.00,The Veg Wrap was excellent. Really enjoyed the meal.
2925,2925,O02926,17-11-2024,20:30,C0266,Aasifa Sayyad,123,Chicken Caesar Wrap,Snacks,4,? 150.00, ? 600.00 , ? 109.00 ,? 164.00,I was not a fan of the Chicken Caesar Wrap.
2926,2926,O02927,17-11-2024,11:15,C0004,Ayeza Ali,130,Veggie Delight Sub,Snacks,1,? 120.00, ? 120.00 , ? 90.00 ,? 30.00,The Veggie Delight Sub was excellent. Really enjoyed the meal.
2927,2927,O02928,17-11-2024,13:15,C0042,Aasin Taimoor,64,Chili Chicken,Starter,3,? 340.00," ? 1,020.00 ", ? 250.00 ,? 270.00,"The Chili Chicken was decent, but nothing special."
2928,2928,O02929,17-11-2024,12:15,C0272,Aasifa Raes,112,Paneer Parantha,Breads,1,? 90.00, ? 90.00 , ? 64.00 ,? 26.00,It was an average Paneer Parantha.
2929,2929,O02930,17-11-2024,12:00,C0103,Aasiya Faruqi,85,Veg Thali,Meal Combo,2,? 360.00, ? 720.00 , ? 263.00 ,? 194.00,A satisfying meal. The Veg Thali was a good choice.
2930,2930,O02931,17-11-2024,17:15,C0225,Arman Faruqi,28,Caesar Salad,Salad,2,? 280.00, ? 560.00 , ? 210.00 ,? 140.00,A satisfying meal. The Caesar Salad was a good choice.
2931,2931,O02932,17-11-2024,13:15,C0009,Shamsher Khan,100,Veg Wrap,Sandwiches,4,? 130.00, ? 520.00 , ? 92.00 ,? 152.00,I was not a fan of the Veg Wrap.
2932,2932,O02933,18-11-2024,11:15,C0083,Isharat Mujawar,13,Gulab Jamun,Dessert,3,? 150.00, ? 450.00 , ? 117.00 ,? 99.00,I was not a fan of the Gulab Jamun.
2933,2933,O02934,18-11-2024,14:00,C0227,Nikhat Taimoor,103,Paneer Frankie,Street Food,4,? 130.00, ? 520.00 , ? 95.00 ,? 140.00,A satisfying meal. The Paneer Frankie was a good choice.
2934,2934,O02935,18-11-2024,11:00,C0159,Arman Taimoor,46,Kadai Paneer,Vegetarian,5,? 360.00," ? 1,800.00 ", ? 275.00 ,? 425.00,The Kadai Paneer is a great choice for vegetarians. Hearty and full of flavor.
2935,2935,O02936,18-11-2024,19:15,C0001,Moh Saad Azam,88,Vada Pav,Snack,4,? 120.00, ? 480.00 , ? 91.00 ,? 116.00,Great food! The Vada Pav was delicious and well-prepared.
2936,2936,O02937,18-11-2024,10:15,C0179,Arman Malik,112,Paneer Parantha,Breads,2,? 90.00, ? 180.00 , ? 64.00 ,? 52.00,Great food! The Paneer Parantha was delicious and well-prepared.
2937,2937,O02938,18-11-2024,15:45,C0027,Arman Faruqi,30,Shahi Paneer,Vegetarian,1,? 400.00, ? 400.00 , ? 281.00 ,? 119.00,The Shahi Paneer was as expected.
2938,2938,O02939,18-11-2024,22:00,C0020,Rihan Shikalkar,26,Pasta Alfredo,Continental,1,? 320.00, ? 320.00 , ? 249.00 ,? 71.00,Great food! The Pasta Alfredo was delicious and well-prepared.
2939,2939,O02940,18-11-2024,10:15,C0147,Danish Khan,129,Smoked Chicken Sub,Snacks,1,? 160.00, ? 160.00 , ? 112.00 ,? 48.00,Great food! The Smoked Chicken Sub was delicious and well-prepared.
2940,2940,O02941,18-11-2024,10:00,C0116,Arman Khan,104,Chicken Frankie,Street Food,3,? 150.00, ? 450.00 , ? 112.00 ,? 114.00,I was not a fan of the Chicken Frankie.
2941,2941,O02942,18-11-2024,18:45,C0217,Nikhat Mujawar,19,Chicken Hakka Noodles,Rice & Noodles,4,? 260.00," ? 1,040.00 ", ? 193.00 ,? 268.00,The Chicken Hakka Noodles was excellent. Really enjoyed the meal.
2942,2942,O02943,18-11-2024,21:00,C0153,Nikhat Malik,18,Veg Hakka Noodles,Rice & Noodles,5,? 220.00," ? 1,100.00 ", ? 165.00 ,? 275.00,It was an average Veg Hakka Noodles.
2943,2943,O02944,19-11-2024,15:30,C0213,Aakib Ali,106,Chicken Burger,Fast Food,4,? 160.00, ? 640.00 , ? 115.00 ,? 180.00,I was not a fan of the Chicken Burger.
2944,2944,O02945,19-11-2024,14:00,C0012,Abdul Rahim Malik,32,Fish Curry,Non-Veg Main,2,? 400.00, ? 800.00 , ? 286.00 ,? 228.00,The Fish Curry was too spicy for me to handle.
2945,2945,O02946,19-11-2024,16:00,C0150,Aman Ali,103,Paneer Frankie,Street Food,3,? 130.00, ? 390.00 , ? 95.00 ,? 105.00,The Paneer Frankie was excellent. Really enjoyed the meal.
2946,2946,O02947,19-11-2024,20:30,C0197,Arahan Ali,18,Veg Hakka Noodles,Rice & Noodles,5,? 220.00," ? 1,100.00 ", ? 165.00 ,? 275.00,Great food! The Veg Hakka Noodles was delicious and well-prepared.
2947,2947,O02948,19-11-2024,19:00,C0099,Aariz Faruqi,61,Veg Spring Rolls,Starter,1,? 220.00, ? 220.00 , ? 162.00 ,? 58.00,Wasn't very impressed with the Veg Spring Rolls. It lacked flavor.
2948,2948,O02949,19-11-2024,22:30,C0025,Aasifa Khan,120,Peri Peri Chicken Wings,Snacks,2,? 180.00, ? 360.00 , ? 135.00 ,? 90.00,A satisfying meal. The Peri Peri Chicken Wings was a good choice.
2949,2949,O02950,19-11-2024,14:30,C0065,Shamsher Faruqi,119,Veg Paneer Wrap,Snacks,5,? 95.00, ? 475.00 , ? 74.00 ,? 105.00,A satisfying meal. The Veg Paneer Wrap was a good choice.
2950,2950,O02951,19-11-2024,12:15,C0276,Wahaj Faruqi,32,Fish Curry,Non-Veg Main,2,? 400.00, ? 800.00 , ? 286.00 ,? 228.00,The Fish Curry was the highlight of our meal. Absolutely delicious!
2951,2951,O02952,19-11-2024,14:15,C0010,Kaif Azam,40,Idli Sambar,Vegetarian,2,? 160.00, ? 320.00 , ? 119.00 ,? 82.00,"It was an okay Idli Sambar, but I've had better."
2952,2952,O02953,19-11-2024,18:45,C0111,Moh Saad Raes,8,Paneer Butter Masala,Vegetarian,5,? 380.00," ? 1,900.00 ", ? 298.00 ,? 410.00,The Paneer Butter Masala is a great choice for vegetarians. Hearty and full of flavor.
2953,2953,O02954,19-11-2024,21:45,C0241,Shamsher Faruqi,38,Mutton Biryani,Rice Meal,5,? 490.00," ? 2,450.00 ", ? 350.00 ,? 700.00,A satisfying meal. The Mutton Biryani was a good choice.
2954,2954,O02955,19-11-2024,21:30,C0087,Moh Saad Mujawar,45,Egg Curry,Non-Veg Main,2,? 280.00, ? 560.00 , ? 203.00 ,? 154.00,A truly authentic and flavorful Egg Curry. It was very satisfying.
2955,2955,O02956,20-11-2024,13:00,C0320,Sultan Momin,33,Dal Tadka,Vegetarian,3,? 260.00, ? 780.00 , ? 183.00 ,? 231.00,The Dal Tadka was a decent vegetarian option.
2956,2956,O02957,20-11-2024,19:30,C0103,Aasiya Faruqi,34,Rajma Chawal,Vegetarian,1,? 300.00, ? 300.00 , ? 238.00 ,? 62.00,The Rajma Chawal is a great choice for vegetarians. Hearty and full of flavor.
2957,2957,O02958,20-11-2024,12:30,C0028,Aakib Faruqi,58,Crab Curry,Non-Veg Main,5,? 520.00," ? 2,600.00 ", ? 374.00 ,? 730.00,The Crab Curry was cooked to perfection. The spices were spot on!
2958,2958,O02959,20-11-2024,11:00,C0064,Isharat Nadaf,33,Dal Tadka,Vegetarian,3,? 260.00, ? 780.00 , ? 183.00 ,? 231.00,The Dal Tadka is a great choice for vegetarians. Hearty and full of flavor.
2959,2959,O02960,20-11-2024,21:45,C0263,Sher Raes,35,Chole Bhature,Vegetarian,3,? 280.00, ? 840.00 , ? 223.00 ,? 171.00,The Chole Bhature was bland and needed more seasoning.
2960,2960,O02961,20-11-2024,13:45,C0131,Aasin Ali,78,Fried Momos (Veg),Starter,5,? 200.00," ? 1,000.00 ", ? 141.00 ,? 295.00,The Fried Momos (Veg) was cold when it arrived at our table.
2961,2961,O02962,20-11-2024,10:00,C0181,Aman Khan,85,Veg Thali,Meal Combo,3,? 360.00," ? 1,080.00 ", ? 263.00 ,? 291.00,I was not a fan of the Veg Thali.
2962,2962,O02963,20-11-2024,18:15,C0247,Shahrukh Sayyad,100,Veg Wrap,Sandwiches,1,? 130.00, ? 130.00 , ? 92.00 ,? 38.00,I was not a fan of the Veg Wrap.
2963,2963,O02964,20-11-2024,10:15,C0102,Aasifa Taimoor,8,Paneer Butter Masala,Vegetarian,2,? 380.00, ? 760.00 , ? 298.00 ,? 164.00,The Paneer Butter Masala was a decent vegetarian option.
2964,2964,O02965,20-11-2024,13:00,C0260,Danish Ali,53,Veg Pulao,Rice & Noodles,3,? 240.00, ? 720.00 , ? 190.00 ,? 150.00,Great food! The Veg Pulao was delicious and well-prepared.
2965,2965,O02966,20-11-2024,18:30,C0291,Aman Faruqi,75,Veg Momos,Starter,5,? 180.00, ? 900.00 , ? 138.00 ,? 210.00,The Veg Momos was cold when it arrived at our table.
2966,2966,O02967,20-11-2024,19:00,C0041,Aakib Shaikh,38,Mutton Biryani,Rice & Noodles,3,? 480.00," ? 1,440.00 ", ? 340.00 ,? 420.00,The Mutton Biryani was excellent. Really enjoyed the meal.
2967,2967,O02968,20-11-2024,22:45,C0322,Aasin Malik,62,Chicken Spring Rolls,Starter,5,? 260.00," ? 1,300.00 ", ? 189.00 ,? 355.00,The Chicken Spring Rolls was a fantastic start to our meal! Perfectly crispy.
2968,2968,O02969,20-11-2024,10:30,C0084,Imran Momin,108,Chicken Shawarma,Street Food,3,? 170.00, ? 510.00 , ? 131.00 ,? 117.00,The Chicken Shawarma was excellent. Really enjoyed the meal.
2969,2969,O02970,20-11-2024,17:15,C0279,Arman Taimoor,93,Matar Paneer,Main Course,1,? 340.00, ? 340.00 , ? 263.00 ,? 77.00,A satisfying meal. The Matar Paneer was a good choice.
2970,2970,O02971,21-11-2024,12:45,C0152,Dua Sayyad,94,Butter Naan,Breads,2,? 60.00, ? 120.00 , ? 45.00 ,? 30.00,The Butter Naan was excellent. Really enjoyed the meal.
2971,2971,O02972,21-11-2024,10:45,C0239,Arman Momin,19,Chicken Hakka Noodles,Rice & Noodles,4,? 260.00," ? 1,040.00 ", ? 193.00 ,? 268.00,A satisfying meal. The Chicken Hakka Noodles was a good choice.
2972,2972,O02973,21-11-2024,11:15,C0270,Isharat Malik,66,Schezwan Chicken Fried Rice,Rice & Noodles,5,? 280.00," ? 1,400.00 ", ? 211.00 ,? 345.00,It was an average Schezwan Chicken Fried Rice.
2973,2973,O02974,21-11-2024,15:30,C0101,Aariz Malik,30,Shahi Paneer,Vegetarian,3,? 400.00," ? 1,200.00 ", ? 281.00 ,? 357.00,The Shahi Paneer was bland and needed more seasoning.
2974,2974,O02975,21-11-2024,14:45,C0119,Shahrukh Azam,48,Baingan Bharta,Vegetarian,5,? 260.00," ? 1,300.00 ", ? 195.00 ,? 325.00,The Baingan Bharta is a great choice for vegetarians. Hearty and full of flavor.
2975,2975,O02976,21-11-2024,11:45,C0032,Ayeza Mujawar,113,Aloo Parantha,Breads,5,? 80.00, ? 400.00 , ? 63.00 ,? 85.00,The Aloo Parantha could have been better.
2976,2976,O02977,21-11-2024,13:45,C0274,Moh Saad Sayyad,112,Paneer Parantha,Breads,4,? 90.00, ? 360.00 , ? 64.00 ,? 104.00,The Paneer Parantha was excellent. Really enjoyed the meal.
2977,2977,O02978,21-11-2024,12:00,C0127,Dua Taimoor,55,Vegetable Korma,Vegetarian,2,? 320.00, ? 640.00 , ? 243.00 ,? 154.00,The Vegetable Korma was as expected.
2978,2978,O02979,21-11-2024,22:15,C0057,Arman Azam,78,Fried Momos (Veg),Starter,2,? 200.00, ? 400.00 , ? 141.00 ,? 118.00,The Fried Momos (Veg) was simply delicious and fresh. Highly recommended!
2979,2979,O02980,21-11-2024,14:00,C0285,Ayeza Raes,80,Tandoori Momos,Starter,2,? 260.00, ? 520.00 , ? 185.00 ,? 150.00,The Tandoori Momos was a fantastic start to our meal! Perfectly crispy.
2980,2980,O02981,21-11-2024,15:45,C0191,Imran Shikalkar,15,Tiramisu,Dessert,1,? 280.00, ? 280.00 , ? 201.00 ,? 79.00,The Tiramisu was excellent. Really enjoyed the meal.
2981,2981,O02982,21-11-2024,16:45,C0307,Aasiya Mujawar,43,Onion Uttapam,Vegetarian,4,? 160.00, ? 640.00 , ? 112.00 ,? 192.00,I found the Onion Uttapam to be a bit watery.
2982,2982,O02983,21-11-2024,21:30,C0247,Shahrukh Sayyad,21,Chicken Fried Rice,Rice & Noodles,5,? 240.00," ? 1,200.00 ", ? 182.00 ,? 290.00,I was not a fan of the Chicken Fried Rice.
2983,2983,O02984,22-11-2024,12:15,C0022,Aasiya Ali,129,Smoked Chicken Sub,Snacks,2,? 160.00, ? 320.00 , ? 112.00 ,? 96.00,The Smoked Chicken Sub met my expectations.
2984,2984,O02985,22-11-2024,11:45,C0006,Imran Taimoor,101,Veggie Sub,Sandwiches,1,? 150.00, ? 150.00 , ? 105.00 ,? 45.00,The Veggie Sub was excellent. Really enjoyed the meal.
2985,2985,O02986,22-11-2024,20:15,C0282,Nikhat Khan,89,Misal Pav,Snack,4,? 160.00, ? 640.00 , ? 126.00 ,? 136.00,The Misal Pav could have been better.
2986,2986,O02987,22-11-2024,15:30,C0212,Shahrukh Mujawar,73,Veg Clear Soup,Starter,3,? 120.00, ? 360.00 , ? 84.00 ,? 108.00,The Veg Clear Soup was cold when it arrived at our table.
2987,2987,O02988,22-11-2024,12:45,C0009,Shamsher Khan,21,Chicken Fried Rice,Rice & Noodles,4,? 240.00, ? 960.00 , ? 182.00 ,? 232.00,A satisfying meal. The Chicken Fried Rice was a good choice.
2988,2988,O02989,22-11-2024,10:00,C0177,Sultan Ali,71,Sweet Corn Soup (Veg),Starter,4,? 140.00, ? 560.00 , ? 108.00 ,? 128.00,The Sweet Corn Soup (Veg) was simply delicious and fresh. Highly recommended!
2989,2989,O02990,22-11-2024,17:30,C0171,Aman Azam,41,Vada Sambar,Vegetarian,3,? 170.00, ? 510.00 , ? 121.00 ,? 147.00,Loved the Vada Sambar! It was a delightful and well-prepared vegetarian meal.
2990,2990,O02991,22-11-2024,16:15,C0307,Aasiya Mujawar,85,Veg Thali,Meal Combo,1,? 360.00, ? 360.00 , ? 263.00 ,? 97.00,It was an average Veg Thali.
2991,2991,O02992,22-11-2024,12:30,C0067,Sultan Ali,25,Spring Rolls,Starter,5,? 220.00," ? 1,100.00 ", ? 164.00 ,? 280.00,The Spring Rolls was okay. It was a standard appetizer.
2992,2992,O02993,22-11-2024,14:00,C0082,Isharat Nadaf,128,Paneer Tandoori Wrap,Snacks,3,? 120.00, ? 360.00 , ? 94.00 ,? 78.00,The Paneer Tandoori Wrap was excellent. Really enjoyed the meal.
2993,2993,O02994,22-11-2024,14:15,C0291,Aman Faruqi,72,Sweet Corn Soup (Chicken),Starter,4,? 180.00, ? 720.00 , ? 129.00 ,? 204.00,Wasn't very impressed with the Sweet Corn Soup (Chicken). It lacked flavor.
2994,2994,O02995,23-11-2024,21:45,C0107,Aasifa Faruqi,95,Garlic Naan,Breads,5,? 70.00, ? 350.00 , ? 54.00 ,? 80.00,Great food! The Garlic Naan was delicious and well-prepared.
2995,2995,O02996,23-11-2024,16:30,C0145,Imran Khan,124,Grilled Veg Panini,Snacks,5,? 140.00, ? 700.00 , ? 99.00 ,? 205.00,The Grilled Veg Panini was excellent. Really enjoyed the meal.
2996,2996,O02997,23-11-2024,20:45,C0252,Moh Saad Faruqi,107,Paneer Shawarma,Street Food,5,? 150.00, ? 750.00 , ? 111.00 ,? 195.00,I was not a fan of the Paneer Shawarma.
2997,2997,O02998,23-11-2024,11:00,C0100,Aman Momin,69,Hot & Sour Soup (Veg),Starter,5,? 160.00, ? 800.00 , ? 113.00 ,? 235.00,Absolutely loved the Hot & Sour Soup (Veg)! It was the perfect appetizer to get us started.
2998,2998,O02999,23-11-2024,17:15,C0064,Isharat Nadaf,40,Idli Sambar,Vegetarian,4,? 160.00, ? 640.00 , ? 119.00 ,? 164.00,I found the Idli Sambar to be a bit watery.
2999,2999,O03000,23-11-2024,13:15,C0171,Aman Azam,105,Paneer Burger,Fast Food,2,? 140.00, ? 280.00 , ? 110.00 ,? 60.00,A satisfying meal. The Paneer Burger was a good choice.
3000,3000,O03001,23-11-2024,11:45,C0182,Rihan Shaikh,130,Veggie Delight Sub,Snacks,4,? 120.00, ? 480.00 , ? 90.00 ,? 120.00,A satisfying meal. The Veggie Delight Sub was a good choice.
3001,3001,O03002,23-11-2024,18:15,C0259,Nikhat Malik,124,Grilled Veg Panini,Snacks,2,? 140.00, ? 280.00 , ? 99.00 ,? 82.00,The Grilled Veg Panini met my expectations.
3002,3002,O03003,23-11-2024,20:15,C0274,Moh Saad Sayyad,60,Chicken Manchurian,Starter,2,? 280.00, ? 560.00 , ? 205.00 ,? 150.00,The Chicken Manchurian was okay. It was a standard appetizer.
3003,3003,O03004,23-11-2024,20:15,C0250,Isharat Azam,39,Masala Dosa,Vegetarian,1,? 180.00, ? 180.00 , ? 138.00 ,? 42.00,Loved the Masala Dosa! It was a delightful and well-prepared vegetarian meal.
3004,3004,O03005,23-11-2024,16:00,C0210,Sultan Nadaf,131,Avocado Toast,Breakfast,2,? 150.00, ? 300.00 , ? 111.00 ,? 78.00,The Avocado Toast was excellent. Really enjoyed the meal.
3005,3005,O03006,23-11-2024,18:30,C0018,Sher Shikalkar,81,Biryani (Veg),Rice,2,? 320.00, ? 640.00 , ? 251.00 ,? 138.00,The Biryani (Veg) was excellent. Really enjoyed the meal.
3006,3006,O03007,23-11-2024,10:30,C0141,Arahan Ali,88,Vada Pav,Snack,2,? 120.00, ? 240.00 , ? 91.00 ,? 58.00,The Vada Pav was not what I expected.
3007,3007,O03008,24-11-2024,13:00,C0181,Aman Khan,34,Rajma Chawal,Vegetarian,5,? 300.00," ? 1,500.00 ", ? 238.00 ,? 310.00,A wholesome and delicious Rajma Chawal. The vegetables were so fresh!
3008,3008,O03009,24-11-2024,18:45,C0167,Abdul Rahim Momin,75,Veg Momos,Starter,1,? 180.00, ? 180.00 , ? 138.00 ,? 42.00,It was an average Veg Momos.
3009,3009,O03010,24-11-2024,17:30,C0308,Ayeza Khan,54,Egg Biryani,Rice & Noodles,1,? 340.00, ? 340.00 , ? 268.00 ,? 72.00,It was an average Egg Biryani.
3010,3010,O03011,24-11-2024,21:00,C0197,Arahan Ali,116,Paneer Bhurji Sandwich,Snacks,3,? 75.00, ? 225.00 , ? 59.00 ,? 48.00,A satisfying meal. The Paneer Bhurji Sandwich was a good choice.
3011,3011,O03012,24-11-2024,16:45,C0136,Anis Taimoor,47,Bhindi Masala,Vegetarian,5,? 240.00," ? 1,200.00 ", ? 175.00 ,? 325.00,The vegetables in the Bhindi Masala seemed overcooked.
3012,3012,O03013,24-11-2024,16:00,C0017,Wahaj Taimoor,37,Biryani Veg,Rice & Noodles,5,? 320.00," ? 1,600.00 ", ? 233.00 ,? 435.00,Great food! The Biryani Veg was delicious and well-prepared.
3013,3013,O03014,24-11-2024,17:00,C0284,Sher Shaikh,26,Pasta Alfredo,Continental,1,? 320.00, ? 320.00 , ? 249.00 ,? 71.00,I was not a fan of the Pasta Alfredo.
3014,3014,O03015,24-11-2024,19:30,C0229,Aasin Khan,77,Paneer Momos,Starter,2,? 200.00, ? 400.00 , ? 155.00 ,? 90.00,Wasn't very impressed with the Paneer Momos. It lacked flavor.
3015,3015,O03016,24-11-2024,14:30,C0327,Abdul Rahim Mujawar,102,Chicken Sub,Sandwiches,4,? 180.00, ? 720.00 , ? 137.00 ,? 172.00,A satisfying meal. The Chicken Sub was a good choice.
3016,3016,O03017,25-11-2024,15:15,C0317,Rihan Azam,90,Pani Puri,Snack,1,? 100.00, ? 100.00 , ? 74.00 ,? 26.00,The Pani Puri could have been better.
3017,3017,O03018,25-11-2024,21:15,C0015,Kaif Taimoor,108,Chicken Shawarma,Street Food,2,? 170.00, ? 340.00 , ? 131.00 ,? 78.00,A satisfying meal. The Chicken Shawarma was a good choice.
3018,3018,O03019,25-11-2024,19:15,C0272,Aasifa Raes,53,Veg Pulao,Rice & Noodles,3,? 240.00, ? 720.00 , ? 190.00 ,? 150.00,The Veg Pulao could have been better.
3019,3019,O03020,25-11-2024,10:45,C0269,Aakib Nadaf,26,Pasta Alfredo,Continental,1,? 320.00, ? 320.00 , ? 249.00 ,? 71.00,It was an average Pasta Alfredo.
3020,3020,O03021,25-11-2024,18:30,C0281,Abdul Rahim Faruqi,95,Garlic Naan,Breads,2,? 70.00, ? 140.00 , ? 54.00 ,? 32.00,The Garlic Naan was excellent. Really enjoyed the meal.
3021,3021,O03022,25-11-2024,13:45,C0215,Ayeza Faruqi,32,Fish Curry,Non-Veg Main,3,? 400.00," ? 1,200.00 ", ? 286.00 ,? 342.00,Felt that the Fish Curry was overpriced for its quality.
3022,3022,O03023,25-11-2024,13:15,C0030,Sher Mujawar,91,Chana Masala,Main Course,1,? 260.00, ? 260.00 , ? 185.00 ,? 75.00,I was not a fan of the Chana Masala.
3023,3023,O03024,26-11-2024,13:45,C0093,Aakib Raes,60,Chicken Manchurian,Starter,2,? 280.00, ? 560.00 , ? 205.00 ,? 150.00,The Chicken Manchurian was a fantastic start to our meal! Perfectly crispy.
3024,3024,O03025,26-11-2024,17:45,C0046,Nikhat Taimoor,10,Pepperoni Pizza,Pizza,4,? 368.00," ? 1,472.00 ", ? 283.00 ,? 340.00,Great food! The Pepperoni Pizza was delicious and well-prepared.
3025,3025,O03026,26-11-2024,16:15,C0306,Arman Malik,127,Mutton Seekh Kebab Roll,Snacks,3,? 170.00, ? 510.00 , ? 132.00 ,? 114.00,Great food! The Mutton Seekh Kebab Roll was delicious and well-prepared.
3026,3026,O03027,26-11-2024,10:30,C0012,Abdul Rahim Malik,42,Medu Vada,Vegetarian,4,? 150.00, ? 600.00 , ? 112.00 ,? 152.00,A wholesome and delicious Medu Vada. The vegetables were so fresh!
3027,3027,O03028,26-11-2024,11:45,C0293,Wahaj Raes,57,Prawn Masala,Non-Veg Main,5,? 460.00," ? 2,300.00 ", ? 326.00 ,? 670.00,The Prawn Masala was the highlight of our meal. Absolutely delicious!
3028,3028,O03029,26-11-2024,21:30,C0300,Dua Azam,97,Grilled Cheese Sandwich,Sandwiches,3,? 120.00, ? 360.00 , ? 90.00 ,? 90.00,A satisfying meal. The Grilled Cheese Sandwich was a good choice.
3029,3029,O03030,26-11-2024,20:00,C0300,Dua Azam,49,Aloo Gobi,Vegetarian,3,? 220.00, ? 660.00 , ? 166.00 ,? 162.00,The Aloo Gobi was a decent vegetarian option.
3030,3030,O03031,26-11-2024,13:30,C0001,Moh Saad Azam,123,Chicken Caesar Wrap,Snacks,1,? 150.00, ? 150.00 , ? 109.00 ,? 41.00,Great food! The Chicken Caesar Wrap was delicious and well-prepared.
3031,3031,O03032,27-11-2024,22:15,C0288,Anis Shikalkar,54,Egg Biryani,Rice & Noodles,1,? 340.00, ? 340.00 , ? 268.00 ,? 72.00,A satisfying meal. The Egg Biryani was a good choice.
3032,3032,O03033,27-11-2024,15:30,C0164,Aakib Malik,49,Aloo Gobi,Vegetarian,4,? 220.00, ? 880.00 , ? 166.00 ,? 216.00,Loved the Aloo Gobi! It was a delightful and well-prepared vegetarian meal.
3033,3033,O03034,27-11-2024,10:30,C0088,Abdul Rahim Nadaf,64,Chili Chicken,Starter,4,? 340.00," ? 1,360.00 ", ? 250.00 ,? 360.00,Absolutely loved the Chili Chicken! It was the perfect appetizer to get us started.
3034,3034,O03035,27-11-2024,21:00,C0084,Imran Momin,101,Veggie Sub,Sandwiches,4,? 150.00, ? 600.00 , ? 105.00 ,? 180.00,The Veggie Sub was not what I expected.
3035,3035,O03036,27-11-2024,12:30,C0008,Dua Sayyad,105,Paneer Burger,Fast Food,2,? 140.00, ? 280.00 , ? 110.00 ,? 60.00,The Paneer Burger met my expectations.
3036,3036,O03037,27-11-2024,16:30,C0275,Arman Khan,25,Spring Rolls,Starter,3,? 220.00, ? 660.00 , ? 164.00 ,? 168.00,"The Spring Rolls was decent, but nothing special."
3037,3037,O03038,27-11-2024,13:15,C0265,Aasin Ali,132,Club Chicken Sandwich,Snacks,4,? 140.00, ? 560.00 , ? 101.00 ,? 156.00,The Club Chicken Sandwich met my expectations.
3038,3038,O03039,27-11-2024,13:30,C0046,Nikhat Taimoor,50,Jeera Rice,Rice & Noodles,3,? 180.00, ? 540.00 , ? 129.00 ,? 153.00,A satisfying meal. The Jeera Rice was a good choice.
3039,3039,O03040,27-11-2024,16:15,C0197,Arahan Ali,109,Cheese Sandwich,Sandwiches,2,? 100.00, ? 200.00 , ? 72.00 ,? 56.00,I was not a fan of the Cheese Sandwich.
3040,3040,O03041,28-11-2024,16:30,C0261,Kaif Shaikh,131,Avocado Toast,Breakfast,5,? 150.00, ? 750.00 , ? 111.00 ,? 195.00,The Avocado Toast was excellent. Really enjoyed the meal.
3041,3041,O03042,28-11-2024,13:00,C0241,Shamsher Faruqi,75,Veg Momos,Starter,3,? 180.00, ? 540.00 , ? 138.00 ,? 126.00,Absolutely loved the Veg Momos! It was the perfect appetizer to get us started.
3042,3042,O03043,28-11-2024,14:00,C0156,Arman Faruqi,37,Biryani Veg,Rice & Noodles,1,? 320.00, ? 320.00 , ? 233.00 ,? 87.00,It was an average Biryani Veg.
3043,3043,O03044,28-11-2024,16:30,C0313,Aakib Shikalkar,102,Chicken Sub,Sandwiches,2,? 180.00, ? 360.00 , ? 137.00 ,? 86.00,The Chicken Sub met my expectations.
3044,3044,O03045,28-11-2024,12:45,C0180,Isharat Shikalkar,18,Veg Hakka Noodles,Rice & Noodles,3,? 220.00, ? 660.00 , ? 165.00 ,? 165.00,I was not a fan of the Veg Hakka Noodles.
3045,3045,O03046,28-11-2024,12:45,C0153,Nikhat Malik,7,Butter Chicken,Meat Special,5,? 495.00," ? 2,475.00 ", ? 349.00 ,? 730.00,The Butter Chicken could have been better.
3046,3046,O03047,28-11-2024,17:30,C0285,Ayeza Raes,98,Paneer Kathi Roll,Street Food,5,? 140.00, ? 700.00 , ? 103.00 ,? 185.00,Great food! The Paneer Kathi Roll was delicious and well-prepared.
3047,3047,O03048,28-11-2024,13:15,C0074,Moh Saad Malik,97,Grilled Cheese Sandwich,Sandwiches,3,? 120.00, ? 360.00 , ? 90.00 ,? 90.00,A satisfying meal. The Grilled Cheese Sandwich was a good choice.
3048,3048,O03049,28-11-2024,20:15,C0050,Dua Sayyad,13,Gulab Jamun,Dessert,1,? 150.00, ? 150.00 , ? 117.00 ,? 33.00,The Gulab Jamun was excellent. Really enjoyed the meal.
3049,3049,O03050,28-11-2024,11:30,C0068,Abdul Rahim Shaikh,74,Chicken Clear Soup,Starter,4,? 160.00, ? 640.00 , ? 125.00 ,? 140.00,The Chicken Clear Soup was a fantastic start to our meal! Perfectly crispy.
3050,3050,O03051,28-11-2024,21:45,C0237,Aman Azam,11,Margherita Pizza,Pizza,3,? 330.00, ? 990.00 , ? 231.00 ,? 297.00,Great food! The Margherita Pizza was delicious and well-prepared.
3051,3051,O03052,28-11-2024,22:00,C0182,Rihan Shaikh,115,Chicken Kathi Roll,Snacks,1,? 120.00, ? 120.00 , ? 91.00 ,? 29.00,Great food! The Chicken Kathi Roll was delicious and well-prepared.
3052,3052,O03053,28-11-2024,19:15,C0233,Moh Saad Nadaf,2,Mushroom Soup,Starter,5,? 200.00," ? 1,000.00 ", ? 159.00 ,? 205.00,Wasn't very impressed with the Mushroom Soup. It lacked flavor.
3053,3053,O03054,28-11-2024,22:30,C0279,Arman Taimoor,18,Veg Hakka Noodles,Rice & Noodles,1,? 220.00, ? 220.00 , ? 165.00 ,? 55.00,A satisfying meal. The Veg Hakka Noodles was a good choice.
3054,3054,O03055,28-11-2024,11:15,C0298,Aasin Malik,120,Peri Peri Chicken Wings,Snacks,1,? 180.00, ? 180.00 , ? 135.00 ,? 45.00,The Peri Peri Chicken Wings met my expectations.
3055,3055,O03056,29-11-2024,18:15,C0330,Kaif Momin,125,BBQ Chicken Pizza Sandwich,Snacks,1,? 160.00, ? 160.00 , ? 115.00 ,? 45.00,The BBQ Chicken Pizza Sandwich was fine.
3056,3056,O03057,29-11-2024,22:00,C0098,Shahrukh Malik,27,Pasta Arrabbiata,Continental,4,? 300.00," ? 1,200.00 ", ? 215.00 ,? 340.00,Great food! The Pasta Arrabbiata was delicious and well-prepared.
3057,3057,O03058,29-11-2024,16:00,C0288,Anis Shikalkar,8,Paneer Butter Masala,Vegetarian,1,? 380.00, ? 380.00 , ? 298.00 ,? 82.00,I found the Paneer Butter Masala to be a bit watery.
3058,3058,O03059,29-11-2024,18:00,C0032,Ayeza Mujawar,2,Mushroom Soup,Starter,5,? 200.00," ? 1,000.00 ", ? 159.00 ,? 205.00,The Mushroom Soup was a fantastic start to our meal! Perfectly crispy.
3059,3059,O03060,29-11-2024,18:45,C0307,Aasiya Mujawar,13,Gulab Jamun,Dessert,2,? 150.00, ? 300.00 , ? 117.00 ,? 66.00,A satisfying meal. The Gulab Jamun was a good choice.
3060,3060,O03061,29-11-2024,20:00,C0255,Shamsher Malik,107,Paneer Shawarma,Street Food,1,? 150.00, ? 150.00 , ? 111.00 ,? 39.00,A satisfying meal. The Paneer Shawarma was a good choice.
3061,3061,O03062,29-11-2024,13:15,C0100,Aman Momin,26,Pasta Alfredo,Continental,3,? 320.00, ? 960.00 , ? 249.00 ,? 213.00,Great food! The Pasta Alfredo was delicious and well-prepared.
3062,3062,O03063,29-11-2024,18:30,C0066,Abdul Rahim Mujawar,66,Schezwan Chicken Fried Rice,Rice & Noodles,2,? 280.00, ? 560.00 , ? 211.00 ,? 138.00,The Schezwan Chicken Fried Rice was excellent. Really enjoyed the meal.
3063,3063,O03064,29-11-2024,17:00,C0180,Isharat Shikalkar,103,Paneer Frankie,Street Food,2,? 130.00, ? 260.00 , ? 95.00 ,? 70.00,A satisfying meal. The Paneer Frankie was a good choice.
3064,3064,O03065,29-11-2024,13:45,C0145,Imran Khan,47,Bhindi Masala,Vegetarian,3,? 240.00, ? 720.00 , ? 175.00 ,? 195.00,The Bhindi Masala is a great choice for vegetarians. Hearty and full of flavor.
3065,3065,O03066,30-11-2024,21:45,C0035,Aasifa Shaikh,8,Paneer Butter Masala,Vegetarian,4,? 380.00," ? 1,520.00 ", ? 298.00 ,? 328.00,The Paneer Butter Masala was bland and needed more seasoning.
3066,3066,O03067,30-11-2024,17:00,C0083,Isharat Mujawar,57,Prawn Masala,Non-Veg Main,2,? 460.00, ? 920.00 , ? 326.00 ,? 268.00,The Prawn Masala was cooked to perfection. The spices were spot on!
3067,3067,O03068,30-11-2024,19:45,C0137,Aman Raes,4,Chicken Biryani,Rice Meal,5,? 440.00," ? 2,200.00 ", ? 334.00 ,? 530.00,The Chicken Biryani was not what I expected.
3068,3068,O03069,30-11-2024,17:45,C0311,Imran Shikalkar,10,Pepperoni Pizza,Pizza,4,? 368.00," ? 1,472.00 ", ? 283.00 ,? 340.00,The Pepperoni Pizza was not what I expected.
3069,3069,O03070,30-11-2024,11:00,C0303,Dua Momin,121,Cheese Garlic Bread,Breads,4,? 110.00, ? 440.00 , ? 85.00 ,? 100.00,Great food! The Cheese Garlic Bread was delicious and well-prepared.
3070,3070,O03071,30-11-2024,12:00,C0142,Abdul Rahim Nadaf,44,Hyderabadi Haleem,Non-Veg Main,1,? 500.00, ? 500.00 , ? 395.00 ,? 105.00,The Hyderabadi Haleem was the highlight of our meal. Absolutely delicious!
3071,3071,O03072,30-11-2024,11:00,C0283,Shahrukh Sayyad,81,Biryani (Veg),Rice,2,? 320.00, ? 640.00 , ? 251.00 ,? 138.00,A satisfying meal. The Biryani (Veg) was a good choice.
3072,3072,O03073,30-11-2024,20:15,C0178,Wahaj Sayyad,19,Chicken Hakka Noodles,Rice & Noodles,2,? 260.00, ? 520.00 , ? 193.00 ,? 134.00,The Chicken Hakka Noodles met my expectations.
3073,3073,O03074,30-11-2024,12:30,C0183,Imran Mujawar,70,Hot & Sour Soup (Chicken),Starter,2,? 200.00, ? 400.00 , ? 159.00 ,? 82.00,The Hot & Sour Soup (Chicken) was simply delicious and fresh. Highly recommended!
3074,3074,O03075,01-12-2024,22:15,C0234,Moh Saad Faruqi,13,Gulab Jamun,Dessert,1,? 150.00, ? 150.00 , ? 117.00 ,? 33.00,A satisfying meal. The Gulab Jamun was a good choice.
3075,3075,O03076,01-12-2024,18:15,C0036,Sher Shikalkar,58,Crab Curry,Non-Veg Main,4,? 520.00," ? 2,080.00 ", ? 374.00 ,? 584.00,A truly authentic and flavorful Crab Curry. It was very satisfying.
3076,3076,O03077,01-12-2024,15:00,C0301,Sher Taimoor,92,Kadhi Pakora,Main Course,5,? 300.00," ? 1,500.00 ", ? 231.00 ,? 345.00,Great food! The Kadhi Pakora was delicious and well-prepared.
3077,3077,O03078,01-12-2024,16:00,C0111,Moh Saad Raes,42,Medu Vada,Vegetarian,2,? 150.00, ? 300.00 , ? 112.00 ,? 76.00,The Medu Vada is a great choice for vegetarians. Hearty and full of flavor.
3078,3078,O03079,01-12-2024,11:30,C0163,Shamsher Shikalkar,112,Paneer Parantha,Breads,2,? 90.00, ? 180.00 , ? 64.00 ,? 52.00,The Paneer Parantha met my expectations.
3079,3079,O03080,01-12-2024,17:00,C0171,Aman Azam,115,Chicken Kathi Roll,Street Food,3,? 160.00, ? 480.00 , ? 112.00 ,? 144.00,A satisfying meal. The Chicken Kathi Roll was a good choice.
3080,3080,O03081,02-12-2024,16:30,C0051,Dua Khan,65,Schezwan Fried Rice,Rice & Noodles,5,? 220.00," ? 1,100.00 ", ? 160.00 ,? 300.00,The Schezwan Fried Rice could have been better.
3081,3081,O03082,02-12-2024,11:45,C0242,Arahan Mujawar,58,Crab Curry,Non-Veg Main,3,? 520.00," ? 1,560.00 ", ? 374.00 ,? 438.00,The Crab Curry was the highlight of our meal. Absolutely delicious!
3082,3082,O03083,02-12-2024,14:30,C0081,Ayeza Raes,113,Aloo Parantha,Breads,4,? 80.00, ? 320.00 , ? 63.00 ,? 68.00,It was an average Aloo Parantha.
3083,3083,O03084,03-12-2024,18:30,C0188,Sher Raes,34,Rajma Chawal,Vegetarian,3,? 300.00, ? 900.00 , ? 238.00 ,? 186.00,The Rajma Chawal was a decent vegetarian option.
3084,3084,O03085,03-12-2024,10:45,C0260,Danish Ali,132,Club Chicken Sandwich,Snacks,4,? 140.00, ? 560.00 , ? 101.00 ,? 156.00,Great food! The Club Chicken Sandwich was delicious and well-prepared.
3085,3085,O03086,03-12-2024,13:00,C0029,Rihan Sayyad,94,Butter Naan,Breads,1,? 60.00, ? 60.00 , ? 45.00 ,? 15.00,The Butter Naan met my expectations.
3086,3086,O03087,03-12-2024,15:45,C0300,Dua Azam,119,Veg Paneer Wrap,Snacks,4,? 95.00, ? 380.00 , ? 74.00 ,? 84.00,The Veg Paneer Wrap was excellent. Really enjoyed the meal.
3087,3087,O03088,03-12-2024,11:00,C0298,Aasin Malik,119,Veg Paneer Wrap,Snacks,2,? 95.00, ? 190.00 , ? 74.00 ,? 42.00,I was not a fan of the Veg Paneer Wrap.
3088,3088,O03089,03-12-2024,21:00,C0079,Shahrukh Faruqi,61,Veg Spring Rolls,Starter,3,? 220.00, ? 660.00 , ? 162.00 ,? 174.00,The Veg Spring Rolls was a fantastic start to our meal! Perfectly crispy.
3089,3089,O03090,03-12-2024,15:45,C0078,Arahan Shaikh,14,Rasgulla,Dessert,5,? 140.00, ? 700.00 , ? 100.00 ,? 200.00,The Rasgulla was excellent. Really enjoyed the meal.
3090,3090,O03091,03-12-2024,10:00,C0015,Kaif Taimoor,73,Veg Clear Soup,Starter,5,? 120.00, ? 600.00 , ? 84.00 ,? 180.00,The Veg Clear Soup was a fantastic start to our meal! Perfectly crispy.
3091,3091,O03092,03-12-2024,15:30,C0006,Imran Taimoor,80,Tandoori Momos,Starter,4,? 260.00," ? 1,040.00 ", ? 185.00 ,? 300.00,The Tandoori Momos was okay. It was a standard appetizer.
3092,3092,O03093,03-12-2024,22:15,C0211,Moh Saad Faruqi,40,Idli Sambar,Vegetarian,2,? 160.00, ? 320.00 , ? 119.00 ,? 82.00,"It was an okay Idli Sambar, but I've had better."
3093,3093,O03094,04-12-2024,12:45,C0088,Abdul Rahim Nadaf,121,Cheese Garlic Bread,Breads,1,? 110.00, ? 110.00 , ? 85.00 ,? 25.00,The Cheese Garlic Bread met my expectations.
3094,3094,O03095,04-12-2024,19:30,C0260,Danish Ali,88,Vada Pav,Snack,3,? 120.00, ? 360.00 , ? 91.00 ,? 87.00,The Vada Pav was not what I expected.
3095,3095,O03096,04-12-2024,17:00,C0238,Aakib Malik,11,Margherita Pizza,Pizza,4,? 330.00," ? 1,320.00 ", ? 231.00 ,? 396.00,The Margherita Pizza was excellent. Really enjoyed the meal.
3096,3096,O03097,04-12-2024,14:15,C0025,Aasifa Khan,39,Masala Dosa,Vegetarian,2,? 180.00, ? 360.00 , ? 138.00 ,? 84.00,The Masala Dosa is a great choice for vegetarians. Hearty and full of flavor.
3097,3097,O03098,04-12-2024,10:15,C0197,Arahan Ali,38,Mutton Biryani,Rice & Noodles,1,? 480.00, ? 480.00 , ? 340.00 ,? 140.00,The Mutton Biryani was excellent. Really enjoyed the meal.
3098,3098,O03099,04-12-2024,12:45,C0128,Moh Saad Shikalkar,132,Club Chicken Sandwich,Snacks,3,? 140.00, ? 420.00 , ? 101.00 ,? 117.00,A satisfying meal. The Club Chicken Sandwich was a good choice.
3099,3099,O03100,04-12-2024,10:45,C0149,Aariz Nadaf,52,Chicken Tikka Masala,Non-Veg Main,1,? 480.00, ? 480.00 , ? 373.00 ,? 107.00,The Chicken Tikka Masala was the highlight of our meal. Absolutely delicious!
3100,3100,O03101,04-12-2024,10:15,C0154,Aasin Shikalkar,56,Dal Makhani,Vegetarian,2,? 340.00, ? 680.00 , ? 269.00 ,? 142.00,I found the Dal Makhani to be a bit watery.
3101,3101,O03102,04-12-2024,20:30,C0103,Aasiya Faruqi,106,Chicken Burger,Fast Food,4,? 160.00, ? 640.00 , ? 115.00 ,? 180.00,Great food! The Chicken Burger was delicious and well-prepared.
3102,3102,O03103,04-12-2024,12:30,C0268,Ayeza Azam,115,Chicken Kathi Roll,Street Food,5,? 160.00, ? 800.00 , ? 112.00 ,? 240.00,A satisfying meal. The Chicken Kathi Roll was a good choice.
3103,3103,O03104,05-12-2024,22:00,C0261,Kaif Shaikh,10,Pepperoni Pizza,Pizza,2,? 368.00, ? 736.00 , ? 283.00 ,? 170.00,Great food! The Pepperoni Pizza was delicious and well-prepared.
3104,3104,O03105,05-12-2024,20:45,C0104,Sultan Nadaf,40,Idli Sambar,Vegetarian,1,? 160.00, ? 160.00 , ? 119.00 ,? 41.00,The Idli Sambar is a great choice for vegetarians. Hearty and full of flavor.
3105,3105,O03106,05-12-2024,11:15,C0248,Shahrukh Raes,105,Paneer Burger,Fast Food,4,? 140.00, ? 560.00 , ? 110.00 ,? 120.00,The Paneer Burger met my expectations.
3106,3106,O03107,05-12-2024,20:45,C0101,Aariz Malik,53,Veg Pulao,Rice & Noodles,2,? 240.00, ? 480.00 , ? 190.00 ,? 100.00,The Veg Pulao was excellent. Really enjoyed the meal.
3107,3107,O03108,05-12-2024,16:15,C0312,Danish Khan,37,Biryani Veg,Rice & Noodles,5,? 320.00," ? 1,600.00 ", ? 233.00 ,? 435.00,Great food! The Biryani Veg was delicious and well-prepared.
3108,3108,O03109,05-12-2024,20:30,C0180,Isharat Shikalkar,78,Fried Momos (Veg),Starter,2,? 200.00, ? 400.00 , ? 141.00 ,? 118.00,The Fried Momos (Veg) was okay. It was a standard appetizer.
3109,3109,O03110,05-12-2024,22:30,C0330,Kaif Momin,49,Aloo Gobi,Vegetarian,2,? 220.00, ? 440.00 , ? 166.00 ,? 108.00,The Aloo Gobi is a great choice for vegetarians. Hearty and full of flavor.
3110,3110,O03111,06-12-2024,20:15,C0157,Arahan Azam,130,Veggie Delight Sub,Snacks,4,? 120.00, ? 480.00 , ? 90.00 ,? 120.00,The Veggie Delight Sub was excellent. Really enjoyed the meal.
3111,3111,O03112,06-12-2024,17:45,C0148,Aakib Momin,55,Vegetable Korma,Vegetarian,1,? 320.00, ? 320.00 , ? 243.00 ,? 77.00,"It was an okay Vegetable Korma, but I've had better."
3112,3112,O03113,06-12-2024,11:45,C0074,Moh Saad Malik,33,Dal Tadka,Vegetarian,4,? 260.00," ? 1,040.00 ", ? 183.00 ,? 308.00,The Dal Tadka was a decent vegetarian option.
3113,3113,O03114,06-12-2024,21:15,C0144,Aasifa Mujawar,79,Fried Momos (Chicken),Starter,4,? 240.00, ? 960.00 , ? 176.00 ,? 256.00,Absolutely loved the Fried Momos (Chicken)! It was the perfect appetizer to get us started.
3114,3114,O03115,06-12-2024,11:30,C0221,Arman Mujawar,19,Chicken Hakka Noodles,Rice & Noodles,5,? 260.00," ? 1,300.00 ", ? 193.00 ,? 335.00,The Chicken Hakka Noodles was not what I expected.
3115,3115,O03116,06-12-2024,21:00,C0025,Aasifa Khan,63,Chili Paneer,Starter,4,? 280.00," ? 1,120.00 ", ? 219.00 ,? 244.00,The Chili Paneer was a fantastic start to our meal! Perfectly crispy.
3116,3116,O03117,06-12-2024,18:45,C0029,Rihan Sayyad,51,Tandoori Chicken,Non-Veg Main,5,? 460.00," ? 2,300.00 ", ? 366.00 ,? 470.00,The Tandoori Chicken was cooked to perfection. The spices were spot on!
3117,3117,O03118,06-12-2024,20:30,C0224,Nikhat Mujawar,121,Cheese Garlic Bread,Breads,1,? 110.00, ? 110.00 , ? 85.00 ,? 25.00,The Cheese Garlic Bread was excellent. Really enjoyed the meal.
3118,3118,O03119,06-12-2024,22:15,C0301,Sher Taimoor,110,Paneer Sandwich,Sandwiches,4,? 120.00, ? 480.00 , ? 84.00 ,? 144.00,I was not a fan of the Paneer Sandwich.
3119,3119,O03120,06-12-2024,20:15,C0058,Danish Nadaf,128,Paneer Tandoori Wrap,Snacks,1,? 120.00, ? 120.00 , ? 94.00 ,? 26.00,The Paneer Tandoori Wrap was not what I expected.
3120,3120,O03121,06-12-2024,13:30,C0284,Sher Shaikh,57,Prawn Masala,Non-Veg Main,1,? 460.00, ? 460.00 , ? 326.00 ,? 134.00,A truly authentic and flavorful Prawn Masala. It was very satisfying.
3121,3121,O03122,06-12-2024,13:00,C0095,Aakib Azam,100,Veg Wrap,Sandwiches,2,? 130.00, ? 260.00 , ? 92.00 ,? 76.00,Great food! The Veg Wrap was delicious and well-prepared.
3122,3122,O03123,06-12-2024,17:15,C0115,Aasifa Nadaf,114,Veg Frankie Roll,Snacks,5,? 80.00, ? 400.00 , ? 62.00 ,? 90.00,The Veg Frankie Roll was excellent. Really enjoyed the meal.
3123,3123,O03124,06-12-2024,15:45,C0159,Arman Taimoor,17,French Fries,Starter,3,? 120.00, ? 360.00 , ? 87.00 ,? 99.00,The French Fries was simply delicious and fresh. Highly recommended!
3124,3124,O03125,06-12-2024,22:30,C0035,Aasifa Shaikh,12,Veggie Burger,Burger,3,? 250.00, ? 750.00 , ? 199.00 ,? 153.00,A satisfying meal. The Veggie Burger was a good choice.
3125,3125,O03126,06-12-2024,21:00,C0084,Imran Momin,9,Palak Paneer,Vegetarian,5,? 360.00," ? 1,800.00 ", ? 273.00 ,? 435.00,The Palak Paneer was a decent vegetarian option.
3126,3126,O03127,07-12-2024,17:00,C0011,Aasiya Ali,66,Schezwan Chicken Fried Rice,Rice & Noodles,4,? 280.00," ? 1,120.00 ", ? 211.00 ,? 276.00,Great food! The Schezwan Chicken Fried Rice was delicious and well-prepared.
3127,3127,O03128,07-12-2024,19:15,C0086,Sher Momin,58,Crab Curry,Non-Veg Main,4,? 520.00," ? 2,080.00 ", ? 374.00 ,? 584.00,A truly authentic and flavorful Crab Curry. It was very satisfying.
3128,3128,O03129,07-12-2024,11:00,C0150,Aman Ali,10,Pepperoni Pizza,Pizza,5,? 368.00," ? 1,840.00 ", ? 283.00 ,? 425.00,Great food! The Pepperoni Pizza was delicious and well-prepared.
3129,3129,O03130,07-12-2024,21:30,C0151,Aasifa Malik,46,Kadai Paneer,Vegetarian,1,? 360.00, ? 360.00 , ? 275.00 ,? 85.00,A wholesome and delicious Kadai Paneer. The vegetables were so fresh!
3130,3130,O03131,07-12-2024,22:15,C0262,Nikhat Faruqi,40,Idli Sambar,Vegetarian,2,? 160.00, ? 320.00 , ? 119.00 ,? 82.00,The Idli Sambar was a decent vegetarian option.
3131,3131,O03132,07-12-2024,22:15,C0249,Aasiya Mujawar,74,Chicken Clear Soup,Starter,5,? 160.00, ? 800.00 , ? 125.00 ,? 175.00,The Chicken Clear Soup was a fantastic start to our meal! Perfectly crispy.
3132,3132,O03133,07-12-2024,18:00,C0300,Dua Azam,123,Chicken Caesar Wrap,Snacks,2,? 150.00, ? 300.00 , ? 109.00 ,? 82.00,A satisfying meal. The Chicken Caesar Wrap was a good choice.
3133,3133,O03134,07-12-2024,16:30,C0037,Wahaj Malik,3,Chicken Soup,Starter,4,? 220.00, ? 880.00 , ? 170.00 ,? 200.00,The Chicken Soup was simply delicious and fresh. Highly recommended!
3134,3134,O03135,07-12-2024,17:00,C0310,Ayeza Faruqi,34,Rajma Chawal,Vegetarian,3,? 300.00, ? 900.00 , ? 238.00 ,? 186.00,A wholesome and delicious Rajma Chawal. The vegetables were so fresh!
3135,3135,O03136,07-12-2024,17:30,C0328,Isharat Khan,31,Mutton Rogan Josh,Non-Veg Main,3,? 520.00," ? 1,560.00 ", ? 395.00 ,? 375.00,The Mutton Rogan Josh was the highlight of our meal. Absolutely delicious!
3136,3136,O03137,07-12-2024,13:45,C0249,Aasiya Mujawar,117,Egg Mayo Sandwich,Snacks,2,? 85.00, ? 170.00 , ? 66.00 ,? 38.00,The Egg Mayo Sandwich was excellent. Really enjoyed the meal.
3137,3137,O03138,07-12-2024,21:15,C0225,Arman Faruqi,83,Malai Kofta,Main Course,1,? 340.00, ? 340.00 , ? 249.00 ,? 91.00,The Malai Kofta was excellent. Really enjoyed the meal.
3138,3138,O03139,08-12-2024,19:30,C0326,Aman Sayyad,115,Chicken Kathi Roll,Street Food,1,? 160.00, ? 160.00 , ? 112.00 ,? 48.00,The Chicken Kathi Roll was excellent. Really enjoyed the meal.
3139,3139,O03140,08-12-2024,17:45,C0308,Ayeza Khan,129,Smoked Chicken Sub,Snacks,4,? 160.00, ? 640.00 , ? 112.00 ,? 192.00,A satisfying meal. The Smoked Chicken Sub was a good choice.
3140,3140,O03141,08-12-2024,21:00,C0291,Aman Faruqi,110,Paneer Sandwich,Sandwiches,2,? 120.00, ? 240.00 , ? 84.00 ,? 72.00,Great food! The Paneer Sandwich was delicious and well-prepared.
3141,3141,O03142,08-12-2024,10:00,C0195,Aasin Malik,27,Pasta Arrabbiata,Continental,3,? 300.00, ? 900.00 , ? 215.00 ,? 255.00,A satisfying meal. The Pasta Arrabbiata was a good choice.
3142,3142,O03143,08-12-2024,11:00,C0050,Dua Sayyad,113,Aloo Parantha,Breads,2,? 80.00, ? 160.00 , ? 63.00 ,? 34.00,The Aloo Parantha could have been better.
3143,3143,O03144,08-12-2024,16:00,C0223,Anis Sayyad,15,Tiramisu,Dessert,3,? 280.00, ? 840.00 , ? 201.00 ,? 237.00,A satisfying meal. The Tiramisu was a good choice.
3144,3144,O03145,08-12-2024,10:15,C0241,Shamsher Faruqi,16,Ice Cream Sundae,Dessert,4,? 200.00, ? 800.00 , ? 143.00 ,? 228.00,The Ice Cream Sundae met my expectations.
3145,3145,O03146,08-12-2024,16:00,C0088,Abdul Rahim Nadaf,32,Fish Curry,Non-Veg Main,3,? 400.00," ? 1,200.00 ", ? 286.00 ,? 342.00,A truly authentic and flavorful Fish Curry. It was very satisfying.
3146,3146,O03147,08-12-2024,21:45,C0140,Imran Taimoor,69,Hot & Sour Soup (Veg),Starter,2,? 160.00, ? 320.00 , ? 113.00 ,? 94.00,Absolutely loved the Hot & Sour Soup (Veg)! It was the perfect appetizer to get us started.
3147,3147,O03148,08-12-2024,21:30,C0257,Aman Nadaf,76,Chicken Momos,Starter,4,? 220.00, ? 880.00 , ? 170.00 ,? 200.00,The Chicken Momos was a fantastic start to our meal! Perfectly crispy.
3148,3148,O03149,09-12-2024,16:00,C0039,Aasifa Shaikh,65,Schezwan Fried Rice,Rice & Noodles,4,? 220.00, ? 880.00 , ? 160.00 ,? 240.00,A satisfying meal. The Schezwan Fried Rice was a good choice.
3149,3149,O03150,09-12-2024,19:15,C0112,Shahrukh Sayyad,125,BBQ Chicken Pizza Sandwich,Snacks,1,? 160.00, ? 160.00 , ? 115.00 ,? 45.00,The BBQ Chicken Pizza Sandwich was fine.
3150,3150,O03151,09-12-2024,22:30,C0196,Arman Taimoor,12,Veggie Burger,Burger,5,? 250.00," ? 1,250.00 ", ? 199.00 ,? 255.00,The Veggie Burger was excellent. Really enjoyed the meal.
3151,3151,O03152,09-12-2024,19:00,C0328,Isharat Khan,28,Caesar Salad,Salad,2,? 280.00, ? 560.00 , ? 210.00 ,? 140.00,It was an average Caesar Salad.
3152,3152,O03153,09-12-2024,16:15,C0077,Shahrukh Momin,40,Idli Sambar,Vegetarian,1,? 160.00, ? 160.00 , ? 119.00 ,? 41.00,The Idli Sambar was bland and needed more seasoning.
3153,3153,O03154,09-12-2024,13:45,C0324,Aasifa Faruqi,30,Shahi Paneer,Vegetarian,1,? 400.00, ? 400.00 , ? 281.00 ,? 119.00,The vegetables in the Shahi Paneer seemed overcooked.
3154,3154,O03155,09-12-2024,12:45,C0315,Imran Shaikh,29,Greek Salad,Salad,4,? 260.00," ? 1,040.00 ", ? 197.00 ,? 252.00,A satisfying meal. The Greek Salad was a good choice.
3155,3155,O03156,09-12-2024,18:00,C0246,Aariz Raes,19,Chicken Hakka Noodles,Rice & Noodles,2,? 260.00, ? 520.00 , ? 193.00 ,? 134.00,The Chicken Hakka Noodles was not what I expected.
3156,3156,O03157,09-12-2024,10:15,C0001,Moh Saad Azam,115,Chicken Kathi Roll,Street Food,5,? 160.00, ? 800.00 , ? 112.00 ,? 240.00,Great food! The Chicken Kathi Roll was delicious and well-prepared.
3157,3157,O03158,09-12-2024,22:00,C0281,Abdul Rahim Faruqi,24,Samosa,Starter,1,? 100.00, ? 100.00 , ? 73.00 ,? 27.00,Wasn't very impressed with the Samosa. It lacked flavor.
3158,3158,O03159,09-12-2024,11:45,C0226,Aman Taimoor,102,Chicken Sub,Sandwiches,4,? 180.00, ? 720.00 , ? 137.00 ,? 172.00,The Chicken Sub was excellent. Really enjoyed the meal.
3159,3159,O03160,09-12-2024,17:30,C0256,Arman Faruqi,90,Pani Puri,Snack,3,? 100.00, ? 300.00 , ? 74.00 ,? 78.00,A satisfying meal. The Pani Puri was a good choice.
3160,3160,O03161,10-12-2024,20:00,C0284,Sher Shaikh,65,Schezwan Fried Rice,Rice & Noodles,2,? 220.00, ? 440.00 , ? 160.00 ,? 120.00,The Schezwan Fried Rice was not what I expected.
3161,3161,O03162,10-12-2024,14:30,C0249,Aasiya Mujawar,31,Mutton Rogan Josh,Non-Veg Main,5,? 520.00," ? 2,600.00 ", ? 395.00 ,? 625.00,A truly authentic and flavorful Mutton Rogan Josh. It was very satisfying.
3162,3162,O03163,10-12-2024,20:00,C0201,Sher Sayyad,56,Dal Makhani,Vegetarian,4,? 340.00," ? 1,360.00 ", ? 269.00 ,? 284.00,The Dal Makhani is a great choice for vegetarians. Hearty and full of flavor.
3163,3163,O03164,10-12-2024,20:15,C0020,Rihan Shikalkar,81,Biryani (Veg),Rice,1,? 320.00, ? 320.00 , ? 251.00 ,? 69.00,The Biryani (Veg) could have been better.
3164,3164,O03165,10-12-2024,19:15,C0226,Aman Taimoor,72,Sweet Corn Soup (Chicken),Starter,5,? 180.00, ? 900.00 , ? 129.00 ,? 255.00,Absolutely loved the Sweet Corn Soup (Chicken)! It was the perfect appetizer to get us started.
3165,3165,O03166,10-12-2024,20:15,C0104,Sultan Nadaf,115,Chicken Kathi Roll,Snacks,3,? 120.00, ? 360.00 , ? 91.00 ,? 87.00,The Chicken Kathi Roll was fine.
3166,3166,O03167,10-12-2024,21:30,C0293,Wahaj Raes,40,Idli Sambar,Vegetarian,1,? 160.00, ? 160.00 , ? 119.00 ,? 41.00,The Idli Sambar was as expected.
3167,3167,O03168,10-12-2024,16:00,C0161,Isharat Momin,73,Veg Clear Soup,Starter,2,? 120.00, ? 240.00 , ? 84.00 ,? 72.00,Absolutely loved the Veg Clear Soup! It was the perfect appetizer to get us started.
3168,3168,O03169,10-12-2024,16:45,C0144,Aasifa Mujawar,34,Rajma Chawal,Vegetarian,1,? 300.00, ? 300.00 , ? 238.00 ,? 62.00,Loved the Rajma Chawal! It was a delightful and well-prepared vegetarian meal.
3169,3169,O03170,10-12-2024,11:00,C0103,Aasiya Faruqi,42,Medu Vada,Vegetarian,4,? 150.00, ? 600.00 , ? 112.00 ,? 152.00,The vegetables in the Medu Vada seemed overcooked.
3170,3170,O03171,10-12-2024,18:00,C0011,Aasiya Ali,112,Paneer Parantha,Breads,3,? 90.00, ? 270.00 , ? 64.00 ,? 78.00,I was not a fan of the Paneer Parantha.
3171,3171,O03172,10-12-2024,21:45,C0277,Shamsher Faruqi,113,Aloo Parantha,Breads,2,? 80.00, ? 160.00 , ? 63.00 ,? 34.00,Great food! The Aloo Parantha was delicious and well-prepared.
3172,3172,O03173,10-12-2024,21:15,C0270,Isharat Malik,46,Kadai Paneer,Vegetarian,3,? 360.00," ? 1,080.00 ", ? 275.00 ,? 255.00,A wholesome and delicious Kadai Paneer. The vegetables were so fresh!
3173,3173,O03174,10-12-2024,22:00,C0265,Aasin Ali,28,Caesar Salad,Salad,1,? 280.00, ? 280.00 , ? 210.00 ,? 70.00,A satisfying meal. The Caesar Salad was a good choice.
3174,3174,O03175,10-12-2024,19:15,C0325,Aakib Momin,105,Paneer Burger,Fast Food,4,? 140.00, ? 560.00 , ? 110.00 ,? 120.00,The Paneer Burger met my expectations.
3175,3175,O03176,11-12-2024,17:30,C0216,Sultan Khan,7,Butter Chicken,Meat Special,4,? 495.00," ? 1,980.00 ", ? 349.00 ,? 584.00,Great food! The Butter Chicken was delicious and well-prepared.
3176,3176,O03177,11-12-2024,14:00,C0138,Wahaj Taimoor,61,Veg Spring Rolls,Starter,5,? 220.00," ? 1,100.00 ", ? 162.00 ,? 290.00,The Veg Spring Rolls was simply delicious and fresh. Highly recommended!
3177,3177,O03178,11-12-2024,20:45,C0024,Aman Momin,111,Egg Sandwich,Sandwiches,5,? 110.00, ? 550.00 , ? 80.00 ,? 150.00,I was not a fan of the Egg Sandwich.
3178,3178,O03179,11-12-2024,15:45,C0142,Abdul Rahim Nadaf,70,Hot & Sour Soup (Chicken),Starter,3,? 200.00, ? 600.00 , ? 159.00 ,? 123.00,"The Hot & Sour Soup (Chicken) was decent, but nothing special."
3179,3179,O03180,11-12-2024,20:00,C0108,Arman Azam,32,Fish Curry,Non-Veg Main,3,? 400.00," ? 1,200.00 ", ? 286.00 ,? 342.00,The Fish Curry was alright. It was cooked well but the flavor was average.
3180,3180,O03181,11-12-2024,11:45,C0297,Wahaj Ali,95,Garlic Naan,Breads,1,? 70.00, ? 70.00 , ? 54.00 ,? 16.00,The Garlic Naan was excellent. Really enjoyed the meal.
3181,3181,O03182,11-12-2024,18:15,C0184,Kaif Sayyad,47,Bhindi Masala,Vegetarian,1,? 240.00, ? 240.00 , ? 175.00 ,? 65.00,The Bhindi Masala was a decent vegetarian option.
3182,3182,O03183,11-12-2024,15:30,C0324,Aasifa Faruqi,107,Paneer Shawarma,Street Food,2,? 150.00, ? 300.00 , ? 111.00 ,? 78.00,The Paneer Shawarma could have been better.
3183,3183,O03184,11-12-2024,11:30,C0126,Aakib Momin,131,Avocado Toast,Breakfast,1,? 150.00, ? 150.00 , ? 111.00 ,? 39.00,The Avocado Toast was not what I expected.
3184,3184,O03185,11-12-2024,19:15,C0120,Ayeza Taimoor,2,Mushroom Soup,Starter,4,? 200.00, ? 800.00 , ? 159.00 ,? 164.00,The Mushroom Soup was simply delicious and fresh. Highly recommended!
3185,3185,O03186,12-12-2024,20:45,C0194,Isharat Momin,124,Grilled Veg Panini,Snacks,1,? 140.00, ? 140.00 , ? 99.00 ,? 41.00,It was an average Grilled Veg Panini.
3186,3186,O03187,12-12-2024,22:15,C0307,Aasiya Mujawar,72,Sweet Corn Soup (Chicken),Starter,4,? 180.00, ? 720.00 , ? 129.00 ,? 204.00,The Sweet Corn Soup (Chicken) was simply delicious and fresh. Highly recommended!
3187,3187,O03188,12-12-2024,14:30,C0203,Isharat Sayyad,86,Non-Veg Thali,Meal Combo,2,? 440.00, ? 880.00 , ? 322.00 ,? 236.00,The Non-Veg Thali was fine.
3188,3188,O03189,12-12-2024,13:15,C0194,Isharat Momin,52,Chicken Tikka Masala,Non-Veg Main,2,? 480.00, ? 960.00 , ? 373.00 ,? 214.00,The Chicken Tikka Masala was cooked to perfection. The spices were spot on!
3189,3189,O03190,12-12-2024,16:15,C0234,Moh Saad Faruqi,65,Schezwan Fried Rice,Rice & Noodles,5,? 220.00," ? 1,100.00 ", ? 160.00 ,? 300.00,A satisfying meal. The Schezwan Fried Rice was a good choice.
3190,3190,O03191,12-12-2024,19:15,C0241,Shamsher Faruqi,56,Dal Makhani,Vegetarian,4,? 340.00," ? 1,360.00 ", ? 269.00 ,? 284.00,The Dal Makhani is a great choice for vegetarians. Hearty and full of flavor.
3191,3191,O03192,12-12-2024,13:30,C0176,Abdul Rahim Shikalkar,20,Veg Fried Rice,Rice & Noodles,2,? 200.00, ? 400.00 , ? 145.00 ,? 110.00,A satisfying meal. The Veg Fried Rice was a good choice.
3192,3192,O03193,12-12-2024,14:45,C0047,Rihan Sayyad,24,Samosa,Starter,2,? 100.00, ? 200.00 , ? 73.00 ,? 54.00,The Samosa was a fantastic start to our meal! Perfectly crispy.
3193,3193,O03194,12-12-2024,10:00,C0067,Sultan Ali,117,Egg Mayo Sandwich,Snacks,1,? 85.00, ? 85.00 , ? 66.00 ,? 19.00,A satisfying meal. The Egg Mayo Sandwich was a good choice.
3194,3194,O03195,12-12-2024,20:45,C0104,Sultan Nadaf,38,Mutton Biryani,Rice Meal,2,? 490.00, ? 980.00 , ? 350.00 ,? 280.00,Great food! The Mutton Biryani was delicious and well-prepared.
3195,3195,O03196,12-12-2024,17:30,C0178,Wahaj Sayyad,89,Misal Pav,Snack,1,? 160.00, ? 160.00 , ? 126.00 ,? 34.00,The Misal Pav was excellent. Really enjoyed the meal.
3196,3196,O03197,12-12-2024,12:00,C0004,Ayeza Ali,98,Paneer Kathi Roll,Street Food,5,? 140.00, ? 700.00 , ? 103.00 ,? 185.00,The Paneer Kathi Roll could have been better.
3197,3197,O03198,12-12-2024,10:15,C0298,Aasin Malik,60,Chicken Manchurian,Starter,3,? 280.00, ? 840.00 , ? 205.00 ,? 225.00,The Chicken Manchurian was a fantastic start to our meal! Perfectly crispy.
3198,3198,O03199,13-12-2024,15:00,C0080,Sher Khan,51,Tandoori Chicken,Non-Veg Main,1,? 460.00, ? 460.00 , ? 366.00 ,? 94.00,A truly authentic and flavorful Tandoori Chicken. It was very satisfying.
3199,3199,O03200,13-12-2024,17:45,C0010,Kaif Azam,6,Grilled Salmon,Ocean Meal,5,? 500.00," ? 2,500.00 ", ? 357.00 ,? 715.00,The Grilled Salmon was not what I expected.
3200,3200,O03201,13-12-2024,17:45,C0271,Aasiya Mujawar,111,Egg Sandwich,Sandwiches,1,? 110.00, ? 110.00 , ? 80.00 ,? 30.00,It was an average Egg Sandwich.
3201,3201,O03202,13-12-2024,19:00,C0236,Aakib Khan,1,Tomato Soup,Starter,5,? 180.00, ? 900.00 , ? 132.00 ,? 240.00,Absolutely loved the Tomato Soup! It was the perfect appetizer to get us started.
3202,3202,O03203,13-12-2024,13:15,C0319,Sultan Raes,118,Tuna Melt Sandwich,Snacks,2,? 140.00, ? 280.00 , ? 100.00 ,? 80.00,The Tuna Melt Sandwich could have been better.
3203,3203,O03204,13-12-2024,22:45,C0278,Sultan Shikalkar,61,Veg Spring Rolls,Starter,2,? 220.00, ? 440.00 , ? 162.00 ,? 116.00,Wasn't very impressed with the Veg Spring Rolls. It lacked flavor.
3204,3204,O03205,13-12-2024,13:45,C0039,Aasifa Shaikh,67,Veg Schezwan Noodles,Rice & Noodles,5,? 240.00," ? 1,200.00 ", ? 171.00 ,? 345.00,The Veg Schezwan Noodles was fine.
3205,3205,O03206,13-12-2024,17:45,C0215,Ayeza Faruqi,84,Seekh Kebab,Starter,1,? 400.00, ? 400.00 , ? 282.00 ,? 118.00,It was an average Seekh Kebab.
3206,3206,O03207,14-12-2024,21:45,C0079,Shahrukh Faruqi,110,Paneer Sandwich,Sandwiches,1,? 120.00, ? 120.00 , ? 84.00 ,? 36.00,A satisfying meal. The Paneer Sandwich was a good choice.
3207,3207,O03208,14-12-2024,10:15,C0013,Aariz Raes,59,Veg Manchurian,Starter,3,? 240.00, ? 720.00 , ? 169.00 ,? 213.00,Absolutely loved the Veg Manchurian! It was the perfect appetizer to get us started.
3208,3208,O03209,14-12-2024,15:45,C0032,Ayeza Mujawar,128,Paneer Tandoori Wrap,Snacks,3,? 120.00, ? 360.00 , ? 94.00 ,? 78.00,It was an average Paneer Tandoori Wrap.
3209,3209,O03210,14-12-2024,20:30,C0329,Wahaj Sayyad,101,Veggie Sub,Sandwiches,5,? 150.00, ? 750.00 , ? 105.00 ,? 225.00,The Veggie Sub was excellent. Really enjoyed the meal.
3210,3210,O03211,14-12-2024,19:15,C0287,Nikhat Shaikh,71,Sweet Corn Soup (Veg),Starter,4,? 140.00, ? 560.00 , ? 108.00 ,? 128.00,The Sweet Corn Soup (Veg) was simply delicious and fresh. Highly recommended!
3211,3211,O03212,14-12-2024,18:30,C0022,Aasiya Ali,80,Tandoori Momos,Starter,5,? 260.00," ? 1,300.00 ", ? 185.00 ,? 375.00,It was an average Tandoori Momos.
3212,3212,O03213,14-12-2024,20:15,C0111,Moh Saad Raes,70,Hot & Sour Soup (Chicken),Starter,2,? 200.00, ? 400.00 , ? 159.00 ,? 82.00,The Hot & Sour Soup (Chicken) was simply delicious and fresh. Highly recommended!
3213,3213,O03214,14-12-2024,12:15,C0081,Ayeza Raes,32,Fish Curry,Non-Veg Main,3,? 400.00," ? 1,200.00 ", ? 286.00 ,? 342.00,The Fish Curry was too spicy for me to handle.
3214,3214,O03215,14-12-2024,20:15,C0228,Isharat Momin,47,Bhindi Masala,Vegetarian,5,? 240.00," ? 1,200.00 ", ? 175.00 ,? 325.00,"It was an okay Bhindi Masala, but I've had better."
3215,3215,O03216,14-12-2024,16:45,C0193,Anis Nadaf,44,Hyderabadi Haleem,Non-Veg Main,3,? 500.00," ? 1,500.00 ", ? 395.00 ,? 315.00,A truly authentic and flavorful Hyderabadi Haleem. It was very satisfying.
3216,3216,O03217,15-12-2024,18:00,C0222,Arman Ali,98,Paneer Kathi Roll,Street Food,1,? 140.00, ? 140.00 , ? 103.00 ,? 37.00,The Paneer Kathi Roll could have been better.
3217,3217,O03218,15-12-2024,16:45,C0099,Aariz Faruqi,74,Chicken Clear Soup,Starter,1,? 160.00, ? 160.00 , ? 125.00 ,? 35.00,"The Chicken Clear Soup was decent, but nothing special."
3218,3218,O03219,15-12-2024,16:15,C0033,Arahan Azam,128,Paneer Tandoori Wrap,Snacks,1,? 120.00, ? 120.00 , ? 94.00 ,? 26.00,I was not a fan of the Paneer Tandoori Wrap.
3219,3219,O03220,15-12-2024,22:00,C0284,Sher Shaikh,42,Medu Vada,Vegetarian,2,? 150.00, ? 300.00 , ? 112.00 ,? 76.00,I found the Medu Vada to be a bit watery.
3220,3220,O03221,15-12-2024,12:15,C0187,Aasin Nadaf,91,Chana Masala,Main Course,4,? 260.00," ? 1,040.00 ", ? 185.00 ,? 300.00,The Chana Masala was excellent. Really enjoyed the meal.
3221,3221,O03222,15-12-2024,22:00,C0322,Aasin Malik,111,Egg Sandwich,Sandwiches,4,? 110.00, ? 440.00 , ? 80.00 ,? 120.00,The Egg Sandwich met my expectations.
3222,3222,O03223,15-12-2024,11:15,C0136,Anis Taimoor,65,Schezwan Fried Rice,Rice & Noodles,3,? 220.00, ? 660.00 , ? 160.00 ,? 180.00,The Schezwan Fried Rice was fine.
3223,3223,O03224,16-12-2024,16:15,C0082,Isharat Nadaf,57,Prawn Masala,Non-Veg Main,1,? 460.00, ? 460.00 , ? 326.00 ,? 134.00,Felt that the Prawn Masala was overpriced for its quality.
3224,3224,O03225,16-12-2024,12:30,C0093,Aakib Raes,111,Egg Sandwich,Sandwiches,5,? 110.00, ? 550.00 , ? 80.00 ,? 150.00,The Egg Sandwich was fine.
3225,3225,O03226,16-12-2024,21:45,C0174,Anis Malik,46,Kadai Paneer,Vegetarian,4,? 360.00," ? 1,440.00 ", ? 275.00 ,? 340.00,The Kadai Paneer is a great choice for vegetarians. Hearty and full of flavor.
3226,3226,O03227,16-12-2024,14:15,C0041,Aakib Shaikh,132,Club Chicken Sandwich,Snacks,3,? 140.00, ? 420.00 , ? 101.00 ,? 117.00,I was not a fan of the Club Chicken Sandwich.
3227,3227,O03228,16-12-2024,17:45,C0153,Nikhat Malik,88,Vada Pav,Snack,4,? 120.00, ? 480.00 , ? 91.00 ,? 116.00,The Vada Pav met my expectations.
3228,3228,O03229,16-12-2024,11:00,C0177,Sultan Ali,57,Prawn Masala,Non-Veg Main,1,? 460.00, ? 460.00 , ? 326.00 ,? 134.00,A truly authentic and flavorful Prawn Masala. It was very satisfying.
3229,3229,O03230,16-12-2024,14:45,C0178,Wahaj Sayyad,25,Spring Rolls,Starter,4,? 220.00, ? 880.00 , ? 164.00 ,? 224.00,Absolutely loved the Spring Rolls! It was the perfect appetizer to get us started.
3230,3230,O03231,16-12-2024,16:00,C0038,Moh Saad Malik,83,Malai Kofta,Main Course,2,? 340.00, ? 680.00 , ? 249.00 ,? 182.00,A satisfying meal. The Malai Kofta was a good choice.
3231,3231,O03232,16-12-2024,14:30,C0173,Aasifa Shaikh,104,Chicken Frankie,Street Food,3,? 150.00, ? 450.00 , ? 112.00 ,? 114.00,Great food! The Chicken Frankie was delicious and well-prepared.
3232,3232,O03233,16-12-2024,17:15,C0198,Danish Faruqi,119,Veg Paneer Wrap,Snacks,3,? 95.00, ? 285.00 , ? 74.00 ,? 63.00,I was not a fan of the Veg Paneer Wrap.
3233,3233,O03234,16-12-2024,15:15,C0097,Isharat Taimoor,52,Chicken Tikka Masala,Non-Veg Main,4,? 480.00," ? 1,920.00 ", ? 373.00 ,? 428.00,The Chicken Tikka Masala was cooked to perfection. The spices were spot on!
3234,3234,O03235,17-12-2024,10:45,C0083,Isharat Mujawar,39,Masala Dosa,Vegetarian,1,? 180.00, ? 180.00 , ? 138.00 ,? 42.00,A wholesome and delicious Masala Dosa. The vegetables were so fresh!
3235,3235,O03236,17-12-2024,10:00,C0246,Aariz Raes,117,Egg Mayo Sandwich,Snacks,3,? 85.00, ? 255.00 , ? 66.00 ,? 57.00,The Egg Mayo Sandwich was not what I expected.
3236,3236,O03237,17-12-2024,10:00,C0002,Dua Khan,114,Veg Frankie Roll,Snacks,3,? 80.00, ? 240.00 , ? 62.00 ,? 54.00,The Veg Frankie Roll could have been better.
3237,3237,O03238,17-12-2024,19:30,C0211,Moh Saad Faruqi,79,Fried Momos (Chicken),Starter,3,? 240.00, ? 720.00 , ? 176.00 ,? 192.00,The Fried Momos (Chicken) was simply delicious and fresh. Highly recommended!
3238,3238,O03239,17-12-2024,20:00,C0270,Isharat Malik,32,Fish Curry,Non-Veg Main,4,? 400.00," ? 1,600.00 ", ? 286.00 ,? 456.00,The Fish Curry was too spicy for me to handle.
3239,3239,O03240,17-12-2024,17:00,C0271,Aasiya Mujawar,48,Baingan Bharta,Vegetarian,5,? 260.00," ? 1,300.00 ", ? 195.00 ,? 325.00,A wholesome and delicious Baingan Bharta. The vegetables were so fresh!
3240,3240,O03241,17-12-2024,21:00,C0061,Shamsher Raes,43,Onion Uttapam,Vegetarian,3,? 160.00, ? 480.00 , ? 112.00 ,? 144.00,A wholesome and delicious Onion Uttapam. The vegetables were so fresh!
3241,3241,O03242,18-12-2024,13:00,C0187,Aasin Nadaf,114,Veg Frankie Roll,Snacks,4,? 80.00, ? 320.00 , ? 62.00 ,? 72.00,Great food! The Veg Frankie Roll was delicious and well-prepared.
3242,3242,O03243,18-12-2024,19:45,C0262,Nikhat Faruqi,11,Margherita Pizza,Pizza,2,? 330.00, ? 660.00 , ? 231.00 ,? 198.00,Great food! The Margherita Pizza was delicious and well-prepared.
3243,3243,O03244,18-12-2024,18:00,C0255,Shamsher Malik,20,Veg Fried Rice,Rice & Noodles,3,? 200.00, ? 600.00 , ? 145.00 ,? 165.00,A satisfying meal. The Veg Fried Rice was a good choice.
3244,3244,O03245,18-12-2024,17:15,C0090,Shahrukh Khan,12,Veggie Burger,Burger,1,? 250.00, ? 250.00 , ? 199.00 ,? 51.00,Great food! The Veggie Burger was delicious and well-prepared.
3245,3245,O03246,19-12-2024,22:00,C0066,Abdul Rahim Mujawar,42,Medu Vada,Vegetarian,4,? 150.00, ? 600.00 , ? 112.00 ,? 152.00,The Medu Vada is a great choice for vegetarians. Hearty and full of flavor.
3246,3246,O03247,19-12-2024,20:45,C0203,Isharat Sayyad,86,Non-Veg Thali,Meal Combo,1,? 440.00, ? 440.00 , ? 322.00 ,? 118.00,The Non-Veg Thali could have been better.
3247,3247,O03248,19-12-2024,18:15,C0164,Aakib Malik,61,Veg Spring Rolls,Starter,3,? 220.00, ? 660.00 , ? 162.00 ,? 174.00,Absolutely loved the Veg Spring Rolls! It was the perfect appetizer to get us started.
3248,3248,O03249,19-12-2024,10:30,C0294,Isharat Sayyad,28,Caesar Salad,Salad,4,? 280.00," ? 1,120.00 ", ? 210.00 ,? 280.00,The Caesar Salad met my expectations.
3249,3249,O03250,19-12-2024,20:45,C0275,Arman Khan,63,Chili Paneer,Starter,1,? 280.00, ? 280.00 , ? 219.00 ,? 61.00,Absolutely loved the Chili Paneer! It was the perfect appetizer to get us started.
3250,3250,O03251,19-12-2024,12:45,C0055,Sultan Momin,38,Mutton Biryani,Rice & Noodles,1,? 480.00, ? 480.00 , ? 340.00 ,? 140.00,A satisfying meal. The Mutton Biryani was a good choice.
3251,3251,O03252,19-12-2024,19:15,C0313,Aakib Shikalkar,95,Garlic Naan,Breads,1,? 70.00, ? 70.00 , ? 54.00 ,? 16.00,A satisfying meal. The Garlic Naan was a good choice.
3252,3252,O03253,19-12-2024,13:45,C0077,Shahrukh Momin,46,Kadai Paneer,Vegetarian,5,? 360.00," ? 1,800.00 ", ? 275.00 ,? 425.00,A wholesome and delicious Kadai Paneer. The vegetables were so fresh!
3253,3253,O03254,19-12-2024,10:30,C0182,Rihan Shaikh,32,Fish Curry,Non-Veg Main,3,? 400.00," ? 1,200.00 ", ? 286.00 ,? 342.00,The Fish Curry was alright. It was cooked well but the flavor was average.
3254,3254,O03255,19-12-2024,17:30,C0122,Aakib Nadaf,46,Kadai Paneer,Vegetarian,1,? 360.00, ? 360.00 , ? 275.00 ,? 85.00,The Kadai Paneer is a great choice for vegetarians. Hearty and full of flavor.
3255,3255,O03256,19-12-2024,20:15,C0222,Arman Ali,48,Baingan Bharta,Vegetarian,2,? 260.00, ? 520.00 , ? 195.00 ,? 130.00,A wholesome and delicious Baingan Bharta. The vegetables were so fresh!
3256,3256,O03257,19-12-2024,19:15,C0223,Anis Sayyad,92,Kadhi Pakora,Main Course,2,? 300.00, ? 600.00 , ? 231.00 ,? 138.00,A satisfying meal. The Kadhi Pakora was a good choice.
3257,3257,O03258,20-12-2024,14:30,C0128,Moh Saad Shikalkar,83,Malai Kofta,Main Course,4,? 340.00," ? 1,360.00 ", ? 249.00 ,? 364.00,It was an average Malai Kofta.
3258,3258,O03259,20-12-2024,12:45,C0192,Danish Faruqi,84,Seekh Kebab,Starter,3,? 400.00," ? 1,200.00 ", ? 282.00 ,? 354.00,The Seekh Kebab was simply delicious and fresh. Highly recommended!
3259,3259,O03260,20-12-2024,10:30,C0096,Imran Mujawar,59,Veg Manchurian,Starter,4,? 240.00, ? 960.00 , ? 169.00 ,? 284.00,Wasn't very impressed with the Veg Manchurian. It lacked flavor.
3260,3260,O03261,20-12-2024,10:15,C0029,Rihan Sayyad,35,Chole Bhature,Vegetarian,3,? 280.00, ? 840.00 , ? 223.00 ,? 171.00,A wholesome and delicious Chole Bhature. The vegetables were so fresh!
3261,3261,O03262,20-12-2024,22:30,C0241,Shamsher Faruqi,81,Biryani (Veg),Rice,4,? 320.00," ? 1,280.00 ", ? 251.00 ,? 276.00,The Biryani (Veg) met my expectations.
3262,3262,O03263,20-12-2024,11:15,C0131,Aasin Ali,24,Samosa,Starter,2,? 100.00, ? 200.00 , ? 73.00 ,? 54.00,The Samosa was a fantastic start to our meal! Perfectly crispy.
3263,3263,O03264,20-12-2024,20:30,C0083,Isharat Mujawar,114,Veg Frankie Roll,Snacks,5,? 80.00, ? 400.00 , ? 62.00 ,? 90.00,The Veg Frankie Roll was excellent. Really enjoyed the meal.
3264,3264,O03265,20-12-2024,10:30,C0049,Aman Khan,13,Gulab Jamun,Dessert,1,? 150.00, ? 150.00 , ? 117.00 ,? 33.00,Great food! The Gulab Jamun was delicious and well-prepared.
3265,3265,O03266,20-12-2024,21:00,C0224,Nikhat Mujawar,69,Hot & Sour Soup (Veg),Starter,4,? 160.00, ? 640.00 , ? 113.00 ,? 188.00,The Hot & Sour Soup (Veg) was a fantastic start to our meal! Perfectly crispy.
3266,3266,O03267,21-12-2024,11:00,C0192,Danish Faruqi,87,Uttapam,South Indian,1,? 220.00, ? 220.00 , ? 170.00 ,? 50.00,A satisfying meal. The Uttapam was a good choice.
3267,3267,O03268,21-12-2024,18:15,C0151,Aasifa Malik,27,Pasta Arrabbiata,Continental,3,? 300.00, ? 900.00 , ? 215.00 ,? 255.00,It was an average Pasta Arrabbiata.
3268,3268,O03269,21-12-2024,21:00,C0043,Aakib Faruqi,81,Biryani (Veg),Rice,1,? 320.00, ? 320.00 , ? 251.00 ,? 69.00,Great food! The Biryani (Veg) was delicious and well-prepared.
3269,3269,O03270,21-12-2024,17:30,C0097,Isharat Taimoor,111,Egg Sandwich,Sandwiches,1,? 110.00, ? 110.00 , ? 80.00 ,? 30.00,The Egg Sandwich was fine.
3270,3270,O03271,21-12-2024,15:15,C0174,Anis Malik,106,Chicken Burger,Fast Food,4,? 160.00, ? 640.00 , ? 115.00 ,? 180.00,A satisfying meal. The Chicken Burger was a good choice.
3271,3271,O03272,21-12-2024,12:30,C0188,Sher Raes,97,Grilled Cheese Sandwich,Sandwiches,4,? 120.00, ? 480.00 , ? 90.00 ,? 120.00,Great food! The Grilled Cheese Sandwich was delicious and well-prepared.
3272,3272,O03273,21-12-2024,18:00,C0087,Moh Saad Mujawar,120,Peri Peri Chicken Wings,Snacks,4,? 180.00, ? 720.00 , ? 135.00 ,? 180.00,A satisfying meal. The Peri Peri Chicken Wings was a good choice.
3273,3273,O03274,21-12-2024,19:45,C0254,Sultan Ali,78,Fried Momos (Veg),Starter,2,? 200.00, ? 400.00 , ? 141.00 ,? 118.00,The Fried Momos (Veg) was cold when it arrived at our table.
3274,3274,O03275,22-12-2024,14:15,C0085,Aasifa Azam,114,Veg Frankie Roll,Snacks,4,? 80.00, ? 320.00 , ? 62.00 ,? 72.00,The Veg Frankie Roll was excellent. Really enjoyed the meal.
3275,3275,O03276,22-12-2024,21:45,C0065,Shamsher Faruqi,94,Butter Naan,Breads,5,? 60.00, ? 300.00 , ? 45.00 ,? 75.00,Great food! The Butter Naan was delicious and well-prepared.
3276,3276,O03277,22-12-2024,22:00,C0282,Nikhat Khan,22,Paneer Tikka,Starter,3,? 280.00, ? 840.00 , ? 199.00 ,? 243.00,"The Paneer Tikka was decent, but nothing special."
3277,3277,O03278,22-12-2024,14:30,C0107,Aasifa Faruqi,43,Onion Uttapam,Vegetarian,2,? 160.00, ? 320.00 , ? 112.00 ,? 96.00,I found the Onion Uttapam to be a bit watery.
3278,3278,O03279,22-12-2024,20:15,C0024,Aman Momin,17,French Fries,Starter,5,? 120.00, ? 600.00 , ? 87.00 ,? 165.00,Absolutely loved the French Fries! It was the perfect appetizer to get us started.
3279,3279,O03280,22-12-2024,11:00,C0277,Shamsher Faruqi,67,Veg Schezwan Noodles,Rice & Noodles,5,? 240.00," ? 1,200.00 ", ? 171.00 ,? 345.00,The Veg Schezwan Noodles met my expectations.
3280,3280,O03281,22-12-2024,12:00,C0198,Danish Faruqi,38,Mutton Biryani,Rice & Noodles,4,? 480.00," ? 1,920.00 ", ? 340.00 ,? 560.00,I was not a fan of the Mutton Biryani.
3281,3281,O03282,22-12-2024,11:45,C0098,Shahrukh Malik,3,Chicken Soup,Starter,2,? 220.00, ? 440.00 , ? 170.00 ,? 100.00,Wasn't very impressed with the Chicken Soup. It lacked flavor.
3282,3282,O03283,22-12-2024,17:00,C0049,Aman Khan,8,Paneer Butter Masala,Vegetarian,5,? 380.00," ? 1,900.00 ", ? 298.00 ,? 410.00,The Paneer Butter Masala was as expected.
3283,3283,O03284,22-12-2024,22:45,C0264,Abdul Rahim Mujawar,20,Veg Fried Rice,Rice & Noodles,3,? 200.00, ? 600.00 , ? 145.00 ,? 165.00,The Veg Fried Rice was not what I expected.
3284,3284,O03285,22-12-2024,17:00,C0164,Aakib Malik,100,Veg Wrap,Sandwiches,1,? 130.00, ? 130.00 , ? 92.00 ,? 38.00,Great food! The Veg Wrap was delicious and well-prepared.
3285,3285,O03286,22-12-2024,15:30,C0039,Aasifa Shaikh,126,Corn & Cheese Sandwich,Snacks,4,? 90.00, ? 360.00 , ? 66.00 ,? 96.00,I was not a fan of the Corn & Cheese Sandwich.
3286,3286,O03287,22-12-2024,14:00,C0279,Arman Taimoor,93,Matar Paneer,Main Course,3,? 340.00," ? 1,020.00 ", ? 263.00 ,? 231.00,The Matar Paneer was excellent. Really enjoyed the meal.
3287,3287,O03288,23-12-2024,16:15,C0015,Kaif Taimoor,49,Aloo Gobi,Vegetarian,2,? 220.00, ? 440.00 , ? 166.00 ,? 108.00,I found the Aloo Gobi to be a bit watery.
3288,3288,O03289,23-12-2024,10:30,C0155,Imran Mujawar,130,Veggie Delight Sub,Snacks,4,? 120.00, ? 480.00 , ? 90.00 ,? 120.00,A satisfying meal. The Veggie Delight Sub was a good choice.
3289,3289,O03290,23-12-2024,14:00,C0226,Aman Taimoor,6,Grilled Salmon,Ocean Meal,3,? 500.00," ? 1,500.00 ", ? 357.00 ,? 429.00,The Grilled Salmon met my expectations.
3290,3290,O03291,23-12-2024,12:30,C0177,Sultan Ali,88,Vada Pav,Snack,4,? 120.00, ? 480.00 , ? 91.00 ,? 116.00,The Vada Pav was excellent. Really enjoyed the meal.
3291,3291,O03292,23-12-2024,11:00,C0092,Sultan Shaikh,37,Biryani Veg,Rice & Noodles,4,? 320.00," ? 1,280.00 ", ? 233.00 ,? 348.00,The Biryani Veg was excellent. Really enjoyed the meal.
3292,3292,O03293,23-12-2024,15:45,C0094,Rihan Ali,106,Chicken Burger,Fast Food,1,? 160.00, ? 160.00 , ? 115.00 ,? 45.00,A satisfying meal. The Chicken Burger was a good choice.
3293,3293,O03294,23-12-2024,19:30,C0192,Danish Faruqi,65,Schezwan Fried Rice,Rice & Noodles,2,? 220.00, ? 440.00 , ? 160.00 ,? 120.00,I was not a fan of the Schezwan Fried Rice.
3294,3294,O03295,23-12-2024,16:15,C0290,Isharat Raes,42,Medu Vada,Vegetarian,1,? 150.00, ? 150.00 , ? 112.00 ,? 38.00,Loved the Medu Vada! It was a delightful and well-prepared vegetarian meal.
3295,3295,O03296,24-12-2024,16:45,C0101,Aariz Malik,124,Grilled Veg Panini,Snacks,1,? 140.00, ? 140.00 , ? 99.00 ,? 41.00,A satisfying meal. The Grilled Veg Panini was a good choice.
3296,3296,O03297,24-12-2024,19:45,C0219,Isharat Nadaf,4,Chicken Biryani,Rice Meal,5,? 440.00," ? 2,200.00 ", ? 334.00 ,? 530.00,Great food! The Chicken Biryani was delicious and well-prepared.
3297,3297,O03298,24-12-2024,20:15,C0081,Ayeza Raes,94,Butter Naan,Breads,4,? 60.00, ? 240.00 , ? 45.00 ,? 60.00,Great food! The Butter Naan was delicious and well-prepared.
3298,3298,O03299,24-12-2024,19:15,C0329,Wahaj Sayyad,69,Hot & Sour Soup (Veg),Starter,2,? 160.00, ? 320.00 , ? 113.00 ,? 94.00,The Hot & Sour Soup (Veg) was a fantastic start to our meal! Perfectly crispy.
3299,3299,O03300,24-12-2024,19:45,C0316,Shamsher Mujawar,117,Egg Mayo Sandwich,Snacks,1,? 85.00, ? 85.00 , ? 66.00 ,? 19.00,It was an average Egg Mayo Sandwich.
3300,3300,O03301,24-12-2024,15:30,C0020,Rihan Shikalkar,116,Paneer Bhurji Sandwich,Snacks,4,? 75.00, ? 300.00 , ? 59.00 ,? 64.00,It was an average Paneer Bhurji Sandwich.
3301,3301,O03302,24-12-2024,22:45,C0103,Aasiya Faruqi,89,Misal Pav,Snack,5,? 160.00, ? 800.00 , ? 126.00 ,? 170.00,The Misal Pav was excellent. Really enjoyed the meal.
3302,3302,O03303,25-12-2024,11:15,C0254,Sultan Ali,17,French Fries,Starter,4,? 120.00, ? 480.00 , ? 87.00 ,? 132.00,The French Fries was cold when it arrived at our table.
3303,3303,O03304,25-12-2024,19:00,C0226,Aman Taimoor,87,Uttapam,South Indian,2,? 220.00, ? 440.00 , ? 170.00 ,? 100.00,I was not a fan of the Uttapam.
3304,3304,O03305,25-12-2024,15:00,C0075,Rihan Raes,80,Tandoori Momos,Starter,5,? 260.00," ? 1,300.00 ", ? 185.00 ,? 375.00,The Tandoori Momos was a fantastic start to our meal! Perfectly crispy.
3305,3305,O03306,25-12-2024,13:30,C0069,Aasin Khan,38,Mutton Biryani,Rice Meal,2,? 490.00, ? 980.00 , ? 350.00 ,? 280.00,The Mutton Biryani met my expectations.
3306,3306,O03307,25-12-2024,16:15,C0210,Sultan Nadaf,57,Prawn Masala,Non-Veg Main,2,? 460.00, ? 920.00 , ? 326.00 ,? 268.00,The Prawn Masala was satisfactory.
3307,3307,O03308,25-12-2024,19:30,C0076,Dua Shikalkar,54,Egg Biryani,Rice & Noodles,2,? 340.00, ? 680.00 , ? 268.00 ,? 144.00,Great food! The Egg Biryani was delicious and well-prepared.
3308,3308,O03309,25-12-2024,20:15,C0095,Aakib Azam,37,Biryani Veg,Rice & Noodles,2,? 320.00, ? 640.00 , ? 233.00 ,? 174.00,A satisfying meal. The Biryani Veg was a good choice.
3309,3309,O03310,25-12-2024,22:15,C0166,Nikhat Taimoor,38,Mutton Biryani,Rice Meal,3,? 490.00," ? 1,470.00 ", ? 350.00 ,? 420.00,The Mutton Biryani met my expectations.
3310,3310,O03311,25-12-2024,20:30,C0200,Aariz Taimoor,96,Club Sandwich,Sandwiches,3,? 160.00, ? 480.00 , ? 119.00 ,? 123.00,Great food! The Club Sandwich was delicious and well-prepared.
3311,3311,O03312,25-12-2024,18:15,C0216,Sultan Khan,31,Mutton Rogan Josh,Non-Veg Main,5,? 520.00," ? 2,600.00 ", ? 395.00 ,? 625.00,"It was a standard Mutton Rogan Josh, nothing out of the ordinary."
3312,3312,O03313,25-12-2024,22:15,C0111,Moh Saad Raes,73,Veg Clear Soup,Starter,2,? 120.00, ? 240.00 , ? 84.00 ,? 72.00,Absolutely loved the Veg Clear Soup! It was the perfect appetizer to get us started.
3313,3313,O03314,25-12-2024,18:45,C0275,Arman Khan,98,Paneer Kathi Roll,Street Food,4,? 140.00, ? 560.00 , ? 103.00 ,? 148.00,I was not a fan of the Paneer Kathi Roll.
3314,3314,O03315,25-12-2024,18:15,C0073,Moh Saad Taimoor,42,Medu Vada,Vegetarian,3,? 150.00, ? 450.00 , ? 112.00 ,? 114.00,I found the Medu Vada to be a bit watery.
3315,3315,O03316,26-12-2024,16:45,C0061,Shamsher Raes,44,Hyderabadi Haleem,Non-Veg Main,1,? 500.00, ? 500.00 , ? 395.00 ,? 105.00,The Hyderabadi Haleem was the highlight of our meal. Absolutely delicious!
3316,3316,O03317,26-12-2024,16:00,C0279,Arman Taimoor,4,Chicken Biryani,Rice Meal,4,? 440.00," ? 1,760.00 ", ? 334.00 ,? 424.00,Great food! The Chicken Biryani was delicious and well-prepared.
3317,3317,O03318,26-12-2024,17:30,C0194,Isharat Momin,11,Margherita Pizza,Pizza,3,? 330.00, ? 990.00 , ? 231.00 ,? 297.00,The Margherita Pizza met my expectations.
3318,3318,O03319,26-12-2024,10:30,C0211,Moh Saad Faruqi,11,Margherita Pizza,Pizza,4,? 330.00," ? 1,320.00 ", ? 231.00 ,? 396.00,The Margherita Pizza was excellent. Really enjoyed the meal.
3319,3319,O03320,26-12-2024,19:00,C0190,Rihan Raes,50,Jeera Rice,Rice & Noodles,4,? 180.00, ? 720.00 , ? 129.00 ,? 204.00,A satisfying meal. The Jeera Rice was a good choice.
3320,3320,O03321,26-12-2024,10:30,C0242,Arahan Mujawar,18,Veg Hakka Noodles,Rice & Noodles,5,? 220.00," ? 1,100.00 ", ? 165.00 ,? 275.00,The Veg Hakka Noodles was excellent. Really enjoyed the meal.
3321,3321,O03322,26-12-2024,18:45,C0079,Shahrukh Faruqi,18,Veg Hakka Noodles,Rice & Noodles,2,? 220.00, ? 440.00 , ? 165.00 ,? 110.00,The Veg Hakka Noodles met my expectations.
3322,3322,O03323,26-12-2024,16:00,C0108,Arman Azam,8,Paneer Butter Masala,Vegetarian,1,? 380.00, ? 380.00 , ? 298.00 ,? 82.00,The vegetables in the Paneer Butter Masala seemed overcooked.
3323,3323,O03324,26-12-2024,12:15,C0075,Rihan Raes,22,Paneer Tikka,Starter,2,? 280.00, ? 560.00 , ? 199.00 ,? 162.00,Absolutely loved the Paneer Tikka! It was the perfect appetizer to get us started.
3324,3324,O03325,26-12-2024,14:30,C0190,Rihan Raes,33,Dal Tadka,Vegetarian,3,? 260.00, ? 780.00 , ? 183.00 ,? 231.00,A wholesome and delicious Dal Tadka. The vegetables were so fresh!
3325,3325,O03326,26-12-2024,20:45,C0280,Dua Faruqi,98,Paneer Kathi Roll,Street Food,3,? 140.00, ? 420.00 , ? 103.00 ,? 111.00,The Paneer Kathi Roll was fine.
3326,3326,O03327,27-12-2024,20:15,C0306,Arman Malik,123,Chicken Caesar Wrap,Snacks,3,? 150.00, ? 450.00 , ? 109.00 ,? 123.00,The Chicken Caesar Wrap was excellent. Really enjoyed the meal.
3327,3327,O03328,27-12-2024,20:00,C0243,Imran Sayyad,27,Pasta Arrabbiata,Continental,3,? 300.00, ? 900.00 , ? 215.00 ,? 255.00,A satisfying meal. The Pasta Arrabbiata was a good choice.
3328,3328,O03329,27-12-2024,14:30,C0042,Aasin Taimoor,50,Jeera Rice,Rice & Noodles,5,? 180.00, ? 900.00 , ? 129.00 ,? 255.00,It was an average Jeera Rice.
3329,3329,O03330,27-12-2024,17:00,C0179,Arman Malik,72,Sweet Corn Soup (Chicken),Starter,4,? 180.00, ? 720.00 , ? 129.00 ,? 204.00,Absolutely loved the Sweet Corn Soup (Chicken)! It was the perfect appetizer to get us started.
3330,3330,O03331,27-12-2024,21:00,C0125,Danish Nadaf,116,Paneer Bhurji Sandwich,Snacks,3,? 75.00, ? 225.00 , ? 59.00 ,? 48.00,The Paneer Bhurji Sandwich met my expectations.
3331,3331,O03332,27-12-2024,11:30,C0105,Aakib Nadaf,115,Chicken Kathi Roll,Street Food,3,? 160.00, ? 480.00 , ? 112.00 ,? 144.00,I was not a fan of the Chicken Kathi Roll.
3332,3332,O03333,27-12-2024,16:45,C0088,Abdul Rahim Nadaf,73,Veg Clear Soup,Starter,2,? 120.00, ? 240.00 , ? 84.00 ,? 72.00,Absolutely loved the Veg Clear Soup! It was the perfect appetizer to get us started.
3333,3333,O03334,27-12-2024,19:15,C0203,Isharat Sayyad,7,Butter Chicken,Meat Special,4,? 495.00," ? 1,980.00 ", ? 349.00 ,? 584.00,I was not a fan of the Butter Chicken.
3334,3334,O03335,27-12-2024,16:15,C0237,Aman Azam,116,Paneer Bhurji Sandwich,Snacks,5,? 75.00, ? 375.00 , ? 59.00 ,? 80.00,A satisfying meal. The Paneer Bhurji Sandwich was a good choice.
3335,3335,O03336,27-12-2024,22:45,C0024,Aman Momin,127,Mutton Seekh Kebab Roll,Snacks,1,? 170.00, ? 170.00 , ? 132.00 ,? 38.00,Great food! The Mutton Seekh Kebab Roll was delicious and well-prepared.
3336,3336,O03337,27-12-2024,16:45,C0237,Aman Azam,40,Idli Sambar,Vegetarian,5,? 160.00, ? 800.00 , ? 119.00 ,? 205.00,Loved the Idli Sambar! It was a delightful and well-prepared vegetarian meal.
3337,3337,O03338,28-12-2024,22:45,C0285,Ayeza Raes,56,Dal Makhani,Vegetarian,2,? 340.00, ? 680.00 , ? 269.00 ,? 142.00,The Dal Makhani was a decent vegetarian option.
3338,3338,O03339,28-12-2024,22:00,C0006,Imran Taimoor,65,Schezwan Fried Rice,Rice & Noodles,2,? 220.00, ? 440.00 , ? 160.00 ,? 120.00,The Schezwan Fried Rice was fine.
3339,3339,O03340,28-12-2024,11:30,C0150,Aman Ali,60,Chicken Manchurian,Starter,1,? 280.00, ? 280.00 , ? 205.00 ,? 75.00,Absolutely loved the Chicken Manchurian! It was the perfect appetizer to get us started.
3340,3340,O03341,28-12-2024,16:30,C0037,Wahaj Malik,2,Mushroom Soup,Starter,1,? 200.00, ? 200.00 , ? 159.00 ,? 41.00,Wasn't very impressed with the Mushroom Soup. It lacked flavor.
3341,3341,O03342,28-12-2024,12:15,C0282,Nikhat Khan,13,Gulab Jamun,Dessert,5,? 150.00, ? 750.00 , ? 117.00 ,? 165.00,The Gulab Jamun was excellent. Really enjoyed the meal.
3342,3342,O03343,28-12-2024,18:15,C0282,Nikhat Khan,38,Mutton Biryani,Rice Meal,1,? 490.00, ? 490.00 , ? 350.00 ,? 140.00,The Mutton Biryani met my expectations.
3343,3343,O03344,28-12-2024,12:30,C0124,Arahan Shaikh,49,Aloo Gobi,Vegetarian,2,? 220.00, ? 440.00 , ? 166.00 ,? 108.00,Loved the Aloo Gobi! It was a delightful and well-prepared vegetarian meal.
3344,3344,O03345,28-12-2024,20:00,C0106,Aasin Mujawar,77,Paneer Momos,Starter,2,? 200.00, ? 400.00 , ? 155.00 ,? 90.00,"The Paneer Momos was decent, but nothing special."
3345,3345,O03346,29-12-2024,20:30,C0247,Shahrukh Sayyad,36,Pav Bhaji,Vegetarian,2,? 220.00, ? 440.00 , ? 171.00 ,? 98.00,The Pav Bhaji is a great choice for vegetarians. Hearty and full of flavor.
3346,3346,O03347,29-12-2024,11:00,C0317,Rihan Azam,123,Chicken Caesar Wrap,Snacks,3,? 150.00, ? 450.00 , ? 109.00 ,? 123.00,I was not a fan of the Chicken Caesar Wrap.
3347,3347,O03348,29-12-2024,22:15,C0010,Kaif Azam,64,Chili Chicken,Starter,2,? 340.00, ? 680.00 , ? 250.00 ,? 180.00,Absolutely loved the Chili Chicken! It was the perfect appetizer to get us started.
3348,3348,O03349,29-12-2024,11:30,C0217,Nikhat Mujawar,71,Sweet Corn Soup (Veg),Starter,3,? 140.00, ? 420.00 , ? 108.00 ,? 96.00,The Sweet Corn Soup (Veg) was okay. It was a standard appetizer.
3349,3349,O03350,29-12-2024,22:30,C0022,Aasiya Ali,12,Veggie Burger,Burger,4,? 250.00," ? 1,000.00 ", ? 199.00 ,? 204.00,The Veggie Burger was excellent. Really enjoyed the meal.
3350,3350,O03351,29-12-2024,14:30,C0240,Sultan Ali,105,Paneer Burger,Fast Food,1,? 140.00, ? 140.00 , ? 110.00 ,? 30.00,The Paneer Burger was fine.
3351,3351,O03352,29-12-2024,19:15,C0111,Moh Saad Raes,45,Egg Curry,Non-Veg Main,3,? 280.00, ? 840.00 , ? 203.00 ,? 231.00,Felt that the Egg Curry was overpriced for its quality.
3352,3352,O03353,29-12-2024,12:00,C0303,Dua Momin,58,Crab Curry,Non-Veg Main,4,? 520.00," ? 2,080.00 ", ? 374.00 ,? 584.00,The Crab Curry was the highlight of our meal. Absolutely delicious!
3353,3353,O03354,29-12-2024,15:45,C0077,Shahrukh Momin,1,Tomato Soup,Starter,4,? 180.00, ? 720.00 , ? 132.00 ,? 192.00,The Tomato Soup was simply delicious and fresh. Highly recommended!
3354,3354,O03355,29-12-2024,14:15,C0155,Imran Mujawar,26,Pasta Alfredo,Continental,2,? 320.00, ? 640.00 , ? 249.00 ,? 142.00,A satisfying meal. The Pasta Alfredo was a good choice.
3355,3355,O03356,29-12-2024,14:30,C0168,Isharat Shikalkar,84,Seekh Kebab,Starter,2,? 400.00, ? 800.00 , ? 282.00 ,? 236.00,The Seekh Kebab was a fantastic start to our meal! Perfectly crispy.
3356,3356,O03357,29-12-2024,22:15,C0317,Rihan Azam,10,Pepperoni Pizza,Pizza,5,? 368.00," ? 1,840.00 ", ? 283.00 ,? 425.00,The Pepperoni Pizza was not what I expected.
3357,3357,O03358,29-12-2024,13:30,C0213,Aakib Ali,12,Veggie Burger,Burger,1,? 250.00, ? 250.00 , ? 199.00 ,? 51.00,The Veggie Burger could have been better.
3358,3358,O03359,30-12-2024,17:45,C0197,Arahan Ali,31,Mutton Rogan Josh,Non-Veg Main,2,? 520.00," ? 1,040.00 ", ? 395.00 ,? 250.00,The meat in the Mutton Rogan Josh was a bit tough and chewy.
3359,3359,O03360,30-12-2024,11:15,C0105,Aakib Nadaf,121,Cheese Garlic Bread,Breads,2,? 110.00, ? 220.00 , ? 85.00 ,? 50.00,Great food! The Cheese Garlic Bread was delicious and well-prepared.
3360,3360,O03361,30-12-2024,11:30,C0179,Arman Malik,23,Chicken Tikka,Starter,2,? 320.00, ? 640.00 , ? 233.00 ,? 174.00,The Chicken Tikka was a fantastic start to our meal! Perfectly crispy.
3361,3361,O03362,30-12-2024,16:00,C0086,Sher Momin,69,Hot & Sour Soup (Veg),Starter,3,? 160.00, ? 480.00 , ? 113.00 ,? 141.00,The Hot & Sour Soup (Veg) was a bit too oily for my liking.
3362,3362,O03363,30-12-2024,17:15,C0026,Imran Shikalkar,111,Egg Sandwich,Sandwiches,3,? 110.00, ? 330.00 , ? 80.00 ,? 90.00,The Egg Sandwich was fine.
3363,3363,O03364,30-12-2024,17:45,C0063,Aasiya Malik,122,Falafel Wrap,Snacks,4,? 130.00, ? 520.00 , ? 102.00 ,? 112.00,The Falafel Wrap was excellent. Really enjoyed the meal.
3364,3364,O03365,30-12-2024,19:15,C0278,Sultan Shikalkar,59,Veg Manchurian,Starter,3,? 240.00, ? 720.00 , ? 169.00 ,? 213.00,Absolutely loved the Veg Manchurian! It was the perfect appetizer to get us started.
3365,3365,O03366,30-12-2024,16:00,C0190,Rihan Raes,41,Vada Sambar,Vegetarian,5,? 170.00, ? 850.00 , ? 121.00 ,? 245.00,The Vada Sambar is a great choice for vegetarians. Hearty and full of flavor.
3366,3366,O03367,30-12-2024,16:15,C0169,Anis Taimoor,2,Mushroom Soup,Starter,4,? 200.00, ? 800.00 , ? 159.00 ,? 164.00,The Mushroom Soup was a fantastic start to our meal! Perfectly crispy.
3367,3367,O03368,30-12-2024,21:45,C0203,Isharat Sayyad,126,Corn & Cheese Sandwich,Snacks,2,? 90.00, ? 180.00 , ? 66.00 ,? 48.00,It was an average Corn & Cheese Sandwich.
3368,3368,O03369,30-12-2024,20:15,C0170,Sher Shikalkar,4,Chicken Biryani,Rice Meal,1,? 440.00, ? 440.00 , ? 334.00 ,? 106.00,Great food! The Chicken Biryani was delicious and well-prepared.
3369,3369,O03370,30-12-2024,12:00,C0154,Aasin Shikalkar,60,Chicken Manchurian,Starter,4,? 280.00," ? 1,120.00 ", ? 205.00 ,? 300.00,The Chicken Manchurian was a fantastic start to our meal! Perfectly crispy.
3370,3370,O03371,30-12-2024,18:45,C0288,Anis Shikalkar,116,Paneer Bhurji Sandwich,Snacks,1,? 75.00, ? 75.00 , ? 59.00 ,? 16.00,A satisfying meal. The Paneer Bhurji Sandwich was a good choice.
3371,3371,O03372,31-12-2024,10:15,C0294,Isharat Sayyad,13,Gulab Jamun,Dessert,5,? 150.00, ? 750.00 , ? 117.00 ,? 165.00,I was not a fan of the Gulab Jamun.
3372,3372,O03373,31-12-2024,18:00,C0098,Shahrukh Malik,42,Medu Vada,Vegetarian,1,? 150.00, ? 150.00 , ? 112.00 ,? 38.00,The Medu Vada was bland and needed more seasoning.
3373,3373,O03374,31-12-2024,17:00,C0273,Aasin Mujawar,58,Crab Curry,Non-Veg Main,4,? 520.00," ? 2,080.00 ", ? 374.00 ,? 584.00,A truly authentic and flavorful Crab Curry. It was very satisfying.
3374,3374,O03375,31-12-2024,20:00,C0090,Shahrukh Khan,33,Dal Tadka,Vegetarian,1,? 260.00, ? 260.00 , ? 183.00 ,? 77.00,The vegetables in the Dal Tadka seemed overcooked.
3375,3375,O03376,31-12-2024,13:45,C0120,Ayeza Taimoor,44,Hyderabadi Haleem,Non-Veg Main,3,? 500.00," ? 1,500.00 ", ? 395.00 ,? 315.00,The Hyderabadi Haleem was the highlight of our meal. Absolutely delicious!
3376,3376,O03377,31-12-2024,20:15,C0243,Imran Sayyad,111,Egg Sandwich,Sandwiches,3,? 110.00, ? 330.00 , ? 80.00 ,? 90.00,A satisfying meal. The Egg Sandwich was a good choice.
3377,3377,O03378,31-12-2024,14:00,C0080,Sher Khan,36,Pav Bhaji,Vegetarian,1,? 220.00, ? 220.00 , ? 171.00 ,? 49.00,A wholesome and delicious Pav Bhaji. The vegetables were so fresh!
3378,3378,O03379,31-12-2024,10:30,C0216,Sultan Khan,1,Tomato Soup,Starter,1,? 180.00, ? 180.00 , ? 132.00 ,? 48.00,"The Tomato Soup was decent, but nothing special."
3379,3379,O03380,31-12-2024,16:15,C0005,Aasin Azam,31,Mutton Rogan Josh,Non-Veg Main,5,? 520.00," ? 2,600.00 ", ? 395.00 ,? 625.00,The Mutton Rogan Josh was cooked to perfection. The spices were spot on!
3380,3380,O03381,31-12-2024,14:00,C0221,Arman Mujawar,19,Chicken Hakka Noodles,Rice & Noodles,1,? 260.00, ? 260.00 , ? 193.00 ,? 67.00,The Chicken Hakka Noodles was not what I expected.
3381,3381,O03382,01-01-2025,11:00,C0119,Shahrukh Azam,102,Chicken Sub,Sandwiches,5,? 180.00, ? 900.00 , ? 137.00 ,? 215.00,Great food! The Chicken Sub was delicious and well-prepared.
3382,3382,O03383,01-01-2025,15:15,C0299,Aakib Shaikh,96,Club Sandwich,Sandwiches,2,? 160.00, ? 320.00 , ? 119.00 ,? 82.00,I was not a fan of the Club Sandwich.
3383,3383,O03384,01-01-2025,20:30,C0178,Wahaj Sayyad,41,Vada Sambar,Vegetarian,2,? 170.00, ? 340.00 , ? 121.00 ,? 98.00,The Vada Sambar was a decent vegetarian option.
3384,3384,O03385,01-01-2025,18:30,C0056,Aasifa Khan,59,Veg Manchurian,Starter,3,? 240.00, ? 720.00 , ? 169.00 ,? 213.00,The Veg Manchurian was simply delicious and fresh. Highly recommended!
3385,3385,O03386,01-01-2025,21:30,C0093,Aakib Raes,82,Fish Curry (Goan),Main Course,1,? 380.00, ? 380.00 , ? 289.00 ,? 91.00,The Fish Curry (Goan) was excellent. Really enjoyed the meal.
3386,3386,O03387,01-01-2025,20:15,C0323,Wahaj Ali,34,Rajma Chawal,Vegetarian,3,? 300.00, ? 900.00 , ? 238.00 ,? 186.00,I found the Rajma Chawal to be a bit watery.
3387,3387,O03388,01-01-2025,16:00,C0160,Shahrukh Malik,115,Chicken Kathi Roll,Snacks,4,? 120.00, ? 480.00 , ? 91.00 ,? 116.00,A satisfying meal. The Chicken Kathi Roll was a good choice.
3388,3388,O03389,01-01-2025,21:00,C0042,Aasin Taimoor,130,Veggie Delight Sub,Snacks,4,? 120.00, ? 480.00 , ? 90.00 ,? 120.00,The Veggie Delight Sub could have been better.
3389,3389,O03390,01-01-2025,12:30,C0240,Sultan Ali,48,Baingan Bharta,Vegetarian,4,? 260.00," ? 1,040.00 ", ? 195.00 ,? 260.00,The vegetables in the Baingan Bharta seemed overcooked.
3390,3390,O03391,01-01-2025,21:15,C0101,Aariz Malik,3,Chicken Soup,Starter,1,? 220.00, ? 220.00 , ? 170.00 ,? 50.00,Absolutely loved the Chicken Soup! It was the perfect appetizer to get us started.
3391,3391,O03392,01-01-2025,18:30,C0179,Arman Malik,115,Chicken Kathi Roll,Street Food,3,? 160.00, ? 480.00 , ? 112.00 ,? 144.00,A satisfying meal. The Chicken Kathi Roll was a good choice.
3392,3392,O03393,01-01-2025,15:15,C0241,Shamsher Faruqi,15,Tiramisu,Dessert,4,? 280.00," ? 1,120.00 ", ? 201.00 ,? 316.00,A satisfying meal. The Tiramisu was a good choice.
3393,3393,O03394,01-01-2025,20:45,C0132,Sultan Momin,62,Chicken Spring Rolls,Starter,3,? 260.00, ? 780.00 , ? 189.00 ,? 213.00,Absolutely loved the Chicken Spring Rolls! It was the perfect appetizer to get us started.
3394,3394,O03395,02-01-2025,19:00,C0271,Aasiya Mujawar,65,Schezwan Fried Rice,Rice & Noodles,4,? 220.00, ? 880.00 , ? 160.00 ,? 240.00,The Schezwan Fried Rice was not what I expected.
3395,3395,O03396,02-01-2025,13:45,C0082,Isharat Nadaf,9,Palak Paneer,Vegetarian,4,? 360.00," ? 1,440.00 ", ? 273.00 ,? 348.00,The Palak Paneer is a great choice for vegetarians. Hearty and full of flavor.
3396,3396,O03397,02-01-2025,22:00,C0084,Imran Momin,116,Paneer Bhurji Sandwich,Snacks,4,? 75.00, ? 300.00 , ? 59.00 ,? 64.00,The Paneer Bhurji Sandwich was excellent. Really enjoyed the meal.
3397,3397,O03398,02-01-2025,16:00,C0012,Abdul Rahim Malik,47,Bhindi Masala,Vegetarian,4,? 240.00, ? 960.00 , ? 175.00 ,? 260.00,The Bhindi Masala is a great choice for vegetarians. Hearty and full of flavor.
3398,3398,O03399,02-01-2025,15:45,C0028,Aakib Faruqi,77,Paneer Momos,Starter,3,? 200.00, ? 600.00 , ? 155.00 ,? 135.00,Absolutely loved the Paneer Momos! It was the perfect appetizer to get us started.
3399,3399,O03400,02-01-2025,13:30,C0096,Imran Mujawar,84,Seekh Kebab,Starter,2,? 400.00, ? 800.00 , ? 282.00 ,? 236.00,Absolutely loved the Seekh Kebab! It was the perfect appetizer to get us started.
3400,3400,O03401,02-01-2025,21:00,C0193,Anis Nadaf,104,Chicken Frankie,Street Food,3,? 150.00, ? 450.00 , ? 112.00 ,? 114.00,Great food! The Chicken Frankie was delicious and well-prepared.
3401,3401,O03402,02-01-2025,14:30,C0152,Dua Sayyad,49,Aloo Gobi,Vegetarian,3,? 220.00, ? 660.00 , ? 166.00 ,? 162.00,The vegetables in the Aloo Gobi seemed overcooked.
3402,3402,O03403,02-01-2025,17:00,C0137,Aman Raes,75,Veg Momos,Starter,4,? 180.00, ? 720.00 , ? 138.00 ,? 168.00,The Veg Momos was a bit too oily for my liking.
3403,3403,O03404,02-01-2025,16:00,C0084,Imran Momin,116,Paneer Bhurji Sandwich,Snacks,1,? 75.00, ? 75.00 , ? 59.00 ,? 16.00,It was an average Paneer Bhurji Sandwich.
3404,3404,O03405,02-01-2025,14:00,C0061,Shamsher Raes,59,Veg Manchurian,Starter,4,? 240.00, ? 960.00 , ? 169.00 ,? 284.00,The Veg Manchurian was cold when it arrived at our table.
3405,3405,O03406,02-01-2025,11:30,C0274,Moh Saad Sayyad,69,Hot & Sour Soup (Veg),Starter,1,? 160.00, ? 160.00 , ? 113.00 ,? 47.00,The Hot & Sour Soup (Veg) was a fantastic start to our meal! Perfectly crispy.
3406,3406,O03407,03-01-2025,19:00,C0059,Aman Momin,131,Avocado Toast,Breakfast,1,? 150.00, ? 150.00 , ? 111.00 ,? 39.00,The Avocado Toast could have been better.
3407,3407,O03408,03-01-2025,15:15,C0088,Abdul Rahim Nadaf,93,Matar Paneer,Main Course,3,? 340.00," ? 1,020.00 ", ? 263.00 ,? 231.00,The Matar Paneer was not what I expected.
3408,3408,O03409,03-01-2025,22:15,C0121,Rihan Mujawar,55,Vegetable Korma,Vegetarian,2,? 320.00, ? 640.00 , ? 243.00 ,? 154.00,The Vegetable Korma is a great choice for vegetarians. Hearty and full of flavor.
3409,3409,O03410,03-01-2025,22:15,C0230,Arman Azam,107,Paneer Shawarma,Street Food,3,? 150.00, ? 450.00 , ? 111.00 ,? 117.00,It was an average Paneer Shawarma.
3410,3410,O03411,03-01-2025,11:30,C0074,Moh Saad Malik,86,Non-Veg Thali,Meal Combo,3,? 440.00," ? 1,320.00 ", ? 322.00 ,? 354.00,Great food! The Non-Veg Thali was delicious and well-prepared.
3411,3411,O03412,03-01-2025,19:00,C0246,Aariz Raes,67,Veg Schezwan Noodles,Rice & Noodles,5,? 240.00," ? 1,200.00 ", ? 171.00 ,? 345.00,A satisfying meal. The Veg Schezwan Noodles was a good choice.
3412,3412,O03413,03-01-2025,11:15,C0156,Arman Faruqi,63,Chili Paneer,Starter,5,? 280.00," ? 1,400.00 ", ? 219.00 ,? 305.00,Absolutely loved the Chili Paneer! It was the perfect appetizer to get us started.
3413,3413,O03414,03-01-2025,14:15,C0076,Dua Shikalkar,51,Tandoori Chicken,Non-Veg Main,1,? 460.00, ? 460.00 , ? 366.00 ,? 94.00,The Tandoori Chicken was alright. It was cooked well but the flavor was average.
3414,3414,O03415,03-01-2025,15:30,C0245,Wahaj Taimoor,82,Fish Curry (Goan),Main Course,2,? 380.00, ? 760.00 , ? 289.00 ,? 182.00,A satisfying meal. The Fish Curry (Goan) was a good choice.
3415,3415,O03416,03-01-2025,22:30,C0312,Danish Khan,125,BBQ Chicken Pizza Sandwich,Snacks,5,? 160.00, ? 800.00 , ? 115.00 ,? 225.00,The BBQ Chicken Pizza Sandwich was excellent. Really enjoyed the meal.
3416,3416,O03417,03-01-2025,15:30,C0172,Ayeza Shaikh,61,Veg Spring Rolls,Starter,4,? 220.00, ? 880.00 , ? 162.00 ,? 232.00,The Veg Spring Rolls was a fantastic start to our meal! Perfectly crispy.
3417,3417,O03418,03-01-2025,14:45,C0154,Aasin Shikalkar,86,Non-Veg Thali,Meal Combo,3,? 440.00," ? 1,320.00 ", ? 322.00 ,? 354.00,Great food! The Non-Veg Thali was delicious and well-prepared.
3418,3418,O03419,03-01-2025,10:00,C0184,Kaif Sayyad,30,Shahi Paneer,Vegetarian,2,? 400.00, ? 800.00 , ? 281.00 ,? 238.00,A wholesome and delicious Shahi Paneer. The vegetables were so fresh!
3419,3419,O03420,03-01-2025,18:30,C0142,Abdul Rahim Nadaf,122,Falafel Wrap,Snacks,4,? 130.00, ? 520.00 , ? 102.00 ,? 112.00,A satisfying meal. The Falafel Wrap was a good choice.
3420,3420,O03421,03-01-2025,10:00,C0014,Arman Faruqi,93,Matar Paneer,Main Course,5,? 340.00," ? 1,700.00 ", ? 263.00 ,? 385.00,It was an average Matar Paneer.
3421,3421,O03422,04-01-2025,10:30,C0131,Aasin Ali,55,Vegetable Korma,Vegetarian,5,? 320.00," ? 1,600.00 ", ? 243.00 ,? 385.00,Loved the Vegetable Korma! It was a delightful and well-prepared vegetarian meal.
3422,3422,O03423,04-01-2025,22:45,C0180,Isharat Shikalkar,41,Vada Sambar,Vegetarian,2,? 170.00, ? 340.00 , ? 121.00 ,? 98.00,Loved the Vada Sambar! It was a delightful and well-prepared vegetarian meal.
3423,3423,O03424,04-01-2025,18:30,C0312,Danish Khan,93,Matar Paneer,Main Course,3,? 340.00," ? 1,020.00 ", ? 263.00 ,? 231.00,Great food! The Matar Paneer was delicious and well-prepared.
3424,3424,O03425,04-01-2025,17:45,C0296,Aariz Sayyad,39,Masala Dosa,Vegetarian,2,? 180.00, ? 360.00 , ? 138.00 ,? 84.00,Loved the Masala Dosa! It was a delightful and well-prepared vegetarian meal.
3425,3425,O03426,04-01-2025,17:45,C0278,Sultan Shikalkar,15,Tiramisu,Dessert,2,? 280.00, ? 560.00 , ? 201.00 ,? 158.00,The Tiramisu was fine.
3426,3426,O03427,04-01-2025,11:45,C0050,Dua Sayyad,130,Veggie Delight Sub,Snacks,1,? 120.00, ? 120.00 , ? 90.00 ,? 30.00,The Veggie Delight Sub met my expectations.
3427,3427,O03428,04-01-2025,13:45,C0294,Isharat Sayyad,88,Vada Pav,Snack,1,? 120.00, ? 120.00 , ? 91.00 ,? 29.00,It was an average Vada Pav.
3428,3428,O03429,04-01-2025,14:30,C0202,Moh Saad Shikalkar,18,Veg Hakka Noodles,Rice & Noodles,1,? 220.00, ? 220.00 , ? 165.00 ,? 55.00,The Veg Hakka Noodles was not what I expected.
3429,3429,O03430,04-01-2025,12:30,C0316,Shamsher Mujawar,22,Paneer Tikka,Starter,2,? 280.00, ? 560.00 , ? 199.00 ,? 162.00,The Paneer Tikka was okay. It was a standard appetizer.
3430,3430,O03431,05-01-2025,14:00,C0249,Aasiya Mujawar,7,Butter Chicken,Meat Special,1,? 495.00, ? 495.00 , ? 349.00 ,? 146.00,A satisfying meal. The Butter Chicken was a good choice.
3431,3431,O03432,05-01-2025,16:15,C0294,Isharat Sayyad,61,Veg Spring Rolls,Starter,5,? 220.00," ? 1,100.00 ", ? 162.00 ,? 290.00,Wasn't very impressed with the Veg Spring Rolls. It lacked flavor.
3432,3432,O03433,05-01-2025,10:30,C0245,Wahaj Taimoor,104,Chicken Frankie,Street Food,3,? 150.00, ? 450.00 , ? 112.00 ,? 114.00,It was an average Chicken Frankie.
3433,3433,O03434,05-01-2025,22:45,C0049,Aman Khan,108,Chicken Shawarma,Street Food,4,? 170.00, ? 680.00 , ? 131.00 ,? 156.00,The Chicken Shawarma was not what I expected.
3434,3434,O03435,05-01-2025,15:30,C0112,Shahrukh Sayyad,50,Jeera Rice,Rice & Noodles,3,? 180.00, ? 540.00 , ? 129.00 ,? 153.00,The Jeera Rice was excellent. Really enjoyed the meal.
3435,3435,O03436,05-01-2025,13:30,C0259,Nikhat Malik,15,Tiramisu,Dessert,5,? 280.00," ? 1,400.00 ", ? 201.00 ,? 395.00,Great food! The Tiramisu was delicious and well-prepared.
3436,3436,O03437,05-01-2025,17:45,C0166,Nikhat Taimoor,81,Biryani (Veg),Rice,2,? 320.00, ? 640.00 , ? 251.00 ,? 138.00,The Biryani (Veg) could have been better.
3437,3437,O03438,05-01-2025,21:30,C0022,Aasiya Ali,47,Bhindi Masala,Vegetarian,5,? 240.00," ? 1,200.00 ", ? 175.00 ,? 325.00,The vegetables in the Bhindi Masala seemed overcooked.
3438,3438,O03439,05-01-2025,14:00,C0326,Aman Sayyad,41,Vada Sambar,Vegetarian,3,? 170.00, ? 510.00 , ? 121.00 ,? 147.00,The Vada Sambar was a decent vegetarian option.
3439,3439,O03440,05-01-2025,21:15,C0327,Abdul Rahim Mujawar,53,Veg Pulao,Rice & Noodles,2,? 240.00, ? 480.00 , ? 190.00 ,? 100.00,Great food! The Veg Pulao was delicious and well-prepared.
3440,3440,O03441,05-01-2025,20:30,C0195,Aasin Malik,48,Baingan Bharta,Vegetarian,4,? 260.00," ? 1,040.00 ", ? 195.00 ,? 260.00,A wholesome and delicious Baingan Bharta. The vegetables were so fresh!
3441,3441,O03442,05-01-2025,21:30,C0269,Aakib Nadaf,58,Crab Curry,Non-Veg Main,5,? 520.00," ? 2,600.00 ", ? 374.00 ,? 730.00,The Crab Curry was satisfactory.
3442,3442,O03443,06-01-2025,21:30,C0086,Sher Momin,102,Chicken Sub,Sandwiches,4,? 180.00, ? 720.00 , ? 137.00 ,? 172.00,A satisfying meal. The Chicken Sub was a good choice.
3443,3443,O03444,06-01-2025,16:15,C0277,Shamsher Faruqi,43,Onion Uttapam,Vegetarian,2,? 160.00, ? 320.00 , ? 112.00 ,? 96.00,I found the Onion Uttapam to be a bit watery.
3444,3444,O03445,06-01-2025,22:00,C0156,Arman Faruqi,39,Masala Dosa,Vegetarian,2,? 180.00, ? 360.00 , ? 138.00 ,? 84.00,The Masala Dosa is a great choice for vegetarians. Hearty and full of flavor.
3445,3445,O03446,06-01-2025,19:15,C0148,Aakib Momin,68,Chicken Schezwan Noodles,Rice & Noodles,3,? 280.00, ? 840.00 , ? 218.00 ,? 186.00,A satisfying meal. The Chicken Schezwan Noodles was a good choice.
3446,3446,O03447,06-01-2025,20:30,C0175,Aasiya Momin,127,Mutton Seekh Kebab Roll,Snacks,1,? 170.00, ? 170.00 , ? 132.00 ,? 38.00,The Mutton Seekh Kebab Roll was excellent. Really enjoyed the meal.
3447,3447,O03448,06-01-2025,19:00,C0166,Nikhat Taimoor,111,Egg Sandwich,Sandwiches,5,? 110.00, ? 550.00 , ? 80.00 ,? 150.00,A satisfying meal. The Egg Sandwich was a good choice.
3448,3448,O03449,06-01-2025,14:15,C0246,Aariz Raes,10,Pepperoni Pizza,Pizza,5,? 368.00," ? 1,840.00 ", ? 283.00 ,? 425.00,A satisfying meal. The Pepperoni Pizza was a good choice.
3449,3449,O03450,06-01-2025,20:00,C0297,Wahaj Ali,75,Veg Momos,Starter,2,? 180.00, ? 360.00 , ? 138.00 ,? 84.00,The Veg Momos was a fantastic start to our meal! Perfectly crispy.
3450,3450,O03451,06-01-2025,18:15,C0228,Isharat Momin,38,Mutton Biryani,Rice Meal,5,? 490.00," ? 2,450.00 ", ? 350.00 ,? 700.00,Great food! The Mutton Biryani was delicious and well-prepared.
3451,3451,O03452,06-01-2025,17:00,C0254,Sultan Ali,91,Chana Masala,Main Course,3,? 260.00, ? 780.00 , ? 185.00 ,? 225.00,It was an average Chana Masala.
3452,3452,O03453,06-01-2025,12:45,C0141,Arahan Ali,115,Chicken Kathi Roll,Street Food,2,? 160.00, ? 320.00 , ? 112.00 ,? 96.00,Great food! The Chicken Kathi Roll was delicious and well-prepared.
3453,3453,O03454,07-01-2025,11:30,C0137,Aman Raes,118,Tuna Melt Sandwich,Snacks,3,? 140.00, ? 420.00 , ? 100.00 ,? 120.00,A satisfying meal. The Tuna Melt Sandwich was a good choice.
3454,3454,O03455,07-01-2025,17:45,C0315,Imran Shaikh,118,Tuna Melt Sandwich,Snacks,2,? 140.00, ? 280.00 , ? 100.00 ,? 80.00,The Tuna Melt Sandwich was not what I expected.
3455,3455,O03456,07-01-2025,18:00,C0315,Imran Shaikh,92,Kadhi Pakora,Main Course,3,? 300.00, ? 900.00 , ? 231.00 ,? 207.00,Great food! The Kadhi Pakora was delicious and well-prepared.
3456,3456,O03457,07-01-2025,22:30,C0077,Shahrukh Momin,45,Egg Curry,Non-Veg Main,5,? 280.00," ? 1,400.00 ", ? 203.00 ,? 385.00,The meat in the Egg Curry was a bit tough and chewy.
3457,3457,O03458,07-01-2025,20:30,C0205,Rihan Taimoor,116,Paneer Bhurji Sandwich,Snacks,5,? 75.00, ? 375.00 , ? 59.00 ,? 80.00,The Paneer Bhurji Sandwich met my expectations.
3458,3458,O03459,07-01-2025,17:15,C0306,Arman Malik,61,Veg Spring Rolls,Starter,3,? 220.00, ? 660.00 , ? 162.00 ,? 174.00,The Veg Spring Rolls was simply delicious and fresh. Highly recommended!
3459,3459,O03460,07-01-2025,10:15,C0257,Aman Nadaf,86,Non-Veg Thali,Meal Combo,4,? 440.00," ? 1,760.00 ", ? 322.00 ,? 472.00,A satisfying meal. The Non-Veg Thali was a good choice.
3460,3460,O03461,07-01-2025,19:45,C0012,Abdul Rahim Malik,41,Vada Sambar,Vegetarian,3,? 170.00, ? 510.00 , ? 121.00 ,? 147.00,"It was an okay Vada Sambar, but I've had better."
3461,3461,O03462,07-01-2025,14:30,C0091,Aasin Nadaf,44,Hyderabadi Haleem,Non-Veg Main,2,? 500.00," ? 1,000.00 ", ? 395.00 ,? 210.00,A truly authentic and flavorful Hyderabadi Haleem. It was very satisfying.
3462,3462,O03463,07-01-2025,10:30,C0056,Aasifa Khan,63,Chili Paneer,Starter,5,? 280.00," ? 1,400.00 ", ? 219.00 ,? 305.00,The Chili Paneer was a bit too oily for my liking.
3463,3463,O03464,08-01-2025,18:30,C0203,Isharat Sayyad,68,Chicken Schezwan Noodles,Rice & Noodles,4,? 280.00," ? 1,120.00 ", ? 218.00 ,? 248.00,Great food! The Chicken Schezwan Noodles was delicious and well-prepared.
3464,3464,O03465,08-01-2025,20:00,C0231,Danish Momin,78,Fried Momos (Veg),Starter,2,? 200.00, ? 400.00 , ? 141.00 ,? 118.00,Absolutely loved the Fried Momos (Veg)! It was the perfect appetizer to get us started.
3465,3465,O03466,08-01-2025,15:45,C0310,Ayeza Faruqi,81,Biryani (Veg),Rice,5,? 320.00," ? 1,600.00 ", ? 251.00 ,? 345.00,A satisfying meal. The Biryani (Veg) was a good choice.
3466,3466,O03467,08-01-2025,18:45,C0015,Kaif Taimoor,84,Seekh Kebab,Starter,1,? 400.00, ? 400.00 , ? 282.00 ,? 118.00,The Seekh Kebab was simply delicious and fresh. Highly recommended!
3467,3467,O03468,08-01-2025,18:45,C0010,Kaif Azam,73,Veg Clear Soup,Starter,1,? 120.00, ? 120.00 , ? 84.00 ,? 36.00,The Veg Clear Soup was simply delicious and fresh. Highly recommended!
3468,3468,O03469,08-01-2025,14:15,C0295,Sultan Taimoor,59,Veg Manchurian,Starter,3,? 240.00, ? 720.00 , ? 169.00 ,? 213.00,The Veg Manchurian was simply delicious and fresh. Highly recommended!
3469,3469,O03470,08-01-2025,14:45,C0187,Aasin Nadaf,123,Chicken Caesar Wrap,Snacks,4,? 150.00, ? 600.00 , ? 109.00 ,? 164.00,A satisfying meal. The Chicken Caesar Wrap was a good choice.
3470,3470,O03471,08-01-2025,13:30,C0149,Aariz Nadaf,7,Butter Chicken,Meat Special,5,? 495.00," ? 2,475.00 ", ? 349.00 ,? 730.00,A satisfying meal. The Butter Chicken was a good choice.
3471,3471,O03472,08-01-2025,12:45,C0200,Aariz Taimoor,105,Paneer Burger,Fast Food,1,? 140.00, ? 140.00 , ? 110.00 ,? 30.00,The Paneer Burger was not what I expected.
3472,3472,O03473,08-01-2025,17:15,C0086,Sher Momin,110,Paneer Sandwich,Sandwiches,1,? 120.00, ? 120.00 , ? 84.00 ,? 36.00,A satisfying meal. The Paneer Sandwich was a good choice.
3473,3473,O03474,08-01-2025,21:00,C0210,Sultan Nadaf,52,Chicken Tikka Masala,Non-Veg Main,2,? 480.00, ? 960.00 , ? 373.00 ,? 214.00,A truly authentic and flavorful Chicken Tikka Masala. It was very satisfying.
3474,3474,O03475,08-01-2025,18:45,C0330,Kaif Momin,19,Chicken Hakka Noodles,Rice & Noodles,5,? 260.00," ? 1,300.00 ", ? 193.00 ,? 335.00,The Chicken Hakka Noodles was not what I expected.
3475,3475,O03476,08-01-2025,21:30,C0028,Aakib Faruqi,43,Onion Uttapam,Vegetarian,2,? 160.00, ? 320.00 , ? 112.00 ,? 96.00,The Onion Uttapam is a great choice for vegetarians. Hearty and full of flavor.
3476,3476,O03477,08-01-2025,19:00,C0102,Aasifa Taimoor,56,Dal Makhani,Vegetarian,5,? 340.00," ? 1,700.00 ", ? 269.00 ,? 355.00,"It was an okay Dal Makhani, but I've had better."
3477,3477,O03478,09-01-2025,18:45,C0180,Isharat Shikalkar,70,Hot & Sour Soup (Chicken),Starter,3,? 200.00, ? 600.00 , ? 159.00 ,? 123.00,The Hot & Sour Soup (Chicken) was simply delicious and fresh. Highly recommended!
3478,3478,O03479,09-01-2025,13:30,C0190,Rihan Raes,27,Pasta Arrabbiata,Continental,2,? 300.00, ? 600.00 , ? 215.00 ,? 170.00,The Pasta Arrabbiata met my expectations.
3479,3479,O03480,09-01-2025,14:30,C0217,Nikhat Mujawar,119,Veg Paneer Wrap,Snacks,3,? 95.00, ? 285.00 , ? 74.00 ,? 63.00,The Veg Paneer Wrap was excellent. Really enjoyed the meal.
3480,3480,O03481,09-01-2025,13:15,C0046,Nikhat Taimoor,20,Veg Fried Rice,Rice & Noodles,3,? 200.00, ? 600.00 , ? 145.00 ,? 165.00,A satisfying meal. The Veg Fried Rice was a good choice.
3481,3481,O03482,09-01-2025,21:00,C0236,Aakib Khan,29,Greek Salad,Salad,3,? 260.00, ? 780.00 , ? 197.00 ,? 189.00,A satisfying meal. The Greek Salad was a good choice.
3482,3482,O03483,09-01-2025,17:45,C0181,Aman Khan,123,Chicken Caesar Wrap,Snacks,5,? 150.00, ? 750.00 , ? 109.00 ,? 205.00,The Chicken Caesar Wrap met my expectations.
3483,3483,O03484,09-01-2025,15:30,C0133,Wahaj Ali,127,Mutton Seekh Kebab Roll,Snacks,3,? 170.00, ? 510.00 , ? 132.00 ,? 114.00,It was an average Mutton Seekh Kebab Roll.
3484,3484,O03485,09-01-2025,22:30,C0146,Sultan Sayyad,35,Chole Bhature,Vegetarian,1,? 280.00, ? 280.00 , ? 223.00 ,? 57.00,The Chole Bhature was as expected.
3485,3485,O03486,09-01-2025,13:45,C0259,Nikhat Malik,41,Vada Sambar,Vegetarian,1,? 170.00, ? 170.00 , ? 121.00 ,? 49.00,The Vada Sambar is a great choice for vegetarians. Hearty and full of flavor.
3486,3486,O03487,09-01-2025,16:00,C0232,Aariz Raes,88,Vada Pav,Snack,3,? 120.00, ? 360.00 , ? 91.00 ,? 87.00,Great food! The Vada Pav was delicious and well-prepared.
3487,3487,O03488,09-01-2025,14:30,C0062,Ayeza Nadaf,78,Fried Momos (Veg),Starter,4,? 200.00, ? 800.00 , ? 141.00 ,? 236.00,Wasn't very impressed with the Fried Momos (Veg). It lacked flavor.
3488,3488,O03489,09-01-2025,17:45,C0078,Arahan Shaikh,67,Veg Schezwan Noodles,Rice & Noodles,1,? 240.00, ? 240.00 , ? 171.00 ,? 69.00,Great food! The Veg Schezwan Noodles was delicious and well-prepared.
3489,3489,O03490,10-01-2025,10:00,C0211,Moh Saad Faruqi,53,Veg Pulao,Rice & Noodles,3,? 240.00, ? 720.00 , ? 190.00 ,? 150.00,Great food! The Veg Pulao was delicious and well-prepared.
3490,3490,O03491,10-01-2025,10:45,C0188,Sher Raes,55,Vegetable Korma,Vegetarian,4,? 320.00," ? 1,280.00 ", ? 243.00 ,? 308.00,The Vegetable Korma was a decent vegetarian option.
3491,3491,O03492,10-01-2025,17:30,C0245,Wahaj Taimoor,75,Veg Momos,Starter,2,? 180.00, ? 360.00 , ? 138.00 ,? 84.00,Absolutely loved the Veg Momos! It was the perfect appetizer to get us started.
3492,3492,O03493,10-01-2025,21:15,C0020,Rihan Shikalkar,100,Veg Wrap,Sandwiches,3,? 130.00, ? 390.00 , ? 92.00 ,? 114.00,I was not a fan of the Veg Wrap.
3493,3493,O03494,10-01-2025,11:30,C0228,Isharat Momin,44,Hyderabadi Haleem,Non-Veg Main,1,? 500.00, ? 500.00 , ? 395.00 ,? 105.00,The Hyderabadi Haleem was the highlight of our meal. Absolutely delicious!
3494,3494,O03495,10-01-2025,10:15,C0035,Aasifa Shaikh,66,Schezwan Chicken Fried Rice,Rice & Noodles,5,? 280.00," ? 1,400.00 ", ? 211.00 ,? 345.00,A satisfying meal. The Schezwan Chicken Fried Rice was a good choice.
3495,3495,O03496,10-01-2025,10:45,C0266,Aasifa Sayyad,2,Mushroom Soup,Starter,5,? 200.00," ? 1,000.00 ", ? 159.00 ,? 205.00,The Mushroom Soup was a fantastic start to our meal! Perfectly crispy.
3496,3496,O03497,10-01-2025,11:45,C0307,Aasiya Mujawar,101,Veggie Sub,Sandwiches,3,? 150.00, ? 450.00 , ? 105.00 ,? 135.00,A satisfying meal. The Veggie Sub was a good choice.
3497,3497,O03498,11-01-2025,20:45,C0231,Danish Momin,43,Onion Uttapam,Vegetarian,4,? 160.00, ? 640.00 , ? 112.00 ,? 192.00,The Onion Uttapam is a great choice for vegetarians. Hearty and full of flavor.
3498,3498,O03499,11-01-2025,11:45,C0202,Moh Saad Shikalkar,100,Veg Wrap,Sandwiches,3,? 130.00, ? 390.00 , ? 92.00 ,? 114.00,A satisfying meal. The Veg Wrap was a good choice.
3499,3499,O03500,11-01-2025,11:45,C0047,Rihan Sayyad,74,Chicken Clear Soup,Starter,5,? 160.00, ? 800.00 , ? 125.00 ,? 175.00,The Chicken Clear Soup was okay. It was a standard appetizer.
3500,3500,O03501,11-01-2025,14:15,C0291,Aman Faruqi,90,Pani Puri,Snack,1,? 100.00, ? 100.00 , ? 74.00 ,? 26.00,Great food! The Pani Puri was delicious and well-prepared.
3501,3501,O03502,11-01-2025,11:15,C0296,Aariz Sayyad,109,Cheese Sandwich,Sandwiches,4,? 100.00, ? 400.00 , ? 72.00 ,? 112.00,It was an average Cheese Sandwich.
3502,3502,O03503,11-01-2025,17:00,C0060,Nikhat Khan,1,Tomato Soup,Starter,4,? 180.00, ? 720.00 , ? 132.00 ,? 192.00,The Tomato Soup was okay. It was a standard appetizer.
3503,3503,O03504,11-01-2025,15:00,C0110,Danish Momin,129,Smoked Chicken Sub,Snacks,2,? 160.00, ? 320.00 , ? 112.00 ,? 96.00,The Smoked Chicken Sub met my expectations.
3504,3504,O03505,12-01-2025,14:00,C0310,Ayeza Faruqi,48,Baingan Bharta,Vegetarian,2,? 260.00, ? 520.00 , ? 195.00 ,? 130.00,I found the Baingan Bharta to be a bit watery.
3505,3505,O03506,12-01-2025,11:30,C0093,Aakib Raes,115,Chicken Kathi Roll,Street Food,5,? 160.00, ? 800.00 , ? 112.00 ,? 240.00,Great food! The Chicken Kathi Roll was delicious and well-prepared.
3506,3506,O03507,12-01-2025,11:30,C0199,Arman Shaikh,35,Chole Bhature,Vegetarian,2,? 280.00, ? 560.00 , ? 223.00 ,? 114.00,The vegetables in the Chole Bhature seemed overcooked.
3507,3507,O03508,12-01-2025,21:45,C0196,Arman Taimoor,29,Greek Salad,Salad,5,? 260.00," ? 1,300.00 ", ? 197.00 ,? 315.00,Great food! The Greek Salad was delicious and well-prepared.
3508,3508,O03509,12-01-2025,20:00,C0095,Aakib Azam,52,Chicken Tikka Masala,Non-Veg Main,5,? 480.00," ? 2,400.00 ", ? 373.00 ,? 535.00,The Chicken Tikka Masala was satisfactory.
3509,3509,O03510,13-01-2025,11:45,C0213,Aakib Ali,16,Ice Cream Sundae,Dessert,4,? 200.00, ? 800.00 , ? 143.00 ,? 228.00,Great food! The Ice Cream Sundae was delicious and well-prepared.
3510,3510,O03511,13-01-2025,21:15,C0277,Shamsher Faruqi,28,Caesar Salad,Salad,2,? 280.00, ? 560.00 , ? 210.00 ,? 140.00,Great food! The Caesar Salad was delicious and well-prepared.
3511,3511,O03512,13-01-2025,22:45,C0024,Aman Momin,20,Veg Fried Rice,Rice & Noodles,4,? 200.00, ? 800.00 , ? 145.00 ,? 220.00,The Veg Fried Rice could have been better.
3512,3512,O03513,13-01-2025,16:30,C0115,Aasifa Nadaf,109,Cheese Sandwich,Sandwiches,5,? 100.00, ? 500.00 , ? 72.00 ,? 140.00,The Cheese Sandwich was excellent. Really enjoyed the meal.
3513,3513,O03514,13-01-2025,11:45,C0211,Moh Saad Faruqi,4,Chicken Biryani,Rice Meal,3,? 440.00," ? 1,320.00 ", ? 334.00 ,? 318.00,A satisfying meal. The Chicken Biryani was a good choice.
3514,3514,O03515,13-01-2025,12:30,C0026,Imran Shikalkar,59,Veg Manchurian,Starter,2,? 240.00, ? 480.00 , ? 169.00 ,? 142.00,The Veg Manchurian was a bit too oily for my liking.
3515,3515,O03516,13-01-2025,16:30,C0284,Sher Shaikh,121,Cheese Garlic Bread,Breads,4,? 110.00, ? 440.00 , ? 85.00 ,? 100.00,A satisfying meal. The Cheese Garlic Bread was a good choice.
3516,3516,O03517,13-01-2025,22:45,C0241,Shamsher Faruqi,103,Paneer Frankie,Street Food,5,? 130.00, ? 650.00 , ? 95.00 ,? 175.00,Great food! The Paneer Frankie was delicious and well-prepared.
3517,3517,O03518,13-01-2025,11:15,C0193,Anis Nadaf,70,Hot & Sour Soup (Chicken),Starter,4,? 200.00, ? 800.00 , ? 159.00 ,? 164.00,The Hot & Sour Soup (Chicken) was cold when it arrived at our table.
3518,3518,O03519,13-01-2025,12:45,C0328,Isharat Khan,126,Corn & Cheese Sandwich,Snacks,4,? 90.00, ? 360.00 , ? 66.00 ,? 96.00,Great food! The Corn & Cheese Sandwich was delicious and well-prepared.
3519,3519,O03520,13-01-2025,12:15,C0179,Arman Malik,94,Butter Naan,Breads,3,? 60.00, ? 180.00 , ? 45.00 ,? 45.00,The Butter Naan was excellent. Really enjoyed the meal.
3520,3520,O03521,14-01-2025,17:15,C0240,Sultan Ali,4,Chicken Biryani,Rice Meal,5,? 440.00," ? 2,200.00 ", ? 334.00 ,? 530.00,The Chicken Biryani met my expectations.
3521,3521,O03522,14-01-2025,19:45,C0112,Shahrukh Sayyad,12,Veggie Burger,Burger,2,? 250.00, ? 500.00 , ? 199.00 ,? 102.00,Great food! The Veggie Burger was delicious and well-prepared.
3522,3522,O03523,14-01-2025,18:00,C0279,Arman Taimoor,9,Palak Paneer,Vegetarian,2,? 360.00, ? 720.00 , ? 273.00 ,? 174.00,The Palak Paneer was bland and needed more seasoning.
3523,3523,O03524,14-01-2025,17:15,C0117,Shamsher Ali,4,Chicken Biryani,Rice Meal,2,? 440.00, ? 880.00 , ? 334.00 ,? 212.00,The Chicken Biryani was fine.
3524,3524,O03525,14-01-2025,10:00,C0262,Nikhat Faruqi,37,Biryani Veg,Rice & Noodles,4,? 320.00," ? 1,280.00 ", ? 233.00 ,? 348.00,The Biryani Veg was not what I expected.
3525,3525,O03526,14-01-2025,19:15,C0323,Wahaj Ali,51,Tandoori Chicken,Non-Veg Main,1,? 460.00, ? 460.00 , ? 366.00 ,? 94.00,A truly authentic and flavorful Tandoori Chicken. It was very satisfying.
3526,3526,O03527,14-01-2025,12:30,C0171,Aman Azam,59,Veg Manchurian,Starter,5,? 240.00," ? 1,200.00 ", ? 169.00 ,? 355.00,The Veg Manchurian was a bit too oily for my liking.
3527,3527,O03528,14-01-2025,17:45,C0324,Aasifa Faruqi,59,Veg Manchurian,Starter,5,? 240.00," ? 1,200.00 ", ? 169.00 ,? 355.00,The Veg Manchurian was a fantastic start to our meal! Perfectly crispy.
3528,3528,O03529,14-01-2025,17:00,C0050,Dua Sayyad,108,Chicken Shawarma,Street Food,4,? 170.00, ? 680.00 , ? 131.00 ,? 156.00,A satisfying meal. The Chicken Shawarma was a good choice.
3529,3529,O03530,14-01-2025,15:45,C0228,Isharat Momin,100,Veg Wrap,Sandwiches,3,? 130.00, ? 390.00 , ? 92.00 ,? 114.00,The Veg Wrap was excellent. Really enjoyed the meal.
3530,3530,O03531,14-01-2025,21:45,C0108,Arman Azam,48,Baingan Bharta,Vegetarian,2,? 260.00, ? 520.00 , ? 195.00 ,? 130.00,A wholesome and delicious Baingan Bharta. The vegetables were so fresh!
3531,3531,O03532,14-01-2025,16:15,C0251,Aakib Khan,102,Chicken Sub,Sandwiches,3,? 180.00, ? 540.00 , ? 137.00 ,? 129.00,The Chicken Sub was excellent. Really enjoyed the meal.
3532,3532,O03533,15-01-2025,22:00,C0186,Aariz Khan,66,Schezwan Chicken Fried Rice,Rice & Noodles,1,? 280.00, ? 280.00 , ? 211.00 ,? 69.00,The Schezwan Chicken Fried Rice was not what I expected.
3533,3533,O03534,15-01-2025,11:15,C0014,Arman Faruqi,20,Veg Fried Rice,Rice & Noodles,3,? 200.00, ? 600.00 , ? 145.00 ,? 165.00,The Veg Fried Rice was excellent. Really enjoyed the meal.
3534,3534,O03535,15-01-2025,22:15,C0300,Dua Azam,115,Chicken Kathi Roll,Snacks,2,? 120.00, ? 240.00 , ? 91.00 ,? 58.00,The Chicken Kathi Roll was excellent. Really enjoyed the meal.
3535,3535,O03536,15-01-2025,18:45,C0020,Rihan Shikalkar,82,Fish Curry (Goan),Main Course,2,? 380.00, ? 760.00 , ? 289.00 ,? 182.00,The Fish Curry (Goan) was excellent. Really enjoyed the meal.
3536,3536,O03537,15-01-2025,13:45,C0137,Aman Raes,55,Vegetable Korma,Vegetarian,5,? 320.00," ? 1,600.00 ", ? 243.00 ,? 385.00,A wholesome and delicious Vegetable Korma. The vegetables were so fresh!
3537,3537,O03538,15-01-2025,11:45,C0262,Nikhat Faruqi,100,Veg Wrap,Sandwiches,3,? 130.00, ? 390.00 , ? 92.00 ,? 114.00,It was an average Veg Wrap.
3538,3538,O03539,15-01-2025,18:45,C0133,Wahaj Ali,21,Chicken Fried Rice,Rice & Noodles,2,? 240.00, ? 480.00 , ? 182.00 ,? 116.00,A satisfying meal. The Chicken Fried Rice was a good choice.
3539,3539,O03540,15-01-2025,19:30,C0231,Danish Momin,122,Falafel Wrap,Snacks,1,? 130.00, ? 130.00 , ? 102.00 ,? 28.00,The Falafel Wrap was not what I expected.
3540,3540,O03541,15-01-2025,20:45,C0309,Arman Faruqi,87,Uttapam,South Indian,5,? 220.00," ? 1,100.00 ", ? 170.00 ,? 250.00,The Uttapam was excellent. Really enjoyed the meal.
3541,3541,O03542,15-01-2025,22:15,C0028,Aakib Faruqi,57,Prawn Masala,Non-Veg Main,4,? 460.00," ? 1,840.00 ", ? 326.00 ,? 536.00,The meat in the Prawn Masala was a bit tough and chewy.
3542,3542,O03543,15-01-2025,10:30,C0290,Isharat Raes,86,Non-Veg Thali,Meal Combo,5,? 440.00," ? 2,200.00 ", ? 322.00 ,? 590.00,A satisfying meal. The Non-Veg Thali was a good choice.
3543,3543,O03544,16-01-2025,18:30,C0129,Sher Taimoor,38,Mutton Biryani,Rice & Noodles,1,? 480.00, ? 480.00 , ? 340.00 ,? 140.00,Great food! The Mutton Biryani was delicious and well-prepared.
3544,3544,O03545,16-01-2025,21:45,C0178,Wahaj Sayyad,56,Dal Makhani,Vegetarian,2,? 340.00, ? 680.00 , ? 269.00 ,? 142.00,Loved the Dal Makhani! It was a delightful and well-prepared vegetarian meal.
3545,3545,O03546,16-01-2025,14:30,C0007,Aman Taimoor,121,Cheese Garlic Bread,Breads,3,? 110.00, ? 330.00 , ? 85.00 ,? 75.00,A satisfying meal. The Cheese Garlic Bread was a good choice.
3546,3546,O03547,16-01-2025,21:15,C0166,Nikhat Taimoor,81,Biryani (Veg),Rice,5,? 320.00," ? 1,600.00 ", ? 251.00 ,? 345.00,The Biryani (Veg) was excellent. Really enjoyed the meal.
3547,3547,O03548,16-01-2025,13:30,C0060,Nikhat Khan,111,Egg Sandwich,Sandwiches,4,? 110.00, ? 440.00 , ? 80.00 ,? 120.00,A satisfying meal. The Egg Sandwich was a good choice.
3548,3548,O03549,16-01-2025,16:45,C0235,Abdul Rahim Malik,86,Non-Veg Thali,Meal Combo,5,? 440.00," ? 2,200.00 ", ? 322.00 ,? 590.00,The Non-Veg Thali was excellent. Really enjoyed the meal.
3549,3549,O03550,16-01-2025,19:30,C0195,Aasin Malik,60,Chicken Manchurian,Starter,4,? 280.00," ? 1,120.00 ", ? 205.00 ,? 300.00,"The Chicken Manchurian was decent, but nothing special."
3550,3550,O03551,16-01-2025,22:30,C0077,Shahrukh Momin,97,Grilled Cheese Sandwich,Sandwiches,4,? 120.00, ? 480.00 , ? 90.00 ,? 120.00,The Grilled Cheese Sandwich was not what I expected.
3551,3551,O03552,16-01-2025,12:00,C0221,Arman Mujawar,36,Pav Bhaji,Vegetarian,1,? 220.00, ? 220.00 , ? 171.00 ,? 49.00,A wholesome and delicious Pav Bhaji. The vegetables were so fresh!
3552,3552,O03553,16-01-2025,10:45,C0254,Sultan Ali,102,Chicken Sub,Sandwiches,1,? 180.00, ? 180.00 , ? 137.00 ,? 43.00,Great food! The Chicken Sub was delicious and well-prepared.
3553,3553,O03554,16-01-2025,13:15,C0292,Arahan Taimoor,20,Veg Fried Rice,Rice & Noodles,1,? 200.00, ? 200.00 , ? 145.00 ,? 55.00,I was not a fan of the Veg Fried Rice.
3554,3554,O03555,16-01-2025,19:15,C0035,Aasifa Shaikh,73,Veg Clear Soup,Starter,2,? 120.00, ? 240.00 , ? 84.00 ,? 72.00,The Veg Clear Soup was a bit too oily for my liking.
3555,3555,O03556,16-01-2025,22:30,C0284,Sher Shaikh,25,Spring Rolls,Starter,2,? 220.00, ? 440.00 , ? 164.00 ,? 112.00,The Spring Rolls was simply delicious and fresh. Highly recommended!
3556,3556,O03557,17-01-2025,18:00,C0046,Nikhat Taimoor,85,Veg Thali,Meal Combo,4,? 360.00," ? 1,440.00 ", ? 263.00 ,? 388.00,The Veg Thali was excellent. Really enjoyed the meal.
3557,3557,O03558,17-01-2025,16:45,C0167,Abdul Rahim Momin,93,Matar Paneer,Main Course,2,? 340.00, ? 680.00 , ? 263.00 ,? 154.00,Great food! The Matar Paneer was delicious and well-prepared.
3558,3558,O03559,17-01-2025,17:30,C0238,Aakib Malik,85,Veg Thali,Meal Combo,3,? 360.00," ? 1,080.00 ", ? 263.00 ,? 291.00,The Veg Thali was fine.
3559,3559,O03560,17-01-2025,22:30,C0291,Aman Faruqi,92,Kadhi Pakora,Main Course,5,? 300.00," ? 1,500.00 ", ? 231.00 ,? 345.00,A satisfying meal. The Kadhi Pakora was a good choice.
3560,3560,O03561,17-01-2025,12:15,C0068,Abdul Rahim Shaikh,49,Aloo Gobi,Vegetarian,1,? 220.00, ? 220.00 , ? 166.00 ,? 54.00,A wholesome and delicious Aloo Gobi. The vegetables were so fresh!
3561,3561,O03562,17-01-2025,18:30,C0282,Nikhat Khan,60,Chicken Manchurian,Starter,5,? 280.00," ? 1,400.00 ", ? 205.00 ,? 375.00,Absolutely loved the Chicken Manchurian! It was the perfect appetizer to get us started.
3562,3562,O03563,17-01-2025,19:00,C0163,Shamsher Shikalkar,105,Paneer Burger,Fast Food,3,? 140.00, ? 420.00 , ? 110.00 ,? 90.00,The Paneer Burger was fine.
3563,3563,O03564,17-01-2025,13:00,C0061,Shamsher Raes,108,Chicken Shawarma,Street Food,4,? 170.00, ? 680.00 , ? 131.00 ,? 156.00,The Chicken Shawarma met my expectations.
3564,3564,O03565,17-01-2025,18:00,C0097,Isharat Taimoor,17,French Fries,Starter,5,? 120.00, ? 600.00 , ? 87.00 ,? 165.00,The French Fries was cold when it arrived at our table.
3565,3565,O03566,17-01-2025,17:00,C0104,Sultan Nadaf,98,Paneer Kathi Roll,Street Food,5,? 140.00, ? 700.00 , ? 103.00 ,? 185.00,Great food! The Paneer Kathi Roll was delicious and well-prepared.
3566,3566,O03567,17-01-2025,15:15,C0211,Moh Saad Faruqi,65,Schezwan Fried Rice,Rice & Noodles,5,? 220.00," ? 1,100.00 ", ? 160.00 ,? 300.00,The Schezwan Fried Rice could have been better.
3567,3567,O03568,18-01-2025,19:15,C0168,Isharat Shikalkar,67,Veg Schezwan Noodles,Rice & Noodles,5,? 240.00," ? 1,200.00 ", ? 171.00 ,? 345.00,The Veg Schezwan Noodles was excellent. Really enjoyed the meal.
3568,3568,O03569,18-01-2025,13:00,C0135,Danish Azam,21,Chicken Fried Rice,Rice & Noodles,3,? 240.00, ? 720.00 , ? 182.00 ,? 174.00,A satisfying meal. The Chicken Fried Rice was a good choice.
3569,3569,O03570,18-01-2025,17:15,C0009,Shamsher Khan,56,Dal Makhani,Vegetarian,5,? 340.00," ? 1,700.00 ", ? 269.00 ,? 355.00,I found the Dal Makhani to be a bit watery.
3570,3570,O03571,18-01-2025,19:00,C0322,Aasin Malik,9,Palak Paneer,Vegetarian,3,? 360.00," ? 1,080.00 ", ? 273.00 ,? 261.00,The Palak Paneer is a great choice for vegetarians. Hearty and full of flavor.
3571,3571,O03572,18-01-2025,20:45,C0102,Aasifa Taimoor,12,Veggie Burger,Burger,3,? 250.00, ? 750.00 , ? 199.00 ,? 153.00,I was not a fan of the Veggie Burger.
3572,3572,O03573,19-01-2025,16:15,C0152,Dua Sayyad,106,Chicken Burger,Fast Food,2,? 160.00, ? 320.00 , ? 115.00 ,? 90.00,The Chicken Burger was not what I expected.
3573,3573,O03574,19-01-2025,14:00,C0295,Sultan Taimoor,78,Fried Momos (Veg),Starter,1,? 200.00, ? 200.00 , ? 141.00 ,? 59.00,Absolutely loved the Fried Momos (Veg)! It was the perfect appetizer to get us started.
3574,3574,O03575,19-01-2025,16:45,C0084,Imran Momin,27,Pasta Arrabbiata,Continental,1,? 300.00, ? 300.00 , ? 215.00 ,? 85.00,The Pasta Arrabbiata was excellent. Really enjoyed the meal.
3575,3575,O03576,19-01-2025,18:30,C0205,Rihan Taimoor,27,Pasta Arrabbiata,Continental,5,? 300.00," ? 1,500.00 ", ? 215.00 ,? 425.00,The Pasta Arrabbiata could have been better.
3576,3576,O03577,19-01-2025,11:00,C0306,Arman Malik,108,Chicken Shawarma,Street Food,5,? 170.00, ? 850.00 , ? 131.00 ,? 195.00,The Chicken Shawarma was excellent. Really enjoyed the meal.
3577,3577,O03578,19-01-2025,21:00,C0060,Nikhat Khan,47,Bhindi Masala,Vegetarian,4,? 240.00, ? 960.00 , ? 175.00 ,? 260.00,A wholesome and delicious Bhindi Masala. The vegetables were so fresh!
3578,3578,O03579,19-01-2025,16:15,C0145,Imran Khan,81,Biryani (Veg),Rice,1,? 320.00, ? 320.00 , ? 251.00 ,? 69.00,The Biryani (Veg) was excellent. Really enjoyed the meal.
3579,3579,O03580,19-01-2025,16:00,C0155,Imran Mujawar,73,Veg Clear Soup,Starter,2,? 120.00, ? 240.00 , ? 84.00 ,? 72.00,It was an average Veg Clear Soup.
3580,3580,O03581,19-01-2025,22:00,C0103,Aasiya Faruqi,51,Tandoori Chicken,Non-Veg Main,2,? 460.00, ? 920.00 , ? 366.00 ,? 188.00,The Tandoori Chicken was alright. It was cooked well but the flavor was average.
3581,3581,O03582,19-01-2025,18:30,C0084,Imran Momin,127,Mutton Seekh Kebab Roll,Snacks,5,? 170.00, ? 850.00 , ? 132.00 ,? 190.00,The Mutton Seekh Kebab Roll was excellent. Really enjoyed the meal.
3582,3582,O03583,19-01-2025,22:15,C0001,Moh Saad Azam,17,French Fries,Starter,5,? 120.00, ? 600.00 , ? 87.00 ,? 165.00,The French Fries was a fantastic start to our meal! Perfectly crispy.
3583,3583,O03584,19-01-2025,15:00,C0279,Arman Taimoor,42,Medu Vada,Vegetarian,4,? 150.00, ? 600.00 , ? 112.00 ,? 152.00,Loved the Medu Vada! It was a delightful and well-prepared vegetarian meal.
3584,3584,O03585,19-01-2025,15:30,C0031,Rihan Momin,53,Veg Pulao,Rice & Noodles,1,? 240.00, ? 240.00 , ? 190.00 ,? 50.00,The Veg Pulao met my expectations.
3585,3585,O03586,19-01-2025,22:30,C0207,Imran Khan,104,Chicken Frankie,Street Food,3,? 150.00, ? 450.00 , ? 112.00 ,? 114.00,The Chicken Frankie could have been better.
3586,3586,O03587,19-01-2025,13:00,C0008,Dua Sayyad,21,Chicken Fried Rice,Rice & Noodles,4,? 240.00, ? 960.00 , ? 182.00 ,? 232.00,The Chicken Fried Rice met my expectations.
3587,3587,O03588,20-01-2025,18:00,C0316,Shamsher Mujawar,89,Misal Pav,Snack,3,? 160.00, ? 480.00 , ? 126.00 ,? 102.00,The Misal Pav was excellent. Really enjoyed the meal.
3588,3588,O03589,20-01-2025,16:15,C0259,Nikhat Malik,129,Smoked Chicken Sub,Snacks,3,? 160.00, ? 480.00 , ? 112.00 ,? 144.00,The Smoked Chicken Sub was excellent. Really enjoyed the meal.
3589,3589,O03590,20-01-2025,17:15,C0182,Rihan Shaikh,24,Samosa,Starter,2,? 100.00, ? 200.00 , ? 73.00 ,? 54.00,Absolutely loved the Samosa! It was the perfect appetizer to get us started.
3590,3590,O03591,20-01-2025,19:15,C0020,Rihan Shikalkar,36,Pav Bhaji,Vegetarian,4,? 220.00, ? 880.00 , ? 171.00 ,? 196.00,A wholesome and delicious Pav Bhaji. The vegetables were so fresh!
3591,3591,O03592,20-01-2025,13:30,C0288,Anis Shikalkar,114,Veg Frankie Roll,Snacks,3,? 80.00, ? 240.00 , ? 62.00 ,? 54.00,A satisfying meal. The Veg Frankie Roll was a good choice.
3592,3592,O03593,20-01-2025,12:45,C0098,Shahrukh Malik,13,Gulab Jamun,Dessert,3,? 150.00, ? 450.00 , ? 117.00 ,? 99.00,Great food! The Gulab Jamun was delicious and well-prepared.
3593,3593,O03594,20-01-2025,10:00,C0320,Sultan Momin,40,Idli Sambar,Vegetarian,1,? 160.00, ? 160.00 , ? 119.00 ,? 41.00,The Idli Sambar was as expected.
3594,3594,O03595,20-01-2025,12:15,C0013,Aariz Raes,37,Biryani Veg,Rice & Noodles,4,? 320.00," ? 1,280.00 ", ? 233.00 ,? 348.00,Great food! The Biryani Veg was delicious and well-prepared.
3595,3595,O03596,21-01-2025,15:15,C0163,Shamsher Shikalkar,24,Samosa,Starter,2,? 100.00, ? 200.00 , ? 73.00 ,? 54.00,The Samosa was simply delicious and fresh. Highly recommended!
3596,3596,O03597,21-01-2025,17:15,C0207,Imran Khan,121,Cheese Garlic Bread,Breads,2,? 110.00, ? 220.00 , ? 85.00 ,? 50.00,It was an average Cheese Garlic Bread.
3597,3597,O03598,21-01-2025,13:00,C0027,Arman Faruqi,33,Dal Tadka,Vegetarian,4,? 260.00," ? 1,040.00 ", ? 183.00 ,? 308.00,The Dal Tadka is a great choice for vegetarians. Hearty and full of flavor.
3598,3598,O03599,21-01-2025,17:30,C0232,Aariz Raes,21,Chicken Fried Rice,Rice & Noodles,1,? 240.00, ? 240.00 , ? 182.00 ,? 58.00,Great food! The Chicken Fried Rice was delicious and well-prepared.
3599,3599,O03600,21-01-2025,22:15,C0065,Shamsher Faruqi,83,Malai Kofta,Main Course,3,? 340.00," ? 1,020.00 ", ? 249.00 ,? 273.00,The Malai Kofta was excellent. Really enjoyed the meal.
3600,3600,O03601,21-01-2025,19:30,C0134,Isharat Nadaf,73,Veg Clear Soup,Starter,3,? 120.00, ? 360.00 , ? 84.00 ,? 108.00,Absolutely loved the Veg Clear Soup! It was the perfect appetizer to get us started.
3601,3601,O03602,21-01-2025,16:00,C0129,Sher Taimoor,8,Paneer Butter Masala,Vegetarian,4,? 380.00," ? 1,520.00 ", ? 298.00 ,? 328.00,"It was an okay Paneer Butter Masala, but I've had better."
3602,3602,O03603,21-01-2025,18:00,C0247,Shahrukh Sayyad,105,Paneer Burger,Fast Food,5,? 140.00, ? 700.00 , ? 110.00 ,? 150.00,The Paneer Burger was excellent. Really enjoyed the meal.
3603,3603,O03604,22-01-2025,22:30,C0047,Rihan Sayyad,115,Chicken Kathi Roll,Street Food,1,? 160.00, ? 160.00 , ? 112.00 ,? 48.00,The Chicken Kathi Roll was fine.
3604,3604,O03605,22-01-2025,15:00,C0214,Nikhat Taimoor,102,Chicken Sub,Sandwiches,3,? 180.00, ? 540.00 , ? 137.00 ,? 129.00,The Chicken Sub was excellent. Really enjoyed the meal.
3605,3605,O03606,22-01-2025,10:30,C0051,Dua Khan,22,Paneer Tikka,Starter,3,? 280.00, ? 840.00 , ? 199.00 ,? 243.00,Absolutely loved the Paneer Tikka! It was the perfect appetizer to get us started.
3606,3606,O03607,22-01-2025,14:00,C0016,Dua Khan,47,Bhindi Masala,Vegetarian,3,? 240.00, ? 720.00 , ? 175.00 ,? 195.00,The Bhindi Masala is a great choice for vegetarians. Hearty and full of flavor.
3607,3607,O03608,22-01-2025,14:00,C0160,Shahrukh Malik,35,Chole Bhature,Vegetarian,4,? 280.00," ? 1,120.00 ", ? 223.00 ,? 228.00,The Chole Bhature is a great choice for vegetarians. Hearty and full of flavor.
3608,3608,O03609,22-01-2025,16:15,C0256,Arman Faruqi,112,Paneer Parantha,Breads,5,? 90.00, ? 450.00 , ? 64.00 ,? 130.00,A satisfying meal. The Paneer Parantha was a good choice.
3609,3609,O03610,23-01-2025,16:15,C0061,Shamsher Raes,24,Samosa,Starter,4,? 100.00, ? 400.00 , ? 73.00 ,? 108.00,The Samosa was a fantastic start to our meal! Perfectly crispy.
3610,3610,O03611,23-01-2025,18:15,C0122,Aakib Nadaf,111,Egg Sandwich,Sandwiches,5,? 110.00, ? 550.00 , ? 80.00 ,? 150.00,It was an average Egg Sandwich.
3611,3611,O03612,23-01-2025,10:45,C0113,Ayeza Momin,109,Cheese Sandwich,Sandwiches,5,? 100.00, ? 500.00 , ? 72.00 ,? 140.00,A satisfying meal. The Cheese Sandwich was a good choice.
3612,3612,O03613,23-01-2025,15:00,C0239,Arman Momin,115,Chicken Kathi Roll,Snacks,5,? 120.00, ? 600.00 , ? 91.00 ,? 145.00,The Chicken Kathi Roll was not what I expected.
3613,3613,O03614,23-01-2025,11:15,C0031,Rihan Momin,89,Misal Pav,Snack,3,? 160.00, ? 480.00 , ? 126.00 ,? 102.00,Great food! The Misal Pav was delicious and well-prepared.
3614,3614,O03615,23-01-2025,10:45,C0273,Aasin Mujawar,131,Avocado Toast,Breakfast,4,? 150.00, ? 600.00 , ? 111.00 ,? 156.00,It was an average Avocado Toast.
3615,3615,O03616,23-01-2025,15:00,C0091,Aasin Nadaf,56,Dal Makhani,Vegetarian,5,? 340.00," ? 1,700.00 ", ? 269.00 ,? 355.00,I found the Dal Makhani to be a bit watery.
3616,3616,O03617,23-01-2025,15:15,C0034,Anis Raes,31,Mutton Rogan Josh,Non-Veg Main,2,? 520.00," ? 1,040.00 ", ? 395.00 ,? 250.00,The meat in the Mutton Rogan Josh was a bit tough and chewy.
3617,3617,O03618,23-01-2025,21:15,C0153,Nikhat Malik,45,Egg Curry,Non-Veg Main,3,? 280.00, ? 840.00 , ? 203.00 ,? 231.00,The Egg Curry was the highlight of our meal. Absolutely delicious!
3618,3618,O03619,23-01-2025,22:00,C0141,Arahan Ali,67,Veg Schezwan Noodles,Rice & Noodles,5,? 240.00," ? 1,200.00 ", ? 171.00 ,? 345.00,I was not a fan of the Veg Schezwan Noodles.
3619,3619,O03620,23-01-2025,11:30,C0215,Ayeza Faruqi,69,Hot & Sour Soup (Veg),Starter,5,? 160.00, ? 800.00 , ? 113.00 ,? 235.00,The Hot & Sour Soup (Veg) was simply delicious and fresh. Highly recommended!
3620,3620,O03621,23-01-2025,16:45,C0143,Sultan Mujawar,11,Margherita Pizza,Pizza,3,? 330.00, ? 990.00 , ? 231.00 ,? 297.00,The Margherita Pizza was not what I expected.
3621,3621,O03622,23-01-2025,16:30,C0167,Abdul Rahim Momin,22,Paneer Tikka,Starter,2,? 280.00, ? 560.00 , ? 199.00 ,? 162.00,The Paneer Tikka was simply delicious and fresh. Highly recommended!
3622,3622,O03623,24-01-2025,10:15,C0070,Aasifa Azam,109,Cheese Sandwich,Sandwiches,2,? 100.00, ? 200.00 , ? 72.00 ,? 56.00,The Cheese Sandwich was excellent. Really enjoyed the meal.
3623,3623,O03624,24-01-2025,17:15,C0129,Sher Taimoor,92,Kadhi Pakora,Main Course,3,? 300.00, ? 900.00 , ? 231.00 ,? 207.00,It was an average Kadhi Pakora.
3624,3624,O03625,24-01-2025,15:30,C0185,Nikhat Shikalkar,63,Chili Paneer,Starter,1,? 280.00, ? 280.00 , ? 219.00 ,? 61.00,The Chili Paneer was a fantastic start to our meal! Perfectly crispy.
3625,3625,O03626,24-01-2025,18:45,C0252,Moh Saad Faruqi,38,Mutton Biryani,Rice & Noodles,2,? 480.00, ? 960.00 , ? 340.00 ,? 280.00,The Mutton Biryani could have been better.
3626,3626,O03627,24-01-2025,17:00,C0202,Moh Saad Shikalkar,102,Chicken Sub,Sandwiches,4,? 180.00, ? 720.00 , ? 137.00 ,? 172.00,The Chicken Sub could have been better.
3627,3627,O03628,24-01-2025,17:15,C0125,Danish Nadaf,116,Paneer Bhurji Sandwich,Snacks,3,? 75.00, ? 225.00 , ? 59.00 ,? 48.00,The Paneer Bhurji Sandwich was not what I expected.
3628,3628,O03629,24-01-2025,22:30,C0323,Wahaj Ali,106,Chicken Burger,Fast Food,2,? 160.00, ? 320.00 , ? 115.00 ,? 90.00,The Chicken Burger was fine.
3629,3629,O03630,24-01-2025,17:45,C0272,Aasifa Raes,126,Corn & Cheese Sandwich,Snacks,5,? 90.00, ? 450.00 , ? 66.00 ,? 120.00,Great food! The Corn & Cheese Sandwich was delicious and well-prepared.
3630,3630,O03631,24-01-2025,18:30,C0299,Aakib Shaikh,50,Jeera Rice,Rice & Noodles,4,? 180.00, ? 720.00 , ? 129.00 ,? 204.00,The Jeera Rice was not what I expected.
3631,3631,O03632,25-01-2025,18:15,C0104,Sultan Nadaf,42,Medu Vada,Vegetarian,4,? 150.00, ? 600.00 , ? 112.00 ,? 152.00,Loved the Medu Vada! It was a delightful and well-prepared vegetarian meal.
3632,3632,O03633,25-01-2025,19:30,C0003,Danish Malik,119,Veg Paneer Wrap,Snacks,2,? 95.00, ? 190.00 , ? 74.00 ,? 42.00,Great food! The Veg Paneer Wrap was delicious and well-prepared.
3633,3633,O03634,25-01-2025,18:15,C0012,Abdul Rahim Malik,27,Pasta Arrabbiata,Continental,5,? 300.00," ? 1,500.00 ", ? 215.00 ,? 425.00,The Pasta Arrabbiata was excellent. Really enjoyed the meal.
3634,3634,O03635,25-01-2025,10:45,C0145,Imran Khan,115,Chicken Kathi Roll,Snacks,5,? 120.00, ? 600.00 , ? 91.00 ,? 145.00,A satisfying meal. The Chicken Kathi Roll was a good choice.
3635,3635,O03636,25-01-2025,12:15,C0144,Aasifa Mujawar,90,Pani Puri,Snack,3,? 100.00, ? 300.00 , ? 74.00 ,? 78.00,The Pani Puri was not what I expected.
3636,3636,O03637,25-01-2025,21:00,C0187,Aasin Nadaf,55,Vegetable Korma,Vegetarian,1,? 320.00, ? 320.00 , ? 243.00 ,? 77.00,A wholesome and delicious Vegetable Korma. The vegetables were so fresh!
3637,3637,O03638,25-01-2025,14:00,C0140,Imran Taimoor,73,Veg Clear Soup,Starter,5,? 120.00, ? 600.00 , ? 84.00 ,? 180.00,Wasn't very impressed with the Veg Clear Soup. It lacked flavor.
3638,3638,O03639,25-01-2025,22:30,C0034,Anis Raes,107,Paneer Shawarma,Street Food,1,? 150.00, ? 150.00 , ? 111.00 ,? 39.00,The Paneer Shawarma was excellent. Really enjoyed the meal.
3639,3639,O03640,25-01-2025,18:30,C0120,Ayeza Taimoor,35,Chole Bhature,Vegetarian,2,? 280.00, ? 560.00 , ? 223.00 ,? 114.00,The Chole Bhature was as expected.
3640,3640,O03641,26-01-2025,15:15,C0015,Kaif Taimoor,34,Rajma Chawal,Vegetarian,2,? 300.00, ? 600.00 , ? 238.00 ,? 124.00,Loved the Rajma Chawal! It was a delightful and well-prepared vegetarian meal.
3641,3641,O03642,26-01-2025,20:15,C0015,Kaif Taimoor,59,Veg Manchurian,Starter,3,? 240.00, ? 720.00 , ? 169.00 ,? 213.00,Wasn't very impressed with the Veg Manchurian. It lacked flavor.
3642,3642,O03643,26-01-2025,17:15,C0127,Dua Taimoor,47,Bhindi Masala,Vegetarian,3,? 240.00, ? 720.00 , ? 175.00 ,? 195.00,A wholesome and delicious Bhindi Masala. The vegetables were so fresh!
3643,3643,O03644,26-01-2025,11:30,C0146,Sultan Sayyad,40,Idli Sambar,Vegetarian,3,? 160.00, ? 480.00 , ? 119.00 ,? 123.00,"It was an okay Idli Sambar, but I've had better."
3644,3644,O03645,26-01-2025,16:15,C0278,Sultan Shikalkar,71,Sweet Corn Soup (Veg),Starter,4,? 140.00, ? 560.00 , ? 108.00 ,? 128.00,The Sweet Corn Soup (Veg) was a bit too oily for my liking.
3645,3645,O03646,26-01-2025,17:30,C0029,Rihan Sayyad,114,Veg Frankie Roll,Snacks,5,? 80.00, ? 400.00 , ? 62.00 ,? 90.00,The Veg Frankie Roll was not what I expected.
3646,3646,O03647,26-01-2025,13:30,C0035,Aasifa Shaikh,116,Paneer Bhurji Sandwich,Snacks,2,? 75.00, ? 150.00 , ? 59.00 ,? 32.00,The Paneer Bhurji Sandwich could have been better.
3647,3647,O03648,26-01-2025,11:45,C0100,Aman Momin,72,Sweet Corn Soup (Chicken),Starter,1,? 180.00, ? 180.00 , ? 129.00 ,? 51.00,"The Sweet Corn Soup (Chicken) was decent, but nothing special."
3648,3648,O03649,26-01-2025,22:45,C0105,Aakib Nadaf,101,Veggie Sub,Sandwiches,2,? 150.00, ? 300.00 , ? 105.00 ,? 90.00,A satisfying meal. The Veggie Sub was a good choice.
3649,3649,O03650,26-01-2025,11:15,C0259,Nikhat Malik,17,French Fries,Starter,5,? 120.00, ? 600.00 , ? 87.00 ,? 165.00,Wasn't very impressed with the French Fries. It lacked flavor.
3650,3650,O03651,26-01-2025,14:30,C0241,Shamsher Faruqi,15,Tiramisu,Dessert,5,? 280.00," ? 1,400.00 ", ? 201.00 ,? 395.00,Great food! The Tiramisu was delicious and well-prepared.
3651,3651,O03652,26-01-2025,14:00,C0162,Shamsher Mujawar,47,Bhindi Masala,Vegetarian,4,? 240.00, ? 960.00 , ? 175.00 ,? 260.00,A wholesome and delicious Bhindi Masala. The vegetables were so fresh!
3652,3652,O03653,26-01-2025,22:00,C0032,Ayeza Mujawar,13,Gulab Jamun,Dessert,3,? 150.00, ? 450.00 , ? 117.00 ,? 99.00,The Gulab Jamun was fine.
3653,3653,O03654,27-01-2025,13:30,C0234,Moh Saad Faruqi,95,Garlic Naan,Breads,1,? 70.00, ? 70.00 , ? 54.00 ,? 16.00,I was not a fan of the Garlic Naan.
3654,3654,O03655,27-01-2025,19:45,C0104,Sultan Nadaf,94,Butter Naan,Breads,1,? 60.00, ? 60.00 , ? 45.00 ,? 15.00,Great food! The Butter Naan was delicious and well-prepared.
3655,3655,O03656,27-01-2025,21:30,C0003,Danish Malik,130,Veggie Delight Sub,Snacks,5,? 120.00, ? 600.00 , ? 90.00 ,? 150.00,It was an average Veggie Delight Sub.
3656,3656,O03657,28-01-2025,16:30,C0086,Sher Momin,70,Hot & Sour Soup (Chicken),Starter,5,? 200.00," ? 1,000.00 ", ? 159.00 ,? 205.00,The Hot & Sour Soup (Chicken) was simply delicious and fresh. Highly recommended!
3657,3657,O03658,28-01-2025,15:30,C0104,Sultan Nadaf,52,Chicken Tikka Masala,Non-Veg Main,3,? 480.00," ? 1,440.00 ", ? 373.00 ,? 321.00,A truly authentic and flavorful Chicken Tikka Masala. It was very satisfying.
3658,3658,O03659,28-01-2025,14:15,C0272,Aasifa Raes,115,Chicken Kathi Roll,Street Food,4,? 160.00, ? 640.00 , ? 112.00 ,? 192.00,A satisfying meal. The Chicken Kathi Roll was a good choice.
3659,3659,O03660,28-01-2025,11:45,C0023,Shamsher Faruqi,40,Idli Sambar,Vegetarian,3,? 160.00, ? 480.00 , ? 119.00 ,? 123.00,Loved the Idli Sambar! It was a delightful and well-prepared vegetarian meal.
3660,3660,O03661,28-01-2025,18:00,C0180,Isharat Shikalkar,77,Paneer Momos,Starter,5,? 200.00," ? 1,000.00 ", ? 155.00 ,? 225.00,The Paneer Momos was a bit too oily for my liking.
3661,3661,O03662,28-01-2025,14:15,C0159,Arman Taimoor,109,Cheese Sandwich,Sandwiches,1,? 100.00, ? 100.00 , ? 72.00 ,? 28.00,The Cheese Sandwich could have been better.
3662,3662,O03663,28-01-2025,11:00,C0274,Moh Saad Sayyad,81,Biryani (Veg),Rice,4,? 320.00," ? 1,280.00 ", ? 251.00 ,? 276.00,Great food! The Biryani (Veg) was delicious and well-prepared.
3663,3663,O03664,28-01-2025,14:00,C0242,Arahan Mujawar,28,Caesar Salad,Salad,3,? 280.00, ? 840.00 , ? 210.00 ,? 210.00,It was an average Caesar Salad.
3664,3664,O03665,28-01-2025,16:15,C0242,Arahan Mujawar,21,Chicken Fried Rice,Rice & Noodles,1,? 240.00, ? 240.00 , ? 182.00 ,? 58.00,The Chicken Fried Rice was fine.
3665,3665,O03666,29-01-2025,18:45,C0236,Aakib Khan,2,Mushroom Soup,Starter,5,? 200.00," ? 1,000.00 ", ? 159.00 ,? 205.00,Wasn't very impressed with the Mushroom Soup. It lacked flavor.
3666,3666,O03667,29-01-2025,12:15,C0072,Kaif Taimoor,115,Chicken Kathi Roll,Snacks,4,? 120.00, ? 480.00 , ? 91.00 ,? 116.00,A satisfying meal. The Chicken Kathi Roll was a good choice.
3667,3667,O03668,29-01-2025,22:00,C0077,Shahrukh Momin,111,Egg Sandwich,Sandwiches,1,? 110.00, ? 110.00 , ? 80.00 ,? 30.00,The Egg Sandwich was fine.
3668,3668,O03669,29-01-2025,17:15,C0240,Sultan Ali,70,Hot & Sour Soup (Chicken),Starter,5,? 200.00," ? 1,000.00 ", ? 159.00 ,? 205.00,The Hot & Sour Soup (Chicken) was okay. It was a standard appetizer.
3669,3669,O03670,29-01-2025,20:45,C0127,Dua Taimoor,126,Corn & Cheese Sandwich,Snacks,3,? 90.00, ? 270.00 , ? 66.00 ,? 72.00,The Corn & Cheese Sandwich was excellent. Really enjoyed the meal.
3670,3670,O03671,30-01-2025,12:45,C0115,Aasifa Nadaf,88,Vada Pav,Snack,4,? 120.00, ? 480.00 , ? 91.00 ,? 116.00,Great food! The Vada Pav was delicious and well-prepared.
3671,3671,O03672,30-01-2025,21:30,C0089,Aasin Shaikh,67,Veg Schezwan Noodles,Rice & Noodles,3,? 240.00, ? 720.00 , ? 171.00 ,? 207.00,A satisfying meal. The Veg Schezwan Noodles was a good choice.
3672,3672,O03673,30-01-2025,16:00,C0144,Aasifa Mujawar,14,Rasgulla,Dessert,2,? 140.00, ? 280.00 , ? 100.00 ,? 80.00,It was an average Rasgulla.
3673,3673,O03674,30-01-2025,13:00,C0249,Aasiya Mujawar,15,Tiramisu,Dessert,1,? 280.00, ? 280.00 , ? 201.00 ,? 79.00,A satisfying meal. The Tiramisu was a good choice.
3674,3674,O03675,30-01-2025,14:00,C0070,Aasifa Azam,96,Club Sandwich,Sandwiches,3,? 160.00, ? 480.00 , ? 119.00 ,? 123.00,The Club Sandwich could have been better.
3675,3675,O03676,30-01-2025,18:15,C0021,Moh Saad Shaikh,91,Chana Masala,Main Course,1,? 260.00, ? 260.00 , ? 185.00 ,? 75.00,A satisfying meal. The Chana Masala was a good choice.
3676,3676,O03677,30-01-2025,16:30,C0080,Sher Khan,130,Veggie Delight Sub,Snacks,4,? 120.00, ? 480.00 , ? 90.00 ,? 120.00,The Veggie Delight Sub was not what I expected.
3677,3677,O03678,30-01-2025,10:30,C0131,Aasin Ali,64,Chili Chicken,Starter,3,? 340.00," ? 1,020.00 ", ? 250.00 ,? 270.00,The Chili Chicken was simply delicious and fresh. Highly recommended!
3678,3678,O03679,30-01-2025,10:45,C0206,Aariz Faruqi,88,Vada Pav,Snack,4,? 120.00, ? 480.00 , ? 91.00 ,? 116.00,The Vada Pav could have been better.
3679,3679,O03680,30-01-2025,16:45,C0186,Aariz Khan,49,Aloo Gobi,Vegetarian,1,? 220.00, ? 220.00 , ? 166.00 ,? 54.00,A wholesome and delicious Aloo Gobi. The vegetables were so fresh!
3680,3680,O03681,30-01-2025,22:30,C0266,Aasifa Sayyad,119,Veg Paneer Wrap,Snacks,5,? 95.00, ? 475.00 , ? 74.00 ,? 105.00,I was not a fan of the Veg Paneer Wrap.
3681,3681,O03682,30-01-2025,14:45,C0221,Arman Mujawar,110,Paneer Sandwich,Sandwiches,4,? 120.00, ? 480.00 , ? 84.00 ,? 144.00,The Paneer Sandwich was excellent. Really enjoyed the meal.
3682,3682,O03683,30-01-2025,10:00,C0298,Aasin Malik,72,Sweet Corn Soup (Chicken),Starter,5,? 180.00, ? 900.00 , ? 129.00 ,? 255.00,The Sweet Corn Soup (Chicken) was cold when it arrived at our table.
3683,3683,O03684,30-01-2025,21:15,C0259,Nikhat Malik,50,Jeera Rice,Rice & Noodles,4,? 180.00, ? 720.00 , ? 129.00 ,? 204.00,Great food! The Jeera Rice was delicious and well-prepared.
3684,3684,O03685,31-01-2025,14:30,C0176,Abdul Rahim Shikalkar,67,Veg Schezwan Noodles,Rice & Noodles,5,? 240.00," ? 1,200.00 ", ? 171.00 ,? 345.00,The Veg Schezwan Noodles could have been better.
3685,3685,O03686,31-01-2025,15:45,C0034,Anis Raes,12,Veggie Burger,Burger,4,? 250.00," ? 1,000.00 ", ? 199.00 ,? 204.00,The Veggie Burger was not what I expected.
3686,3686,O03687,31-01-2025,11:45,C0287,Nikhat Shaikh,8,Paneer Butter Masala,Vegetarian,1,? 380.00, ? 380.00 , ? 298.00 ,? 82.00,A wholesome and delicious Paneer Butter Masala. The vegetables were so fresh!
3687,3687,O03688,31-01-2025,12:30,C0026,Imran Shikalkar,38,Mutton Biryani,Rice & Noodles,5,? 480.00," ? 2,400.00 ", ? 340.00 ,? 700.00,A satisfying meal. The Mutton Biryani was a good choice.
3688,3688,O03689,31-01-2025,10:45,C0295,Sultan Taimoor,61,Veg Spring Rolls,Starter,3,? 220.00, ? 660.00 , ? 162.00 ,? 174.00,The Veg Spring Rolls was a fantastic start to our meal! Perfectly crispy.
3689,3689,O03690,31-01-2025,20:45,C0235,Abdul Rahim Malik,38,Mutton Biryani,Rice & Noodles,4,? 480.00," ? 1,920.00 ", ? 340.00 ,? 560.00,The Mutton Biryani was not what I expected.
3690,3690,O03691,31-01-2025,21:30,C0256,Arman Faruqi,8,Paneer Butter Masala,Vegetarian,2,? 380.00, ? 760.00 , ? 298.00 ,? 164.00,Loved the Paneer Butter Masala! It was a delightful and well-prepared vegetarian meal.
3691,3691,O03692,31-01-2025,22:45,C0206,Aariz Faruqi,81,Biryani (Veg),Rice,1,? 320.00, ? 320.00 , ? 251.00 ,? 69.00,The Biryani (Veg) was fine.
3692,3692,O03693,31-01-2025,12:30,C0119,Shahrukh Azam,110,Paneer Sandwich,Sandwiches,5,? 120.00, ? 600.00 , ? 84.00 ,? 180.00,The Paneer Sandwich was excellent. Really enjoyed the meal.
3693,3693,O03694,31-01-2025,13:45,C0246,Aariz Raes,19,Chicken Hakka Noodles,Rice & Noodles,4,? 260.00," ? 1,040.00 ", ? 193.00 ,? 268.00,The Chicken Hakka Noodles was not what I expected.
3694,3694,O03695,31-01-2025,16:45,C0097,Isharat Taimoor,68,Chicken Schezwan Noodles,Rice & Noodles,4,? 280.00," ? 1,120.00 ", ? 218.00 ,? 248.00,It was an average Chicken Schezwan Noodles.
