OrderID,OrderDate,OrderTime,CustomerID,CustomerName,DishID,DishName,Category,Quantity,Price,Revenue,CostPrice,Profit,Feedback
O00001,01-02-2024,11:30,C0329,Wahaj Sayyad,R71,Veg Spring Rolls,Starter,3,? 220.00, ? 660.00 , ? 162.00 ,? 174.00,The Veg Spring Rolls was cold when it arrived at our table.
O00002,01-02-2024,21:15,C0091,Aasin Nadaf,R56,Tandoori Chicken,Non-Veg Main,5,? 460.00," ? 2,300.00 ", ? 366.00 ,? 470.00,The meat in the Tandoori Chicken was a bit tough and chewy.
O00003,01-02-2024,13:15,C0052,Shahrukh Sayyad,R166,Smoked Chicken Sub,Snacks,3,? 160.00, ? 480.00 , ? 112.00 ,? 144.00,A satisfying meal. The Smoked Chicken Sub was a good choice.
O00004,01-02-2024,16:15,C0213,Aakib Ali,R8,Paneer Butter Masala,Vegetarian,3,? 380.00," ? 1,140.00 ", ? 298.00 ,? 246.00,Loved the Paneer Butter Masala! It was a delightful and well-prepared vegetarian meal.
O00005,01-02-2024,12:15,C0089,Aasin Shaikh,R143,Chicken Burger,Fast Food,3,? 160.00, ? 480.00 , ? 115.00 ,? 135.00,Great food! The Chicken Burger was delicious and well-prepared.
O00006,01-02-2024,16:00,C0160,Shahrukh Malik,R60,Egg Biryani,Rice & Noodles,2,? 340.00, ? 680.00 , ? 268.00 ,? 144.00,Great food! The Egg Biryani was delicious and well-prepared.
O00007,02-02-2024,10:15,C0114,Imran Faruqi,R136,Chicken Kathi Roll,Street Food,2,? 160.00, ? 320.00 , ? 112.00 ,? 96.00,It was an average Chicken Kathi Roll.
O00008,02-02-2024,19:15,C0271,Aasiya Mujawar,R10,Pepperoni Pizza,Pizza,2,? 368.00, ? 736.00 , ? 283.00 ,? 170.00,A satisfying meal. The Pepperoni Pizza was a good choice.
O00009,02-02-2024,14:45,C0152,Dua Sayyad,R135,Paneer Kathi Roll,Street Food,3,? 140.00, ? 420.00 , ? 103.00 ,? 111.00,The Paneer Kathi Roll could have been better.
O00010,02-02-2024,16:30,C0266,Aasifa Sayyad,R139,Chicken Sub,Sandwiches,3,? 180.00, ? 540.00 , ? 137.00 ,? 129.00,The Chicken Sub was fine.
O00011,02-02-2024,14:15,C0005,Aasin Azam,R38,Biryani Veg,Rice & Noodles,4,? 320.00," ? 1,280.00 ", ? 233.00 ,? 348.00,The Biryani Veg was excellent. Really enjoyed the meal.
O00012,02-02-2024,15:45,C0084,Imran Momin,R124,Chana Masala,Main Course,1,? 260.00, ? 260.00 , ? 185.00 ,? 75.00,A satisfying meal. The Chana Masala was a good choice.
O00013,02-02-2024,21:45,C0181,Aman Khan,R159,Falafel Wrap,Snacks,2,? 130.00, ? 260.00 , ? 102.00 ,? 56.00,Great food! The Falafel Wrap was delicious and well-prepared.
O00014,02-02-2024,22:45,C0235,Abdul Rahim Malik,R111,Veg Thali,Meal Combo,2,? 360.00, ? 720.00 , ? 263.00 ,? 194.00,The Veg Thali was fine.
O00015,02-02-2024,21:15,C0133,Wahaj Ali,R47,Hyderabadi Haleem,Non-Veg Main,3,? 500.00," ? 1,500.00 ", ? 395.00 ,? 315.00,The Hyderabadi Haleem was alright. It was cooked well but the flavor was average.
O00016,03-02-2024,13:00,C0289,Aasin Malik,R68,Chicken Manchurian,Starter,3,? 280.00, ? 840.00 , ? 205.00 ,? 225.00,Absolutely loved the Chicken Manchurian! It was the perfect appetizer to get us started.
O00017,03-02-2024,12:15,C0263,Sher Raes,R26,Pasta Alfredo,Continental,2,? 320.00, ? 640.00 , ? 249.00 ,? 142.00,The Pasta Alfredo was fine.
O00018,03-02-2024,19:15,C0054,Shamsher Ali,R137,Veg Wrap,Sandwiches,3,? 130.00, ? 390.00 , ? 92.00 ,? 114.00,A satisfying meal. The Veg Wrap was a good choice.
O00019,03-02-2024,18:15,C0299,Aakib Shaikh,R133,Club Sandwich,Sandwiches,4,? 160.00, ? 640.00 , ? 119.00 ,? 164.00,The Club Sandwich was excellent. Really enjoyed the meal.
O00020,03-02-2024,14:45,C0191,Imran Shikalkar,R55,Jeera Rice,Rice & Noodles,4,? 180.00, ? 720.00 , ? 129.00 ,? 204.00,A satisfying meal. The Jeera Rice was a good choice.
O00021,03-02-2024,10:00,C0229,Aasin Khan,R124,Chana Masala,Main Course,4,? 260.00," ? 1,040.00 ", ? 185.00 ,? 300.00,The Chana Masala could have been better.
O00022,03-02-2024,10:00,C0126,Aakib Momin,R68,Chicken Manchurian,Starter,1,? 280.00, ? 280.00 , ? 205.00 ,? 75.00,"The Chicken Manchurian was decent, but nothing special."
O00023,03-02-2024,18:45,C0075,Rihan Raes,R8,Paneer Butter Masala,Vegetarian,4,? 380.00," ? 1,520.00 ", ? 298.00 ,? 328.00,"It was an okay Paneer Butter Masala, but I've had better."
O00024,03-02-2024,13:30,C0048,Abdul Rahim Malik,R143,Chicken Burger,Fast Food,5,? 160.00, ? 800.00 , ? 115.00 ,? 225.00,It was an average Chicken Burger.
O00025,03-02-2024,18:15,C0297,Wahaj Ali,R119,Misal Pav,Snack,5,? 160.00, ? 800.00 , ? 126.00 ,? 170.00,The Misal Pav was excellent. Really enjoyed the meal.
O00026,03-02-2024,19:45,C0050,Dua Sayyad,R34,Dal Tadka,Vegetarian,3,? 260.00, ? 780.00 , ? 183.00 ,? 231.00,A wholesome and delicious Dal Tadka. The vegetables were so fresh!
O00027,04-02-2024,19:15,C0301,Sher Taimoor,R166,Smoked Chicken Sub,Snacks,4,? 160.00, ? 640.00 , ? 112.00 ,? 192.00,A satisfying meal. The Smoked Chicken Sub was a good choice.
O00028,04-02-2024,15:00,C0219,Isharat Nadaf,R117,Vada Pav,Snack,5,? 120.00, ? 600.00 , ? 91.00 ,? 145.00,It was an average Vada Pav.
O00029,04-02-2024,22:45,C0095,Aakib Azam,R146,Cheese Sandwich,Sandwiches,5,? 100.00, ? 500.00 , ? 72.00 ,? 140.00,A satisfying meal. The Cheese Sandwich was a good choice.
O00030,04-02-2024,14:30,C0206,Aariz Faruqi,R153,Paneer Bhurji Sandwich,Snacks,5,? 75.00, ? 375.00 , ? 59.00 ,? 80.00,The Paneer Bhurji Sandwich was excellent. Really enjoyed the meal.
O00031,04-02-2024,21:30,C0188,Sher Raes,R73,Chili Paneer,Starter,3,? 280.00, ? 840.00 , ? 219.00 ,? 183.00,The Chili Paneer was simply delicious and fresh. Highly recommended!
O00032,04-02-2024,21:30,C0218,Danish Khan,R157,Peri Peri Chicken Wings,Snacks,5,? 180.00, ? 900.00 , ? 135.00 ,? 225.00,The Peri Peri Chicken Wings was excellent. Really enjoyed the meal.
O00033,04-02-2024,17:45,C0235,Abdul Rahim Malik,R73,Chili Paneer,Starter,2,? 280.00, ? 560.00 , ? 219.00 ,? 122.00,Absolutely loved the Chili Paneer! It was the perfect appetizer to get us started.
O00034,04-02-2024,17:45,C0083,Isharat Mujawar,R16,Ice Cream Sundae,Dessert,3,? 200.00, ? 600.00 , ? 143.00 ,? 171.00,The Ice Cream Sundae could have been better.
O00035,04-02-2024,17:30,C0326,Aman Sayyad,R11,Margherita Pizza,Pizza,3,? 330.00, ? 990.00 , ? 231.00 ,? 297.00,The Margherita Pizza could have been better.
O00036,04-02-2024,16:45,C0250,Isharat Azam,R46,Onion Uttapam,Vegetarian,4,? 160.00, ? 640.00 , ? 112.00 ,? 192.00,The vegetables in the Onion Uttapam seemed overcooked.
O00037,04-02-2024,21:30,C0183,Imran Mujawar,R21,Chicken Fried Rice,Rice & Noodles,3,? 240.00, ? 720.00 , ? 182.00 ,? 174.00,I was not a fan of the Chicken Fried Rice.
O00038,04-02-2024,17:45,C0023,Shamsher Faruqi,R100,Biryani (Veg),Rice,1,? 320.00, ? 320.00 , ? 251.00 ,? 69.00,I was not a fan of the Biryani (Veg).
O00039,04-02-2024,17:00,C0105,Aakib Nadaf,R62,Dal Makhani,Vegetarian,1,? 340.00, ? 340.00 , ? 269.00 ,? 71.00,Loved the Dal Makhani! It was a delightful and well-prepared vegetarian meal.
O00040,05-02-2024,21:00,C0197,Arahan Ali,R67,Veg Manchurian,Starter,3,? 240.00, ? 720.00 , ? 169.00 ,? 213.00,Absolutely loved the Veg Manchurian! It was the perfect appetizer to get us started.
O00041,05-02-2024,16:30,C0320,Sultan Momin,R116,Uttapam,South Indian,3,? 220.00, ? 660.00 , ? 170.00 ,? 150.00,The Uttapam was not what I expected.
O00042,05-02-2024,21:30,C0175,Aasiya Momin,R12,Veggie Burger,Burger,4,? 250.00," ? 1,000.00 ", ? 199.00 ,? 204.00,The Veggie Burger was not what I expected.
O00043,05-02-2024,16:00,C0281,Abdul Rahim Faruqi,R89,Fried Momos (Chicken),Starter,2,? 240.00, ? 480.00 , ? 176.00 ,? 128.00,The Fried Momos (Chicken) was okay. It was a standard appetizer.
O00044,05-02-2024,12:45,C0181,Aman Khan,R38,Biryani Veg,Rice & Noodles,5,? 320.00," ? 1,600.00 ", ? 233.00 ,? 435.00,Great food! The Biryani Veg was delicious and well-prepared.
O00045,05-02-2024,21:30,C0169,Anis Taimoor,R124,Chana Masala,Main Course,1,? 260.00, ? 260.00 , ? 185.00 ,? 75.00,It was an average Chana Masala.
O00046,05-02-2024,17:15,C0268,Ayeza Azam,R59,Veg Pulao,Rice & Noodles,5,? 240.00," ? 1,200.00 ", ? 190.00 ,? 250.00,The Veg Pulao met my expectations.
O00047,05-02-2024,14:15,C0102,Aasifa Taimoor,R71,Veg Spring Rolls,Starter,5,? 220.00," ? 1,100.00 ", ? 162.00 ,? 290.00,The Veg Spring Rolls was simply delicious and fresh. Highly recommended!
O00048,05-02-2024,13:30,C0273,Aasin Mujawar,R7,Butter Chicken,Meat Special,3,? 495.00," ? 1,485.00 ", ? 349.00 ,? 438.00,It was an average Butter Chicken.
O00049,05-02-2024,21:15,C0034,Anis Raes,R162,BBQ Chicken Pizza Sandwich,Snacks,1,? 160.00, ? 160.00 , ? 115.00 ,? 45.00,Great food! The BBQ Chicken Pizza Sandwich was delicious and well-prepared.
O00050,05-02-2024,17:15,C0233,Moh Saad Nadaf,R154,Egg Mayo Sandwich,Snacks,1,? 85.00, ? 85.00 , ? 66.00 ,? 19.00,I was not a fan of the Egg Mayo Sandwich.
O00051,05-02-2024,21:45,C0068,Abdul Rahim Shaikh,R9,Palak Paneer,Vegetarian,4,? 360.00," ? 1,440.00 ", ? 273.00 ,? 348.00,The Palak Paneer is a great choice for vegetarians. Hearty and full of flavor.
O00052,06-02-2024,15:15,C0132,Sultan Momin,R53,Baingan Bharta,Vegetarian,2,? 260.00, ? 520.00 , ? 195.00 ,? 130.00,The Baingan Bharta was as expected.
O00053,06-02-2024,16:15,C0262,Nikhat Faruqi,R85,Veg Momos,Starter,3,? 180.00, ? 540.00 , ? 138.00 ,? 126.00,Absolutely loved the Veg Momos! It was the perfect appetizer to get us started.
O00054,06-02-2024,14:00,C0169,Anis Taimoor,R43,Idli Sambar,Vegetarian,5,? 160.00, ? 800.00 , ? 119.00 ,? 205.00,A wholesome and delicious Idli Sambar. The vegetables were so fresh!
O00055,06-02-2024,19:45,C0295,Sultan Taimoor,R137,Veg Wrap,Sandwiches,4,? 130.00, ? 520.00 , ? 92.00 ,? 152.00,The Veg Wrap could have been better.
O00056,06-02-2024,11:15,C0252,Moh Saad Faruqi,R38,Biryani Veg,Rice & Noodles,5,? 320.00," ? 1,600.00 ", ? 233.00 ,? 435.00,The Biryani Veg was excellent. Really enjoyed the meal.
O00057,06-02-2024,22:30,C0228,Isharat Momin,R103,Fish Curry (Goan),Main Course,3,? 380.00," ? 1,140.00 ", ? 289.00 ,? 273.00,The Fish Curry (Goan) was excellent. Really enjoyed the meal.
O00058,07-02-2024,21:15,C0095,Aakib Azam,R90,Tandoori Momos,Starter,5,? 260.00," ? 1,300.00 ", ? 185.00 ,? 375.00,The Tandoori Momos was a fantastic start to our meal! Perfectly crispy.
O00059,07-02-2024,15:30,C0126,Aakib Momin,R75,Schezwan Fried Rice,Rice & Noodles,5,? 220.00," ? 1,100.00 ", ? 160.00 ,? 300.00,Great food! The Schezwan Fried Rice was delicious and well-prepared.
O00060,07-02-2024,19:15,C0297,Wahaj Ali,R3,Chicken Soup,Starter,1,? 220.00, ? 220.00 , ? 170.00 ,? 50.00,Wasn't very impressed with the Chicken Soup. It lacked flavor.
O00061,07-02-2024,14:15,C0245,Wahaj Taimoor,R45,Medu Vada,Vegetarian,1,? 150.00, ? 150.00 , ? 112.00 ,? 38.00,"It was an okay Medu Vada, but I've had better."
O00062,07-02-2024,16:00,C0079,Shahrukh Faruqi,R143,Chicken Burger,Fast Food,2,? 160.00, ? 320.00 , ? 115.00 ,? 90.00,The Chicken Burger was excellent. Really enjoyed the meal.
O00063,07-02-2024,20:15,C0113,Ayeza Momin,R83,Veg Clear Soup,Starter,5,? 120.00, ? 600.00 , ? 84.00 ,? 180.00,The Veg Clear Soup was a fantastic start to our meal! Perfectly crispy.
O00064,07-02-2024,14:00,C0038,Moh Saad Malik,R128,Matar Paneer,Main Course,2,? 340.00, ? 680.00 , ? 263.00 ,? 154.00,The Matar Paneer could have been better.
O00065,07-02-2024,18:15,C0102,Aasifa Taimoor,R135,Paneer Kathi Roll,Street Food,5,? 140.00, ? 700.00 , ? 103.00 ,? 185.00,I was not a fan of the Paneer Kathi Roll.
O00066,07-02-2024,22:30,C0236,Aakib Khan,R147,Paneer Sandwich,Sandwiches,1,? 120.00, ? 120.00 , ? 84.00 ,? 36.00,The Paneer Sandwich met my expectations.
O00067,07-02-2024,17:00,C0244,Arahan Raes,R132,Garlic Naan,Breads,5,? 70.00, ? 350.00 , ? 54.00 ,? 80.00,Great food! The Garlic Naan was delicious and well-prepared.
O00068,07-02-2024,11:30,C0176,Abdul Rahim Shikalkar,R72,Chicken Spring Rolls,Starter,1,? 260.00, ? 260.00 , ? 189.00 ,? 71.00,The Chicken Spring Rolls was a bit too oily for my liking.
O00069,07-02-2024,12:15,C0041,Aakib Shaikh,R68,Chicken Manchurian,Starter,1,? 280.00, ? 280.00 , ? 205.00 ,? 75.00,The Chicken Manchurian was simply delicious and fresh. Highly recommended!
O00070,07-02-2024,20:45,C0290,Isharat Raes,R131,Butter Naan,Breads,1,? 60.00, ? 60.00 , ? 45.00 ,? 15.00,It was an average Butter Naan.
O00071,08-02-2024,22:30,C0153,Nikhat Malik,R50,Kadai Paneer,Vegetarian,5,? 360.00," ? 1,800.00 ", ? 275.00 ,? 425.00,The Kadai Paneer was a decent vegetarian option.
O00072,08-02-2024,11:45,C0206,Aariz Faruqi,R67,Veg Manchurian,Starter,3,? 240.00, ? 720.00 , ? 169.00 ,? 213.00,Wasn't very impressed with the Veg Manchurian. It lacked flavor.
O00073,08-02-2024,11:15,C0326,Aman Sayyad,R18,Veg Hakka Noodles,Rice & Noodles,4,? 220.00, ? 880.00 , ? 165.00 ,? 220.00,A satisfying meal. The Veg Hakka Noodles was a good choice.
O00074,08-02-2024,11:00,C0187,Aasin Nadaf,R154,Egg Mayo Sandwich,Snacks,2,? 85.00, ? 170.00 , ? 66.00 ,? 38.00,The Egg Mayo Sandwich was excellent. Really enjoyed the meal.
O00075,08-02-2024,12:15,C0153,Nikhat Malik,R117,Vada Pav,Snack,4,? 120.00, ? 480.00 , ? 91.00 ,? 116.00,The Vada Pav was fine.
O00076,08-02-2024,20:45,C0109,Aman Mujawar,R62,Dal Makhani,Vegetarian,5,? 340.00," ? 1,700.00 ", ? 269.00 ,? 355.00,A wholesome and delicious Dal Makhani. The vegetables were so fresh!
O00077,08-02-2024,11:00,C0091,Aasin Nadaf,R79,Hot & Sour Soup (Veg),Starter,2,? 160.00, ? 320.00 , ? 113.00 ,? 94.00,The Hot & Sour Soup (Veg) was a fantastic start to our meal! Perfectly crispy.
O00078,08-02-2024,22:00,C0080,Sher Khan,R59,Veg Pulao,Rice & Noodles,1,? 240.00, ? 240.00 , ? 190.00 ,? 50.00,The Veg Pulao was not what I expected.
O00079,08-02-2024,18:45,C0153,Nikhat Malik,R86,Chicken Momos,Starter,4,? 220.00, ? 880.00 , ? 170.00 ,? 200.00,Absolutely loved the Chicken Momos! It was the perfect appetizer to get us started.
O00080,08-02-2024,18:15,C0124,Arahan Shaikh,R88,Fried Momos (Veg),Starter,3,? 200.00, ? 600.00 , ? 141.00 ,? 177.00,The Fried Momos (Veg) was simply delicious and fresh. Highly recommended!
O00081,08-02-2024,18:30,C0190,Rihan Raes,R36,Chole Bhature,Vegetarian,1,? 280.00, ? 280.00 , ? 223.00 ,? 57.00,The Chole Bhature is a great choice for vegetarians. Hearty and full of flavor.
O00082,08-02-2024,14:15,C0195,Aasin Malik,R48,Egg Curry,Non-Veg Main,2,? 280.00, ? 560.00 , ? 203.00 ,? 154.00,The Egg Curry was the highlight of our meal. Absolutely delicious!
O00083,08-02-2024,17:00,C0135,Danish Azam,R38,Biryani Veg,Rice & Noodles,2,? 320.00, ? 640.00 , ? 233.00 ,? 174.00,A satisfying meal. The Biryani Veg was a good choice.
O00084,09-02-2024,20:45,C0215,Ayeza Faruqi,R165,Paneer Tandoori Wrap,Snacks,5,? 120.00, ? 600.00 , ? 94.00 ,? 130.00,The Paneer Tandoori Wrap met my expectations.
O00085,09-02-2024,18:30,C0214,Nikhat Taimoor,R73,Chili Paneer,Starter,4,? 280.00," ? 1,120.00 ", ? 219.00 ,? 244.00,Absolutely loved the Chili Paneer! It was the perfect appetizer to get us started.
O00086,09-02-2024,11:45,C0165,Dua Sayyad,R30,Shahi Paneer,Vegetarian,3,? 400.00," ? 1,200.00 ", ? 281.00 ,? 357.00,The Shahi Paneer is a great choice for vegetarians. Hearty and full of flavor.
O00087,09-02-2024,13:30,C0172,Ayeza Shaikh,R120,Pani Puri,Snack,5,? 100.00, ? 500.00 , ? 74.00 ,? 130.00,The Pani Puri was fine.
O00088,09-02-2024,12:45,C0022,Aasiya Ali,R116,Uttapam,South Indian,5,? 220.00," ? 1,100.00 ", ? 170.00 ,? 250.00,Great food! The Uttapam was delicious and well-prepared.
O00089,09-02-2024,18:15,C0185,Nikhat Shikalkar,R9,Palak Paneer,Vegetarian,1,? 360.00, ? 360.00 , ? 273.00 ,? 87.00,The Palak Paneer was bland and needed more seasoning.
O00090,09-02-2024,17:45,C0067,Sultan Ali,R67,Veg Manchurian,Starter,4,? 240.00, ? 960.00 , ? 169.00 ,? 284.00,The Veg Manchurian was simply delicious and fresh. Highly recommended!
O00091,09-02-2024,12:30,C0055,Sultan Momin,R100,Biryani (Veg),Rice,4,? 320.00," ? 1,280.00 ", ? 251.00 ,? 276.00,The Biryani (Veg) was excellent. Really enjoyed the meal.
O00092,10-02-2024,15:45,C0097,Isharat Taimoor,R134,Grilled Cheese Sandwich,Sandwiches,2,? 120.00, ? 240.00 , ? 90.00 ,? 60.00,The Grilled Cheese Sandwich was not what I expected.
O00093,10-02-2024,14:00,C0014,Arman Faruqi,R57,Chicken Tikka Masala,Non-Veg Main,4,? 480.00," ? 1,920.00 ", ? 373.00 ,? 428.00,Felt that the Chicken Tikka Masala was overpriced for its quality.
O00094,10-02-2024,22:00,C0288,Anis Shikalkar,R36,Chole Bhature,Vegetarian,4,? 280.00," ? 1,120.00 ", ? 223.00 ,? 228.00,The vegetables in the Chole Bhature seemed overcooked.
O00095,10-02-2024,20:30,C0235,Abdul Rahim Malik,R43,Idli Sambar,Vegetarian,5,? 160.00, ? 800.00 , ? 119.00 ,? 205.00,The Idli Sambar was a decent vegetarian option.
O00096,10-02-2024,17:45,C0330,Kaif Momin,R88,Fried Momos (Veg),Starter,1,? 200.00, ? 200.00 , ? 141.00 ,? 59.00,The Fried Momos (Veg) was okay. It was a standard appetizer.
O00097,10-02-2024,11:30,C0145,Imran Khan,R119,Misal Pav,Snack,3,? 160.00, ? 480.00 , ? 126.00 ,? 102.00,A satisfying meal. The Misal Pav was a good choice.
O00098,10-02-2024,20:45,C0039,Aasifa Shaikh,R26,Pasta Alfredo,Continental,4,? 320.00," ? 1,280.00 ", ? 249.00 ,? 284.00,The Pasta Alfredo met my expectations.
O00099,10-02-2024,10:00,C0130,Aakib Shikalkar,R84,Chicken Clear Soup,Starter,5,? 160.00, ? 800.00 , ? 125.00 ,? 175.00,Wasn't very impressed with the Chicken Clear Soup. It lacked flavor.
O00100,10-02-2024,19:30,C0109,Aman Mujawar,R133,Club Sandwich,Sandwiches,5,? 160.00, ? 800.00 , ? 119.00 ,? 205.00,The Club Sandwich could have been better.
O00101,10-02-2024,21:45,C0327,Abdul Rahim Mujawar,R141,Chicken Frankie,Street Food,5,? 150.00, ? 750.00 , ? 112.00 ,? 190.00,Great food! The Chicken Frankie was delicious and well-prepared.
O00102,10-02-2024,11:45,C0014,Arman Faruqi,R164,Mutton Seekh Kebab Roll,Snacks,4,? 170.00, ? 680.00 , ? 132.00 ,? 152.00,The Mutton Seekh Kebab Roll was fine.
O00103,10-02-2024,21:15,C0305,Aasin Faruqi,R62,Dal Makhani,Vegetarian,1,? 340.00, ? 340.00 , ? 269.00 ,? 71.00,The vegetables in the Dal Makhani seemed overcooked.
O00104,11-02-2024,20:00,C0317,Rihan Azam,R38,Biryani Veg,Rice & Noodles,5,? 320.00," ? 1,600.00 ", ? 233.00 ,? 435.00,Great food! The Biryani Veg was delicious and well-prepared.
O00105,11-02-2024,20:00,C0223,Anis Sayyad,R152,Chicken Kathi Roll,Snacks,4,? 120.00, ? 480.00 , ? 91.00 ,? 116.00,A satisfying meal. The Chicken Kathi Roll was a good choice.
O00106,11-02-2024,18:45,C0084,Imran Momin,R14,Rasgulla,Dessert,3,? 140.00, ? 420.00 , ? 100.00 ,? 120.00,A satisfying meal. The Rasgulla was a good choice.
O00107,11-02-2024,16:00,C0276,Wahaj Faruqi,R155,Tuna Melt Sandwich,Snacks,3,? 140.00, ? 420.00 , ? 100.00 ,? 120.00,Great food! The Tuna Melt Sandwich was delicious and well-prepared.
O00108,11-02-2024,17:45,C0264,Abdul Rahim Mujawar,R80,Hot & Sour Soup (Chicken),Starter,1,? 200.00, ? 200.00 , ? 159.00 ,? 41.00,"The Hot & Sour Soup (Chicken) was decent, but nothing special."
O00109,11-02-2024,21:45,C0009,Shamsher Khan,R21,Chicken Fried Rice,Rice & Noodles,1,? 240.00, ? 240.00 , ? 182.00 ,? 58.00,I was not a fan of the Chicken Fried Rice.
O00110,11-02-2024,19:00,C0144,Aasifa Mujawar,R26,Pasta Alfredo,Continental,3,? 320.00, ? 960.00 , ? 249.00 ,? 213.00,The Pasta Alfredo was excellent. Really enjoyed the meal.
O00111,11-02-2024,15:15,C0228,Isharat Momin,R33,Fish Curry,Non-Veg Main,3,? 400.00," ? 1,200.00 ", ? 286.00 ,? 342.00,A truly authentic and flavorful Fish Curry. It was very satisfying.
O00112,12-02-2024,22:00,C0040,Moh Saad Nadaf,R145,Chicken Shawarma,Street Food,2,? 170.00, ? 340.00 , ? 131.00 ,? 78.00,Great food! The Chicken Shawarma was delicious and well-prepared.
O00113,12-02-2024,17:30,C0092,Sultan Shaikh,R112,Non-Veg Thali,Meal Combo,2,? 440.00, ? 880.00 , ? 322.00 ,? 236.00,A satisfying meal. The Non-Veg Thali was a good choice.
O00114,12-02-2024,22:45,C0054,Shamsher Ali,R166,Smoked Chicken Sub,Snacks,2,? 160.00, ? 320.00 , ? 112.00 ,? 96.00,Great food! The Smoked Chicken Sub was delicious and well-prepared.
O00115,12-02-2024,22:00,C0142,Abdul Rahim Nadaf,R85,Veg Momos,Starter,3,? 180.00, ? 540.00 , ? 138.00 ,? 126.00,The Veg Momos was simply delicious and fresh. Highly recommended!
O00116,12-02-2024,14:45,C0215,Ayeza Faruqi,R154,Egg Mayo Sandwich,Snacks,5,? 85.00, ? 425.00 , ? 66.00 ,? 95.00,The Egg Mayo Sandwich was excellent. Really enjoyed the meal.
O00117,12-02-2024,14:00,C0012,Abdul Rahim Malik,R133,Club Sandwich,Sandwiches,3,? 160.00, ? 480.00 , ? 119.00 ,? 123.00,A satisfying meal. The Club Sandwich was a good choice.
O00118,12-02-2024,13:15,C0160,Shahrukh Malik,R152,Chicken Kathi Roll,Snacks,4,? 120.00, ? 480.00 , ? 91.00 ,? 116.00,The Chicken Kathi Roll was fine.
O00119,12-02-2024,15:30,C0109,Aman Mujawar,R166,Smoked Chicken Sub,Snacks,3,? 160.00, ? 480.00 , ? 112.00 ,? 144.00,The Smoked Chicken Sub met my expectations.
O00120,12-02-2024,11:15,C0271,Aasiya Mujawar,R36,Chole Bhature,Vegetarian,3,? 280.00, ? 840.00 , ? 223.00 ,? 171.00,A wholesome and delicious Chole Bhature. The vegetables were so fresh!
O00121,12-02-2024,17:45,C0040,Moh Saad Nadaf,R47,Hyderabadi Haleem,Non-Veg Main,2,? 500.00," ? 1,000.00 ", ? 395.00 ,? 210.00,The Hyderabadi Haleem was the highlight of our meal. Absolutely delicious!
O00122,12-02-2024,15:15,C0219,Isharat Nadaf,R165,Paneer Tandoori Wrap,Snacks,5,? 120.00, ? 600.00 , ? 94.00 ,? 130.00,Great food! The Paneer Tandoori Wrap was delicious and well-prepared.
O00123,13-02-2024,21:45,C0320,Sultan Momin,R28,Caesar Salad,Salad,5,? 280.00," ? 1,400.00 ", ? 210.00 ,? 350.00,A satisfying meal. The Caesar Salad was a good choice.
O00124,13-02-2024,18:15,C0319,Sultan Raes,R73,Chili Paneer,Starter,4,? 280.00," ? 1,120.00 ", ? 219.00 ,? 244.00,The Chili Paneer was a fantastic start to our meal! Perfectly crispy.
O00125,13-02-2024,22:15,C0102,Aasifa Taimoor,R22,Paneer Tikka,Starter,5,? 280.00," ? 1,400.00 ", ? 199.00 ,? 405.00,The Paneer Tikka was simply delicious and fresh. Highly recommended!
O00126,13-02-2024,13:00,C0310,Ayeza Faruqi,R29,Greek Salad,Salad,3,? 260.00, ? 780.00 , ? 197.00 ,? 189.00,The Greek Salad was fine.
O00127,13-02-2024,12:15,C0138,Wahaj Taimoor,R2,Mushroom Soup,Starter,2,? 200.00, ? 400.00 , ? 159.00 ,? 82.00,The Mushroom Soup was simply delicious and fresh. Highly recommended!
O00128,13-02-2024,18:30,C0028,Aakib Faruqi,R119,Misal Pav,Snack,1,? 160.00, ? 160.00 , ? 126.00 ,? 34.00,A satisfying meal. The Misal Pav was a good choice.
O00129,13-02-2024,16:00,C0013,Aariz Raes,R38,Biryani Veg,Rice & Noodles,4,? 320.00," ? 1,280.00 ", ? 233.00 ,? 348.00,The Biryani Veg was not what I expected.
O00130,13-02-2024,22:45,C0013,Aariz Raes,R149,Paneer Parantha,Breads,5,? 90.00, ? 450.00 , ? 64.00 ,? 130.00,It was an average Paneer Parantha.
O00131,13-02-2024,13:15,C0131,Aasin Ali,R45,Medu Vada,Vegetarian,1,? 150.00, ? 150.00 , ? 112.00 ,? 38.00,A wholesome and delicious Medu Vada. The vegetables were so fresh!
O00132,13-02-2024,16:15,C0271,Aasiya Mujawar,R103,Fish Curry (Goan),Main Course,5,? 380.00," ? 1,900.00 ", ? 289.00 ,? 455.00,A satisfying meal. The Fish Curry (Goan) was a good choice.
O00133,14-02-2024,20:45,C0053,Shahrukh Taimoor,R52,Bhindi Masala,Vegetarian,2,? 240.00, ? 480.00 , ? 175.00 ,? 130.00,A wholesome and delicious Bhindi Masala. The vegetables were so fresh!
O00134,14-02-2024,13:45,C0240,Sultan Ali,R52,Bhindi Masala,Vegetarian,3,? 240.00, ? 720.00 , ? 175.00 ,? 195.00,The Bhindi Masala was a decent vegetarian option.
O00135,14-02-2024,19:30,C0281,Abdul Rahim Faruqi,R22,Paneer Tikka,Starter,3,? 280.00, ? 840.00 , ? 199.00 ,? 243.00,Absolutely loved the Paneer Tikka! It was the perfect appetizer to get us started.
O00136,14-02-2024,17:00,C0271,Aasiya Mujawar,R87,Paneer Momos,Starter,1,? 200.00, ? 200.00 , ? 155.00 ,? 45.00,The Paneer Momos was a bit too oily for my liking.
O00137,14-02-2024,14:00,C0269,Aakib Nadaf,R163,Corn & Cheese Sandwich,Snacks,5,? 90.00, ? 450.00 , ? 66.00 ,? 120.00,A satisfying meal. The Corn & Cheese Sandwich was a good choice.
O00138,14-02-2024,15:00,C0234,Moh Saad Faruqi,R1,Tomato Soup,Starter,2,? 180.00, ? 360.00 , ? 132.00 ,? 96.00,The Tomato Soup was a bit too oily for my liking.
O00139,14-02-2024,16:15,C0081,Ayeza Raes,R11,Margherita Pizza,Pizza,5,? 330.00," ? 1,650.00 ", ? 231.00 ,? 495.00,The Margherita Pizza was excellent. Really enjoyed the meal.
O00140,14-02-2024,16:00,C0266,Aasifa Sayyad,R135,Paneer Kathi Roll,Street Food,4,? 140.00, ? 560.00 , ? 103.00 ,? 148.00,I was not a fan of the Paneer Kathi Roll.
O00141,14-02-2024,17:00,C0197,Arahan Ali,R61,Vegetable Korma,Vegetarian,3,? 320.00, ? 960.00 , ? 243.00 ,? 231.00,The vegetables in the Vegetable Korma seemed overcooked.
O00142,14-02-2024,16:45,C0116,Arman Khan,R36,Chole Bhature,Vegetarian,1,? 280.00, ? 280.00 , ? 223.00 ,? 57.00,Loved the Chole Bhature! It was a delightful and well-prepared vegetarian meal.
O00143,15-02-2024,16:45,C0110,Danish Momin,R147,Paneer Sandwich,Sandwiches,4,? 120.00, ? 480.00 , ? 84.00 ,? 144.00,The Paneer Sandwich was not what I expected.
O00144,15-02-2024,17:30,C0019,Aariz Sayyad,R71,Veg Spring Rolls,Starter,4,? 220.00, ? 880.00 , ? 162.00 ,? 232.00,The Veg Spring Rolls was simply delicious and fresh. Highly recommended!
O00145,15-02-2024,13:15,C0048,Abdul Rahim Malik,R116,Uttapam,South Indian,5,? 220.00," ? 1,100.00 ", ? 170.00 ,? 250.00,I was not a fan of the Uttapam.
O00146,15-02-2024,19:00,C0079,Shahrukh Faruqi,R53,Baingan Bharta,Vegetarian,5,? 260.00," ? 1,300.00 ", ? 195.00 ,? 325.00,The Baingan Bharta was as expected.
O00147,15-02-2024,18:45,C0111,Moh Saad Raes,R144,Paneer Shawarma,Street Food,1,? 150.00, ? 150.00 , ? 111.00 ,? 39.00,Great food! The Paneer Shawarma was delicious and well-prepared.
O00148,15-02-2024,10:45,C0290,Isharat Raes,R159,Falafel Wrap,Snacks,4,? 130.00, ? 520.00 , ? 102.00 ,? 112.00,A satisfying meal. The Falafel Wrap was a good choice.
O00149,15-02-2024,13:00,C0053,Shahrukh Taimoor,R160,Chicken Caesar Wrap,Snacks,3,? 150.00, ? 450.00 , ? 109.00 ,? 123.00,The Chicken Caesar Wrap was not what I expected.
O00150,15-02-2024,15:45,C0062,Ayeza Nadaf,R151,Veg Frankie Roll,Snacks,2,? 80.00, ? 160.00 , ? 62.00 ,? 36.00,I was not a fan of the Veg Frankie Roll.
O00151,16-02-2024,16:15,C0196,Arman Taimoor,R42,Masala Dosa,Vegetarian,3,? 180.00, ? 540.00 , ? 138.00 ,? 126.00,A wholesome and delicious Masala Dosa. The vegetables were so fresh!
O00152,16-02-2024,12:45,C0163,Shamsher Shikalkar,R139,Chicken Sub,Sandwiches,2,? 180.00, ? 360.00 , ? 137.00 ,? 86.00,Great food! The Chicken Sub was delicious and well-prepared.
O00153,16-02-2024,15:30,C0275,Arman Khan,R8,Paneer Butter Masala,Vegetarian,4,? 380.00," ? 1,520.00 ", ? 298.00 ,? 328.00,The Paneer Butter Masala was as expected.
O00154,16-02-2024,14:15,C0045,Arman Shaikh,R23,Chicken Tikka,Starter,4,? 320.00," ? 1,280.00 ", ? 233.00 ,? 348.00,The Chicken Tikka was a fantastic start to our meal! Perfectly crispy.
O00155,16-02-2024,20:45,C0296,Aariz Sayyad,R139,Chicken Sub,Sandwiches,1,? 180.00, ? 180.00 , ? 137.00 ,? 43.00,Great food! The Chicken Sub was delicious and well-prepared.
O00156,17-02-2024,19:00,C0044,Shamsher Mujawar,R168,Avocado Toast,Breakfast,5,? 150.00, ? 750.00 , ? 111.00 ,? 195.00,The Avocado Toast was excellent. Really enjoyed the meal.
O00157,17-02-2024,22:00,C0099,Aariz Faruqi,R160,Chicken Caesar Wrap,Snacks,5,? 150.00, ? 750.00 , ? 109.00 ,? 205.00,A satisfying meal. The Chicken Caesar Wrap was a good choice.
O00158,17-02-2024,15:00,C0200,Aariz Taimoor,R103,Fish Curry (Goan),Main Course,2,? 380.00, ? 760.00 , ? 289.00 ,? 182.00,The Fish Curry (Goan) could have been better.
O00159,17-02-2024,18:45,C0041,Aakib Shaikh,R50,Kadai Paneer,Vegetarian,5,? 360.00," ? 1,800.00 ", ? 275.00 ,? 425.00,"It was an okay Kadai Paneer, but I've had better."
O00160,17-02-2024,20:15,C0104,Sultan Nadaf,R43,Idli Sambar,Vegetarian,2,? 160.00, ? 320.00 , ? 119.00 ,? 82.00,Loved the Idli Sambar! It was a delightful and well-prepared vegetarian meal.
O00161,17-02-2024,11:45,C0075,Rihan Raes,R164,Mutton Seekh Kebab Roll,Snacks,4,? 170.00, ? 680.00 , ? 132.00 ,? 152.00,Great food! The Mutton Seekh Kebab Roll was delicious and well-prepared.
O00162,17-02-2024,19:45,C0211,Moh Saad Faruqi,R74,Chili Chicken,Starter,5,? 340.00," ? 1,700.00 ", ? 250.00 ,? 450.00,The Chili Chicken was a bit too oily for my liking.
O00163,17-02-2024,13:15,C0277,Shamsher Faruqi,R143,Chicken Burger,Fast Food,2,? 160.00, ? 320.00 , ? 115.00 ,? 90.00,Great food! The Chicken Burger was delicious and well-prepared.
O00164,17-02-2024,15:00,C0285,Ayeza Raes,R23,Chicken Tikka,Starter,3,? 320.00, ? 960.00 , ? 233.00 ,? 261.00,Wasn't very impressed with the Chicken Tikka. It lacked flavor.
O00165,17-02-2024,19:30,C0125,Danish Nadaf,R78,Chicken Schezwan Noodles,Rice & Noodles,3,? 280.00, ? 840.00 , ? 218.00 ,? 186.00,The Chicken Schezwan Noodles could have been better.
O00166,17-02-2024,14:00,C0095,Aakib Azam,R67,Veg Manchurian,Starter,5,? 240.00," ? 1,200.00 ", ? 169.00 ,? 355.00,The Veg Manchurian was cold when it arrived at our table.
O00167,17-02-2024,10:00,C0238,Aakib Malik,R146,Cheese Sandwich,Sandwiches,2,? 100.00, ? 200.00 , ? 72.00 ,? 56.00,The Cheese Sandwich could have been better.
O00168,18-02-2024,14:30,C0260,Danish Ali,R80,Hot & Sour Soup (Chicken),Starter,1,? 200.00, ? 200.00 , ? 159.00 ,? 41.00,The Hot & Sour Soup (Chicken) was cold when it arrived at our table.
O00169,18-02-2024,18:45,C0212,Shahrukh Mujawar,R71,Veg Spring Rolls,Starter,4,? 220.00, ? 880.00 , ? 162.00 ,? 232.00,The Veg Spring Rolls was cold when it arrived at our table.
O00170,18-02-2024,12:30,C0241,Shamsher Faruqi,R46,Onion Uttapam,Vegetarian,5,? 160.00, ? 800.00 , ? 112.00 ,? 240.00,The Onion Uttapam was bland and needed more seasoning.
O00171,18-02-2024,11:45,C0112,Shahrukh Sayyad,R16,Ice Cream Sundae,Dessert,3,? 200.00, ? 600.00 , ? 143.00 ,? 171.00,I was not a fan of the Ice Cream Sundae.
O00172,18-02-2024,16:15,C0231,Danish Momin,R40,Mutton Biryani,Rice & Noodles,2,? 480.00, ? 960.00 , ? 340.00 ,? 280.00,The Mutton Biryani was not what I expected.
O00173,18-02-2024,22:45,C0218,Danish Khan,R16,Ice Cream Sundae,Dessert,3,? 200.00, ? 600.00 , ? 143.00 ,? 171.00,A satisfying meal. The Ice Cream Sundae was a good choice.
O00174,18-02-2024,17:15,C0318,Shahrukh Ali,R105,Malai Kofta,Main Course,1,? 340.00, ? 340.00 , ? 249.00 ,? 91.00,The Malai Kofta was not what I expected.
O00175,18-02-2024,22:45,C0105,Aakib Nadaf,R35,Rajma Chawal,Vegetarian,3,? 300.00, ? 900.00 , ? 238.00 ,? 186.00,The Rajma Chawal is a great choice for vegetarians. Hearty and full of flavor.
O00176,18-02-2024,17:45,C0069,Aasin Khan,R82,Sweet Corn Soup (Chicken),Starter,2,? 180.00, ? 360.00 , ? 129.00 ,? 102.00,The Sweet Corn Soup (Chicken) was a fantastic start to our meal! Perfectly crispy.
O00177,18-02-2024,13:00,C0046,Nikhat Taimoor,R144,Paneer Shawarma,Street Food,3,? 150.00, ? 450.00 , ? 111.00 ,? 117.00,The Paneer Shawarma was fine.
O00178,18-02-2024,15:30,C0295,Sultan Taimoor,R100,Biryani (Veg),Rice,2,? 320.00, ? 640.00 , ? 251.00 ,? 138.00,A satisfying meal. The Biryani (Veg) was a good choice.
O00179,19-02-2024,13:15,C0266,Aasifa Sayyad,R100,Biryani (Veg),Rice,5,? 320.00," ? 1,600.00 ", ? 251.00 ,? 345.00,The Biryani (Veg) was excellent. Really enjoyed the meal.
O00180,19-02-2024,18:30,C0049,Aman Khan,R3,Chicken Soup,Starter,2,? 220.00, ? 440.00 , ? 170.00 ,? 100.00,"The Chicken Soup was decent, but nothing special."
O00181,19-02-2024,13:15,C0019,Aariz Sayyad,R18,Veg Hakka Noodles,Rice & Noodles,2,? 220.00, ? 440.00 , ? 165.00 ,? 110.00,A satisfying meal. The Veg Hakka Noodles was a good choice.
O00182,19-02-2024,14:15,C0131,Aasin Ali,R165,Paneer Tandoori Wrap,Snacks,2,? 120.00, ? 240.00 , ? 94.00 ,? 52.00,Great food! The Paneer Tandoori Wrap was delicious and well-prepared.
O00183,19-02-2024,14:00,C0098,Shahrukh Malik,R14,Rasgulla,Dessert,2,? 140.00, ? 280.00 , ? 100.00 ,? 80.00,The Rasgulla was excellent. Really enjoyed the meal.
O00184,19-02-2024,19:30,C0257,Aman Nadaf,R73,Chili Paneer,Starter,3,? 280.00, ? 840.00 , ? 219.00 ,? 183.00,The Chili Paneer was a fantastic start to our meal! Perfectly crispy.
O00185,19-02-2024,19:15,C0044,Shamsher Mujawar,R145,Chicken Shawarma,Street Food,4,? 170.00, ? 680.00 , ? 131.00 ,? 156.00,A satisfying meal. The Chicken Shawarma was a good choice.
O00186,19-02-2024,16:15,C0105,Aakib Nadaf,R54,Aloo Gobi,Vegetarian,3,? 220.00, ? 660.00 , ? 166.00 ,? 162.00,A wholesome and delicious Aloo Gobi. The vegetables were so fresh!
O00187,20-02-2024,17:30,C0157,Arahan Azam,R30,Shahi Paneer,Vegetarian,2,? 400.00, ? 800.00 , ? 281.00 ,? 238.00,The Shahi Paneer is a great choice for vegetarians. Hearty and full of flavor.
O00188,20-02-2024,14:15,C0328,Isharat Khan,R47,Hyderabadi Haleem,Non-Veg Main,1,? 500.00, ? 500.00 , ? 395.00 ,? 105.00,Felt that the Hyderabadi Haleem was overpriced for its quality.
O00189,20-02-2024,12:30,C0077,Shahrukh Momin,R36,Chole Bhature,Vegetarian,2,? 280.00, ? 560.00 , ? 223.00 ,? 114.00,Loved the Chole Bhature! It was a delightful and well-prepared vegetarian meal.
O00190,20-02-2024,10:15,C0290,Isharat Raes,R78,Chicken Schezwan Noodles,Rice & Noodles,2,? 280.00, ? 560.00 , ? 218.00 ,? 124.00,A satisfying meal. The Chicken Schezwan Noodles was a good choice.
O00191,20-02-2024,13:30,C0103,Aasiya Faruqi,R47,Hyderabadi Haleem,Non-Veg Main,3,? 500.00," ? 1,500.00 ", ? 395.00 ,? 315.00,The Hyderabadi Haleem was cooked to perfection. The spices were spot on!
O00192,20-02-2024,22:15,C0146,Sultan Sayyad,R79,Hot & Sour Soup (Veg),Starter,2,? 160.00, ? 320.00 , ? 113.00 ,? 94.00,The Hot & Sour Soup (Veg) was cold when it arrived at our table.
O00193,20-02-2024,20:00,C0262,Nikhat Faruqi,R156,Veg Paneer Wrap,Snacks,3,? 95.00, ? 285.00 , ? 74.00 ,? 63.00,A satisfying meal. The Veg Paneer Wrap was a good choice.
O00194,20-02-2024,16:00,C0196,Arman Taimoor,R40,Mutton Biryani,Rice & Noodles,2,? 480.00, ? 960.00 , ? 340.00 ,? 280.00,The Mutton Biryani met my expectations.
O00195,21-02-2024,10:15,C0224,Nikhat Mujawar,R29,Greek Salad,Salad,3,? 260.00, ? 780.00 , ? 197.00 ,? 189.00,The Greek Salad was excellent. Really enjoyed the meal.
O00196,21-02-2024,17:15,C0060,Nikhat Khan,R24,Samosa,Starter,3,? 100.00, ? 300.00 , ? 73.00 ,? 81.00,The Samosa was a fantastic start to our meal! Perfectly crispy.
O00197,21-02-2024,13:45,C0109,Aman Mujawar,R23,Chicken Tikka,Starter,4,? 320.00," ? 1,280.00 ", ? 233.00 ,? 348.00,Absolutely loved the Chicken Tikka! It was the perfect appetizer to get us started.
O00198,21-02-2024,17:45,C0292,Arahan Taimoor,R156,Veg Paneer Wrap,Snacks,4,? 95.00, ? 380.00 , ? 74.00 ,? 84.00,Great food! The Veg Paneer Wrap was delicious and well-prepared.
O00199,21-02-2024,12:30,C0002,Dua Khan,R134,Grilled Cheese Sandwich,Sandwiches,1,? 120.00, ? 120.00 , ? 90.00 ,? 30.00,The Grilled Cheese Sandwich was excellent. Really enjoyed the meal.
O00200,21-02-2024,16:45,C0247,Shahrukh Sayyad,R64,Crab Curry,Non-Veg Main,4,? 520.00," ? 2,080.00 ", ? 374.00 ,? 584.00,The Crab Curry was alright. It was cooked well but the flavor was average.
O00201,21-02-2024,22:45,C0306,Arman Malik,R78,Chicken Schezwan Noodles,Rice & Noodles,5,? 280.00," ? 1,400.00 ", ? 218.00 ,? 310.00,The Chicken Schezwan Noodles was fine.
O00202,22-02-2024,11:45,C0288,Anis Shikalkar,R160,Chicken Caesar Wrap,Snacks,3,? 150.00, ? 450.00 , ? 109.00 ,? 123.00,The Chicken Caesar Wrap could have been better.
O00203,22-02-2024,10:30,C0013,Aariz Raes,R47,Hyderabadi Haleem,Non-Veg Main,3,? 500.00," ? 1,500.00 ", ? 395.00 ,? 315.00,A truly authentic and flavorful Hyderabadi Haleem. It was very satisfying.
O00204,22-02-2024,20:15,C0053,Shahrukh Taimoor,R13,Gulab Jamun,Dessert,5,? 150.00, ? 750.00 , ? 117.00 ,? 165.00,A satisfying meal. The Gulab Jamun was a good choice.
O00205,22-02-2024,22:30,C0231,Danish Momin,R56,Tandoori Chicken,Non-Veg Main,1,? 460.00, ? 460.00 , ? 366.00 ,? 94.00,The Tandoori Chicken was the highlight of our meal. Absolutely delicious!
O00206,22-02-2024,20:15,C0170,Sher Shikalkar,R160,Chicken Caesar Wrap,Snacks,1,? 150.00, ? 150.00 , ? 109.00 ,? 41.00,The Chicken Caesar Wrap met my expectations.
O00207,22-02-2024,22:15,C0126,Aakib Momin,R105,Malai Kofta,Main Course,1,? 340.00, ? 340.00 , ? 249.00 ,? 91.00,Great food! The Malai Kofta was delicious and well-prepared.
O00208,22-02-2024,14:45,C0044,Shamsher Mujawar,R37,Pav Bhaji,Vegetarian,2,? 220.00, ? 440.00 , ? 171.00 ,? 98.00,The Pav Bhaji was as expected.
O00209,22-02-2024,11:00,C0189,Dua Faruqi,R163,Corn & Cheese Sandwich,Snacks,3,? 90.00, ? 270.00 , ? 66.00 ,? 72.00,The Corn & Cheese Sandwich met my expectations.
O00210,23-02-2024,16:00,C0327,Abdul Rahim Mujawar,R164,Mutton Seekh Kebab Roll,Snacks,1,? 170.00, ? 170.00 , ? 132.00 ,? 38.00,The Mutton Seekh Kebab Roll was not what I expected.
O00211,23-02-2024,19:00,C0197,Arahan Ali,R20,Veg Fried Rice,Rice & Noodles,1,? 200.00, ? 200.00 , ? 145.00 ,? 55.00,The Veg Fried Rice was excellent. Really enjoyed the meal.
O00212,23-02-2024,10:45,C0191,Imran Shikalkar,R75,Schezwan Fried Rice,Rice & Noodles,3,? 220.00, ? 660.00 , ? 160.00 ,? 180.00,The Schezwan Fried Rice met my expectations.
O00213,23-02-2024,19:30,C0299,Aakib Shaikh,R79,Hot & Sour Soup (Veg),Starter,5,? 160.00, ? 800.00 , ? 113.00 ,? 235.00,Wasn't very impressed with the Hot & Sour Soup (Veg). It lacked flavor.
O00214,23-02-2024,10:45,C0181,Aman Khan,R78,Chicken Schezwan Noodles,Rice & Noodles,3,? 280.00, ? 840.00 , ? 218.00 ,? 186.00,The Chicken Schezwan Noodles met my expectations.
O00215,23-02-2024,12:30,C0323,Wahaj Ali,R7,Butter Chicken,Meat Special,3,? 495.00," ? 1,485.00 ", ? 349.00 ,? 438.00,I was not a fan of the Butter Chicken.
O00216,23-02-2024,21:45,C0301,Sher Taimoor,R128,Matar Paneer,Main Course,4,? 340.00," ? 1,360.00 ", ? 263.00 ,? 308.00,The Matar Paneer was excellent. Really enjoyed the meal.
O00217,23-02-2024,17:30,C0263,Sher Raes,R84,Chicken Clear Soup,Starter,4,? 160.00, ? 640.00 , ? 125.00 ,? 140.00,It was an average Chicken Clear Soup.
O00218,24-02-2024,15:30,C0182,Rihan Shaikh,R159,Falafel Wrap,Snacks,1,? 130.00, ? 130.00 , ? 102.00 ,? 28.00,It was an average Falafel Wrap.
O00219,24-02-2024,18:45,C0269,Aakib Nadaf,R29,Greek Salad,Salad,4,? 260.00," ? 1,040.00 ", ? 197.00 ,? 252.00,The Greek Salad was excellent. Really enjoyed the meal.
O00220,24-02-2024,18:00,C0148,Aakib Momin,R44,Vada Sambar,Vegetarian,3,? 170.00, ? 510.00 , ? 121.00 ,? 147.00,The vegetables in the Vada Sambar seemed overcooked.
O00221,24-02-2024,14:00,C0124,Arahan Shaikh,R158,Cheese Garlic Bread,Breads,4,? 110.00, ? 440.00 , ? 85.00 ,? 100.00,Great food! The Cheese Garlic Bread was delicious and well-prepared.
O00222,24-02-2024,17:15,C0302,Shamsher Ali,R75,Schezwan Fried Rice,Rice & Noodles,2,? 220.00, ? 440.00 , ? 160.00 ,? 120.00,I was not a fan of the Schezwan Fried Rice.
O00223,24-02-2024,17:30,C0008,Dua Sayyad,R29,Greek Salad,Salad,4,? 260.00," ? 1,040.00 ", ? 197.00 ,? 252.00,Great food! The Greek Salad was delicious and well-prepared.
O00224,24-02-2024,21:00,C0226,Aman Taimoor,R85,Veg Momos,Starter,4,? 180.00, ? 720.00 , ? 138.00 ,? 168.00,The Veg Momos was simply delicious and fresh. Highly recommended!
O00225,24-02-2024,15:15,C0276,Wahaj Faruqi,R28,Caesar Salad,Salad,5,? 280.00," ? 1,400.00 ", ? 210.00 ,? 350.00,The Caesar Salad was excellent. Really enjoyed the meal.
O00226,24-02-2024,22:00,C0070,Aasifa Azam,R46,Onion Uttapam,Vegetarian,4,? 160.00, ? 640.00 , ? 112.00 ,? 192.00,Loved the Onion Uttapam! It was a delightful and well-prepared vegetarian meal.
O00227,24-02-2024,17:15,C0092,Sultan Shaikh,R46,Onion Uttapam,Vegetarian,2,? 160.00, ? 320.00 , ? 112.00 ,? 96.00,The Onion Uttapam is a great choice for vegetarians. Hearty and full of flavor.
O00228,25-02-2024,20:45,C0180,Isharat Shikalkar,R44,Vada Sambar,Vegetarian,4,? 170.00, ? 680.00 , ? 121.00 ,? 196.00,The vegetables in the Vada Sambar seemed overcooked.
O00229,25-02-2024,10:00,C0200,Aariz Taimoor,R80,Hot & Sour Soup (Chicken),Starter,3,? 200.00, ? 600.00 , ? 159.00 ,? 123.00,The Hot & Sour Soup (Chicken) was simply delicious and fresh. Highly recommended!
O00230,25-02-2024,18:15,C0287,Nikhat Shaikh,R152,Chicken Kathi Roll,Snacks,5,? 120.00, ? 600.00 , ? 91.00 ,? 145.00,The Chicken Kathi Roll met my expectations.
O00231,25-02-2024,18:45,C0212,Shahrukh Mujawar,R12,Veggie Burger,Burger,2,? 250.00, ? 500.00 , ? 199.00 ,? 102.00,A satisfying meal. The Veggie Burger was a good choice.
O00232,25-02-2024,13:45,C0024,Aman Momin,R110,Seekh Kebab,Starter,4,? 400.00," ? 1,600.00 ", ? 282.00 ,? 472.00,The Seekh Kebab was simply delicious and fresh. Highly recommended!
O00233,25-02-2024,21:15,C0258,Aakib Sayyad,R149,Paneer Parantha,Breads,5,? 90.00, ? 450.00 , ? 64.00 ,? 130.00,Great food! The Paneer Parantha was delicious and well-prepared.
O00234,25-02-2024,17:45,C0071,Arman Azam,R105,Malai Kofta,Main Course,3,? 340.00," ? 1,020.00 ", ? 249.00 ,? 273.00,A satisfying meal. The Malai Kofta was a good choice.
O00235,25-02-2024,10:45,C0118,Aman Azam,R76,Schezwan Chicken Fried Rice,Rice & Noodles,1,? 280.00, ? 280.00 , ? 211.00 ,? 69.00,Great food! The Schezwan Chicken Fried Rice was delicious and well-prepared.
O00236,25-02-2024,20:15,C0199,Arman Shaikh,R148,Egg Sandwich,Sandwiches,5,? 110.00, ? 550.00 , ? 80.00 ,? 150.00,I was not a fan of the Egg Sandwich.
O00237,25-02-2024,17:00,C0263,Sher Raes,R79,Hot & Sour Soup (Veg),Starter,3,? 160.00, ? 480.00 , ? 113.00 ,? 141.00,The Hot & Sour Soup (Veg) was simply delicious and fresh. Highly recommended!
O00238,25-02-2024,13:15,C0257,Aman Nadaf,R138,Veggie Sub,Sandwiches,3,? 150.00, ? 450.00 , ? 105.00 ,? 135.00,The Veggie Sub was excellent. Really enjoyed the meal.
O00239,26-02-2024,13:30,C0258,Aakib Sayyad,R14,Rasgulla,Dessert,3,? 140.00, ? 420.00 , ? 100.00 ,? 120.00,A satisfying meal. The Rasgulla was a good choice.
O00240,26-02-2024,14:30,C0278,Sultan Shikalkar,R151,Veg Frankie Roll,Snacks,3,? 80.00, ? 240.00 , ? 62.00 ,? 54.00,A satisfying meal. The Veg Frankie Roll was a good choice.
O00241,26-02-2024,22:15,C0235,Abdul Rahim Malik,R166,Smoked Chicken Sub,Snacks,2,? 160.00, ? 320.00 , ? 112.00 ,? 96.00,Great food! The Smoked Chicken Sub was delicious and well-prepared.
O00242,26-02-2024,16:00,C0312,Danish Khan,R42,Masala Dosa,Vegetarian,1,? 180.00, ? 180.00 , ? 138.00 ,? 42.00,Loved the Masala Dosa! It was a delightful and well-prepared vegetarian meal.
O00243,26-02-2024,16:45,C0123,Abdul Rahim Faruqi,R47,Hyderabadi Haleem,Non-Veg Main,2,? 500.00," ? 1,000.00 ", ? 395.00 ,? 210.00,The Hyderabadi Haleem was cooked to perfection. The spices were spot on!
O00244,26-02-2024,17:30,C0160,Shahrukh Malik,R127,Kadhi Pakora,Main Course,3,? 300.00, ? 900.00 , ? 231.00 ,? 207.00,The Kadhi Pakora could have been better.
O00245,26-02-2024,16:00,C0259,Nikhat Malik,R169,Club Chicken Sandwich,Snacks,5,? 140.00, ? 700.00 , ? 101.00 ,? 195.00,The Club Chicken Sandwich met my expectations.
O00246,26-02-2024,10:00,C0273,Aasin Mujawar,R81,Sweet Corn Soup (Veg),Starter,4,? 140.00, ? 560.00 , ? 108.00 ,? 128.00,The Sweet Corn Soup (Veg) was a fantastic start to our meal! Perfectly crispy.
O00247,27-02-2024,10:45,C0308,Ayeza Khan,R6,Grilled Salmon,Ocean Meal,4,? 500.00," ? 2,000.00 ", ? 357.00 ,? 572.00,The Grilled Salmon was not what I expected.
O00248,27-02-2024,19:15,C0277,Shamsher Faruqi,R163,Corn & Cheese Sandwich,Snacks,2,? 90.00, ? 180.00 , ? 66.00 ,? 48.00,The Corn & Cheese Sandwich was excellent. Really enjoyed the meal.
O00249,27-02-2024,20:30,C0025,Aasifa Khan,R18,Veg Hakka Noodles,Rice & Noodles,3,? 220.00, ? 660.00 , ? 165.00 ,? 165.00,The Veg Hakka Noodles could have been better.
O00250,27-02-2024,10:45,C0097,Isharat Taimoor,R35,Rajma Chawal,Vegetarian,4,? 300.00," ? 1,200.00 ", ? 238.00 ,? 248.00,The Rajma Chawal is a great choice for vegetarians. Hearty and full of flavor.
O00251,27-02-2024,18:30,C0081,Ayeza Raes,R20,Veg Fried Rice,Rice & Noodles,5,? 200.00," ? 1,000.00 ", ? 145.00 ,? 275.00,The Veg Fried Rice met my expectations.
O00252,27-02-2024,15:15,C0132,Sultan Momin,R88,Fried Momos (Veg),Starter,4,? 200.00, ? 800.00 , ? 141.00 ,? 236.00,The Fried Momos (Veg) was cold when it arrived at our table.
O00253,27-02-2024,11:00,C0068,Abdul Rahim Shaikh,R157,Peri Peri Chicken Wings,Snacks,2,? 180.00, ? 360.00 , ? 135.00 ,? 90.00,It was an average Peri Peri Chicken Wings.
O00254,27-02-2024,16:45,C0300,Dua Azam,R86,Chicken Momos,Starter,4,? 220.00, ? 880.00 , ? 170.00 ,? 200.00,Absolutely loved the Chicken Momos! It was the perfect appetizer to get us started.
O00255,27-02-2024,13:15,C0269,Aakib Nadaf,R124,Chana Masala,Main Course,1,? 260.00, ? 260.00 , ? 185.00 ,? 75.00,The Chana Masala was fine.
O00256,27-02-2024,11:30,C0267,Moh Saad Faruqi,R133,Club Sandwich,Sandwiches,1,? 160.00, ? 160.00 , ? 119.00 ,? 41.00,The Club Sandwich was excellent. Really enjoyed the meal.
O00257,27-02-2024,10:45,C0009,Shamsher Khan,R82,Sweet Corn Soup (Chicken),Starter,3,? 180.00, ? 540.00 , ? 129.00 ,? 153.00,Absolutely loved the Sweet Corn Soup (Chicken)! It was the perfect appetizer to get us started.
O00258,27-02-2024,11:45,C0149,Aariz Nadaf,R147,Paneer Sandwich,Sandwiches,5,? 120.00, ? 600.00 , ? 84.00 ,? 180.00,The Paneer Sandwich was not what I expected.
O00259,28-02-2024,20:30,C0312,Danish Khan,R75,Schezwan Fried Rice,Rice & Noodles,3,? 220.00, ? 660.00 , ? 160.00 ,? 180.00,Great food! The Schezwan Fried Rice was delicious and well-prepared.
O00260,28-02-2024,17:30,C0031,Rihan Momin,R86,Chicken Momos,Starter,2,? 220.00, ? 440.00 , ? 170.00 ,? 100.00,The Chicken Momos was a fantastic start to our meal! Perfectly crispy.
O00261,28-02-2024,22:30,C0296,Aariz Sayyad,R44,Vada Sambar,Vegetarian,5,? 170.00, ? 850.00 , ? 121.00 ,? 245.00,A wholesome and delicious Vada Sambar. The vegetables were so fresh!
O00262,28-02-2024,12:00,C0158,Moh Saad Malik,R136,Chicken Kathi Roll,Street Food,5,? 160.00, ? 800.00 , ? 112.00 ,? 240.00,The Chicken Kathi Roll was excellent. Really enjoyed the meal.
O00263,28-02-2024,19:00,C0186,Aariz Khan,R139,Chicken Sub,Sandwiches,2,? 180.00, ? 360.00 , ? 137.00 ,? 86.00,Great food! The Chicken Sub was delicious and well-prepared.
O00264,28-02-2024,10:15,C0161,Isharat Momin,R117,Vada Pav,Snack,3,? 120.00, ? 360.00 , ? 91.00 ,? 87.00,The Vada Pav was fine.
O00265,28-02-2024,19:30,C0240,Sultan Ali,R146,Cheese Sandwich,Sandwiches,1,? 100.00, ? 100.00 , ? 72.00 ,? 28.00,Great food! The Cheese Sandwich was delicious and well-prepared.
O00266,28-02-2024,10:00,C0140,Imran Taimoor,R82,Sweet Corn Soup (Chicken),Starter,2,? 180.00, ? 360.00 , ? 129.00 ,? 102.00,It was an average Sweet Corn Soup (Chicken).
O00267,28-02-2024,14:45,C0315,Imran Shaikh,R127,Kadhi Pakora,Main Course,3,? 300.00, ? 900.00 , ? 231.00 ,? 207.00,Great food! The Kadhi Pakora was delicious and well-prepared.
O00268,28-02-2024,19:00,C0166,Nikhat Taimoor,R145,Chicken Shawarma,Street Food,4,? 170.00, ? 680.00 , ? 131.00 ,? 156.00,Great food! The Chicken Shawarma was delicious and well-prepared.
O00269,28-02-2024,14:15,C0110,Danish Momin,R76,Schezwan Chicken Fried Rice,Rice & Noodles,3,? 280.00, ? 840.00 , ? 211.00 ,? 207.00,A satisfying meal. The Schezwan Chicken Fried Rice was a good choice.
O00270,28-02-2024,22:30,C0006,Imran Taimoor,R45,Medu Vada,Vegetarian,2,? 150.00, ? 300.00 , ? 112.00 ,? 76.00,Loved the Medu Vada! It was a delightful and well-prepared vegetarian meal.
O00271,28-02-2024,18:45,C0267,Moh Saad Faruqi,R28,Caesar Salad,Salad,4,? 280.00," ? 1,120.00 ", ? 210.00 ,? 280.00,A satisfying meal. The Caesar Salad was a good choice.
O00272,28-02-2024,17:00,C0156,Arman Faruqi,R38,Biryani Veg,Rice & Noodles,1,? 320.00, ? 320.00 , ? 233.00 ,? 87.00,Great food! The Biryani Veg was delicious and well-prepared.
O00273,28-02-2024,12:15,C0245,Wahaj Taimoor,R68,Chicken Manchurian,Starter,4,? 280.00," ? 1,120.00 ", ? 205.00 ,? 300.00,The Chicken Manchurian was cold when it arrived at our table.
O00274,28-02-2024,20:30,C0314,Arman Faruqi,R64,Crab Curry,Non-Veg Main,3,? 520.00," ? 1,560.00 ", ? 374.00 ,? 438.00,A truly authentic and flavorful Crab Curry. It was very satisfying.
O00275,28-02-2024,22:15,C0184,Kaif Sayyad,R136,Chicken Kathi Roll,Street Food,5,? 160.00, ? 800.00 , ? 112.00 ,? 240.00,The Chicken Kathi Roll was excellent. Really enjoyed the meal.
O00276,28-02-2024,11:15,C0226,Aman Taimoor,R2,Mushroom Soup,Starter,2,? 200.00, ? 400.00 , ? 159.00 ,? 82.00,It was an average Mushroom Soup.
O00277,29-02-2024,21:00,C0258,Aakib Sayyad,R83,Veg Clear Soup,Starter,1,? 120.00, ? 120.00 , ? 84.00 ,? 36.00,The Veg Clear Soup was cold when it arrived at our table.
O00278,29-02-2024,15:00,C0322,Aasin Malik,R9,Palak Paneer,Vegetarian,3,? 360.00," ? 1,080.00 ", ? 273.00 ,? 261.00,I found the Palak Paneer to be a bit watery.
O00279,29-02-2024,22:30,C0095,Aakib Azam,R22,Paneer Tikka,Starter,2,? 280.00, ? 560.00 , ? 199.00 ,? 162.00,The Paneer Tikka was simply delicious and fresh. Highly recommended!
O00280,29-02-2024,10:30,C0155,Imran Mujawar,R68,Chicken Manchurian,Starter,4,? 280.00," ? 1,120.00 ", ? 205.00 ,? 300.00,It was an average Chicken Manchurian.
O00281,29-02-2024,13:00,C0237,Aman Azam,R79,Hot & Sour Soup (Veg),Starter,1,? 160.00, ? 160.00 , ? 113.00 ,? 47.00,The Hot & Sour Soup (Veg) was a fantastic start to our meal! Perfectly crispy.
O00282,29-02-2024,10:30,C0007,Aman Taimoor,R88,Fried Momos (Veg),Starter,1,? 200.00, ? 200.00 , ? 141.00 ,? 59.00,The Fried Momos (Veg) was simply delicious and fresh. Highly recommended!
O00283,29-02-2024,12:00,C0177,Sultan Ali,R103,Fish Curry (Goan),Main Course,3,? 380.00," ? 1,140.00 ", ? 289.00 ,? 273.00,The Fish Curry (Goan) met my expectations.
O00284,29-02-2024,19:30,C0153,Nikhat Malik,R11,Margherita Pizza,Pizza,1,? 330.00, ? 330.00 , ? 231.00 ,? 99.00,I was not a fan of the Margherita Pizza.
O00285,29-02-2024,11:30,C0100,Aman Momin,R143,Chicken Burger,Fast Food,1,? 160.00, ? 160.00 , ? 115.00 ,? 45.00,The Chicken Burger could have been better.
O00286,29-02-2024,10:15,C0115,Aasifa Nadaf,R142,Paneer Burger,Fast Food,2,? 140.00, ? 280.00 , ? 110.00 ,? 60.00,Great food! The Paneer Burger was delicious and well-prepared.
O00287,29-02-2024,16:15,C0037,Wahaj Malik,R1,Tomato Soup,Starter,3,? 180.00, ? 540.00 , ? 132.00 ,? 144.00,The Tomato Soup was simply delicious and fresh. Highly recommended!
O00288,29-02-2024,20:30,C0320,Sultan Momin,R10,Pepperoni Pizza,Pizza,4,? 368.00," ? 1,472.00 ", ? 283.00 ,? 340.00,Great food! The Pepperoni Pizza was delicious and well-prepared.
O00289,01-03-2024,17:45,C0111,Moh Saad Raes,R165,Paneer Tandoori Wrap,Snacks,1,? 120.00, ? 120.00 , ? 94.00 ,? 26.00,Great food! The Paneer Tandoori Wrap was delicious and well-prepared.
O00290,01-03-2024,10:45,C0034,Anis Raes,R63,Prawn Masala,Non-Veg Main,3,? 460.00," ? 1,380.00 ", ? 326.00 ,? 402.00,The Prawn Masala was satisfactory.
O00291,01-03-2024,20:45,C0166,Nikhat Taimoor,R165,Paneer Tandoori Wrap,Snacks,4,? 120.00, ? 480.00 , ? 94.00 ,? 104.00,I was not a fan of the Paneer Tandoori Wrap.
O00292,01-03-2024,21:00,C0276,Wahaj Faruqi,R75,Schezwan Fried Rice,Rice & Noodles,4,? 220.00, ? 880.00 , ? 160.00 ,? 240.00,The Schezwan Fried Rice was not what I expected.
O00293,01-03-2024,21:00,C0197,Arahan Ali,R27,Pasta Arrabbiata,Continental,1,? 300.00, ? 300.00 , ? 215.00 ,? 85.00,It was an average Pasta Arrabbiata.
O00294,01-03-2024,13:30,C0128,Moh Saad Shikalkar,R145,Chicken Shawarma,Street Food,5,? 170.00, ? 850.00 , ? 131.00 ,? 195.00,The Chicken Shawarma was not what I expected.
O00295,02-03-2024,15:00,C0070,Aasifa Azam,R17,French Fries,Starter,3,? 120.00, ? 360.00 , ? 87.00 ,? 99.00,The French Fries was a fantastic start to our meal! Perfectly crispy.
O00296,02-03-2024,21:45,C0239,Arman Momin,R53,Baingan Bharta,Vegetarian,4,? 260.00," ? 1,040.00 ", ? 195.00 ,? 260.00,The Baingan Bharta is a great choice for vegetarians. Hearty and full of flavor.
O00297,02-03-2024,22:00,C0328,Isharat Khan,R133,Club Sandwich,Sandwiches,1,? 160.00, ? 160.00 , ? 119.00 ,? 41.00,Great food! The Club Sandwich was delicious and well-prepared.
O00298,02-03-2024,22:15,C0284,Sher Shaikh,R75,Schezwan Fried Rice,Rice & Noodles,4,? 220.00, ? 880.00 , ? 160.00 ,? 240.00,The Schezwan Fried Rice met my expectations.
O00299,02-03-2024,14:30,C0233,Moh Saad Nadaf,R139,Chicken Sub,Sandwiches,4,? 180.00, ? 720.00 , ? 137.00 ,? 172.00,The Chicken Sub was fine.
O00300,02-03-2024,20:30,C0047,Rihan Sayyad,R117,Vada Pav,Snack,5,? 120.00, ? 600.00 , ? 91.00 ,? 145.00,I was not a fan of the Vada Pav.
O00301,02-03-2024,18:45,C0174,Anis Malik,R10,Pepperoni Pizza,Pizza,3,? 368.00," ? 1,104.00 ", ? 283.00 ,? 255.00,The Pepperoni Pizza was not what I expected.
O00302,02-03-2024,20:45,C0321,Aasifa Khan,R165,Paneer Tandoori Wrap,Snacks,1,? 120.00, ? 120.00 , ? 94.00 ,? 26.00,The Paneer Tandoori Wrap met my expectations.
O00303,02-03-2024,16:30,C0009,Shamsher Khan,R79,Hot & Sour Soup (Veg),Starter,5,? 160.00, ? 800.00 , ? 113.00 ,? 235.00,Absolutely loved the Hot & Sour Soup (Veg)! It was the perfect appetizer to get us started.
O00304,02-03-2024,14:30,C0330,Kaif Momin,R87,Paneer Momos,Starter,3,? 200.00, ? 600.00 , ? 155.00 ,? 135.00,The Paneer Momos was a fantastic start to our meal! Perfectly crispy.
O00305,02-03-2024,13:00,C0312,Danish Khan,R48,Egg Curry,Non-Veg Main,2,? 280.00, ? 560.00 , ? 203.00 ,? 154.00,The Egg Curry was satisfactory.
O00306,02-03-2024,22:15,C0248,Shahrukh Raes,R73,Chili Paneer,Starter,2,? 280.00, ? 560.00 , ? 219.00 ,? 122.00,The Chili Paneer was cold when it arrived at our table.
O00307,02-03-2024,20:15,C0169,Anis Taimoor,R128,Matar Paneer,Main Course,4,? 340.00," ? 1,360.00 ", ? 263.00 ,? 308.00,I was not a fan of the Matar Paneer.
O00308,02-03-2024,17:00,C0035,Aasifa Shaikh,R44,Vada Sambar,Vegetarian,1,? 170.00, ? 170.00 , ? 121.00 ,? 49.00,Loved the Vada Sambar! It was a delightful and well-prepared vegetarian meal.
O00309,02-03-2024,14:15,C0018,Sher Shikalkar,R111,Veg Thali,Meal Combo,2,? 360.00, ? 720.00 , ? 263.00 ,? 194.00,The Veg Thali was excellent. Really enjoyed the meal.
O00310,03-03-2024,12:00,C0052,Shahrukh Sayyad,R48,Egg Curry,Non-Veg Main,2,? 280.00, ? 560.00 , ? 203.00 ,? 154.00,"It was a standard Egg Curry, nothing out of the ordinary."
O00311,03-03-2024,17:15,C0044,Shamsher Mujawar,R169,Club Chicken Sandwich,Snacks,5,? 140.00, ? 700.00 , ? 101.00 ,? 195.00,It was an average Club Chicken Sandwich.
O00312,03-03-2024,11:45,C0114,Imran Faruqi,R3,Chicken Soup,Starter,3,? 220.00, ? 660.00 , ? 170.00 ,? 150.00,The Chicken Soup was okay. It was a standard appetizer.
O00313,04-03-2024,21:45,C0034,Anis Raes,R48,Egg Curry,Non-Veg Main,4,? 280.00," ? 1,120.00 ", ? 203.00 ,? 308.00,A truly authentic and flavorful Egg Curry. It was very satisfying.
O00314,04-03-2024,22:30,C0276,Wahaj Faruqi,R119,Misal Pav,Snack,3,? 160.00, ? 480.00 , ? 126.00 ,? 102.00,The Misal Pav was fine.
O00315,04-03-2024,17:15,C0196,Arman Taimoor,R157,Peri Peri Chicken Wings,Snacks,1,? 180.00, ? 180.00 , ? 135.00 ,? 45.00,It was an average Peri Peri Chicken Wings.
O00316,04-03-2024,15:45,C0106,Aasin Mujawar,R128,Matar Paneer,Main Course,1,? 340.00, ? 340.00 , ? 263.00 ,? 77.00,The Matar Paneer was excellent. Really enjoyed the meal.
O00317,04-03-2024,17:00,C0148,Aakib Momin,R36,Chole Bhature,Vegetarian,3,? 280.00, ? 840.00 , ? 223.00 ,? 171.00,Loved the Chole Bhature! It was a delightful and well-prepared vegetarian meal.
O00318,04-03-2024,14:15,C0319,Sultan Raes,R71,Veg Spring Rolls,Starter,1,? 220.00, ? 220.00 , ? 162.00 ,? 58.00,Absolutely loved the Veg Spring Rolls! It was the perfect appetizer to get us started.
O00319,04-03-2024,18:30,C0097,Isharat Taimoor,R160,Chicken Caesar Wrap,Snacks,2,? 150.00, ? 300.00 , ? 109.00 ,? 82.00,A satisfying meal. The Chicken Caesar Wrap was a good choice.
O00320,04-03-2024,16:00,C0141,Arahan Ali,R162,BBQ Chicken Pizza Sandwich,Snacks,4,? 160.00, ? 640.00 , ? 115.00 ,? 180.00,The BBQ Chicken Pizza Sandwich met my expectations.
O00321,04-03-2024,11:00,C0169,Anis Taimoor,R25,Spring Rolls,Starter,1,? 220.00, ? 220.00 , ? 164.00 ,? 56.00,The Spring Rolls was a bit too oily for my liking.
O00322,04-03-2024,18:15,C0063,Aasiya Malik,R144,Paneer Shawarma,Street Food,1,? 150.00, ? 150.00 , ? 111.00 ,? 39.00,The Paneer Shawarma was excellent. Really enjoyed the meal.
O00323,05-03-2024,12:30,C0191,Imran Shikalkar,R148,Egg Sandwich,Sandwiches,4,? 110.00, ? 440.00 , ? 80.00 ,? 120.00,It was an average Egg Sandwich.
O00324,05-03-2024,14:00,C0085,Aasifa Azam,R16,Ice Cream Sundae,Dessert,1,? 200.00, ? 200.00 , ? 143.00 ,? 57.00,A satisfying meal. The Ice Cream Sundae was a good choice.
O00325,05-03-2024,15:15,C0203,Isharat Sayyad,R48,Egg Curry,Non-Veg Main,1,? 280.00, ? 280.00 , ? 203.00 ,? 77.00,"It was a standard Egg Curry, nothing out of the ordinary."
O00326,05-03-2024,14:45,C0157,Arahan Azam,R160,Chicken Caesar Wrap,Snacks,3,? 150.00, ? 450.00 , ? 109.00 ,? 123.00,Great food! The Chicken Caesar Wrap was delicious and well-prepared.
O00327,05-03-2024,18:45,C0111,Moh Saad Raes,R5,Mutton Biryani,Rice Meal,4,? 490.00," ? 1,960.00 ", ? 350.00 ,? 560.00,The Mutton Biryani was fine.
O00328,05-03-2024,14:45,C0209,Aasiya Malik,R47,Hyderabadi Haleem,Non-Veg Main,1,? 500.00, ? 500.00 , ? 395.00 ,? 105.00,The Hyderabadi Haleem was cooked to perfection. The spices were spot on!
O00329,05-03-2024,16:00,C0095,Aakib Azam,R1,Tomato Soup,Starter,4,? 180.00, ? 720.00 , ? 132.00 ,? 192.00,"The Tomato Soup was decent, but nothing special."
O00330,05-03-2024,18:45,C0330,Kaif Momin,R71,Veg Spring Rolls,Starter,5,? 220.00," ? 1,100.00 ", ? 162.00 ,? 290.00,The Veg Spring Rolls was a fantastic start to our meal! Perfectly crispy.
O00331,06-03-2024,11:00,C0054,Shamsher Ali,R45,Medu Vada,Vegetarian,3,? 150.00, ? 450.00 , ? 112.00 ,? 114.00,The Medu Vada is a great choice for vegetarians. Hearty and full of flavor.
O00332,06-03-2024,10:00,C0238,Aakib Malik,R128,Matar Paneer,Main Course,3,? 340.00," ? 1,020.00 ", ? 263.00 ,? 231.00,The Matar Paneer was excellent. Really enjoyed the meal.
O00333,06-03-2024,21:15,C0259,Nikhat Malik,R164,Mutton Seekh Kebab Roll,Snacks,5,? 170.00, ? 850.00 , ? 132.00 ,? 190.00,The Mutton Seekh Kebab Roll was excellent. Really enjoyed the meal.
O00334,06-03-2024,16:15,C0257,Aman Nadaf,R11,Margherita Pizza,Pizza,2,? 330.00, ? 660.00 , ? 231.00 ,? 198.00,A satisfying meal. The Margherita Pizza was a good choice.
O00335,06-03-2024,12:30,C0143,Sultan Mujawar,R100,Biryani (Veg),Rice,1,? 320.00, ? 320.00 , ? 251.00 ,? 69.00,The Biryani (Veg) was excellent. Really enjoyed the meal.
O00336,06-03-2024,20:30,C0321,Aasifa Khan,R152,Chicken Kathi Roll,Snacks,2,? 120.00, ? 240.00 , ? 91.00 ,? 58.00,Great food! The Chicken Kathi Roll was delicious and well-prepared.
O00337,06-03-2024,14:15,C0212,Shahrukh Mujawar,R64,Crab Curry,Non-Veg Main,2,? 520.00," ? 1,040.00 ", ? 374.00 ,? 292.00,Felt that the Crab Curry was overpriced for its quality.
O00338,07-03-2024,20:15,C0153,Nikhat Malik,R150,Aloo Parantha,Breads,1,? 80.00, ? 80.00 , ? 63.00 ,? 17.00,The Aloo Parantha was excellent. Really enjoyed the meal.
O00339,07-03-2024,22:45,C0275,Arman Khan,R4,Chicken Biryani,Rice Meal,1,? 440.00, ? 440.00 , ? 334.00 ,? 106.00,The Chicken Biryani could have been better.
O00340,07-03-2024,22:15,C0205,Rihan Taimoor,R42,Masala Dosa,Vegetarian,5,? 180.00, ? 900.00 , ? 138.00 ,? 210.00,I found the Masala Dosa to be a bit watery.
O00341,07-03-2024,14:15,C0254,Sultan Ali,R146,Cheese Sandwich,Sandwiches,3,? 100.00, ? 300.00 , ? 72.00 ,? 84.00,The Cheese Sandwich was fine.
O00342,07-03-2024,14:15,C0060,Nikhat Khan,R13,Gulab Jamun,Dessert,4,? 150.00, ? 600.00 , ? 117.00 ,? 132.00,A satisfying meal. The Gulab Jamun was a good choice.
O00343,07-03-2024,15:45,C0181,Aman Khan,R36,Chole Bhature,Vegetarian,4,? 280.00," ? 1,120.00 ", ? 223.00 ,? 228.00,The Chole Bhature was bland and needed more seasoning.
O00344,07-03-2024,15:45,C0046,Nikhat Taimoor,R90,Tandoori Momos,Starter,5,? 260.00," ? 1,300.00 ", ? 185.00 ,? 375.00,Wasn't very impressed with the Tandoori Momos. It lacked flavor.
O00345,07-03-2024,13:30,C0315,Imran Shaikh,R4,Chicken Biryani,Rice Meal,4,? 440.00," ? 1,760.00 ", ? 334.00 ,? 424.00,The Chicken Biryani could have been better.
O00346,07-03-2024,14:15,C0199,Arman Shaikh,R57,Chicken Tikka Masala,Non-Veg Main,3,? 480.00," ? 1,440.00 ", ? 373.00 ,? 321.00,The Chicken Tikka Masala was too spicy for me to handle.
O00347,07-03-2024,14:45,C0074,Moh Saad Malik,R12,Veggie Burger,Burger,5,? 250.00," ? 1,250.00 ", ? 199.00 ,? 255.00,I was not a fan of the Veggie Burger.
O00348,07-03-2024,15:15,C0316,Shamsher Mujawar,R147,Paneer Sandwich,Sandwiches,3,? 120.00, ? 360.00 , ? 84.00 ,? 108.00,Great food! The Paneer Sandwich was delicious and well-prepared.
O00349,07-03-2024,12:15,C0198,Danish Faruqi,R156,Veg Paneer Wrap,Snacks,5,? 95.00, ? 475.00 , ? 74.00 ,? 105.00,It was an average Veg Paneer Wrap.
O00350,08-03-2024,14:00,C0137,Aman Raes,R57,Chicken Tikka Masala,Non-Veg Main,1,? 480.00, ? 480.00 , ? 373.00 ,? 107.00,The Chicken Tikka Masala was cooked to perfection. The spices were spot on!
O00351,08-03-2024,22:15,C0221,Arman Mujawar,R137,Veg Wrap,Sandwiches,1,? 130.00, ? 130.00 , ? 92.00 ,? 38.00,A satisfying meal. The Veg Wrap was a good choice.
O00352,08-03-2024,18:30,C0057,Arman Azam,R55,Jeera Rice,Rice & Noodles,3,? 180.00, ? 540.00 , ? 129.00 ,? 153.00,The Jeera Rice was not what I expected.
O00353,08-03-2024,14:30,C0263,Sher Raes,R146,Cheese Sandwich,Sandwiches,5,? 100.00, ? 500.00 , ? 72.00 ,? 140.00,The Cheese Sandwich was excellent. Really enjoyed the meal.
O00354,08-03-2024,12:15,C0060,Nikhat Khan,R168,Avocado Toast,Breakfast,3,? 150.00, ? 450.00 , ? 111.00 ,? 117.00,A satisfying meal. The Avocado Toast was a good choice.
O00355,08-03-2024,14:15,C0226,Aman Taimoor,R55,Jeera Rice,Rice & Noodles,5,? 180.00, ? 900.00 , ? 129.00 ,? 255.00,The Jeera Rice was excellent. Really enjoyed the meal.
O00356,08-03-2024,11:45,C0116,Arman Khan,R89,Fried Momos (Chicken),Starter,5,? 240.00," ? 1,200.00 ", ? 176.00 ,? 320.00,Wasn't very impressed with the Fried Momos (Chicken). It lacked flavor.
O00357,08-03-2024,14:45,C0289,Aasin Malik,R12,Veggie Burger,Burger,2,? 250.00, ? 500.00 , ? 199.00 ,? 102.00,The Veggie Burger was excellent. Really enjoyed the meal.
O00358,08-03-2024,11:15,C0141,Arahan Ali,R27,Pasta Arrabbiata,Continental,3,? 300.00, ? 900.00 , ? 215.00 ,? 255.00,A satisfying meal. The Pasta Arrabbiata was a good choice.
O00359,08-03-2024,12:30,C0180,Isharat Shikalkar,R158,Cheese Garlic Bread,Breads,4,? 110.00, ? 440.00 , ? 85.00 ,? 100.00,A satisfying meal. The Cheese Garlic Bread was a good choice.
O00360,08-03-2024,16:15,C0210,Sultan Nadaf,R72,Chicken Spring Rolls,Starter,5,? 260.00," ? 1,300.00 ", ? 189.00 ,? 355.00,The Chicken Spring Rolls was a fantastic start to our meal! Perfectly crispy.
O00361,08-03-2024,17:00,C0288,Anis Shikalkar,R111,Veg Thali,Meal Combo,3,? 360.00," ? 1,080.00 ", ? 263.00 ,? 291.00,Great food! The Veg Thali was delicious and well-prepared.
O00362,08-03-2024,13:30,C0213,Aakib Ali,R111,Veg Thali,Meal Combo,3,? 360.00," ? 1,080.00 ", ? 263.00 ,? 291.00,The Veg Thali was not what I expected.
O00363,08-03-2024,11:45,C0262,Nikhat Faruqi,R164,Mutton Seekh Kebab Roll,Snacks,3,? 170.00, ? 510.00 , ? 132.00 ,? 114.00,A satisfying meal. The Mutton Seekh Kebab Roll was a good choice.
O00364,08-03-2024,14:15,C0199,Arman Shaikh,R6,Grilled Salmon,Ocean Meal,1,? 500.00, ? 500.00 , ? 357.00 ,? 143.00,The Grilled Salmon was excellent. Really enjoyed the meal.
O00365,09-03-2024,10:00,C0009,Shamsher Khan,R127,Kadhi Pakora,Main Course,5,? 300.00," ? 1,500.00 ", ? 231.00 ,? 345.00,The Kadhi Pakora was excellent. Really enjoyed the meal.
O00366,09-03-2024,12:30,C0134,Isharat Nadaf,R63,Prawn Masala,Non-Veg Main,4,? 460.00," ? 1,840.00 ", ? 326.00 ,? 536.00,The Prawn Masala was too spicy for me to handle.
O00367,09-03-2024,15:30,C0268,Ayeza Azam,R157,Peri Peri Chicken Wings,Snacks,4,? 180.00, ? 720.00 , ? 135.00 ,? 180.00,The Peri Peri Chicken Wings could have been better.
O00368,09-03-2024,20:15,C0144,Aasifa Mujawar,R142,Paneer Burger,Fast Food,1,? 140.00, ? 140.00 , ? 110.00 ,? 30.00,The Paneer Burger met my expectations.
O00369,09-03-2024,11:45,C0235,Abdul Rahim Malik,R35,Rajma Chawal,Vegetarian,4,? 300.00," ? 1,200.00 ", ? 238.00 ,? 248.00,"It was an okay Rajma Chawal, but I've had better."
O00370,09-03-2024,12:15,C0007,Aman Taimoor,R63,Prawn Masala,Non-Veg Main,3,? 460.00," ? 1,380.00 ", ? 326.00 ,? 402.00,The Prawn Masala was alright. It was cooked well but the flavor was average.
O00371,09-03-2024,20:15,C0126,Aakib Momin,R136,Chicken Kathi Roll,Street Food,2,? 160.00, ? 320.00 , ? 112.00 ,? 96.00,The Chicken Kathi Roll was excellent. Really enjoyed the meal.
O00372,10-03-2024,20:00,C0254,Sultan Ali,R13,Gulab Jamun,Dessert,5,? 150.00, ? 750.00 , ? 117.00 ,? 165.00,A satisfying meal. The Gulab Jamun was a good choice.
O00373,10-03-2024,22:00,C0141,Arahan Ali,R2,Mushroom Soup,Starter,5,? 200.00," ? 1,000.00 ", ? 159.00 ,? 205.00,The Mushroom Soup was a fantastic start to our meal! Perfectly crispy.
O00374,10-03-2024,21:00,C0024,Aman Momin,R148,Egg Sandwich,Sandwiches,3,? 110.00, ? 330.00 , ? 80.00 ,? 90.00,The Egg Sandwich was excellent. Really enjoyed the meal.
O00375,10-03-2024,16:00,C0124,Arahan Shaikh,R33,Fish Curry,Non-Veg Main,4,? 400.00," ? 1,600.00 ", ? 286.00 ,? 456.00,The Fish Curry was satisfactory.
O00376,11-03-2024,15:00,C0151,Aasifa Malik,R149,Paneer Parantha,Breads,4,? 90.00, ? 360.00 , ? 64.00 ,? 104.00,Great food! The Paneer Parantha was delicious and well-prepared.
O00377,11-03-2024,18:30,C0202,Moh Saad Shikalkar,R155,Tuna Melt Sandwich,Snacks,5,? 140.00, ? 700.00 , ? 100.00 ,? 200.00,Great food! The Tuna Melt Sandwich was delicious and well-prepared.
O00378,11-03-2024,20:00,C0001,Moh Saad Azam,R160,Chicken Caesar Wrap,Snacks,2,? 150.00, ? 300.00 , ? 109.00 ,? 82.00,The Chicken Caesar Wrap was excellent. Really enjoyed the meal.
O00379,11-03-2024,15:15,C0010,Kaif Azam,R151,Veg Frankie Roll,Snacks,5,? 80.00, ? 400.00 , ? 62.00 ,? 90.00,Great food! The Veg Frankie Roll was delicious and well-prepared.
O00380,11-03-2024,18:00,C0234,Moh Saad Faruqi,R146,Cheese Sandwich,Sandwiches,2,? 100.00, ? 200.00 , ? 72.00 ,? 56.00,The Cheese Sandwich could have been better.
O00381,11-03-2024,17:45,C0114,Imran Faruqi,R74,Chili Chicken,Starter,5,? 340.00," ? 1,700.00 ", ? 250.00 ,? 450.00,The Chili Chicken was a bit too oily for my liking.
O00382,11-03-2024,10:00,C0324,Aasifa Faruqi,R29,Greek Salad,Salad,2,? 260.00, ? 520.00 , ? 197.00 ,? 126.00,The Greek Salad was excellent. Really enjoyed the meal.
O00383,11-03-2024,16:15,C0064,Isharat Nadaf,R145,Chicken Shawarma,Street Food,2,? 170.00, ? 340.00 , ? 131.00 ,? 78.00,The Chicken Shawarma met my expectations.
O00384,11-03-2024,17:30,C0255,Shamsher Malik,R71,Veg Spring Rolls,Starter,2,? 220.00, ? 440.00 , ? 162.00 ,? 116.00,"The Veg Spring Rolls was decent, but nothing special."
O00385,11-03-2024,10:45,C0277,Shamsher Faruqi,R18,Veg Hakka Noodles,Rice & Noodles,5,? 220.00," ? 1,100.00 ", ? 165.00 ,? 275.00,Great food! The Veg Hakka Noodles was delicious and well-prepared.
O00386,11-03-2024,20:30,C0011,Aasiya Ali,R59,Veg Pulao,Rice & Noodles,4,? 240.00, ? 960.00 , ? 190.00 ,? 200.00,A satisfying meal. The Veg Pulao was a good choice.
O00387,12-03-2024,20:30,C0311,Imran Shikalkar,R24,Samosa,Starter,2,? 100.00, ? 200.00 , ? 73.00 ,? 54.00,The Samosa was simply delicious and fresh. Highly recommended!
O00388,12-03-2024,17:15,C0267,Moh Saad Faruqi,R56,Tandoori Chicken,Non-Veg Main,3,? 460.00," ? 1,380.00 ", ? 366.00 ,? 282.00,The Tandoori Chicken was the highlight of our meal. Absolutely delicious!
O00389,12-03-2024,12:15,C0184,Kaif Sayyad,R4,Chicken Biryani,Rice Meal,1,? 440.00, ? 440.00 , ? 334.00 ,? 106.00,A satisfying meal. The Chicken Biryani was a good choice.
O00390,12-03-2024,10:30,C0287,Nikhat Shaikh,R57,Chicken Tikka Masala,Non-Veg Main,1,? 480.00, ? 480.00 , ? 373.00 ,? 107.00,Felt that the Chicken Tikka Masala was overpriced for its quality.
O00391,12-03-2024,12:45,C0045,Arman Shaikh,R83,Veg Clear Soup,Starter,2,? 120.00, ? 240.00 , ? 84.00 ,? 72.00,Absolutely loved the Veg Clear Soup! It was the perfect appetizer to get us started.
O00392,13-03-2024,18:15,C0064,Isharat Nadaf,R158,Cheese Garlic Bread,Breads,5,? 110.00, ? 550.00 , ? 85.00 ,? 125.00,I was not a fan of the Cheese Garlic Bread.
O00393,13-03-2024,10:15,C0055,Sultan Momin,R64,Crab Curry,Non-Veg Main,4,? 520.00," ? 2,080.00 ", ? 374.00 ,? 584.00,The Crab Curry was satisfactory.
O00394,13-03-2024,20:00,C0099,Aariz Faruqi,R25,Spring Rolls,Starter,2,? 220.00, ? 440.00 , ? 164.00 ,? 112.00,It was an average Spring Rolls.
O00395,13-03-2024,21:00,C0206,Aariz Faruqi,R27,Pasta Arrabbiata,Continental,2,? 300.00, ? 600.00 , ? 215.00 ,? 170.00,It was an average Pasta Arrabbiata.
O00396,13-03-2024,14:00,C0119,Shahrukh Azam,R165,Paneer Tandoori Wrap,Snacks,4,? 120.00, ? 480.00 , ? 94.00 ,? 104.00,The Paneer Tandoori Wrap met my expectations.
O00397,13-03-2024,13:30,C0300,Dua Azam,R133,Club Sandwich,Sandwiches,5,? 160.00, ? 800.00 , ? 119.00 ,? 205.00,The Club Sandwich was fine.
O00398,13-03-2024,21:45,C0059,Aman Momin,R119,Misal Pav,Snack,3,? 160.00, ? 480.00 , ? 126.00 ,? 102.00,The Misal Pav met my expectations.
O00399,13-03-2024,19:00,C0127,Dua Taimoor,R158,Cheese Garlic Bread,Breads,5,? 110.00, ? 550.00 , ? 85.00 ,? 125.00,Great food! The Cheese Garlic Bread was delicious and well-prepared.
O00400,13-03-2024,19:45,C0142,Abdul Rahim Nadaf,R78,Chicken Schezwan Noodles,Rice & Noodles,4,? 280.00," ? 1,120.00 ", ? 218.00 ,? 248.00,Great food! The Chicken Schezwan Noodles was delicious and well-prepared.
O00401,13-03-2024,10:00,C0285,Ayeza Raes,R50,Kadai Paneer,Vegetarian,3,? 360.00," ? 1,080.00 ", ? 275.00 ,? 255.00,"It was an okay Kadai Paneer, but I've had better."
O00402,14-03-2024,14:00,C0120,Ayeza Taimoor,R89,Fried Momos (Chicken),Starter,1,? 240.00, ? 240.00 , ? 176.00 ,? 64.00,The Fried Momos (Chicken) was a bit too oily for my liking.
O00403,14-03-2024,17:45,C0216,Sultan Khan,R8,Paneer Butter Masala,Vegetarian,5,? 380.00," ? 1,900.00 ", ? 298.00 ,? 410.00,The Paneer Butter Masala was a decent vegetarian option.
O00404,14-03-2024,21:00,C0068,Abdul Rahim Shaikh,R17,French Fries,Starter,4,? 120.00, ? 480.00 , ? 87.00 ,? 132.00,The French Fries was a fantastic start to our meal! Perfectly crispy.
O00405,14-03-2024,12:45,C0036,Sher Shikalkar,R3,Chicken Soup,Starter,2,? 220.00, ? 440.00 , ? 170.00 ,? 100.00,"The Chicken Soup was decent, but nothing special."
O00406,14-03-2024,18:00,C0101,Aariz Malik,R33,Fish Curry,Non-Veg Main,4,? 400.00," ? 1,600.00 ", ? 286.00 ,? 456.00,Felt that the Fish Curry was overpriced for its quality.
O00407,14-03-2024,12:45,C0011,Aasiya Ali,R134,Grilled Cheese Sandwich,Sandwiches,1,? 120.00, ? 120.00 , ? 90.00 ,? 30.00,A satisfying meal. The Grilled Cheese Sandwich was a good choice.
O00408,14-03-2024,13:30,C0063,Aasiya Malik,R159,Falafel Wrap,Snacks,2,? 130.00, ? 260.00 , ? 102.00 ,? 56.00,Great food! The Falafel Wrap was delicious and well-prepared.
O00409,14-03-2024,14:30,C0140,Imran Taimoor,R22,Paneer Tikka,Starter,2,? 280.00, ? 560.00 , ? 199.00 ,? 162.00,The Paneer Tikka was okay. It was a standard appetizer.
O00410,14-03-2024,22:15,C0258,Aakib Sayyad,R2,Mushroom Soup,Starter,4,? 200.00, ? 800.00 , ? 159.00 ,? 164.00,"The Mushroom Soup was decent, but nothing special."
O00411,14-03-2024,11:15,C0122,Aakib Nadaf,R161,Grilled Veg Panini,Snacks,2,? 140.00, ? 280.00 , ? 99.00 ,? 82.00,The Grilled Veg Panini was excellent. Really enjoyed the meal.
O00412,15-03-2024,13:00,C0045,Arman Shaikh,R3,Chicken Soup,Starter,4,? 220.00, ? 880.00 , ? 170.00 ,? 200.00,Absolutely loved the Chicken Soup! It was the perfect appetizer to get us started.
O00413,15-03-2024,14:30,C0176,Abdul Rahim Shikalkar,R21,Chicken Fried Rice,Rice & Noodles,3,? 240.00, ? 720.00 , ? 182.00 ,? 174.00,I was not a fan of the Chicken Fried Rice.
O00414,15-03-2024,22:15,C0071,Arman Azam,R5,Mutton Biryani,Rice Meal,1,? 490.00, ? 490.00 , ? 350.00 ,? 140.00,The Mutton Biryani met my expectations.
O00415,15-03-2024,10:30,C0299,Aakib Shaikh,R133,Club Sandwich,Sandwiches,2,? 160.00, ? 320.00 , ? 119.00 ,? 82.00,The Club Sandwich could have been better.
O00416,15-03-2024,11:30,C0079,Shahrukh Faruqi,R151,Veg Frankie Roll,Snacks,3,? 80.00, ? 240.00 , ? 62.00 ,? 54.00,Great food! The Veg Frankie Roll was delicious and well-prepared.
O00417,15-03-2024,13:00,C0163,Shamsher Shikalkar,R144,Paneer Shawarma,Street Food,4,? 150.00, ? 600.00 , ? 111.00 ,? 156.00,I was not a fan of the Paneer Shawarma.
O00418,15-03-2024,12:45,C0214,Nikhat Taimoor,R110,Seekh Kebab,Starter,1,? 400.00, ? 400.00 , ? 282.00 ,? 118.00,The Seekh Kebab was a bit too oily for my liking.
O00419,15-03-2024,11:45,C0115,Aasifa Nadaf,R14,Rasgulla,Dessert,1,? 140.00, ? 140.00 , ? 100.00 ,? 40.00,A satisfying meal. The Rasgulla was a good choice.
O00420,15-03-2024,21:15,C0238,Aakib Malik,R73,Chili Paneer,Starter,5,? 280.00," ? 1,400.00 ", ? 219.00 ,? 305.00,The Chili Paneer was a bit too oily for my liking.
O00421,15-03-2024,17:15,C0020,Rihan Shikalkar,R32,Mutton Rogan Josh,Non-Veg Main,5,? 520.00," ? 2,600.00 ", ? 395.00 ,? 625.00,Felt that the Mutton Rogan Josh was overpriced for its quality.
O00422,15-03-2024,11:00,C0228,Isharat Momin,R166,Smoked Chicken Sub,Snacks,3,? 160.00, ? 480.00 , ? 112.00 ,? 144.00,A satisfying meal. The Smoked Chicken Sub was a good choice.
O00423,16-03-2024,15:45,C0236,Aakib Khan,R1,Tomato Soup,Starter,4,? 180.00, ? 720.00 , ? 132.00 ,? 192.00,The Tomato Soup was cold when it arrived at our table.
O00424,16-03-2024,20:45,C0011,Aasiya Ali,R38,Biryani Veg,Rice & Noodles,1,? 320.00, ? 320.00 , ? 233.00 ,? 87.00,The Biryani Veg was not what I expected.
O00425,16-03-2024,12:30,C0193,Anis Nadaf,R89,Fried Momos (Chicken),Starter,4,? 240.00, ? 960.00 , ? 176.00 ,? 256.00,The Fried Momos (Chicken) was simply delicious and fresh. Highly recommended!
O00426,16-03-2024,10:45,C0043,Aakib Faruqi,R63,Prawn Masala,Non-Veg Main,3,? 460.00," ? 1,380.00 ", ? 326.00 ,? 402.00,The Prawn Masala was satisfactory.
O00427,16-03-2024,13:00,C0148,Aakib Momin,R63,Prawn Masala,Non-Veg Main,5,? 460.00," ? 2,300.00 ", ? 326.00 ,? 670.00,The Prawn Masala was cooked to perfection. The spices were spot on!
O00428,16-03-2024,14:00,C0195,Aasin Malik,R7,Butter Chicken,Meat Special,1,? 495.00, ? 495.00 , ? 349.00 ,? 146.00,The Butter Chicken was excellent. Really enjoyed the meal.
O00429,16-03-2024,19:15,C0051,Dua Khan,R29,Greek Salad,Salad,3,? 260.00, ? 780.00 , ? 197.00 ,? 189.00,A satisfying meal. The Greek Salad was a good choice.
O00430,16-03-2024,20:15,C0207,Imran Khan,R48,Egg Curry,Non-Veg Main,2,? 280.00, ? 560.00 , ? 203.00 ,? 154.00,The Egg Curry was cooked to perfection. The spices were spot on!
O00431,16-03-2024,18:30,C0208,Dua Momin,R119,Misal Pav,Snack,5,? 160.00, ? 800.00 , ? 126.00 ,? 170.00,A satisfying meal. The Misal Pav was a good choice.
O00432,17-03-2024,10:15,C0100,Aman Momin,R54,Aloo Gobi,Vegetarian,3,? 220.00, ? 660.00 , ? 166.00 ,? 162.00,The Aloo Gobi is a great choice for vegetarians. Hearty and full of flavor.
O00433,17-03-2024,10:30,C0050,Dua Sayyad,R4,Chicken Biryani,Rice Meal,4,? 440.00," ? 1,760.00 ", ? 334.00 ,? 424.00,The Chicken Biryani was excellent. Really enjoyed the meal.
O00434,17-03-2024,11:30,C0196,Arman Taimoor,R54,Aloo Gobi,Vegetarian,3,? 220.00, ? 660.00 , ? 166.00 ,? 162.00,Loved the Aloo Gobi! It was a delightful and well-prepared vegetarian meal.
O00435,17-03-2024,20:30,C0137,Aman Raes,R144,Paneer Shawarma,Street Food,5,? 150.00, ? 750.00 , ? 111.00 ,? 195.00,A satisfying meal. The Paneer Shawarma was a good choice.
O00436,17-03-2024,15:30,C0239,Arman Momin,R35,Rajma Chawal,Vegetarian,4,? 300.00," ? 1,200.00 ", ? 238.00 ,? 248.00,I found the Rajma Chawal to be a bit watery.
O00437,17-03-2024,17:00,C0057,Arman Azam,R158,Cheese Garlic Bread,Breads,4,? 110.00, ? 440.00 , ? 85.00 ,? 100.00,The Cheese Garlic Bread met my expectations.
O00438,18-03-2024,16:15,C0142,Abdul Rahim Nadaf,R83,Veg Clear Soup,Starter,5,? 120.00, ? 600.00 , ? 84.00 ,? 180.00,Absolutely loved the Veg Clear Soup! It was the perfect appetizer to get us started.
O00439,18-03-2024,14:30,C0148,Aakib Momin,R33,Fish Curry,Non-Veg Main,3,? 400.00," ? 1,200.00 ", ? 286.00 ,? 342.00,The Fish Curry was the highlight of our meal. Absolutely delicious!
O00440,18-03-2024,15:45,C0091,Aasin Nadaf,R59,Veg Pulao,Rice & Noodles,2,? 240.00, ? 480.00 , ? 190.00 ,? 100.00,I was not a fan of the Veg Pulao.
O00441,18-03-2024,12:45,C0099,Aariz Faruqi,R3,Chicken Soup,Starter,1,? 220.00, ? 220.00 , ? 170.00 ,? 50.00,Absolutely loved the Chicken Soup! It was the perfect appetizer to get us started.
O00442,18-03-2024,16:15,C0004,Ayeza Ali,R136,Chicken Kathi Roll,Street Food,5,? 160.00, ? 800.00 , ? 112.00 ,? 240.00,The Chicken Kathi Roll was excellent. Really enjoyed the meal.
O00443,18-03-2024,11:00,C0010,Kaif Azam,R2,Mushroom Soup,Starter,2,? 200.00, ? 400.00 , ? 159.00 ,? 82.00,The Mushroom Soup was a bit too oily for my liking.
O00444,18-03-2024,11:45,C0141,Arahan Ali,R57,Chicken Tikka Masala,Non-Veg Main,4,? 480.00," ? 1,920.00 ", ? 373.00 ,? 428.00,The Chicken Tikka Masala was the highlight of our meal. Absolutely delicious!
O00445,18-03-2024,13:00,C0054,Shamsher Ali,R161,Grilled Veg Panini,Snacks,3,? 140.00, ? 420.00 , ? 99.00 ,? 123.00,The Grilled Veg Panini was not what I expected.
O00446,18-03-2024,11:15,C0251,Aakib Khan,R139,Chicken Sub,Sandwiches,2,? 180.00, ? 360.00 , ? 137.00 ,? 86.00,It was an average Chicken Sub.
O00447,18-03-2024,13:30,C0217,Nikhat Mujawar,R62,Dal Makhani,Vegetarian,1,? 340.00, ? 340.00 , ? 269.00 ,? 71.00,The Dal Makhani is a great choice for vegetarians. Hearty and full of flavor.
O00448,19-03-2024,20:15,C0240,Sultan Ali,R28,Caesar Salad,Salad,3,? 280.00, ? 840.00 , ? 210.00 ,? 210.00,The Caesar Salad was excellent. Really enjoyed the meal.
O00449,19-03-2024,15:15,C0073,Moh Saad Taimoor,R43,Idli Sambar,Vegetarian,2,? 160.00, ? 320.00 , ? 119.00 ,? 82.00,Loved the Idli Sambar! It was a delightful and well-prepared vegetarian meal.
O00450,19-03-2024,21:30,C0306,Arman Malik,R35,Rajma Chawal,Vegetarian,2,? 300.00, ? 600.00 , ? 238.00 ,? 124.00,The Rajma Chawal was a decent vegetarian option.
O00451,19-03-2024,14:15,C0277,Shamsher Faruqi,R3,Chicken Soup,Starter,2,? 220.00, ? 440.00 , ? 170.00 ,? 100.00,The Chicken Soup was a fantastic start to our meal! Perfectly crispy.
O00452,19-03-2024,10:15,C0077,Shahrukh Momin,R23,Chicken Tikka,Starter,1,? 320.00, ? 320.00 , ? 233.00 ,? 87.00,The Chicken Tikka was a fantastic start to our meal! Perfectly crispy.
O00453,19-03-2024,15:15,C0199,Arman Shaikh,R134,Grilled Cheese Sandwich,Sandwiches,2,? 120.00, ? 240.00 , ? 90.00 ,? 60.00,It was an average Grilled Cheese Sandwich.
O00454,19-03-2024,18:30,C0099,Aariz Faruqi,R67,Veg Manchurian,Starter,5,? 240.00," ? 1,200.00 ", ? 169.00 ,? 355.00,Absolutely loved the Veg Manchurian! It was the perfect appetizer to get us started.
O00455,19-03-2024,14:30,C0099,Aariz Faruqi,R63,Prawn Masala,Non-Veg Main,2,? 460.00, ? 920.00 , ? 326.00 ,? 268.00,The Prawn Masala was alright. It was cooked well but the flavor was average.
O00456,19-03-2024,16:45,C0250,Isharat Azam,R166,Smoked Chicken Sub,Snacks,1,? 160.00, ? 160.00 , ? 112.00 ,? 48.00,A satisfying meal. The Smoked Chicken Sub was a good choice.
O00457,19-03-2024,20:45,C0250,Isharat Azam,R159,Falafel Wrap,Snacks,1,? 130.00, ? 130.00 , ? 102.00 ,? 28.00,A satisfying meal. The Falafel Wrap was a good choice.
O00458,20-03-2024,11:30,C0330,Kaif Momin,R139,Chicken Sub,Sandwiches,3,? 180.00, ? 540.00 , ? 137.00 ,? 129.00,It was an average Chicken Sub.
O00459,20-03-2024,21:45,C0052,Shahrukh Sayyad,R32,Mutton Rogan Josh,Non-Veg Main,4,? 520.00," ? 2,080.00 ", ? 395.00 ,? 500.00,The Mutton Rogan Josh was cooked to perfection. The spices were spot on!
O00460,20-03-2024,20:45,C0301,Sher Taimoor,R13,Gulab Jamun,Dessert,5,? 150.00, ? 750.00 , ? 117.00 ,? 165.00,The Gulab Jamun was fine.
O00461,20-03-2024,21:30,C0031,Rihan Momin,R26,Pasta Alfredo,Continental,1,? 320.00, ? 320.00 , ? 249.00 ,? 71.00,It was an average Pasta Alfredo.
O00462,20-03-2024,15:30,C0266,Aasifa Sayyad,R151,Veg Frankie Roll,Snacks,5,? 80.00, ? 400.00 , ? 62.00 ,? 90.00,The Veg Frankie Roll was excellent. Really enjoyed the meal.
O00463,20-03-2024,11:30,C0052,Shahrukh Sayyad,R157,Peri Peri Chicken Wings,Snacks,5,? 180.00, ? 900.00 , ? 135.00 ,? 225.00,It was an average Peri Peri Chicken Wings.
O00464,20-03-2024,14:00,C0063,Aasiya Malik,R6,Grilled Salmon,Ocean Meal,4,? 500.00," ? 2,000.00 ", ? 357.00 ,? 572.00,The Grilled Salmon could have been better.
O00465,20-03-2024,16:15,C0097,Isharat Taimoor,R37,Pav Bhaji,Vegetarian,3,? 220.00, ? 660.00 , ? 171.00 ,? 147.00,I found the Pav Bhaji to be a bit watery.
O00466,20-03-2024,17:00,C0061,Shamsher Raes,R23,Chicken Tikka,Starter,2,? 320.00, ? 640.00 , ? 233.00 ,? 174.00,The Chicken Tikka was a fantastic start to our meal! Perfectly crispy.
O00467,20-03-2024,18:15,C0029,Rihan Sayyad,R78,Chicken Schezwan Noodles,Rice & Noodles,1,? 280.00, ? 280.00 , ? 218.00 ,? 62.00,I was not a fan of the Chicken Schezwan Noodles.
O00468,20-03-2024,11:45,C0152,Dua Sayyad,R147,Paneer Sandwich,Sandwiches,3,? 120.00, ? 360.00 , ? 84.00 ,? 108.00,The Paneer Sandwich was excellent. Really enjoyed the meal.
O00469,20-03-2024,17:30,C0289,Aasin Malik,R117,Vada Pav,Snack,1,? 120.00, ? 120.00 , ? 91.00 ,? 29.00,The Vada Pav was excellent. Really enjoyed the meal.
O00470,20-03-2024,21:30,C0245,Wahaj Taimoor,R84,Chicken Clear Soup,Starter,3,? 160.00, ? 480.00 , ? 125.00 ,? 105.00,The Chicken Clear Soup was okay. It was a standard appetizer.
O00471,21-03-2024,19:15,C0194,Isharat Momin,R33,Fish Curry,Non-Veg Main,4,? 400.00," ? 1,600.00 ", ? 286.00 ,? 456.00,The Fish Curry was the highlight of our meal. Absolutely delicious!
O00472,21-03-2024,20:15,C0117,Shamsher Ali,R40,Mutton Biryani,Rice & Noodles,5,? 480.00," ? 2,400.00 ", ? 340.00 ,? 700.00,A satisfying meal. The Mutton Biryani was a good choice.
O00473,21-03-2024,18:30,C0221,Arman Mujawar,R2,Mushroom Soup,Starter,4,? 200.00, ? 800.00 , ? 159.00 ,? 164.00,Absolutely loved the Mushroom Soup! It was the perfect appetizer to get us started.
O00474,21-03-2024,18:30,C0150,Aman Ali,R147,Paneer Sandwich,Sandwiches,1,? 120.00, ? 120.00 , ? 84.00 ,? 36.00,A satisfying meal. The Paneer Sandwich was a good choice.
O00475,21-03-2024,13:00,C0318,Shahrukh Ali,R43,Idli Sambar,Vegetarian,4,? 160.00, ? 640.00 , ? 119.00 ,? 164.00,Loved the Idli Sambar! It was a delightful and well-prepared vegetarian meal.
O00476,21-03-2024,19:30,C0254,Sultan Ali,R46,Onion Uttapam,Vegetarian,1,? 160.00, ? 160.00 , ? 112.00 ,? 48.00,The Onion Uttapam was as expected.
O00477,21-03-2024,17:30,C0284,Sher Shaikh,R19,Chicken Hakka Noodles,Rice & Noodles,5,? 260.00," ? 1,300.00 ", ? 193.00 ,? 335.00,Great food! The Chicken Hakka Noodles was delicious and well-prepared.
O00478,21-03-2024,22:00,C0113,Ayeza Momin,R152,Chicken Kathi Roll,Snacks,1,? 120.00, ? 120.00 , ? 91.00 ,? 29.00,A satisfying meal. The Chicken Kathi Roll was a good choice.
O00479,21-03-2024,12:00,C0015,Kaif Taimoor,R134,Grilled Cheese Sandwich,Sandwiches,2,? 120.00, ? 240.00 , ? 90.00 ,? 60.00,The Grilled Cheese Sandwich met my expectations.
O00480,21-03-2024,15:30,C0106,Aasin Mujawar,R8,Paneer Butter Masala,Vegetarian,2,? 380.00, ? 760.00 , ? 298.00 ,? 164.00,"It was an okay Paneer Butter Masala, but I've had better."
O00481,21-03-2024,20:45,C0029,Rihan Sayyad,R55,Jeera Rice,Rice & Noodles,3,? 180.00, ? 540.00 , ? 129.00 ,? 153.00,It was an average Jeera Rice.
O00482,22-03-2024,14:00,C0028,Aakib Faruqi,R61,Vegetable Korma,Vegetarian,3,? 320.00, ? 960.00 , ? 243.00 ,? 231.00,The Vegetable Korma is a great choice for vegetarians. Hearty and full of flavor.
O00483,22-03-2024,16:45,C0154,Aasin Shikalkar,R61,Vegetable Korma,Vegetarian,4,? 320.00," ? 1,280.00 ", ? 243.00 ,? 308.00,The vegetables in the Vegetable Korma seemed overcooked.
O00484,22-03-2024,20:00,C0057,Arman Azam,R56,Tandoori Chicken,Non-Veg Main,1,? 460.00, ? 460.00 , ? 366.00 ,? 94.00,The Tandoori Chicken was the highlight of our meal. Absolutely delicious!
O00485,22-03-2024,16:30,C0218,Danish Khan,R37,Pav Bhaji,Vegetarian,4,? 220.00, ? 880.00 , ? 171.00 ,? 196.00,A wholesome and delicious Pav Bhaji. The vegetables were so fresh!
O00486,22-03-2024,20:00,C0303,Dua Momin,R165,Paneer Tandoori Wrap,Snacks,1,? 120.00, ? 120.00 , ? 94.00 ,? 26.00,Great food! The Paneer Tandoori Wrap was delicious and well-prepared.
O00487,22-03-2024,22:45,C0205,Rihan Taimoor,R2,Mushroom Soup,Starter,5,? 200.00," ? 1,000.00 ", ? 159.00 ,? 205.00,The Mushroom Soup was a fantastic start to our meal! Perfectly crispy.
O00488,22-03-2024,17:45,C0184,Kaif Sayyad,R133,Club Sandwich,Sandwiches,2,? 160.00, ? 320.00 , ? 119.00 ,? 82.00,The Club Sandwich was excellent. Really enjoyed the meal.
O00489,22-03-2024,10:30,C0244,Arahan Raes,R23,Chicken Tikka,Starter,2,? 320.00, ? 640.00 , ? 233.00 ,? 174.00,The Chicken Tikka was a bit too oily for my liking.
O00490,23-03-2024,22:45,C0122,Aakib Nadaf,R83,Veg Clear Soup,Starter,2,? 120.00, ? 240.00 , ? 84.00 ,? 72.00,The Veg Clear Soup was cold when it arrived at our table.
O00491,23-03-2024,19:45,C0286,Sher Malik,R38,Biryani Veg,Rice & Noodles,3,? 320.00, ? 960.00 , ? 233.00 ,? 261.00,It was an average Biryani Veg.
O00492,23-03-2024,12:15,C0253,Kaif Sayyad,R112,Non-Veg Thali,Meal Combo,2,? 440.00, ? 880.00 , ? 322.00 ,? 236.00,A satisfying meal. The Non-Veg Thali was a good choice.
O00493,23-03-2024,19:30,C0206,Aariz Faruqi,R76,Schezwan Chicken Fried Rice,Rice & Noodles,1,? 280.00, ? 280.00 , ? 211.00 ,? 69.00,The Schezwan Chicken Fried Rice could have been better.
O00494,23-03-2024,12:30,C0323,Wahaj Ali,R146,Cheese Sandwich,Sandwiches,5,? 100.00, ? 500.00 , ? 72.00 ,? 140.00,The Cheese Sandwich was fine.
O00495,23-03-2024,16:15,C0075,Rihan Raes,R14,Rasgulla,Dessert,5,? 140.00, ? 700.00 , ? 100.00 ,? 200.00,The Rasgulla was excellent. Really enjoyed the meal.
O00496,23-03-2024,12:30,C0214,Nikhat Taimoor,R30,Shahi Paneer,Vegetarian,5,? 400.00," ? 2,000.00 ", ? 281.00 ,? 595.00,Loved the Shahi Paneer! It was a delightful and well-prepared vegetarian meal.
O00497,23-03-2024,13:45,C0294,Isharat Sayyad,R100,Biryani (Veg),Rice,1,? 320.00, ? 320.00 , ? 251.00 ,? 69.00,The Biryani (Veg) was not what I expected.
O00498,24-03-2024,17:30,C0079,Shahrukh Faruqi,R61,Vegetable Korma,Vegetarian,5,? 320.00," ? 1,600.00 ", ? 243.00 ,? 385.00,A wholesome and delicious Vegetable Korma. The vegetables were so fresh!
O00499,24-03-2024,10:00,C0001,Moh Saad Azam,R29,Greek Salad,Salad,3,? 260.00, ? 780.00 , ? 197.00 ,? 189.00,Great food! The Greek Salad was delicious and well-prepared.
O00500,24-03-2024,13:30,C0079,Shahrukh Faruqi,R72,Chicken Spring Rolls,Starter,1,? 260.00, ? 260.00 , ? 189.00 ,? 71.00,Absolutely loved the Chicken Spring Rolls! It was the perfect appetizer to get us started.
O00501,24-03-2024,13:00,C0206,Aariz Faruqi,R157,Peri Peri Chicken Wings,Snacks,4,? 180.00, ? 720.00 , ? 135.00 ,? 180.00,Great food! The Peri Peri Chicken Wings was delicious and well-prepared.
O00502,24-03-2024,18:30,C0142,Abdul Rahim Nadaf,R147,Paneer Sandwich,Sandwiches,2,? 120.00, ? 240.00 , ? 84.00 ,? 72.00,Great food! The Paneer Sandwich was delicious and well-prepared.
O00503,24-03-2024,16:00,C0292,Arahan Taimoor,R154,Egg Mayo Sandwich,Snacks,1,? 85.00, ? 85.00 , ? 66.00 ,? 19.00,It was an average Egg Mayo Sandwich.
O00504,24-03-2024,14:45,C0196,Arman Taimoor,R168,Avocado Toast,Breakfast,5,? 150.00, ? 750.00 , ? 111.00 ,? 195.00,A satisfying meal. The Avocado Toast was a good choice.
O00505,24-03-2024,18:00,C0046,Nikhat Taimoor,R86,Chicken Momos,Starter,1,? 220.00, ? 220.00 , ? 170.00 ,? 50.00,Wasn't very impressed with the Chicken Momos. It lacked flavor.
O00506,24-03-2024,16:30,C0120,Ayeza Taimoor,R88,Fried Momos (Veg),Starter,1,? 200.00, ? 200.00 , ? 141.00 ,? 59.00,The Fried Momos (Veg) was a fantastic start to our meal! Perfectly crispy.
O00507,25-03-2024,20:30,C0042,Aasin Taimoor,R21,Chicken Fried Rice,Rice & Noodles,2,? 240.00, ? 480.00 , ? 182.00 ,? 116.00,A satisfying meal. The Chicken Fried Rice was a good choice.
O00508,25-03-2024,12:15,C0325,Aakib Momin,R17,French Fries,Starter,4,? 120.00, ? 480.00 , ? 87.00 ,? 132.00,The French Fries was simply delicious and fresh. Highly recommended!
O00509,25-03-2024,14:30,C0053,Shahrukh Taimoor,R64,Crab Curry,Non-Veg Main,4,? 520.00," ? 2,080.00 ", ? 374.00 ,? 584.00,The Crab Curry was the highlight of our meal. Absolutely delicious!
O00510,25-03-2024,16:00,C0266,Aasifa Sayyad,R12,Veggie Burger,Burger,4,? 250.00," ? 1,000.00 ", ? 199.00 ,? 204.00,It was an average Veggie Burger.
O00511,26-03-2024,15:15,C0103,Aasiya Faruqi,R105,Malai Kofta,Main Course,1,? 340.00, ? 340.00 , ? 249.00 ,? 91.00,The Malai Kofta was fine.
O00512,26-03-2024,13:15,C0010,Kaif Azam,R138,Veggie Sub,Sandwiches,4,? 150.00, ? 600.00 , ? 105.00 ,? 180.00,The Veggie Sub was fine.
O00513,26-03-2024,18:45,C0220,Rihan Mujawar,R50,Kadai Paneer,Vegetarian,2,? 360.00, ? 720.00 , ? 275.00 ,? 170.00,The Kadai Paneer is a great choice for vegetarians. Hearty and full of flavor.
O00514,26-03-2024,18:30,C0011,Aasiya Ali,R138,Veggie Sub,Sandwiches,5,? 150.00, ? 750.00 , ? 105.00 ,? 225.00,It was an average Veggie Sub.
O00515,26-03-2024,17:00,C0271,Aasiya Mujawar,R45,Medu Vada,Vegetarian,5,? 150.00, ? 750.00 , ? 112.00 ,? 190.00,The Medu Vada was bland and needed more seasoning.
O00516,26-03-2024,21:30,C0071,Arman Azam,R81,Sweet Corn Soup (Veg),Starter,4,? 140.00, ? 560.00 , ? 108.00 ,? 128.00,The Sweet Corn Soup (Veg) was a fantastic start to our meal! Perfectly crispy.
O00517,26-03-2024,19:30,C0165,Dua Sayyad,R111,Veg Thali,Meal Combo,2,? 360.00, ? 720.00 , ? 263.00 ,? 194.00,Great food! The Veg Thali was delicious and well-prepared.
O00518,26-03-2024,21:15,C0141,Arahan Ali,R35,Rajma Chawal,Vegetarian,3,? 300.00, ? 900.00 , ? 238.00 ,? 186.00,The Rajma Chawal was bland and needed more seasoning.
O00519,27-03-2024,11:00,C0179,Arman Malik,R82,Sweet Corn Soup (Chicken),Starter,1,? 180.00, ? 180.00 , ? 129.00 ,? 51.00,The Sweet Corn Soup (Chicken) was a fantastic start to our meal! Perfectly crispy.
O00520,27-03-2024,20:00,C0206,Aariz Faruqi,R21,Chicken Fried Rice,Rice & Noodles,1,? 240.00, ? 240.00 , ? 182.00 ,? 58.00,It was an average Chicken Fried Rice.
O00521,27-03-2024,11:15,C0017,Wahaj Taimoor,R124,Chana Masala,Main Course,3,? 260.00, ? 780.00 , ? 185.00 ,? 225.00,The Chana Masala was excellent. Really enjoyed the meal.
O00522,27-03-2024,16:15,C0031,Rihan Momin,R32,Mutton Rogan Josh,Non-Veg Main,5,? 520.00," ? 2,600.00 ", ? 395.00 ,? 625.00,The Mutton Rogan Josh was the highlight of our meal. Absolutely delicious!
O00523,27-03-2024,12:00,C0219,Isharat Nadaf,R57,Chicken Tikka Masala,Non-Veg Main,2,? 480.00, ? 960.00 , ? 373.00 ,? 214.00,The Chicken Tikka Masala was satisfactory.
O00524,27-03-2024,18:45,C0222,Arman Ali,R43,Idli Sambar,Vegetarian,2,? 160.00, ? 320.00 , ? 119.00 ,? 82.00,A wholesome and delicious Idli Sambar. The vegetables were so fresh!
O00525,27-03-2024,10:30,C0078,Arahan Shaikh,R34,Dal Tadka,Vegetarian,5,? 260.00," ? 1,300.00 ", ? 183.00 ,? 385.00,Loved the Dal Tadka! It was a delightful and well-prepared vegetarian meal.
O00526,27-03-2024,16:15,C0181,Aman Khan,R75,Schezwan Fried Rice,Rice & Noodles,1,? 220.00, ? 220.00 , ? 160.00 ,? 60.00,The Schezwan Fried Rice was excellent. Really enjoyed the meal.
O00527,27-03-2024,17:45,C0159,Arman Taimoor,R161,Grilled Veg Panini,Snacks,4,? 140.00, ? 560.00 , ? 99.00 ,? 164.00,The Grilled Veg Panini met my expectations.
O00528,27-03-2024,19:45,C0079,Shahrukh Faruqi,R22,Paneer Tikka,Starter,2,? 280.00, ? 560.00 , ? 199.00 ,? 162.00,The Paneer Tikka was simply delicious and fresh. Highly recommended!
O00529,27-03-2024,15:45,C0304,Danish Sayyad,R54,Aloo Gobi,Vegetarian,3,? 220.00, ? 660.00 , ? 166.00 ,? 162.00,A wholesome and delicious Aloo Gobi. The vegetables were so fresh!
O00530,28-03-2024,18:45,C0083,Isharat Mujawar,R117,Vada Pav,Snack,2,? 120.00, ? 240.00 , ? 91.00 ,? 58.00,The Vada Pav was excellent. Really enjoyed the meal.
O00531,28-03-2024,22:30,C0086,Sher Momin,R134,Grilled Cheese Sandwich,Sandwiches,3,? 120.00, ? 360.00 , ? 90.00 ,? 90.00,The Grilled Cheese Sandwich was fine.
O00532,28-03-2024,22:45,C0271,Aasiya Mujawar,R105,Malai Kofta,Main Course,3,? 340.00," ? 1,020.00 ", ? 249.00 ,? 273.00,A satisfying meal. The Malai Kofta was a good choice.
O00533,28-03-2024,20:30,C0149,Aariz Nadaf,R6,Grilled Salmon,Ocean Meal,5,? 500.00," ? 2,500.00 ", ? 357.00 ,? 715.00,The Grilled Salmon was excellent. Really enjoyed the meal.
O00534,28-03-2024,20:45,C0239,Arman Momin,R26,Pasta Alfredo,Continental,4,? 320.00," ? 1,280.00 ", ? 249.00 ,? 284.00,The Pasta Alfredo was excellent. Really enjoyed the meal.
O00535,28-03-2024,18:30,C0168,Isharat Shikalkar,R57,Chicken Tikka Masala,Non-Veg Main,2,? 480.00, ? 960.00 , ? 373.00 ,? 214.00,The Chicken Tikka Masala was satisfactory.
O00536,28-03-2024,20:15,C0018,Sher Shikalkar,R137,Veg Wrap,Sandwiches,3,? 130.00, ? 390.00 , ? 92.00 ,? 114.00,A satisfying meal. The Veg Wrap was a good choice.
O00537,28-03-2024,15:15,C0322,Aasin Malik,R152,Chicken Kathi Roll,Snacks,3,? 120.00, ? 360.00 , ? 91.00 ,? 87.00,A satisfying meal. The Chicken Kathi Roll was a good choice.
O00538,28-03-2024,21:15,C0238,Aakib Malik,R137,Veg Wrap,Sandwiches,3,? 130.00, ? 390.00 , ? 92.00 ,? 114.00,The Veg Wrap could have been better.
O00539,28-03-2024,16:30,C0249,Aasiya Mujawar,R13,Gulab Jamun,Dessert,4,? 150.00, ? 600.00 , ? 117.00 ,? 132.00,The Gulab Jamun met my expectations.
O00540,29-03-2024,18:45,C0050,Dua Sayyad,R55,Jeera Rice,Rice & Noodles,4,? 180.00, ? 720.00 , ? 129.00 ,? 204.00,The Jeera Rice was excellent. Really enjoyed the meal.
O00541,29-03-2024,19:00,C0041,Aakib Shaikh,R38,Biryani Veg,Rice & Noodles,2,? 320.00, ? 640.00 , ? 233.00 ,? 174.00,The Biryani Veg met my expectations.
O00542,29-03-2024,18:00,C0317,Rihan Azam,R22,Paneer Tikka,Starter,5,? 280.00," ? 1,400.00 ", ? 199.00 ,? 405.00,It was an average Paneer Tikka.
O00543,29-03-2024,14:15,C0203,Isharat Sayyad,R30,Shahi Paneer,Vegetarian,4,? 400.00," ? 1,600.00 ", ? 281.00 ,? 476.00,A wholesome and delicious Shahi Paneer. The vegetables were so fresh!
O00544,29-03-2024,15:30,C0100,Aman Momin,R9,Palak Paneer,Vegetarian,2,? 360.00, ? 720.00 , ? 273.00 ,? 174.00,The Palak Paneer is a great choice for vegetarians. Hearty and full of flavor.
O00545,29-03-2024,22:45,C0222,Arman Ali,R149,Paneer Parantha,Breads,1,? 90.00, ? 90.00 , ? 64.00 ,? 26.00,I was not a fan of the Paneer Parantha.
O00546,29-03-2024,20:45,C0300,Dua Azam,R11,Margherita Pizza,Pizza,5,? 330.00," ? 1,650.00 ", ? 231.00 ,? 495.00,A satisfying meal. The Margherita Pizza was a good choice.
O00547,29-03-2024,18:15,C0180,Isharat Shikalkar,R117,Vada Pav,Snack,1,? 120.00, ? 120.00 , ? 91.00 ,? 29.00,The Vada Pav was excellent. Really enjoyed the meal.
O00548,29-03-2024,17:30,C0041,Aakib Shaikh,R163,Corn & Cheese Sandwich,Snacks,5,? 90.00, ? 450.00 , ? 66.00 ,? 120.00,The Corn & Cheese Sandwich was excellent. Really enjoyed the meal.
O00549,29-03-2024,21:30,C0138,Wahaj Taimoor,R20,Veg Fried Rice,Rice & Noodles,4,? 200.00, ? 800.00 , ? 145.00 ,? 220.00,A satisfying meal. The Veg Fried Rice was a good choice.
O00550,29-03-2024,14:45,C0329,Wahaj Sayyad,R77,Veg Schezwan Noodles,Rice & Noodles,1,? 240.00, ? 240.00 , ? 171.00 ,? 69.00,A satisfying meal. The Veg Schezwan Noodles was a good choice.
O00551,29-03-2024,19:00,C0144,Aasifa Mujawar,R38,Biryani Veg,Rice & Noodles,5,? 320.00," ? 1,600.00 ", ? 233.00 ,? 435.00,The Biryani Veg was fine.
O00552,29-03-2024,17:00,C0160,Shahrukh Malik,R63,Prawn Masala,Non-Veg Main,3,? 460.00," ? 1,380.00 ", ? 326.00 ,? 402.00,The Prawn Masala was too spicy for me to handle.
O00553,30-03-2024,20:00,C0043,Aakib Faruqi,R72,Chicken Spring Rolls,Starter,1,? 260.00, ? 260.00 , ? 189.00 ,? 71.00,The Chicken Spring Rolls was a fantastic start to our meal! Perfectly crispy.
O00554,30-03-2024,15:30,C0129,Sher Taimoor,R13,Gulab Jamun,Dessert,5,? 150.00, ? 750.00 , ? 117.00 ,? 165.00,The Gulab Jamun could have been better.
O00555,30-03-2024,19:00,C0175,Aasiya Momin,R147,Paneer Sandwich,Sandwiches,3,? 120.00, ? 360.00 , ? 84.00 ,? 108.00,Great food! The Paneer Sandwich was delicious and well-prepared.
O00556,30-03-2024,18:45,C0017,Wahaj Taimoor,R52,Bhindi Masala,Vegetarian,3,? 240.00, ? 720.00 , ? 175.00 ,? 195.00,Loved the Bhindi Masala! It was a delightful and well-prepared vegetarian meal.
O00557,30-03-2024,17:15,C0045,Arman Shaikh,R55,Jeera Rice,Rice & Noodles,3,? 180.00, ? 540.00 , ? 129.00 ,? 153.00,The Jeera Rice was excellent. Really enjoyed the meal.
O00558,30-03-2024,17:45,C0293,Wahaj Raes,R33,Fish Curry,Non-Veg Main,5,? 400.00," ? 2,000.00 ", ? 286.00 ,? 570.00,A truly authentic and flavorful Fish Curry. It was very satisfying.
O00559,30-03-2024,16:00,C0047,Rihan Sayyad,R23,Chicken Tikka,Starter,1,? 320.00, ? 320.00 , ? 233.00 ,? 87.00,Absolutely loved the Chicken Tikka! It was the perfect appetizer to get us started.
O00560,30-03-2024,21:15,C0284,Sher Shaikh,R35,Rajma Chawal,Vegetarian,3,? 300.00, ? 900.00 , ? 238.00 ,? 186.00,A wholesome and delicious Rajma Chawal. The vegetables were so fresh!
O00561,30-03-2024,19:45,C0119,Shahrukh Azam,R12,Veggie Burger,Burger,5,? 250.00," ? 1,250.00 ", ? 199.00 ,? 255.00,The Veggie Burger could have been better.
O00562,30-03-2024,13:00,C0047,Rihan Sayyad,R15,Tiramisu,Dessert,2,? 280.00, ? 560.00 , ? 201.00 ,? 158.00,The Tiramisu was not what I expected.
O00563,30-03-2024,19:00,C0228,Isharat Momin,R80,Hot & Sour Soup (Chicken),Starter,1,? 200.00, ? 200.00 , ? 159.00 ,? 41.00,"The Hot & Sour Soup (Chicken) was decent, but nothing special."
O00564,30-03-2024,11:45,C0212,Shahrukh Mujawar,R33,Fish Curry,Non-Veg Main,3,? 400.00," ? 1,200.00 ", ? 286.00 ,? 342.00,The meat in the Fish Curry was a bit tough and chewy.
O00565,31-03-2024,11:30,C0073,Moh Saad Taimoor,R86,Chicken Momos,Starter,5,? 220.00," ? 1,100.00 ", ? 170.00 ,? 250.00,The Chicken Momos was cold when it arrived at our table.
O00566,31-03-2024,19:15,C0254,Sultan Ali,R120,Pani Puri,Snack,1,? 100.00, ? 100.00 , ? 74.00 ,? 26.00,Great food! The Pani Puri was delicious and well-prepared.
O00567,31-03-2024,22:00,C0324,Aasifa Faruqi,R18,Veg Hakka Noodles,Rice & Noodles,2,? 220.00, ? 440.00 , ? 165.00 ,? 110.00,A satisfying meal. The Veg Hakka Noodles was a good choice.
O00568,31-03-2024,13:00,C0150,Aman Ali,R78,Chicken Schezwan Noodles,Rice & Noodles,3,? 280.00, ? 840.00 , ? 218.00 ,? 186.00,The Chicken Schezwan Noodles was not what I expected.
O00569,31-03-2024,18:00,C0189,Dua Faruqi,R87,Paneer Momos,Starter,1,? 200.00, ? 200.00 , ? 155.00 ,? 45.00,Absolutely loved the Paneer Momos! It was the perfect appetizer to get us started.
O00570,01-04-2024,10:00,C0310,Ayeza Faruqi,R68,Chicken Manchurian,Starter,1,? 280.00, ? 280.00 , ? 205.00 ,? 75.00,It was an average Chicken Manchurian.
O00571,01-04-2024,18:30,C0166,Nikhat Taimoor,R160,Chicken Caesar Wrap,Snacks,3,? 150.00, ? 450.00 , ? 109.00 ,? 123.00,A satisfying meal. The Chicken Caesar Wrap was a good choice.
O00572,01-04-2024,18:15,C0251,Aakib Khan,R116,Uttapam,South Indian,1,? 220.00, ? 220.00 , ? 170.00 ,? 50.00,The Uttapam was not what I expected.
O00573,01-04-2024,14:15,C0027,Arman Faruqi,R47,Hyderabadi Haleem,Non-Veg Main,2,? 500.00," ? 1,000.00 ", ? 395.00 ,? 210.00,A truly authentic and flavorful Hyderabadi Haleem. It was very satisfying.
O00574,01-04-2024,18:00,C0188,Sher Raes,R124,Chana Masala,Main Course,4,? 260.00," ? 1,040.00 ", ? 185.00 ,? 300.00,Great food! The Chana Masala was delicious and well-prepared.
O00575,01-04-2024,14:45,C0306,Arman Malik,R28,Caesar Salad,Salad,2,? 280.00, ? 560.00 , ? 210.00 ,? 140.00,The Caesar Salad could have been better.
O00576,01-04-2024,17:00,C0243,Imran Sayyad,R43,Idli Sambar,Vegetarian,4,? 160.00, ? 640.00 , ? 119.00 ,? 164.00,Loved the Idli Sambar! It was a delightful and well-prepared vegetarian meal.
O00577,01-04-2024,14:15,C0220,Rihan Mujawar,R83,Veg Clear Soup,Starter,3,? 120.00, ? 360.00 , ? 84.00 ,? 108.00,Absolutely loved the Veg Clear Soup! It was the perfect appetizer to get us started.
O00578,01-04-2024,10:00,C0244,Arahan Raes,R158,Cheese Garlic Bread,Breads,1,? 110.00, ? 110.00 , ? 85.00 ,? 25.00,The Cheese Garlic Bread met my expectations.
O00579,01-04-2024,11:30,C0306,Arman Malik,R64,Crab Curry,Non-Veg Main,4,? 520.00," ? 2,080.00 ", ? 374.00 ,? 584.00,A truly authentic and flavorful Crab Curry. It was very satisfying.
O00580,01-04-2024,10:15,C0005,Aasin Azam,R153,Paneer Bhurji Sandwich,Snacks,5,? 75.00, ? 375.00 , ? 59.00 ,? 80.00,The Paneer Bhurji Sandwich was excellent. Really enjoyed the meal.
O00581,01-04-2024,12:45,C0267,Moh Saad Faruqi,R21,Chicken Fried Rice,Rice & Noodles,5,? 240.00," ? 1,200.00 ", ? 182.00 ,? 290.00,The Chicken Fried Rice met my expectations.
O00582,02-04-2024,15:30,C0326,Aman Sayyad,R155,Tuna Melt Sandwich,Snacks,4,? 140.00, ? 560.00 , ? 100.00 ,? 160.00,A satisfying meal. The Tuna Melt Sandwich was a good choice.
O00583,02-04-2024,16:15,C0200,Aariz Taimoor,R166,Smoked Chicken Sub,Snacks,3,? 160.00, ? 480.00 , ? 112.00 ,? 144.00,The Smoked Chicken Sub was excellent. Really enjoyed the meal.
O00584,02-04-2024,12:00,C0009,Shamsher Khan,R120,Pani Puri,Snack,1,? 100.00, ? 100.00 , ? 74.00 ,? 26.00,The Pani Puri was fine.
O00585,02-04-2024,14:15,C0226,Aman Taimoor,R166,Smoked Chicken Sub,Snacks,4,? 160.00, ? 640.00 , ? 112.00 ,? 192.00,The Smoked Chicken Sub was fine.
O00586,02-04-2024,21:00,C0227,Nikhat Taimoor,R152,Chicken Kathi Roll,Snacks,3,? 120.00, ? 360.00 , ? 91.00 ,? 87.00,The Chicken Kathi Roll was fine.
O00587,02-04-2024,10:15,C0309,Arman Faruqi,R25,Spring Rolls,Starter,1,? 220.00, ? 220.00 , ? 164.00 ,? 56.00,"The Spring Rolls was decent, but nothing special."
O00588,02-04-2024,15:00,C0006,Imran Taimoor,R23,Chicken Tikka,Starter,5,? 320.00," ? 1,600.00 ", ? 233.00 ,? 435.00,Absolutely loved the Chicken Tikka! It was the perfect appetizer to get us started.
O00589,02-04-2024,22:15,C0319,Sultan Raes,R84,Chicken Clear Soup,Starter,4,? 160.00, ? 640.00 , ? 125.00 ,? 140.00,The Chicken Clear Soup was a fantastic start to our meal! Perfectly crispy.
O00590,02-04-2024,16:00,C0093,Aakib Raes,R139,Chicken Sub,Sandwiches,1,? 180.00, ? 180.00 , ? 137.00 ,? 43.00,I was not a fan of the Chicken Sub.
O00591,02-04-2024,20:15,C0044,Shamsher Mujawar,R103,Fish Curry (Goan),Main Course,4,? 380.00," ? 1,520.00 ", ? 289.00 ,? 364.00,The Fish Curry (Goan) was excellent. Really enjoyed the meal.
O00592,02-04-2024,18:30,C0094,Rihan Ali,R20,Veg Fried Rice,Rice & Noodles,4,? 200.00, ? 800.00 , ? 145.00 ,? 220.00,Great food! The Veg Fried Rice was delicious and well-prepared.
O00593,02-04-2024,16:30,C0316,Shamsher Mujawar,R20,Veg Fried Rice,Rice & Noodles,4,? 200.00, ? 800.00 , ? 145.00 ,? 220.00,Great food! The Veg Fried Rice was delicious and well-prepared.
O00594,02-04-2024,12:45,C0010,Kaif Azam,R59,Veg Pulao,Rice & Noodles,1,? 240.00, ? 240.00 , ? 190.00 ,? 50.00,The Veg Pulao was excellent. Really enjoyed the meal.
O00595,02-04-2024,21:30,C0157,Arahan Azam,R63,Prawn Masala,Non-Veg Main,4,? 460.00," ? 1,840.00 ", ? 326.00 ,? 536.00,The Prawn Masala was the highlight of our meal. Absolutely delicious!
O00596,02-04-2024,15:00,C0255,Shamsher Malik,R138,Veggie Sub,Sandwiches,3,? 150.00, ? 450.00 , ? 105.00 ,? 135.00,Great food! The Veggie Sub was delicious and well-prepared.
O00597,02-04-2024,21:15,C0004,Ayeza Ali,R124,Chana Masala,Main Course,5,? 260.00," ? 1,300.00 ", ? 185.00 ,? 375.00,I was not a fan of the Chana Masala.
O00598,02-04-2024,21:30,C0010,Kaif Azam,R78,Chicken Schezwan Noodles,Rice & Noodles,1,? 280.00, ? 280.00 , ? 218.00 ,? 62.00,The Chicken Schezwan Noodles could have been better.
O00599,03-04-2024,13:45,C0065,Shamsher Faruqi,R43,Idli Sambar,Vegetarian,5,? 160.00, ? 800.00 , ? 119.00 ,? 205.00,A wholesome and delicious Idli Sambar. The vegetables were so fresh!
O00600,03-04-2024,12:00,C0226,Aman Taimoor,R32,Mutton Rogan Josh,Non-Veg Main,4,? 520.00," ? 2,080.00 ", ? 395.00 ,? 500.00,The Mutton Rogan Josh was alright. It was cooked well but the flavor was average.
O00601,03-04-2024,11:30,C0062,Ayeza Nadaf,R158,Cheese Garlic Bread,Breads,1,? 110.00, ? 110.00 , ? 85.00 ,? 25.00,The Cheese Garlic Bread was excellent. Really enjoyed the meal.
O00602,03-04-2024,11:15,C0195,Aasin Malik,R83,Veg Clear Soup,Starter,3,? 120.00, ? 360.00 , ? 84.00 ,? 108.00,The Veg Clear Soup was simply delicious and fresh. Highly recommended!
O00603,03-04-2024,15:45,C0271,Aasiya Mujawar,R161,Grilled Veg Panini,Snacks,4,? 140.00, ? 560.00 , ? 99.00 ,? 164.00,A satisfying meal. The Grilled Veg Panini was a good choice.
O00604,03-04-2024,21:30,C0234,Moh Saad Faruqi,R64,Crab Curry,Non-Veg Main,4,? 520.00," ? 2,080.00 ", ? 374.00 ,? 584.00,"It was a standard Crab Curry, nothing out of the ordinary."
O00605,03-04-2024,12:15,C0059,Aman Momin,R53,Baingan Bharta,Vegetarian,5,? 260.00," ? 1,300.00 ", ? 195.00 ,? 325.00,The Baingan Bharta is a great choice for vegetarians. Hearty and full of flavor.
O00606,03-04-2024,20:00,C0323,Wahaj Ali,R20,Veg Fried Rice,Rice & Noodles,2,? 200.00, ? 400.00 , ? 145.00 ,? 110.00,The Veg Fried Rice was excellent. Really enjoyed the meal.
O00607,03-04-2024,14:15,C0041,Aakib Shaikh,R131,Butter Naan,Breads,1,? 60.00, ? 60.00 , ? 45.00 ,? 15.00,I was not a fan of the Butter Naan.
O00608,03-04-2024,17:45,C0066,Abdul Rahim Mujawar,R29,Greek Salad,Salad,1,? 260.00, ? 260.00 , ? 197.00 ,? 63.00,Great food! The Greek Salad was delicious and well-prepared.
O00609,03-04-2024,17:15,C0176,Abdul Rahim Shikalkar,R149,Paneer Parantha,Breads,5,? 90.00, ? 450.00 , ? 64.00 ,? 130.00,The Paneer Parantha was excellent. Really enjoyed the meal.
O00610,04-04-2024,17:45,C0309,Arman Faruqi,R61,Vegetable Korma,Vegetarian,4,? 320.00," ? 1,280.00 ", ? 243.00 ,? 308.00,The Vegetable Korma was bland and needed more seasoning.
O00611,04-04-2024,13:30,C0178,Wahaj Sayyad,R142,Paneer Burger,Fast Food,5,? 140.00, ? 700.00 , ? 110.00 ,? 150.00,The Paneer Burger was excellent. Really enjoyed the meal.
O00612,04-04-2024,11:45,C0309,Arman Faruqi,R77,Veg Schezwan Noodles,Rice & Noodles,1,? 240.00, ? 240.00 , ? 171.00 ,? 69.00,Great food! The Veg Schezwan Noodles was delicious and well-prepared.
O00613,04-04-2024,21:30,C0075,Rihan Raes,R112,Non-Veg Thali,Meal Combo,5,? 440.00," ? 2,200.00 ", ? 322.00 ,? 590.00,Great food! The Non-Veg Thali was delicious and well-prepared.
O00614,04-04-2024,22:15,C0249,Aasiya Mujawar,R60,Egg Biryani,Rice & Noodles,5,? 340.00," ? 1,700.00 ", ? 268.00 ,? 360.00,I was not a fan of the Egg Biryani.
O00615,04-04-2024,22:15,C0061,Shamsher Raes,R124,Chana Masala,Main Course,2,? 260.00, ? 520.00 , ? 185.00 ,? 150.00,Great food! The Chana Masala was delicious and well-prepared.
O00616,04-04-2024,13:15,C0212,Shahrukh Mujawar,R134,Grilled Cheese Sandwich,Sandwiches,4,? 120.00, ? 480.00 , ? 90.00 ,? 120.00,I was not a fan of the Grilled Cheese Sandwich.
O00617,04-04-2024,20:15,C0132,Sultan Momin,R71,Veg Spring Rolls,Starter,4,? 220.00, ? 880.00 , ? 162.00 ,? 232.00,The Veg Spring Rolls was a fantastic start to our meal! Perfectly crispy.
O00618,04-04-2024,14:15,C0191,Imran Shikalkar,R8,Paneer Butter Masala,Vegetarian,3,? 380.00," ? 1,140.00 ", ? 298.00 ,? 246.00,The Paneer Butter Masala was as expected.
O00619,04-04-2024,12:00,C0225,Arman Faruqi,R27,Pasta Arrabbiata,Continental,1,? 300.00, ? 300.00 , ? 215.00 ,? 85.00,A satisfying meal. The Pasta Arrabbiata was a good choice.
O00620,04-04-2024,18:00,C0213,Aakib Ali,R4,Chicken Biryani,Rice Meal,2,? 440.00, ? 880.00 , ? 334.00 ,? 212.00,The Chicken Biryani was fine.
O00621,04-04-2024,18:30,C0234,Moh Saad Faruqi,R21,Chicken Fried Rice,Rice & Noodles,2,? 240.00, ? 480.00 , ? 182.00 ,? 116.00,I was not a fan of the Chicken Fried Rice.
O00622,05-04-2024,11:00,C0196,Arman Taimoor,R135,Paneer Kathi Roll,Street Food,4,? 140.00, ? 560.00 , ? 103.00 ,? 148.00,The Paneer Kathi Roll was not what I expected.
O00623,05-04-2024,10:00,C0250,Isharat Azam,R89,Fried Momos (Chicken),Starter,5,? 240.00," ? 1,200.00 ", ? 176.00 ,? 320.00,The Fried Momos (Chicken) was a fantastic start to our meal! Perfectly crispy.
O00624,05-04-2024,17:45,C0129,Sher Taimoor,R26,Pasta Alfredo,Continental,4,? 320.00," ? 1,280.00 ", ? 249.00 ,? 284.00,Great food! The Pasta Alfredo was delicious and well-prepared.
O00625,05-04-2024,18:15,C0320,Sultan Momin,R30,Shahi Paneer,Vegetarian,1,? 400.00, ? 400.00 , ? 281.00 ,? 119.00,I found the Shahi Paneer to be a bit watery.
O00626,05-04-2024,12:45,C0250,Isharat Azam,R40,Mutton Biryani,Rice & Noodles,4,? 480.00," ? 1,920.00 ", ? 340.00 ,? 560.00,The Mutton Biryani could have been better.
O00627,05-04-2024,12:15,C0060,Nikhat Khan,R21,Chicken Fried Rice,Rice & Noodles,2,? 240.00, ? 480.00 , ? 182.00 ,? 116.00,A satisfying meal. The Chicken Fried Rice was a good choice.
O00628,06-04-2024,21:00,C0186,Aariz Khan,R35,Rajma Chawal,Vegetarian,3,? 300.00, ? 900.00 , ? 238.00 ,? 186.00,Loved the Rajma Chawal! It was a delightful and well-prepared vegetarian meal.
O00629,06-04-2024,11:30,C0200,Aariz Taimoor,R78,Chicken Schezwan Noodles,Rice & Noodles,5,? 280.00," ? 1,400.00 ", ? 218.00 ,? 310.00,A satisfying meal. The Chicken Schezwan Noodles was a good choice.
O00630,06-04-2024,17:15,C0063,Aasiya Malik,R13,Gulab Jamun,Dessert,1,? 150.00, ? 150.00 , ? 117.00 ,? 33.00,It was an average Gulab Jamun.
O00631,06-04-2024,19:00,C0209,Aasiya Malik,R82,Sweet Corn Soup (Chicken),Starter,2,? 180.00, ? 360.00 , ? 129.00 ,? 102.00,The Sweet Corn Soup (Chicken) was cold when it arrived at our table.
O00632,06-04-2024,22:00,C0272,Aasifa Raes,R7,Butter Chicken,Meat Special,5,? 495.00," ? 2,475.00 ", ? 349.00 ,? 730.00,A satisfying meal. The Butter Chicken was a good choice.
O00633,06-04-2024,13:00,C0266,Aasifa Sayyad,R10,Pepperoni Pizza,Pizza,1,? 368.00, ? 368.00 , ? 283.00 ,? 85.00,A satisfying meal. The Pepperoni Pizza was a good choice.
O00634,06-04-2024,20:00,C0006,Imran Taimoor,R88,Fried Momos (Veg),Starter,5,? 200.00," ? 1,000.00 ", ? 141.00 ,? 295.00,Wasn't very impressed with the Fried Momos (Veg). It lacked flavor.
O00635,06-04-2024,11:30,C0148,Aakib Momin,R147,Paneer Sandwich,Sandwiches,1,? 120.00, ? 120.00 , ? 84.00 ,? 36.00,The Paneer Sandwich could have been better.
O00636,06-04-2024,20:30,C0224,Nikhat Mujawar,R116,Uttapam,South Indian,5,? 220.00," ? 1,100.00 ", ? 170.00 ,? 250.00,Great food! The Uttapam was delicious and well-prepared.
O00637,06-04-2024,15:00,C0101,Aariz Malik,R160,Chicken Caesar Wrap,Snacks,3,? 150.00, ? 450.00 , ? 109.00 ,? 123.00,The Chicken Caesar Wrap could have been better.
O00638,06-04-2024,22:45,C0033,Arahan Azam,R117,Vada Pav,Snack,4,? 120.00, ? 480.00 , ? 91.00 ,? 116.00,The Vada Pav was not what I expected.
O00639,06-04-2024,19:30,C0074,Moh Saad Malik,R46,Onion Uttapam,Vegetarian,5,? 160.00, ? 800.00 , ? 112.00 ,? 240.00,The Onion Uttapam was as expected.
O00640,07-04-2024,17:15,C0039,Aasifa Shaikh,R16,Ice Cream Sundae,Dessert,3,? 200.00, ? 600.00 , ? 143.00 ,? 171.00,A satisfying meal. The Ice Cream Sundae was a good choice.
O00641,07-04-2024,19:30,C0037,Wahaj Malik,R138,Veggie Sub,Sandwiches,1,? 150.00, ? 150.00 , ? 105.00 ,? 45.00,The Veggie Sub was excellent. Really enjoyed the meal.
O00642,07-04-2024,14:15,C0092,Sultan Shaikh,R100,Biryani (Veg),Rice,3,? 320.00, ? 960.00 , ? 251.00 ,? 207.00,The Biryani (Veg) was excellent. Really enjoyed the meal.
O00643,07-04-2024,19:15,C0166,Nikhat Taimoor,R13,Gulab Jamun,Dessert,4,? 150.00, ? 600.00 , ? 117.00 ,? 132.00,The Gulab Jamun could have been better.
O00644,07-04-2024,13:15,C0184,Kaif Sayyad,R34,Dal Tadka,Vegetarian,3,? 260.00, ? 780.00 , ? 183.00 ,? 231.00,The Dal Tadka is a great choice for vegetarians. Hearty and full of flavor.
O00645,07-04-2024,16:15,C0271,Aasiya Mujawar,R73,Chili Paneer,Starter,3,? 280.00, ? 840.00 , ? 219.00 ,? 183.00,The Chili Paneer was simply delicious and fresh. Highly recommended!
O00646,07-04-2024,19:00,C0131,Aasin Ali,R42,Masala Dosa,Vegetarian,2,? 180.00, ? 360.00 , ? 138.00 ,? 84.00,The Masala Dosa was bland and needed more seasoning.
O00647,07-04-2024,19:00,C0232,Aariz Raes,R84,Chicken Clear Soup,Starter,1,? 160.00, ? 160.00 , ? 125.00 ,? 35.00,The Chicken Clear Soup was simply delicious and fresh. Highly recommended!
O00648,08-04-2024,10:00,C0071,Arman Azam,R160,Chicken Caesar Wrap,Snacks,1,? 150.00, ? 150.00 , ? 109.00 ,? 41.00,A satisfying meal. The Chicken Caesar Wrap was a good choice.
O00649,08-04-2024,18:30,C0330,Kaif Momin,R43,Idli Sambar,Vegetarian,2,? 160.00, ? 320.00 , ? 119.00 ,? 82.00,"It was an okay Idli Sambar, but I've had better."
O00650,08-04-2024,21:30,C0047,Rihan Sayyad,R50,Kadai Paneer,Vegetarian,5,? 360.00," ? 1,800.00 ", ? 275.00 ,? 425.00,The Kadai Paneer was bland and needed more seasoning.
O00651,08-04-2024,14:00,C0004,Ayeza Ali,R153,Paneer Bhurji Sandwich,Snacks,3,? 75.00, ? 225.00 , ? 59.00 ,? 48.00,The Paneer Bhurji Sandwich was excellent. Really enjoyed the meal.
O00652,08-04-2024,10:30,C0031,Rihan Momin,R7,Butter Chicken,Meat Special,4,? 495.00," ? 1,980.00 ", ? 349.00 ,? 584.00,Great food! The Butter Chicken was delicious and well-prepared.
O00653,08-04-2024,22:00,C0269,Aakib Nadaf,R45,Medu Vada,Vegetarian,3,? 150.00, ? 450.00 , ? 112.00 ,? 114.00,"It was an okay Medu Vada, but I've had better."
O00654,08-04-2024,18:15,C0099,Aariz Faruqi,R116,Uttapam,South Indian,2,? 220.00, ? 440.00 , ? 170.00 ,? 100.00,Great food! The Uttapam was delicious and well-prepared.
O00655,08-04-2024,10:30,C0067,Sultan Ali,R128,Matar Paneer,Main Course,4,? 340.00," ? 1,360.00 ", ? 263.00 ,? 308.00,The Matar Paneer was fine.
O00656,08-04-2024,22:30,C0068,Abdul Rahim Shaikh,R55,Jeera Rice,Rice & Noodles,1,? 180.00, ? 180.00 , ? 129.00 ,? 51.00,A satisfying meal. The Jeera Rice was a good choice.
O00657,08-04-2024,11:45,C0204,Aasifa Faruqi,R156,Veg Paneer Wrap,Snacks,4,? 95.00, ? 380.00 , ? 74.00 ,? 84.00,Great food! The Veg Paneer Wrap was delicious and well-prepared.
O00658,08-04-2024,22:45,C0247,Shahrukh Sayyad,R63,Prawn Masala,Non-Veg Main,5,? 460.00," ? 2,300.00 ", ? 326.00 ,? 670.00,The meat in the Prawn Masala was a bit tough and chewy.
O00659,09-04-2024,22:45,C0080,Sher Khan,R161,Grilled Veg Panini,Snacks,1,? 140.00, ? 140.00 , ? 99.00 ,? 41.00,A satisfying meal. The Grilled Veg Panini was a good choice.
O00660,09-04-2024,12:15,C0056,Aasifa Khan,R79,Hot & Sour Soup (Veg),Starter,4,? 160.00, ? 640.00 , ? 113.00 ,? 188.00,Absolutely loved the Hot & Sour Soup (Veg)! It was the perfect appetizer to get us started.
O00661,09-04-2024,10:45,C0265,Aasin Ali,R82,Sweet Corn Soup (Chicken),Starter,2,? 180.00, ? 360.00 , ? 129.00 ,? 102.00,Wasn't very impressed with the Sweet Corn Soup (Chicken). It lacked flavor.
O00662,09-04-2024,10:00,C0048,Abdul Rahim Malik,R12,Veggie Burger,Burger,1,? 250.00, ? 250.00 , ? 199.00 ,? 51.00,The Veggie Burger was not what I expected.
O00663,09-04-2024,13:00,C0107,Aasifa Faruqi,R156,Veg Paneer Wrap,Snacks,1,? 95.00, ? 95.00 , ? 74.00 ,? 21.00,The Veg Paneer Wrap was excellent. Really enjoyed the meal.
O00664,09-04-2024,11:00,C0054,Shamsher Ali,R83,Veg Clear Soup,Starter,2,? 120.00, ? 240.00 , ? 84.00 ,? 72.00,Absolutely loved the Veg Clear Soup! It was the perfect appetizer to get us started.
O00665,09-04-2024,11:15,C0309,Arman Faruqi,R25,Spring Rolls,Starter,3,? 220.00, ? 660.00 , ? 164.00 ,? 168.00,The Spring Rolls was simply delicious and fresh. Highly recommended!
O00666,09-04-2024,17:45,C0245,Wahaj Taimoor,R140,Paneer Frankie,Street Food,2,? 130.00, ? 260.00 , ? 95.00 ,? 70.00,A satisfying meal. The Paneer Frankie was a good choice.
O00667,09-04-2024,20:45,C0253,Kaif Sayyad,R25,Spring Rolls,Starter,4,? 220.00, ? 880.00 , ? 164.00 ,? 224.00,It was an average Spring Rolls.
O00668,10-04-2024,13:45,C0292,Arahan Taimoor,R151,Veg Frankie Roll,Snacks,1,? 80.00, ? 80.00 , ? 62.00 ,? 18.00,A satisfying meal. The Veg Frankie Roll was a good choice.
O00669,10-04-2024,19:30,C0164,Aakib Malik,R6,Grilled Salmon,Ocean Meal,5,? 500.00," ? 2,500.00 ", ? 357.00 ,? 715.00,The Grilled Salmon met my expectations.
O00670,10-04-2024,15:45,C0206,Aariz Faruqi,R64,Crab Curry,Non-Veg Main,3,? 520.00," ? 1,560.00 ", ? 374.00 ,? 438.00,The Crab Curry was too spicy for me to handle.
O00671,10-04-2024,17:00,C0220,Rihan Mujawar,R142,Paneer Burger,Fast Food,5,? 140.00, ? 700.00 , ? 110.00 ,? 150.00,The Paneer Burger met my expectations.
O00672,10-04-2024,14:45,C0153,Nikhat Malik,R87,Paneer Momos,Starter,5,? 200.00," ? 1,000.00 ", ? 155.00 ,? 225.00,The Paneer Momos was a fantastic start to our meal! Perfectly crispy.
O00673,10-04-2024,12:15,C0087,Moh Saad Mujawar,R29,Greek Salad,Salad,4,? 260.00," ? 1,040.00 ", ? 197.00 ,? 252.00,The Greek Salad was excellent. Really enjoyed the meal.
O00674,10-04-2024,16:15,C0306,Arman Malik,R142,Paneer Burger,Fast Food,5,? 140.00, ? 700.00 , ? 110.00 ,? 150.00,The Paneer Burger met my expectations.
O00675,10-04-2024,18:00,C0210,Sultan Nadaf,R144,Paneer Shawarma,Street Food,1,? 150.00, ? 150.00 , ? 111.00 ,? 39.00,The Paneer Shawarma could have been better.
O00676,11-04-2024,14:15,C0102,Aasifa Taimoor,R63,Prawn Masala,Non-Veg Main,4,? 460.00," ? 1,840.00 ", ? 326.00 ,? 536.00,The Prawn Masala was the highlight of our meal. Absolutely delicious!
O00677,11-04-2024,20:45,C0112,Shahrukh Sayyad,R28,Caesar Salad,Salad,1,? 280.00, ? 280.00 , ? 210.00 ,? 70.00,The Caesar Salad met my expectations.
O00678,11-04-2024,12:00,C0229,Aasin Khan,R42,Masala Dosa,Vegetarian,2,? 180.00, ? 360.00 , ? 138.00 ,? 84.00,A wholesome and delicious Masala Dosa. The vegetables were so fresh!
O00679,11-04-2024,21:15,C0179,Arman Malik,R74,Chili Chicken,Starter,2,? 340.00, ? 680.00 , ? 250.00 ,? 180.00,The Chili Chicken was a fantastic start to our meal! Perfectly crispy.
O00680,11-04-2024,22:00,C0116,Arman Khan,R68,Chicken Manchurian,Starter,5,? 280.00," ? 1,400.00 ", ? 205.00 ,? 375.00,Absolutely loved the Chicken Manchurian! It was the perfect appetizer to get us started.
O00681,12-04-2024,12:00,C0260,Danish Ali,R60,Egg Biryani,Rice & Noodles,4,? 340.00," ? 1,360.00 ", ? 268.00 ,? 288.00,It was an average Egg Biryani.
O00682,12-04-2024,19:30,C0229,Aasin Khan,R45,Medu Vada,Vegetarian,5,? 150.00, ? 750.00 , ? 112.00 ,? 190.00,Loved the Medu Vada! It was a delightful and well-prepared vegetarian meal.
O00683,12-04-2024,19:00,C0143,Sultan Mujawar,R111,Veg Thali,Meal Combo,2,? 360.00, ? 720.00 , ? 263.00 ,? 194.00,The Veg Thali met my expectations.
O00684,12-04-2024,13:15,C0130,Aakib Shikalkar,R2,Mushroom Soup,Starter,5,? 200.00," ? 1,000.00 ", ? 159.00 ,? 205.00,The Mushroom Soup was a bit too oily for my liking.
O00685,12-04-2024,15:30,C0295,Sultan Taimoor,R117,Vada Pav,Snack,3,? 120.00, ? 360.00 , ? 91.00 ,? 87.00,A satisfying meal. The Vada Pav was a good choice.
O00686,12-04-2024,22:45,C0283,Shahrukh Sayyad,R38,Biryani Veg,Rice & Noodles,2,? 320.00, ? 640.00 , ? 233.00 ,? 174.00,It was an average Biryani Veg.
O00687,12-04-2024,21:15,C0130,Aakib Shikalkar,R154,Egg Mayo Sandwich,Snacks,4,? 85.00, ? 340.00 , ? 66.00 ,? 76.00,Great food! The Egg Mayo Sandwich was delicious and well-prepared.
O00688,12-04-2024,10:15,C0102,Aasifa Taimoor,R8,Paneer Butter Masala,Vegetarian,1,? 380.00, ? 380.00 , ? 298.00 ,? 82.00,Loved the Paneer Butter Masala! It was a delightful and well-prepared vegetarian meal.
O00689,12-04-2024,15:15,C0046,Nikhat Taimoor,R45,Medu Vada,Vegetarian,5,? 150.00, ? 750.00 , ? 112.00 ,? 190.00,The Medu Vada is a great choice for vegetarians. Hearty and full of flavor.
O00690,12-04-2024,10:45,C0104,Sultan Nadaf,R30,Shahi Paneer,Vegetarian,1,? 400.00, ? 400.00 , ? 281.00 ,? 119.00,A wholesome and delicious Shahi Paneer. The vegetables were so fresh!
O00691,12-04-2024,22:30,C0065,Shamsher Faruqi,R21,Chicken Fried Rice,Rice & Noodles,1,? 240.00, ? 240.00 , ? 182.00 ,? 58.00,The Chicken Fried Rice met my expectations.
O00692,12-04-2024,20:45,C0107,Aasifa Faruqi,R105,Malai Kofta,Main Course,1,? 340.00, ? 340.00 , ? 249.00 ,? 91.00,The Malai Kofta was excellent. Really enjoyed the meal.
O00693,12-04-2024,21:00,C0066,Abdul Rahim Mujawar,R161,Grilled Veg Panini,Snacks,1,? 140.00, ? 140.00 , ? 99.00 ,? 41.00,The Grilled Veg Panini was not what I expected.
O00694,12-04-2024,16:15,C0256,Arman Faruqi,R72,Chicken Spring Rolls,Starter,3,? 260.00, ? 780.00 , ? 189.00 ,? 213.00,The Chicken Spring Rolls was a fantastic start to our meal! Perfectly crispy.
O00695,13-04-2024,12:45,C0175,Aasiya Momin,R145,Chicken Shawarma,Street Food,5,? 170.00, ? 850.00 , ? 131.00 ,? 195.00,The Chicken Shawarma was excellent. Really enjoyed the meal.
O00696,13-04-2024,14:30,C0325,Aakib Momin,R5,Mutton Biryani,Rice Meal,3,? 490.00," ? 1,470.00 ", ? 350.00 ,? 420.00,The Mutton Biryani met my expectations.
O00697,13-04-2024,12:15,C0041,Aakib Shaikh,R127,Kadhi Pakora,Main Course,1,? 300.00, ? 300.00 , ? 231.00 ,? 69.00,I was not a fan of the Kadhi Pakora.
O00698,13-04-2024,11:00,C0123,Abdul Rahim Faruqi,R79,Hot & Sour Soup (Veg),Starter,3,? 160.00, ? 480.00 , ? 113.00 ,? 141.00,Absolutely loved the Hot & Sour Soup (Veg)! It was the perfect appetizer to get us started.
O00699,13-04-2024,20:30,C0198,Danish Faruqi,R55,Jeera Rice,Rice & Noodles,4,? 180.00, ? 720.00 , ? 129.00 ,? 204.00,It was an average Jeera Rice.
O00700,13-04-2024,18:45,C0181,Aman Khan,R52,Bhindi Masala,Vegetarian,5,? 240.00," ? 1,200.00 ", ? 175.00 ,? 325.00,The Bhindi Masala is a great choice for vegetarians. Hearty and full of flavor.
O00701,13-04-2024,22:00,C0231,Danish Momin,R138,Veggie Sub,Sandwiches,5,? 150.00, ? 750.00 , ? 105.00 ,? 225.00,The Veggie Sub met my expectations.
O00702,13-04-2024,15:30,C0216,Sultan Khan,R29,Greek Salad,Salad,5,? 260.00," ? 1,300.00 ", ? 197.00 ,? 315.00,Great food! The Greek Salad was delicious and well-prepared.
O00703,13-04-2024,17:15,C0012,Abdul Rahim Malik,R131,Butter Naan,Breads,3,? 60.00, ? 180.00 , ? 45.00 ,? 45.00,Great food! The Butter Naan was delicious and well-prepared.
O00704,13-04-2024,22:30,C0277,Shamsher Faruqi,R137,Veg Wrap,Sandwiches,2,? 130.00, ? 260.00 , ? 92.00 ,? 76.00,The Veg Wrap was excellent. Really enjoyed the meal.
O00705,13-04-2024,11:30,C0193,Anis Nadaf,R74,Chili Chicken,Starter,3,? 340.00," ? 1,020.00 ", ? 250.00 ,? 270.00,The Chili Chicken was simply delicious and fresh. Highly recommended!
O00706,13-04-2024,22:30,C0050,Dua Sayyad,R131,Butter Naan,Breads,5,? 60.00, ? 300.00 , ? 45.00 ,? 75.00,A satisfying meal. The Butter Naan was a good choice.
O00707,14-04-2024,12:00,C0002,Dua Khan,R74,Chili Chicken,Starter,5,? 340.00," ? 1,700.00 ", ? 250.00 ,? 450.00,The Chili Chicken was a fantastic start to our meal! Perfectly crispy.
O00708,14-04-2024,14:45,C0300,Dua Azam,R85,Veg Momos,Starter,1,? 180.00, ? 180.00 , ? 138.00 ,? 42.00,The Veg Momos was simply delicious and fresh. Highly recommended!
O00709,14-04-2024,14:30,C0302,Shamsher Ali,R1,Tomato Soup,Starter,2,? 180.00, ? 360.00 , ? 132.00 ,? 96.00,It was an average Tomato Soup.
O00710,15-04-2024,10:15,C0106,Aasin Mujawar,R88,Fried Momos (Veg),Starter,2,? 200.00, ? 400.00 , ? 141.00 ,? 118.00,The Fried Momos (Veg) was simply delicious and fresh. Highly recommended!
O00711,15-04-2024,10:30,C0104,Sultan Nadaf,R45,Medu Vada,Vegetarian,3,? 150.00, ? 450.00 , ? 112.00 ,? 114.00,The Medu Vada is a great choice for vegetarians. Hearty and full of flavor.
O00712,15-04-2024,21:45,C0162,Shamsher Mujawar,R4,Chicken Biryani,Rice Meal,4,? 440.00," ? 1,760.00 ", ? 334.00 ,? 424.00,Great food! The Chicken Biryani was delicious and well-prepared.
O00713,15-04-2024,15:00,C0322,Aasin Malik,R26,Pasta Alfredo,Continental,2,? 320.00, ? 640.00 , ? 249.00 ,? 142.00,A satisfying meal. The Pasta Alfredo was a good choice.
O00714,15-04-2024,17:45,C0132,Sultan Momin,R124,Chana Masala,Main Course,2,? 260.00, ? 520.00 , ? 185.00 ,? 150.00,A satisfying meal. The Chana Masala was a good choice.
O00715,15-04-2024,15:45,C0288,Anis Shikalkar,R143,Chicken Burger,Fast Food,1,? 160.00, ? 160.00 , ? 115.00 ,? 45.00,The Chicken Burger was excellent. Really enjoyed the meal.
O00716,15-04-2024,14:15,C0250,Isharat Azam,R159,Falafel Wrap,Snacks,1,? 130.00, ? 130.00 , ? 102.00 ,? 28.00,The Falafel Wrap met my expectations.
O00717,15-04-2024,22:00,C0166,Nikhat Taimoor,R11,Margherita Pizza,Pizza,3,? 330.00, ? 990.00 , ? 231.00 ,? 297.00,A satisfying meal. The Margherita Pizza was a good choice.
O00718,15-04-2024,19:00,C0251,Aakib Khan,R142,Paneer Burger,Fast Food,2,? 140.00, ? 280.00 , ? 110.00 ,? 60.00,The Paneer Burger met my expectations.
O00719,15-04-2024,19:00,C0180,Isharat Shikalkar,R10,Pepperoni Pizza,Pizza,1,? 368.00, ? 368.00 , ? 283.00 ,? 85.00,A satisfying meal. The Pepperoni Pizza was a good choice.
O00720,15-04-2024,13:45,C0097,Isharat Taimoor,R139,Chicken Sub,Sandwiches,1,? 180.00, ? 180.00 , ? 137.00 ,? 43.00,The Chicken Sub was excellent. Really enjoyed the meal.
O00721,16-04-2024,13:00,C0211,Moh Saad Faruqi,R158,Cheese Garlic Bread,Breads,4,? 110.00, ? 440.00 , ? 85.00 ,? 100.00,The Cheese Garlic Bread was excellent. Really enjoyed the meal.
O00722,16-04-2024,18:15,C0166,Nikhat Taimoor,R161,Grilled Veg Panini,Snacks,1,? 140.00, ? 140.00 , ? 99.00 ,? 41.00,The Grilled Veg Panini was excellent. Really enjoyed the meal.
O00723,16-04-2024,10:15,C0071,Arman Azam,R83,Veg Clear Soup,Starter,5,? 120.00, ? 600.00 , ? 84.00 ,? 180.00,The Veg Clear Soup was a fantastic start to our meal! Perfectly crispy.
O00724,16-04-2024,18:30,C0059,Aman Momin,R164,Mutton Seekh Kebab Roll,Snacks,3,? 170.00, ? 510.00 , ? 132.00 ,? 114.00,The Mutton Seekh Kebab Roll met my expectations.
O00725,16-04-2024,22:00,C0283,Shahrukh Sayyad,R111,Veg Thali,Meal Combo,3,? 360.00," ? 1,080.00 ", ? 263.00 ,? 291.00,The Veg Thali was not what I expected.
O00726,16-04-2024,17:00,C0160,Shahrukh Malik,R169,Club Chicken Sandwich,Snacks,3,? 140.00, ? 420.00 , ? 101.00 ,? 117.00,The Club Chicken Sandwich was fine.
O00727,16-04-2024,18:45,C0110,Danish Momin,R14,Rasgulla,Dessert,1,? 140.00, ? 140.00 , ? 100.00 ,? 40.00,The Rasgulla met my expectations.
O00728,16-04-2024,13:00,C0316,Shamsher Mujawar,R61,Vegetable Korma,Vegetarian,4,? 320.00," ? 1,280.00 ", ? 243.00 ,? 308.00,"It was an okay Vegetable Korma, but I've had better."
O00729,16-04-2024,10:45,C0147,Danish Khan,R152,Chicken Kathi Roll,Snacks,1,? 120.00, ? 120.00 , ? 91.00 ,? 29.00,The Chicken Kathi Roll was not what I expected.
O00730,16-04-2024,15:30,C0247,Shahrukh Sayyad,R153,Paneer Bhurji Sandwich,Snacks,5,? 75.00, ? 375.00 , ? 59.00 ,? 80.00,It was an average Paneer Bhurji Sandwich.
O00731,16-04-2024,14:30,C0123,Abdul Rahim Faruqi,R50,Kadai Paneer,Vegetarian,5,? 360.00," ? 1,800.00 ", ? 275.00 ,? 425.00,A wholesome and delicious Kadai Paneer. The vegetables were so fresh!
O00732,16-04-2024,10:00,C0102,Aasifa Taimoor,R78,Chicken Schezwan Noodles,Rice & Noodles,5,? 280.00," ? 1,400.00 ", ? 218.00 ,? 310.00,The Chicken Schezwan Noodles was excellent. Really enjoyed the meal.
O00733,16-04-2024,14:45,C0182,Rihan Shaikh,R4,Chicken Biryani,Rice Meal,2,? 440.00, ? 880.00 , ? 334.00 ,? 212.00,Great food! The Chicken Biryani was delicious and well-prepared.
O00734,16-04-2024,15:15,C0100,Aman Momin,R124,Chana Masala,Main Course,5,? 260.00," ? 1,300.00 ", ? 185.00 ,? 375.00,The Chana Masala was excellent. Really enjoyed the meal.
O00735,16-04-2024,16:00,C0328,Isharat Khan,R18,Veg Hakka Noodles,Rice & Noodles,2,? 220.00, ? 440.00 , ? 165.00 ,? 110.00,The Veg Hakka Noodles was not what I expected.
O00736,16-04-2024,14:15,C0262,Nikhat Faruqi,R21,Chicken Fried Rice,Rice & Noodles,4,? 240.00, ? 960.00 , ? 182.00 ,? 232.00,A satisfying meal. The Chicken Fried Rice was a good choice.
O00737,16-04-2024,20:45,C0179,Arman Malik,R78,Chicken Schezwan Noodles,Rice & Noodles,3,? 280.00, ? 840.00 , ? 218.00 ,? 186.00,It was an average Chicken Schezwan Noodles.
O00738,16-04-2024,20:00,C0039,Aasifa Shaikh,R53,Baingan Bharta,Vegetarian,4,? 260.00," ? 1,040.00 ", ? 195.00 ,? 260.00,The Baingan Bharta is a great choice for vegetarians. Hearty and full of flavor.
O00739,17-04-2024,11:45,C0146,Sultan Sayyad,R84,Chicken Clear Soup,Starter,1,? 160.00, ? 160.00 , ? 125.00 ,? 35.00,The Chicken Clear Soup was a bit too oily for my liking.
O00740,17-04-2024,12:30,C0005,Aasin Azam,R67,Veg Manchurian,Starter,4,? 240.00, ? 960.00 , ? 169.00 ,? 284.00,Absolutely loved the Veg Manchurian! It was the perfect appetizer to get us started.
O00741,17-04-2024,19:15,C0136,Anis Taimoor,R5,Mutton Biryani,Rice Meal,1,? 490.00, ? 490.00 , ? 350.00 ,? 140.00,A satisfying meal. The Mutton Biryani was a good choice.
O00742,17-04-2024,17:15,C0279,Arman Taimoor,R20,Veg Fried Rice,Rice & Noodles,3,? 200.00, ? 600.00 , ? 145.00 ,? 165.00,A satisfying meal. The Veg Fried Rice was a good choice.
O00743,17-04-2024,16:45,C0233,Moh Saad Nadaf,R153,Paneer Bhurji Sandwich,Snacks,2,? 75.00, ? 150.00 , ? 59.00 ,? 32.00,The Paneer Bhurji Sandwich was excellent. Really enjoyed the meal.
O00744,17-04-2024,13:45,C0220,Rihan Mujawar,R147,Paneer Sandwich,Sandwiches,4,? 120.00, ? 480.00 , ? 84.00 ,? 144.00,The Paneer Sandwich was excellent. Really enjoyed the meal.
O00745,17-04-2024,11:00,C0081,Ayeza Raes,R74,Chili Chicken,Starter,2,? 340.00, ? 680.00 , ? 250.00 ,? 180.00,The Chili Chicken was a fantastic start to our meal! Perfectly crispy.
O00746,17-04-2024,21:45,C0200,Aariz Taimoor,R80,Hot & Sour Soup (Chicken),Starter,5,? 200.00," ? 1,000.00 ", ? 159.00 ,? 205.00,The Hot & Sour Soup (Chicken) was simply delicious and fresh. Highly recommended!
O00747,17-04-2024,18:15,C0043,Aakib Faruqi,R12,Veggie Burger,Burger,2,? 250.00, ? 500.00 , ? 199.00 ,? 102.00,It was an average Veggie Burger.
O00748,18-04-2024,20:15,C0041,Aakib Shaikh,R161,Grilled Veg Panini,Snacks,1,? 140.00, ? 140.00 , ? 99.00 ,? 41.00,Great food! The Grilled Veg Panini was delicious and well-prepared.
O00749,18-04-2024,14:15,C0305,Aasin Faruqi,R86,Chicken Momos,Starter,3,? 220.00, ? 660.00 , ? 170.00 ,? 150.00,The Chicken Momos was simply delicious and fresh. Highly recommended!
O00750,18-04-2024,19:30,C0209,Aasiya Malik,R59,Veg Pulao,Rice & Noodles,5,? 240.00," ? 1,200.00 ", ? 190.00 ,? 250.00,The Veg Pulao was fine.
O00751,18-04-2024,16:30,C0327,Abdul Rahim Mujawar,R89,Fried Momos (Chicken),Starter,5,? 240.00," ? 1,200.00 ", ? 176.00 ,? 320.00,It was an average Fried Momos (Chicken).
O00752,18-04-2024,21:00,C0185,Nikhat Shikalkar,R89,Fried Momos (Chicken),Starter,5,? 240.00," ? 1,200.00 ", ? 176.00 ,? 320.00,The Fried Momos (Chicken) was a fantastic start to our meal! Perfectly crispy.
O00753,18-04-2024,14:45,C0164,Aakib Malik,R161,Grilled Veg Panini,Snacks,5,? 140.00, ? 700.00 , ? 99.00 ,? 205.00,It was an average Grilled Veg Panini.
O00754,18-04-2024,17:00,C0016,Dua Khan,R7,Butter Chicken,Meat Special,1,? 495.00, ? 495.00 , ? 349.00 ,? 146.00,It was an average Butter Chicken.
O00755,18-04-2024,19:30,C0007,Aman Taimoor,R21,Chicken Fried Rice,Rice & Noodles,4,? 240.00, ? 960.00 , ? 182.00 ,? 232.00,Great food! The Chicken Fried Rice was delicious and well-prepared.
O00756,18-04-2024,10:30,C0303,Dua Momin,R7,Butter Chicken,Meat Special,1,? 495.00, ? 495.00 , ? 349.00 ,? 146.00,It was an average Butter Chicken.
O00757,18-04-2024,12:00,C0143,Sultan Mujawar,R112,Non-Veg Thali,Meal Combo,1,? 440.00, ? 440.00 , ? 322.00 ,? 118.00,A satisfying meal. The Non-Veg Thali was a good choice.
O00758,18-04-2024,18:00,C0270,Isharat Malik,R86,Chicken Momos,Starter,3,? 220.00, ? 660.00 , ? 170.00 ,? 150.00,The Chicken Momos was a fantastic start to our meal! Perfectly crispy.
O00759,18-04-2024,22:45,C0316,Shamsher Mujawar,R85,Veg Momos,Starter,4,? 180.00, ? 720.00 , ? 138.00 ,? 168.00,The Veg Momos was simply delicious and fresh. Highly recommended!
O00760,18-04-2024,21:15,C0188,Sher Raes,R23,Chicken Tikka,Starter,3,? 320.00, ? 960.00 , ? 233.00 ,? 261.00,The Chicken Tikka was simply delicious and fresh. Highly recommended!
O00761,19-04-2024,20:00,C0127,Dua Taimoor,R86,Chicken Momos,Starter,3,? 220.00, ? 660.00 , ? 170.00 ,? 150.00,Absolutely loved the Chicken Momos! It was the perfect appetizer to get us started.
O00762,19-04-2024,16:30,C0224,Nikhat Mujawar,R57,Chicken Tikka Masala,Non-Veg Main,5,? 480.00," ? 2,400.00 ", ? 373.00 ,? 535.00,"It was a standard Chicken Tikka Masala, nothing out of the ordinary."
O00763,19-04-2024,16:00,C0007,Aman Taimoor,R127,Kadhi Pakora,Main Course,2,? 300.00, ? 600.00 , ? 231.00 ,? 138.00,A satisfying meal. The Kadhi Pakora was a good choice.
O00764,19-04-2024,20:00,C0082,Isharat Nadaf,R168,Avocado Toast,Breakfast,4,? 150.00, ? 600.00 , ? 111.00 ,? 156.00,Great food! The Avocado Toast was delicious and well-prepared.
O00765,19-04-2024,20:45,C0054,Shamsher Ali,R134,Grilled Cheese Sandwich,Sandwiches,5,? 120.00, ? 600.00 , ? 90.00 ,? 150.00,The Grilled Cheese Sandwich was not what I expected.
O00766,19-04-2024,15:15,C0310,Ayeza Faruqi,R80,Hot & Sour Soup (Chicken),Starter,2,? 200.00, ? 400.00 , ? 159.00 ,? 82.00,The Hot & Sour Soup (Chicken) was a bit too oily for my liking.
O00767,19-04-2024,11:15,C0241,Shamsher Faruqi,R72,Chicken Spring Rolls,Starter,2,? 260.00, ? 520.00 , ? 189.00 ,? 142.00,The Chicken Spring Rolls was a fantastic start to our meal! Perfectly crispy.
O00768,19-04-2024,15:45,C0245,Wahaj Taimoor,R46,Onion Uttapam,Vegetarian,2,? 160.00, ? 320.00 , ? 112.00 ,? 96.00,A wholesome and delicious Onion Uttapam. The vegetables were so fresh!
O00769,19-04-2024,17:30,C0194,Isharat Momin,R75,Schezwan Fried Rice,Rice & Noodles,1,? 220.00, ? 220.00 , ? 160.00 ,? 60.00,The Schezwan Fried Rice was excellent. Really enjoyed the meal.
O00770,19-04-2024,22:15,C0086,Sher Momin,R68,Chicken Manchurian,Starter,1,? 280.00, ? 280.00 , ? 205.00 ,? 75.00,The Chicken Manchurian was okay. It was a standard appetizer.
O00771,19-04-2024,20:30,C0134,Isharat Nadaf,R56,Tandoori Chicken,Non-Veg Main,3,? 460.00," ? 1,380.00 ", ? 366.00 ,? 282.00,The Tandoori Chicken was the highlight of our meal. Absolutely delicious!
O00772,20-04-2024,16:45,C0059,Aman Momin,R47,Hyderabadi Haleem,Non-Veg Main,3,? 500.00," ? 1,500.00 ", ? 395.00 ,? 315.00,"It was a standard Hyderabadi Haleem, nothing out of the ordinary."
O00773,20-04-2024,15:15,C0035,Aasifa Shaikh,R36,Chole Bhature,Vegetarian,1,? 280.00, ? 280.00 , ? 223.00 ,? 57.00,The Chole Bhature was bland and needed more seasoning.
O00774,20-04-2024,11:15,C0064,Isharat Nadaf,R34,Dal Tadka,Vegetarian,4,? 260.00," ? 1,040.00 ", ? 183.00 ,? 308.00,A wholesome and delicious Dal Tadka. The vegetables were so fresh!
O00775,20-04-2024,10:15,C0163,Shamsher Shikalkar,R72,Chicken Spring Rolls,Starter,1,? 260.00, ? 260.00 , ? 189.00 ,? 71.00,The Chicken Spring Rolls was simply delicious and fresh. Highly recommended!
O00776,20-04-2024,22:45,C0125,Danish Nadaf,R161,Grilled Veg Panini,Snacks,4,? 140.00, ? 560.00 , ? 99.00 ,? 164.00,A satisfying meal. The Grilled Veg Panini was a good choice.
O00777,20-04-2024,19:00,C0021,Moh Saad Shaikh,R29,Greek Salad,Salad,1,? 260.00, ? 260.00 , ? 197.00 ,? 63.00,A satisfying meal. The Greek Salad was a good choice.
O00778,20-04-2024,16:45,C0177,Sultan Ali,R61,Vegetable Korma,Vegetarian,5,? 320.00," ? 1,600.00 ", ? 243.00 ,? 385.00,The Vegetable Korma is a great choice for vegetarians. Hearty and full of flavor.
O00779,20-04-2024,17:30,C0230,Arman Azam,R17,French Fries,Starter,1,? 120.00, ? 120.00 , ? 87.00 ,? 33.00,The French Fries was a fantastic start to our meal! Perfectly crispy.
O00780,20-04-2024,21:30,C0062,Ayeza Nadaf,R146,Cheese Sandwich,Sandwiches,3,? 100.00, ? 300.00 , ? 72.00 ,? 84.00,A satisfying meal. The Cheese Sandwich was a good choice.
O00781,20-04-2024,17:45,C0086,Sher Momin,R15,Tiramisu,Dessert,3,? 280.00, ? 840.00 , ? 201.00 ,? 237.00,Great food! The Tiramisu was delicious and well-prepared.
O00782,21-04-2024,10:00,C0186,Aariz Khan,R79,Hot & Sour Soup (Veg),Starter,4,? 160.00, ? 640.00 , ? 113.00 ,? 188.00,Wasn't very impressed with the Hot & Sour Soup (Veg). It lacked flavor.
O00783,21-04-2024,18:00,C0316,Shamsher Mujawar,R45,Medu Vada,Vegetarian,2,? 150.00, ? 300.00 , ? 112.00 ,? 76.00,I found the Medu Vada to be a bit watery.
O00784,21-04-2024,11:15,C0165,Dua Sayyad,R74,Chili Chicken,Starter,3,? 340.00," ? 1,020.00 ", ? 250.00 ,? 270.00,Absolutely loved the Chili Chicken! It was the perfect appetizer to get us started.
O00785,21-04-2024,22:15,C0103,Aasiya Faruqi,R46,Onion Uttapam,Vegetarian,5,? 160.00, ? 800.00 , ? 112.00 ,? 240.00,A wholesome and delicious Onion Uttapam. The vegetables were so fresh!
O00786,21-04-2024,10:45,C0233,Moh Saad Nadaf,R138,Veggie Sub,Sandwiches,4,? 150.00, ? 600.00 , ? 105.00 ,? 180.00,A satisfying meal. The Veggie Sub was a good choice.
O00787,21-04-2024,10:30,C0103,Aasiya Faruqi,R53,Baingan Bharta,Vegetarian,4,? 260.00," ? 1,040.00 ", ? 195.00 ,? 260.00,A wholesome and delicious Baingan Bharta. The vegetables were so fresh!
O00788,21-04-2024,10:45,C0066,Abdul Rahim Mujawar,R128,Matar Paneer,Main Course,5,? 340.00," ? 1,700.00 ", ? 263.00 ,? 385.00,Great food! The Matar Paneer was delicious and well-prepared.
O00789,21-04-2024,22:30,C0298,Aasin Malik,R156,Veg Paneer Wrap,Snacks,2,? 95.00, ? 190.00 , ? 74.00 ,? 42.00,Great food! The Veg Paneer Wrap was delicious and well-prepared.
O00790,21-04-2024,20:15,C0328,Isharat Khan,R127,Kadhi Pakora,Main Course,3,? 300.00, ? 900.00 , ? 231.00 ,? 207.00,The Kadhi Pakora met my expectations.
O00791,21-04-2024,13:00,C0225,Arman Faruqi,R83,Veg Clear Soup,Starter,1,? 120.00, ? 120.00 , ? 84.00 ,? 36.00,"The Veg Clear Soup was decent, but nothing special."
O00792,21-04-2024,16:30,C0275,Arman Khan,R146,Cheese Sandwich,Sandwiches,4,? 100.00, ? 400.00 , ? 72.00 ,? 112.00,The Cheese Sandwich was excellent. Really enjoyed the meal.
O00793,21-04-2024,20:30,C0251,Aakib Khan,R18,Veg Hakka Noodles,Rice & Noodles,3,? 220.00, ? 660.00 , ? 165.00 ,? 165.00,The Veg Hakka Noodles was not what I expected.
O00794,21-04-2024,14:45,C0220,Rihan Mujawar,R7,Butter Chicken,Meat Special,5,? 495.00," ? 2,475.00 ", ? 349.00 ,? 730.00,It was an average Butter Chicken.
O00795,21-04-2024,21:45,C0045,Arman Shaikh,R144,Paneer Shawarma,Street Food,5,? 150.00, ? 750.00 , ? 111.00 ,? 195.00,The Paneer Shawarma was excellent. Really enjoyed the meal.
O00796,21-04-2024,13:00,C0120,Ayeza Taimoor,R21,Chicken Fried Rice,Rice & Noodles,3,? 240.00, ? 720.00 , ? 182.00 ,? 174.00,The Chicken Fried Rice could have been better.
O00797,21-04-2024,22:00,C0190,Rihan Raes,R22,Paneer Tikka,Starter,1,? 280.00, ? 280.00 , ? 199.00 ,? 81.00,It was an average Paneer Tikka.
O00798,22-04-2024,12:30,C0249,Aasiya Mujawar,R155,Tuna Melt Sandwich,Snacks,3,? 140.00, ? 420.00 , ? 100.00 ,? 120.00,Great food! The Tuna Melt Sandwich was delicious and well-prepared.
O00799,22-04-2024,13:15,C0212,Shahrukh Mujawar,R74,Chili Chicken,Starter,5,? 340.00," ? 1,700.00 ", ? 250.00 ,? 450.00,Wasn't very impressed with the Chili Chicken. It lacked flavor.
O00800,22-04-2024,10:45,C0226,Aman Taimoor,R35,Rajma Chawal,Vegetarian,2,? 300.00, ? 600.00 , ? 238.00 ,? 124.00,The Rajma Chawal is a great choice for vegetarians. Hearty and full of flavor.
O00801,22-04-2024,12:30,C0126,Aakib Momin,R72,Chicken Spring Rolls,Starter,2,? 260.00, ? 520.00 , ? 189.00 ,? 142.00,The Chicken Spring Rolls was okay. It was a standard appetizer.
O00802,22-04-2024,16:30,C0134,Isharat Nadaf,R168,Avocado Toast,Breakfast,3,? 150.00, ? 450.00 , ? 111.00 ,? 117.00,Great food! The Avocado Toast was delicious and well-prepared.
O00803,22-04-2024,17:00,C0027,Arman Faruqi,R6,Grilled Salmon,Ocean Meal,3,? 500.00," ? 1,500.00 ", ? 357.00 ,? 429.00,It was an average Grilled Salmon.
O00804,22-04-2024,21:00,C0020,Rihan Shikalkar,R59,Veg Pulao,Rice & Noodles,4,? 240.00, ? 960.00 , ? 190.00 ,? 200.00,A satisfying meal. The Veg Pulao was a good choice.
O00805,22-04-2024,10:15,C0121,Rihan Mujawar,R63,Prawn Masala,Non-Veg Main,2,? 460.00, ? 920.00 , ? 326.00 ,? 268.00,The Prawn Masala was satisfactory.
O00806,22-04-2024,11:00,C0181,Aman Khan,R53,Baingan Bharta,Vegetarian,1,? 260.00, ? 260.00 , ? 195.00 ,? 65.00,The Baingan Bharta is a great choice for vegetarians. Hearty and full of flavor.
O00807,22-04-2024,10:15,C0240,Sultan Ali,R86,Chicken Momos,Starter,3,? 220.00, ? 660.00 , ? 170.00 ,? 150.00,The Chicken Momos was cold when it arrived at our table.
O00808,22-04-2024,12:45,C0280,Dua Faruqi,R55,Jeera Rice,Rice & Noodles,5,? 180.00, ? 900.00 , ? 129.00 ,? 255.00,The Jeera Rice was fine.
O00809,23-04-2024,17:00,C0035,Aasifa Shaikh,R159,Falafel Wrap,Snacks,4,? 130.00, ? 520.00 , ? 102.00 ,? 112.00,A satisfying meal. The Falafel Wrap was a good choice.
O00810,23-04-2024,15:45,C0263,Sher Raes,R142,Paneer Burger,Fast Food,3,? 140.00, ? 420.00 , ? 110.00 ,? 90.00,It was an average Paneer Burger.
O00811,23-04-2024,15:15,C0220,Rihan Mujawar,R152,Chicken Kathi Roll,Snacks,5,? 120.00, ? 600.00 , ? 91.00 ,? 145.00,The Chicken Kathi Roll could have been better.
O00812,23-04-2024,22:00,C0222,Arman Ali,R26,Pasta Alfredo,Continental,5,? 320.00," ? 1,600.00 ", ? 249.00 ,? 355.00,The Pasta Alfredo met my expectations.
O00813,23-04-2024,17:30,C0113,Ayeza Momin,R150,Aloo Parantha,Breads,2,? 80.00, ? 160.00 , ? 63.00 ,? 34.00,The Aloo Parantha was not what I expected.
O00814,23-04-2024,19:15,C0290,Isharat Raes,R157,Peri Peri Chicken Wings,Snacks,5,? 180.00, ? 900.00 , ? 135.00 ,? 225.00,The Peri Peri Chicken Wings was excellent. Really enjoyed the meal.
O00815,23-04-2024,14:45,C0023,Shamsher Faruqi,R163,Corn & Cheese Sandwich,Snacks,1,? 90.00, ? 90.00 , ? 66.00 ,? 24.00,The Corn & Cheese Sandwich was excellent. Really enjoyed the meal.
O00816,23-04-2024,19:45,C0057,Arman Azam,R78,Chicken Schezwan Noodles,Rice & Noodles,1,? 280.00, ? 280.00 , ? 218.00 ,? 62.00,The Chicken Schezwan Noodles could have been better.
O00817,23-04-2024,14:00,C0141,Arahan Ali,R153,Paneer Bhurji Sandwich,Snacks,2,? 75.00, ? 150.00 , ? 59.00 ,? 32.00,The Paneer Bhurji Sandwich was excellent. Really enjoyed the meal.
O00818,23-04-2024,16:00,C0289,Aasin Malik,R72,Chicken Spring Rolls,Starter,3,? 260.00, ? 780.00 , ? 189.00 ,? 213.00,The Chicken Spring Rolls was a fantastic start to our meal! Perfectly crispy.
O00819,23-04-2024,19:00,C0187,Aasin Nadaf,R141,Chicken Frankie,Street Food,2,? 150.00, ? 300.00 , ? 112.00 ,? 76.00,The Chicken Frankie was excellent. Really enjoyed the meal.
O00820,23-04-2024,14:45,C0298,Aasin Malik,R145,Chicken Shawarma,Street Food,1,? 170.00, ? 170.00 , ? 131.00 ,? 39.00,Great food! The Chicken Shawarma was delicious and well-prepared.
O00821,23-04-2024,12:45,C0058,Danish Nadaf,R150,Aloo Parantha,Breads,4,? 80.00, ? 320.00 , ? 63.00 ,? 68.00,The Aloo Parantha was excellent. Really enjoyed the meal.
O00822,24-04-2024,13:30,C0179,Arman Malik,R145,Chicken Shawarma,Street Food,3,? 170.00, ? 510.00 , ? 131.00 ,? 117.00,A satisfying meal. The Chicken Shawarma was a good choice.
O00823,24-04-2024,12:15,C0022,Aasiya Ali,R67,Veg Manchurian,Starter,2,? 240.00, ? 480.00 , ? 169.00 ,? 142.00,The Veg Manchurian was simply delicious and fresh. Highly recommended!
O00824,24-04-2024,17:00,C0151,Aasifa Malik,R17,French Fries,Starter,3,? 120.00, ? 360.00 , ? 87.00 ,? 99.00,The French Fries was cold when it arrived at our table.
O00825,24-04-2024,21:00,C0258,Aakib Sayyad,R33,Fish Curry,Non-Veg Main,3,? 400.00," ? 1,200.00 ", ? 286.00 ,? 342.00,The Fish Curry was the highlight of our meal. Absolutely delicious!
O00826,24-04-2024,17:30,C0329,Wahaj Sayyad,R54,Aloo Gobi,Vegetarian,2,? 220.00, ? 440.00 , ? 166.00 ,? 108.00,I found the Aloo Gobi to be a bit watery.
O00827,24-04-2024,14:30,C0076,Dua Shikalkar,R44,Vada Sambar,Vegetarian,5,? 170.00, ? 850.00 , ? 121.00 ,? 245.00,The Vada Sambar was as expected.
O00828,24-04-2024,19:45,C0105,Aakib Nadaf,R36,Chole Bhature,Vegetarian,1,? 280.00, ? 280.00 , ? 223.00 ,? 57.00,The Chole Bhature was as expected.
O00829,24-04-2024,10:30,C0300,Dua Azam,R12,Veggie Burger,Burger,2,? 250.00, ? 500.00 , ? 199.00 ,? 102.00,Great food! The Veggie Burger was delicious and well-prepared.
O00830,24-04-2024,14:45,C0084,Imran Momin,R85,Veg Momos,Starter,2,? 180.00, ? 360.00 , ? 138.00 ,? 84.00,The Veg Momos was simply delicious and fresh. Highly recommended!
O00831,24-04-2024,22:45,C0268,Ayeza Azam,R15,Tiramisu,Dessert,5,? 280.00," ? 1,400.00 ", ? 201.00 ,? 395.00,Great food! The Tiramisu was delicious and well-prepared.
O00832,24-04-2024,13:30,C0119,Shahrukh Azam,R77,Veg Schezwan Noodles,Rice & Noodles,4,? 240.00, ? 960.00 , ? 171.00 ,? 276.00,A satisfying meal. The Veg Schezwan Noodles was a good choice.
O00833,24-04-2024,18:45,C0021,Moh Saad Shaikh,R132,Garlic Naan,Breads,4,? 70.00, ? 280.00 , ? 54.00 ,? 64.00,I was not a fan of the Garlic Naan.
O00834,24-04-2024,22:15,C0287,Nikhat Shaikh,R134,Grilled Cheese Sandwich,Sandwiches,4,? 120.00, ? 480.00 , ? 90.00 ,? 120.00,A satisfying meal. The Grilled Cheese Sandwich was a good choice.
O00835,25-04-2024,14:00,C0310,Ayeza Faruqi,R6,Grilled Salmon,Ocean Meal,5,? 500.00," ? 2,500.00 ", ? 357.00 ,? 715.00,The Grilled Salmon could have been better.
O00836,25-04-2024,14:00,C0204,Aasifa Faruqi,R4,Chicken Biryani,Rice Meal,2,? 440.00, ? 880.00 , ? 334.00 ,? 212.00,It was an average Chicken Biryani.
O00837,25-04-2024,12:15,C0311,Imran Shikalkar,R82,Sweet Corn Soup (Chicken),Starter,4,? 180.00, ? 720.00 , ? 129.00 ,? 204.00,The Sweet Corn Soup (Chicken) was simply delicious and fresh. Highly recommended!
O00838,25-04-2024,20:00,C0060,Nikhat Khan,R73,Chili Paneer,Starter,5,? 280.00," ? 1,400.00 ", ? 219.00 ,? 305.00,Wasn't very impressed with the Chili Paneer. It lacked flavor.
O00839,25-04-2024,15:30,C0215,Ayeza Faruqi,R144,Paneer Shawarma,Street Food,1,? 150.00, ? 150.00 , ? 111.00 ,? 39.00,I was not a fan of the Paneer Shawarma.
O00840,25-04-2024,12:45,C0059,Aman Momin,R89,Fried Momos (Chicken),Starter,3,? 240.00, ? 720.00 , ? 176.00 ,? 192.00,The Fried Momos (Chicken) was a fantastic start to our meal! Perfectly crispy.
O00841,25-04-2024,22:45,C0131,Aasin Ali,R165,Paneer Tandoori Wrap,Snacks,3,? 120.00, ? 360.00 , ? 94.00 ,? 78.00,Great food! The Paneer Tandoori Wrap was delicious and well-prepared.
O00842,25-04-2024,11:30,C0309,Arman Faruqi,R68,Chicken Manchurian,Starter,4,? 280.00," ? 1,120.00 ", ? 205.00 ,? 300.00,The Chicken Manchurian was a fantastic start to our meal! Perfectly crispy.
O00843,25-04-2024,20:00,C0282,Nikhat Khan,R103,Fish Curry (Goan),Main Course,5,? 380.00," ? 1,900.00 ", ? 289.00 ,? 455.00,The Fish Curry (Goan) could have been better.
O00844,25-04-2024,16:00,C0081,Ayeza Raes,R148,Egg Sandwich,Sandwiches,5,? 110.00, ? 550.00 , ? 80.00 ,? 150.00,The Egg Sandwich was not what I expected.
O00845,25-04-2024,20:45,C0072,Kaif Taimoor,R150,Aloo Parantha,Breads,2,? 80.00, ? 160.00 , ? 63.00 ,? 34.00,A satisfying meal. The Aloo Parantha was a good choice.
O00846,25-04-2024,16:45,C0065,Shamsher Faruqi,R26,Pasta Alfredo,Continental,2,? 320.00, ? 640.00 , ? 249.00 ,? 142.00,The Pasta Alfredo was not what I expected.
O00847,25-04-2024,10:00,C0168,Isharat Shikalkar,R8,Paneer Butter Masala,Vegetarian,3,? 380.00," ? 1,140.00 ", ? 298.00 ,? 246.00,The Paneer Butter Masala is a great choice for vegetarians. Hearty and full of flavor.
O00848,25-04-2024,20:30,C0035,Aasifa Shaikh,R138,Veggie Sub,Sandwiches,2,? 150.00, ? 300.00 , ? 105.00 ,? 90.00,The Veggie Sub was excellent. Really enjoyed the meal.
O00849,25-04-2024,12:15,C0267,Moh Saad Faruqi,R13,Gulab Jamun,Dessert,2,? 150.00, ? 300.00 , ? 117.00 ,? 66.00,Great food! The Gulab Jamun was delicious and well-prepared.
O00850,26-04-2024,18:45,C0054,Shamsher Ali,R168,Avocado Toast,Breakfast,4,? 150.00, ? 600.00 , ? 111.00 ,? 156.00,The Avocado Toast was excellent. Really enjoyed the meal.
O00851,26-04-2024,10:15,C0268,Ayeza Azam,R21,Chicken Fried Rice,Rice & Noodles,1,? 240.00, ? 240.00 , ? 182.00 ,? 58.00,The Chicken Fried Rice was fine.
O00852,26-04-2024,11:15,C0130,Aakib Shikalkar,R35,Rajma Chawal,Vegetarian,4,? 300.00," ? 1,200.00 ", ? 238.00 ,? 248.00,The Rajma Chawal was as expected.
O00853,26-04-2024,12:00,C0236,Aakib Khan,R15,Tiramisu,Dessert,2,? 280.00, ? 560.00 , ? 201.00 ,? 158.00,Great food! The Tiramisu was delicious and well-prepared.
O00854,26-04-2024,17:45,C0295,Sultan Taimoor,R9,Palak Paneer,Vegetarian,5,? 360.00," ? 1,800.00 ", ? 273.00 ,? 435.00,The Palak Paneer was bland and needed more seasoning.
O00855,26-04-2024,15:00,C0327,Abdul Rahim Mujawar,R87,Paneer Momos,Starter,5,? 200.00," ? 1,000.00 ", ? 155.00 ,? 225.00,The Paneer Momos was a bit too oily for my liking.
O00856,26-04-2024,12:30,C0118,Aman Azam,R117,Vada Pav,Snack,1,? 120.00, ? 120.00 , ? 91.00 ,? 29.00,A satisfying meal. The Vada Pav was a good choice.
O00857,26-04-2024,13:30,C0119,Shahrukh Azam,R17,French Fries,Starter,4,? 120.00, ? 480.00 , ? 87.00 ,? 132.00,It was an average French Fries.
O00858,26-04-2024,21:30,C0120,Ayeza Taimoor,R32,Mutton Rogan Josh,Non-Veg Main,4,? 520.00," ? 2,080.00 ", ? 395.00 ,? 500.00,The meat in the Mutton Rogan Josh was a bit tough and chewy.
O00859,26-04-2024,22:15,C0326,Aman Sayyad,R162,BBQ Chicken Pizza Sandwich,Snacks,2,? 160.00, ? 320.00 , ? 115.00 ,? 90.00,The BBQ Chicken Pizza Sandwich was excellent. Really enjoyed the meal.
O00860,26-04-2024,18:00,C0158,Moh Saad Malik,R151,Veg Frankie Roll,Snacks,4,? 80.00, ? 320.00 , ? 62.00 ,? 72.00,It was an average Veg Frankie Roll.
O00861,26-04-2024,12:30,C0246,Aariz Raes,R87,Paneer Momos,Starter,3,? 200.00, ? 600.00 , ? 155.00 ,? 135.00,It was an average Paneer Momos.
O00862,27-04-2024,19:45,C0035,Aasifa Shaikh,R124,Chana Masala,Main Course,1,? 260.00, ? 260.00 , ? 185.00 ,? 75.00,Great food! The Chana Masala was delicious and well-prepared.
O00863,27-04-2024,12:15,C0256,Arman Faruqi,R89,Fried Momos (Chicken),Starter,2,? 240.00, ? 480.00 , ? 176.00 ,? 128.00,The Fried Momos (Chicken) was simply delicious and fresh. Highly recommended!
O00864,27-04-2024,15:00,C0156,Arman Faruqi,R136,Chicken Kathi Roll,Street Food,1,? 160.00, ? 160.00 , ? 112.00 ,? 48.00,A satisfying meal. The Chicken Kathi Roll was a good choice.
O00865,27-04-2024,20:30,C0149,Aariz Nadaf,R34,Dal Tadka,Vegetarian,5,? 260.00," ? 1,300.00 ", ? 183.00 ,? 385.00,The Dal Tadka was as expected.
O00866,27-04-2024,11:30,C0240,Sultan Ali,R135,Paneer Kathi Roll,Street Food,2,? 140.00, ? 280.00 , ? 103.00 ,? 74.00,A satisfying meal. The Paneer Kathi Roll was a good choice.
O00867,27-04-2024,13:45,C0269,Aakib Nadaf,R103,Fish Curry (Goan),Main Course,5,? 380.00," ? 1,900.00 ", ? 289.00 ,? 455.00,The Fish Curry (Goan) was fine.
O00868,28-04-2024,12:45,C0119,Shahrukh Azam,R117,Vada Pav,Snack,3,? 120.00, ? 360.00 , ? 91.00 ,? 87.00,The Vada Pav was excellent. Really enjoyed the meal.
O00869,28-04-2024,13:00,C0114,Imran Faruqi,R22,Paneer Tikka,Starter,1,? 280.00, ? 280.00 , ? 199.00 ,? 81.00,"The Paneer Tikka was decent, but nothing special."
O00870,28-04-2024,17:00,C0026,Imran Shikalkar,R64,Crab Curry,Non-Veg Main,4,? 520.00," ? 2,080.00 ", ? 374.00 ,? 584.00,A truly authentic and flavorful Crab Curry. It was very satisfying.
O00871,28-04-2024,14:45,C0232,Aariz Raes,R148,Egg Sandwich,Sandwiches,1,? 110.00, ? 110.00 , ? 80.00 ,? 30.00,Great food! The Egg Sandwich was delicious and well-prepared.
O00872,28-04-2024,20:30,C0326,Aman Sayyad,R136,Chicken Kathi Roll,Street Food,2,? 160.00, ? 320.00 , ? 112.00 ,? 96.00,Great food! The Chicken Kathi Roll was delicious and well-prepared.
O00873,28-04-2024,17:00,C0218,Danish Khan,R100,Biryani (Veg),Rice,3,? 320.00, ? 960.00 , ? 251.00 ,? 207.00,The Biryani (Veg) was excellent. Really enjoyed the meal.
O00874,28-04-2024,19:30,C0160,Shahrukh Malik,R33,Fish Curry,Non-Veg Main,1,? 400.00, ? 400.00 , ? 286.00 ,? 114.00,The Fish Curry was too spicy for me to handle.
O00875,28-04-2024,15:30,C0010,Kaif Azam,R62,Dal Makhani,Vegetarian,1,? 340.00, ? 340.00 , ? 269.00 ,? 71.00,The Dal Makhani was as expected.
O00876,28-04-2024,15:15,C0284,Sher Shaikh,R57,Chicken Tikka Masala,Non-Veg Main,4,? 480.00," ? 1,920.00 ", ? 373.00 ,? 428.00,The Chicken Tikka Masala was cooked to perfection. The spices were spot on!
O00877,28-04-2024,22:15,C0196,Arman Taimoor,R167,Veggie Delight Sub,Snacks,4,? 120.00, ? 480.00 , ? 90.00 ,? 120.00,A satisfying meal. The Veggie Delight Sub was a good choice.
O00878,29-04-2024,16:15,C0311,Imran Shikalkar,R21,Chicken Fried Rice,Rice & Noodles,5,? 240.00," ? 1,200.00 ", ? 182.00 ,? 290.00,The Chicken Fried Rice was excellent. Really enjoyed the meal.
O00879,29-04-2024,15:00,C0261,Kaif Shaikh,R163,Corn & Cheese Sandwich,Snacks,3,? 90.00, ? 270.00 , ? 66.00 ,? 72.00,The Corn & Cheese Sandwich was not what I expected.
O00880,29-04-2024,10:00,C0203,Isharat Sayyad,R166,Smoked Chicken Sub,Snacks,5,? 160.00, ? 800.00 , ? 112.00 ,? 240.00,I was not a fan of the Smoked Chicken Sub.
O00881,29-04-2024,10:30,C0278,Sultan Shikalkar,R119,Misal Pav,Snack,5,? 160.00, ? 800.00 , ? 126.00 ,? 170.00,A satisfying meal. The Misal Pav was a good choice.
O00882,29-04-2024,11:30,C0181,Aman Khan,R54,Aloo Gobi,Vegetarian,3,? 220.00, ? 660.00 , ? 166.00 ,? 162.00,The Aloo Gobi is a great choice for vegetarians. Hearty and full of flavor.
O00883,29-04-2024,17:00,C0087,Moh Saad Mujawar,R153,Paneer Bhurji Sandwich,Snacks,1,? 75.00, ? 75.00 , ? 59.00 ,? 16.00,I was not a fan of the Paneer Bhurji Sandwich.
O00884,29-04-2024,13:45,C0290,Isharat Raes,R28,Caesar Salad,Salad,4,? 280.00," ? 1,120.00 ", ? 210.00 ,? 280.00,The Caesar Salad was excellent. Really enjoyed the meal.
O00885,29-04-2024,13:45,C0287,Nikhat Shaikh,R117,Vada Pav,Snack,4,? 120.00, ? 480.00 , ? 91.00 ,? 116.00,The Vada Pav was excellent. Really enjoyed the meal.
O00886,29-04-2024,19:15,C0303,Dua Momin,R38,Biryani Veg,Rice & Noodles,3,? 320.00, ? 960.00 , ? 233.00 ,? 261.00,The Biryani Veg was not what I expected.
O00887,29-04-2024,20:00,C0118,Aman Azam,R111,Veg Thali,Meal Combo,5,? 360.00," ? 1,800.00 ", ? 263.00 ,? 485.00,Great food! The Veg Thali was delicious and well-prepared.
O00888,29-04-2024,19:15,C0107,Aasifa Faruqi,R63,Prawn Masala,Non-Veg Main,1,? 460.00, ? 460.00 , ? 326.00 ,? 134.00,A truly authentic and flavorful Prawn Masala. It was very satisfying.
O00889,29-04-2024,11:30,C0330,Kaif Momin,R75,Schezwan Fried Rice,Rice & Noodles,3,? 220.00, ? 660.00 , ? 160.00 ,? 180.00,Great food! The Schezwan Fried Rice was delicious and well-prepared.
O00890,29-04-2024,16:15,C0002,Dua Khan,R46,Onion Uttapam,Vegetarian,4,? 160.00, ? 640.00 , ? 112.00 ,? 192.00,The Onion Uttapam is a great choice for vegetarians. Hearty and full of flavor.
O00891,30-04-2024,13:00,C0292,Arahan Taimoor,R19,Chicken Hakka Noodles,Rice & Noodles,2,? 260.00, ? 520.00 , ? 193.00 ,? 134.00,Great food! The Chicken Hakka Noodles was delicious and well-prepared.
O00892,30-04-2024,19:45,C0008,Dua Sayyad,R144,Paneer Shawarma,Street Food,4,? 150.00, ? 600.00 , ? 111.00 ,? 156.00,The Paneer Shawarma was excellent. Really enjoyed the meal.
O00893,30-04-2024,17:00,C0268,Ayeza Azam,R29,Greek Salad,Salad,5,? 260.00," ? 1,300.00 ", ? 197.00 ,? 315.00,Great food! The Greek Salad was delicious and well-prepared.
O00894,30-04-2024,13:15,C0003,Danish Malik,R154,Egg Mayo Sandwich,Snacks,2,? 85.00, ? 170.00 , ? 66.00 ,? 38.00,Great food! The Egg Mayo Sandwich was delicious and well-prepared.
O00895,30-04-2024,16:45,C0213,Aakib Ali,R127,Kadhi Pakora,Main Course,3,? 300.00, ? 900.00 , ? 231.00 ,? 207.00,The Kadhi Pakora could have been better.
O00896,30-04-2024,17:30,C0016,Dua Khan,R13,Gulab Jamun,Dessert,1,? 150.00, ? 150.00 , ? 117.00 ,? 33.00,The Gulab Jamun was excellent. Really enjoyed the meal.
O00897,30-04-2024,20:15,C0272,Aasifa Raes,R120,Pani Puri,Snack,3,? 100.00, ? 300.00 , ? 74.00 ,? 78.00,A satisfying meal. The Pani Puri was a good choice.
O00898,30-04-2024,19:00,C0245,Wahaj Taimoor,R27,Pasta Arrabbiata,Continental,4,? 300.00," ? 1,200.00 ", ? 215.00 ,? 340.00,A satisfying meal. The Pasta Arrabbiata was a good choice.
O00899,30-04-2024,21:45,C0040,Moh Saad Nadaf,R37,Pav Bhaji,Vegetarian,1,? 220.00, ? 220.00 , ? 171.00 ,? 49.00,I found the Pav Bhaji to be a bit watery.
O00900,30-04-2024,17:00,C0191,Imran Shikalkar,R32,Mutton Rogan Josh,Non-Veg Main,4,? 520.00," ? 2,080.00 ", ? 395.00 ,? 500.00,A truly authentic and flavorful Mutton Rogan Josh. It was very satisfying.
O00901,01-05-2024,11:15,C0108,Arman Azam,R77,Veg Schezwan Noodles,Rice & Noodles,5,? 240.00," ? 1,200.00 ", ? 171.00 ,? 345.00,Great food! The Veg Schezwan Noodles was delicious and well-prepared.
O00902,01-05-2024,16:30,C0121,Rihan Mujawar,R47,Hyderabadi Haleem,Non-Veg Main,4,? 500.00," ? 2,000.00 ", ? 395.00 ,? 420.00,The Hyderabadi Haleem was too spicy for me to handle.
O00903,01-05-2024,10:45,C0099,Aariz Faruqi,R158,Cheese Garlic Bread,Breads,2,? 110.00, ? 220.00 , ? 85.00 ,? 50.00,A satisfying meal. The Cheese Garlic Bread was a good choice.
O00904,01-05-2024,21:30,C0174,Anis Malik,R30,Shahi Paneer,Vegetarian,1,? 400.00, ? 400.00 , ? 281.00 ,? 119.00,A wholesome and delicious Shahi Paneer. The vegetables were so fresh!
O00905,01-05-2024,21:30,C0022,Aasiya Ali,R2,Mushroom Soup,Starter,5,? 200.00," ? 1,000.00 ", ? 159.00 ,? 205.00,Absolutely loved the Mushroom Soup! It was the perfect appetizer to get us started.
O00906,01-05-2024,13:00,C0104,Sultan Nadaf,R124,Chana Masala,Main Course,1,? 260.00, ? 260.00 , ? 185.00 ,? 75.00,The Chana Masala was excellent. Really enjoyed the meal.
O00907,02-05-2024,18:45,C0043,Aakib Faruqi,R19,Chicken Hakka Noodles,Rice & Noodles,2,? 260.00, ? 520.00 , ? 193.00 ,? 134.00,The Chicken Hakka Noodles was fine.
O00908,02-05-2024,15:45,C0182,Rihan Shaikh,R16,Ice Cream Sundae,Dessert,4,? 200.00, ? 800.00 , ? 143.00 ,? 228.00,A satisfying meal. The Ice Cream Sundae was a good choice.
O00909,02-05-2024,12:45,C0098,Shahrukh Malik,R33,Fish Curry,Non-Veg Main,1,? 400.00, ? 400.00 , ? 286.00 ,? 114.00,The Fish Curry was cooked to perfection. The spices were spot on!
O00910,02-05-2024,16:15,C0170,Sher Shikalkar,R20,Veg Fried Rice,Rice & Noodles,4,? 200.00, ? 800.00 , ? 145.00 ,? 220.00,Great food! The Veg Fried Rice was delicious and well-prepared.
O00911,02-05-2024,11:00,C0012,Abdul Rahim Malik,R30,Shahi Paneer,Vegetarian,1,? 400.00, ? 400.00 , ? 281.00 ,? 119.00,I found the Shahi Paneer to be a bit watery.
O00912,02-05-2024,22:30,C0182,Rihan Shaikh,R3,Chicken Soup,Starter,4,? 220.00, ? 880.00 , ? 170.00 ,? 200.00,The Chicken Soup was a bit too oily for my liking.
O00913,02-05-2024,11:15,C0022,Aasiya Ali,R116,Uttapam,South Indian,4,? 220.00, ? 880.00 , ? 170.00 ,? 200.00,It was an average Uttapam.
O00914,02-05-2024,11:00,C0078,Arahan Shaikh,R68,Chicken Manchurian,Starter,3,? 280.00, ? 840.00 , ? 205.00 ,? 225.00,The Chicken Manchurian was a fantastic start to our meal! Perfectly crispy.
O00915,03-05-2024,13:45,C0227,Nikhat Taimoor,R78,Chicken Schezwan Noodles,Rice & Noodles,4,? 280.00," ? 1,120.00 ", ? 218.00 ,? 248.00,Great food! The Chicken Schezwan Noodles was delicious and well-prepared.
O00916,03-05-2024,18:30,C0116,Arman Khan,R43,Idli Sambar,Vegetarian,1,? 160.00, ? 160.00 , ? 119.00 ,? 41.00,A wholesome and delicious Idli Sambar. The vegetables were so fresh!
O00917,03-05-2024,11:00,C0312,Danish Khan,R23,Chicken Tikka,Starter,3,? 320.00, ? 960.00 , ? 233.00 ,? 261.00,The Chicken Tikka was simply delicious and fresh. Highly recommended!
O00918,04-05-2024,13:00,C0079,Shahrukh Faruqi,R78,Chicken Schezwan Noodles,Rice & Noodles,1,? 280.00, ? 280.00 , ? 218.00 ,? 62.00,I was not a fan of the Chicken Schezwan Noodles.
O00919,04-05-2024,15:00,C0074,Moh Saad Malik,R144,Paneer Shawarma,Street Food,5,? 150.00, ? 750.00 , ? 111.00 ,? 195.00,The Paneer Shawarma was excellent. Really enjoyed the meal.
O00920,04-05-2024,18:30,C0211,Moh Saad Faruqi,R140,Paneer Frankie,Street Food,1,? 130.00, ? 130.00 , ? 95.00 ,? 35.00,The Paneer Frankie met my expectations.
O00921,04-05-2024,19:45,C0284,Sher Shaikh,R21,Chicken Fried Rice,Rice & Noodles,4,? 240.00, ? 960.00 , ? 182.00 ,? 232.00,The Chicken Fried Rice could have been better.
O00922,04-05-2024,11:30,C0016,Dua Khan,R133,Club Sandwich,Sandwiches,1,? 160.00, ? 160.00 , ? 119.00 ,? 41.00,Great food! The Club Sandwich was delicious and well-prepared.
O00923,04-05-2024,16:45,C0050,Dua Sayyad,R20,Veg Fried Rice,Rice & Noodles,1,? 200.00, ? 200.00 , ? 145.00 ,? 55.00,Great food! The Veg Fried Rice was delicious and well-prepared.
O00924,04-05-2024,14:45,C0038,Moh Saad Malik,R34,Dal Tadka,Vegetarian,5,? 260.00," ? 1,300.00 ", ? 183.00 ,? 385.00,The Dal Tadka is a great choice for vegetarians. Hearty and full of flavor.
O00925,04-05-2024,15:15,C0219,Isharat Nadaf,R59,Veg Pulao,Rice & Noodles,4,? 240.00, ? 960.00 , ? 190.00 ,? 200.00,The Veg Pulao was not what I expected.
O00926,04-05-2024,16:15,C0122,Aakib Nadaf,R143,Chicken Burger,Fast Food,4,? 160.00, ? 640.00 , ? 115.00 ,? 180.00,I was not a fan of the Chicken Burger.
O00927,04-05-2024,18:45,C0243,Imran Sayyad,R117,Vada Pav,Snack,1,? 120.00, ? 120.00 , ? 91.00 ,? 29.00,The Vada Pav was excellent. Really enjoyed the meal.
O00928,04-05-2024,16:45,C0314,Arman Faruqi,R47,Hyderabadi Haleem,Non-Veg Main,2,? 500.00," ? 1,000.00 ", ? 395.00 ,? 210.00,The Hyderabadi Haleem was the highlight of our meal. Absolutely delicious!
O00929,04-05-2024,15:45,C0146,Sultan Sayyad,R136,Chicken Kathi Roll,Street Food,5,? 160.00, ? 800.00 , ? 112.00 ,? 240.00,Great food! The Chicken Kathi Roll was delicious and well-prepared.
O00930,04-05-2024,11:30,C0068,Abdul Rahim Shaikh,R165,Paneer Tandoori Wrap,Snacks,5,? 120.00, ? 600.00 , ? 94.00 ,? 130.00,Great food! The Paneer Tandoori Wrap was delicious and well-prepared.
O00931,04-05-2024,11:45,C0062,Ayeza Nadaf,R110,Seekh Kebab,Starter,3,? 400.00," ? 1,200.00 ", ? 282.00 ,? 354.00,The Seekh Kebab was a bit too oily for my liking.
O00932,04-05-2024,22:00,C0128,Moh Saad Shikalkar,R30,Shahi Paneer,Vegetarian,5,? 400.00," ? 2,000.00 ", ? 281.00 ,? 595.00,The vegetables in the Shahi Paneer seemed overcooked.
O00933,04-05-2024,22:30,C0277,Shamsher Faruqi,R71,Veg Spring Rolls,Starter,1,? 220.00, ? 220.00 , ? 162.00 ,? 58.00,The Veg Spring Rolls was cold when it arrived at our table.
O00934,04-05-2024,21:15,C0214,Nikhat Taimoor,R90,Tandoori Momos,Starter,1,? 260.00, ? 260.00 , ? 185.00 ,? 75.00,Absolutely loved the Tandoori Momos! It was the perfect appetizer to get us started.
O00935,05-05-2024,19:45,C0212,Shahrukh Mujawar,R2,Mushroom Soup,Starter,3,? 200.00, ? 600.00 , ? 159.00 ,? 123.00,The Mushroom Soup was a bit too oily for my liking.
O00936,05-05-2024,18:00,C0121,Rihan Mujawar,R116,Uttapam,South Indian,5,? 220.00," ? 1,100.00 ", ? 170.00 ,? 250.00,Great food! The Uttapam was delicious and well-prepared.
O00937,05-05-2024,12:00,C0221,Arman Mujawar,R161,Grilled Veg Panini,Snacks,1,? 140.00, ? 140.00 , ? 99.00 ,? 41.00,I was not a fan of the Grilled Veg Panini.
O00938,05-05-2024,14:00,C0030,Sher Mujawar,R133,Club Sandwich,Sandwiches,5,? 160.00, ? 800.00 , ? 119.00 ,? 205.00,Great food! The Club Sandwich was delicious and well-prepared.
O00939,05-05-2024,11:45,C0291,Aman Faruqi,R111,Veg Thali,Meal Combo,5,? 360.00," ? 1,800.00 ", ? 263.00 ,? 485.00,Great food! The Veg Thali was delicious and well-prepared.
O00940,05-05-2024,19:45,C0047,Rihan Sayyad,R150,Aloo Parantha,Breads,2,? 80.00, ? 160.00 , ? 63.00 ,? 34.00,I was not a fan of the Aloo Parantha.
O00941,05-05-2024,13:30,C0109,Aman Mujawar,R42,Masala Dosa,Vegetarian,3,? 180.00, ? 540.00 , ? 138.00 ,? 126.00,The Masala Dosa is a great choice for vegetarians. Hearty and full of flavor.
O00942,06-05-2024,10:15,C0236,Aakib Khan,R152,Chicken Kathi Roll,Snacks,3,? 120.00, ? 360.00 , ? 91.00 ,? 87.00,Great food! The Chicken Kathi Roll was delicious and well-prepared.
O00943,06-05-2024,13:15,C0084,Imran Momin,R168,Avocado Toast,Breakfast,5,? 150.00, ? 750.00 , ? 111.00 ,? 195.00,A satisfying meal. The Avocado Toast was a good choice.
O00944,06-05-2024,10:30,C0165,Dua Sayyad,R23,Chicken Tikka,Starter,2,? 320.00, ? 640.00 , ? 233.00 ,? 174.00,The Chicken Tikka was simply delicious and fresh. Highly recommended!
O00945,06-05-2024,17:00,C0326,Aman Sayyad,R143,Chicken Burger,Fast Food,2,? 160.00, ? 320.00 , ? 115.00 ,? 90.00,A satisfying meal. The Chicken Burger was a good choice.
O00946,06-05-2024,15:45,C0111,Moh Saad Raes,R5,Mutton Biryani,Rice Meal,3,? 490.00," ? 1,470.00 ", ? 350.00 ,? 420.00,The Mutton Biryani was excellent. Really enjoyed the meal.
O00947,06-05-2024,12:00,C0274,Moh Saad Sayyad,R167,Veggie Delight Sub,Snacks,3,? 120.00, ? 360.00 , ? 90.00 ,? 90.00,Great food! The Veggie Delight Sub was delicious and well-prepared.
O00948,06-05-2024,14:30,C0244,Arahan Raes,R5,Mutton Biryani,Rice Meal,5,? 490.00," ? 2,450.00 ", ? 350.00 ,? 700.00,The Mutton Biryani was excellent. Really enjoyed the meal.
O00949,06-05-2024,17:00,C0303,Dua Momin,R80,Hot & Sour Soup (Chicken),Starter,1,? 200.00, ? 200.00 , ? 159.00 ,? 41.00,The Hot & Sour Soup (Chicken) was a fantastic start to our meal! Perfectly crispy.
O00950,06-05-2024,17:00,C0163,Shamsher Shikalkar,R71,Veg Spring Rolls,Starter,3,? 220.00, ? 660.00 , ? 162.00 ,? 174.00,The Veg Spring Rolls was a fantastic start to our meal! Perfectly crispy.
O00951,07-05-2024,15:30,C0224,Nikhat Mujawar,R153,Paneer Bhurji Sandwich,Snacks,3,? 75.00, ? 225.00 , ? 59.00 ,? 48.00,A satisfying meal. The Paneer Bhurji Sandwich was a good choice.
O00952,07-05-2024,18:15,C0044,Shamsher Mujawar,R154,Egg Mayo Sandwich,Snacks,2,? 85.00, ? 170.00 , ? 66.00 ,? 38.00,I was not a fan of the Egg Mayo Sandwich.
O00953,07-05-2024,11:45,C0096,Imran Mujawar,R43,Idli Sambar,Vegetarian,5,? 160.00, ? 800.00 , ? 119.00 ,? 205.00,A wholesome and delicious Idli Sambar. The vegetables were so fresh!
O00954,07-05-2024,18:30,C0177,Sultan Ali,R23,Chicken Tikka,Starter,1,? 320.00, ? 320.00 , ? 233.00 ,? 87.00,The Chicken Tikka was a fantastic start to our meal! Perfectly crispy.
O00955,07-05-2024,18:30,C0123,Abdul Rahim Faruqi,R134,Grilled Cheese Sandwich,Sandwiches,1,? 120.00, ? 120.00 , ? 90.00 ,? 30.00,The Grilled Cheese Sandwich could have been better.
O00956,07-05-2024,11:00,C0043,Aakib Faruqi,R141,Chicken Frankie,Street Food,1,? 150.00, ? 150.00 , ? 112.00 ,? 38.00,The Chicken Frankie was excellent. Really enjoyed the meal.
O00957,07-05-2024,12:45,C0140,Imran Taimoor,R2,Mushroom Soup,Starter,3,? 200.00, ? 600.00 , ? 159.00 ,? 123.00,The Mushroom Soup was simply delicious and fresh. Highly recommended!
O00958,07-05-2024,17:45,C0304,Danish Sayyad,R84,Chicken Clear Soup,Starter,4,? 160.00, ? 640.00 , ? 125.00 ,? 140.00,Absolutely loved the Chicken Clear Soup! It was the perfect appetizer to get us started.
O00959,07-05-2024,10:30,C0176,Abdul Rahim Shikalkar,R36,Chole Bhature,Vegetarian,4,? 280.00," ? 1,120.00 ", ? 223.00 ,? 228.00,Loved the Chole Bhature! It was a delightful and well-prepared vegetarian meal.
O00960,07-05-2024,15:15,C0312,Danish Khan,R67,Veg Manchurian,Starter,5,? 240.00," ? 1,200.00 ", ? 169.00 ,? 355.00,The Veg Manchurian was okay. It was a standard appetizer.
O00961,07-05-2024,16:15,C0139,Arman Khan,R68,Chicken Manchurian,Starter,2,? 280.00, ? 560.00 , ? 205.00 ,? 150.00,The Chicken Manchurian was a fantastic start to our meal! Perfectly crispy.
O00962,07-05-2024,10:45,C0039,Aasifa Shaikh,R74,Chili Chicken,Starter,2,? 340.00, ? 680.00 , ? 250.00 ,? 180.00,The Chili Chicken was a fantastic start to our meal! Perfectly crispy.
O00963,08-05-2024,15:15,C0301,Sher Taimoor,R154,Egg Mayo Sandwich,Snacks,2,? 85.00, ? 170.00 , ? 66.00 ,? 38.00,The Egg Mayo Sandwich was excellent. Really enjoyed the meal.
O00964,08-05-2024,11:15,C0010,Kaif Azam,R100,Biryani (Veg),Rice,2,? 320.00, ? 640.00 , ? 251.00 ,? 138.00,The Biryani (Veg) was fine.
O00965,08-05-2024,22:00,C0097,Isharat Taimoor,R84,Chicken Clear Soup,Starter,1,? 160.00, ? 160.00 , ? 125.00 ,? 35.00,The Chicken Clear Soup was simply delicious and fresh. Highly recommended!
O00966,08-05-2024,22:15,C0277,Shamsher Faruqi,R135,Paneer Kathi Roll,Street Food,4,? 140.00, ? 560.00 , ? 103.00 ,? 148.00,The Paneer Kathi Roll was not what I expected.
O00967,08-05-2024,14:30,C0306,Arman Malik,R117,Vada Pav,Snack,3,? 120.00, ? 360.00 , ? 91.00 ,? 87.00,I was not a fan of the Vada Pav.
O00968,08-05-2024,13:30,C0150,Aman Ali,R68,Chicken Manchurian,Starter,4,? 280.00," ? 1,120.00 ", ? 205.00 ,? 300.00,The Chicken Manchurian was cold when it arrived at our table.
O00969,08-05-2024,15:00,C0114,Imran Faruqi,R141,Chicken Frankie,Street Food,5,? 150.00, ? 750.00 , ? 112.00 ,? 190.00,I was not a fan of the Chicken Frankie.
O00970,08-05-2024,21:00,C0280,Dua Faruqi,R11,Margherita Pizza,Pizza,4,? 330.00," ? 1,320.00 ", ? 231.00 ,? 396.00,The Margherita Pizza was excellent. Really enjoyed the meal.
O00971,08-05-2024,17:30,C0144,Aasifa Mujawar,R161,Grilled Veg Panini,Snacks,5,? 140.00, ? 700.00 , ? 99.00 ,? 205.00,A satisfying meal. The Grilled Veg Panini was a good choice.
O00972,08-05-2024,18:00,C0100,Aman Momin,R169,Club Chicken Sandwich,Snacks,4,? 140.00, ? 560.00 , ? 101.00 ,? 156.00,The Club Chicken Sandwich was excellent. Really enjoyed the meal.
O00973,08-05-2024,20:30,C0112,Shahrukh Sayyad,R7,Butter Chicken,Meat Special,5,? 495.00," ? 2,475.00 ", ? 349.00 ,? 730.00,A satisfying meal. The Butter Chicken was a good choice.
O00974,08-05-2024,15:15,C0226,Aman Taimoor,R90,Tandoori Momos,Starter,2,? 260.00, ? 520.00 , ? 185.00 ,? 150.00,The Tandoori Momos was okay. It was a standard appetizer.
O00975,09-05-2024,20:30,C0227,Nikhat Taimoor,R56,Tandoori Chicken,Non-Veg Main,2,? 460.00, ? 920.00 , ? 366.00 ,? 188.00,The Tandoori Chicken was the highlight of our meal. Absolutely delicious!
O00976,09-05-2024,11:00,C0039,Aasifa Shaikh,R30,Shahi Paneer,Vegetarian,5,? 400.00," ? 2,000.00 ", ? 281.00 ,? 595.00,The Shahi Paneer is a great choice for vegetarians. Hearty and full of flavor.
O00977,09-05-2024,14:30,C0273,Aasin Mujawar,R77,Veg Schezwan Noodles,Rice & Noodles,2,? 240.00, ? 480.00 , ? 171.00 ,? 138.00,Great food! The Veg Schezwan Noodles was delicious and well-prepared.
O00978,09-05-2024,17:30,C0094,Rihan Ali,R165,Paneer Tandoori Wrap,Snacks,5,? 120.00, ? 600.00 , ? 94.00 ,? 130.00,It was an average Paneer Tandoori Wrap.
O00979,09-05-2024,13:45,C0089,Aasin Shaikh,R37,Pav Bhaji,Vegetarian,2,? 220.00, ? 440.00 , ? 171.00 ,? 98.00,Loved the Pav Bhaji! It was a delightful and well-prepared vegetarian meal.
O00980,09-05-2024,17:45,C0177,Sultan Ali,R18,Veg Hakka Noodles,Rice & Noodles,4,? 220.00, ? 880.00 , ? 165.00 ,? 220.00,A satisfying meal. The Veg Hakka Noodles was a good choice.
O00981,09-05-2024,17:30,C0165,Dua Sayyad,R132,Garlic Naan,Breads,1,? 70.00, ? 70.00 , ? 54.00 ,? 16.00,The Garlic Naan was excellent. Really enjoyed the meal.
O00982,09-05-2024,12:45,C0097,Isharat Taimoor,R15,Tiramisu,Dessert,4,? 280.00," ? 1,120.00 ", ? 201.00 ,? 316.00,The Tiramisu was not what I expected.
O00983,09-05-2024,15:45,C0020,Rihan Shikalkar,R71,Veg Spring Rolls,Starter,2,? 220.00, ? 440.00 , ? 162.00 ,? 116.00,The Veg Spring Rolls was a fantastic start to our meal! Perfectly crispy.
O00984,10-05-2024,11:15,C0014,Arman Faruqi,R22,Paneer Tikka,Starter,2,? 280.00, ? 560.00 , ? 199.00 ,? 162.00,The Paneer Tikka was simply delicious and fresh. Highly recommended!
O00985,10-05-2024,12:00,C0241,Shamsher Faruqi,R4,Chicken Biryani,Rice Meal,5,? 440.00," ? 2,200.00 ", ? 334.00 ,? 530.00,A satisfying meal. The Chicken Biryani was a good choice.
O00986,10-05-2024,14:45,C0168,Isharat Shikalkar,R53,Baingan Bharta,Vegetarian,3,? 260.00, ? 780.00 , ? 195.00 ,? 195.00,The Baingan Bharta was bland and needed more seasoning.
O00987,10-05-2024,19:45,C0177,Sultan Ali,R5,Mutton Biryani,Rice Meal,5,? 490.00," ? 2,450.00 ", ? 350.00 ,? 700.00,The Mutton Biryani was excellent. Really enjoyed the meal.
O00988,10-05-2024,10:15,C0286,Sher Malik,R27,Pasta Arrabbiata,Continental,3,? 300.00, ? 900.00 , ? 215.00 ,? 255.00,Great food! The Pasta Arrabbiata was delicious and well-prepared.
O00989,10-05-2024,11:15,C0149,Aariz Nadaf,R11,Margherita Pizza,Pizza,2,? 330.00, ? 660.00 , ? 231.00 ,? 198.00,A satisfying meal. The Margherita Pizza was a good choice.
O00990,10-05-2024,10:00,C0178,Wahaj Sayyad,R26,Pasta Alfredo,Continental,3,? 320.00, ? 960.00 , ? 249.00 ,? 213.00,The Pasta Alfredo was not what I expected.
O00991,10-05-2024,21:45,C0134,Isharat Nadaf,R141,Chicken Frankie,Street Food,2,? 150.00, ? 300.00 , ? 112.00 ,? 76.00,A satisfying meal. The Chicken Frankie was a good choice.
O00992,10-05-2024,17:45,C0247,Shahrukh Sayyad,R8,Paneer Butter Masala,Vegetarian,1,? 380.00, ? 380.00 , ? 298.00 ,? 82.00,The Paneer Butter Masala was bland and needed more seasoning.
O00993,10-05-2024,22:15,C0067,Sultan Ali,R116,Uttapam,South Indian,5,? 220.00," ? 1,100.00 ", ? 170.00 ,? 250.00,The Uttapam met my expectations.
O00994,10-05-2024,21:15,C0201,Sher Sayyad,R54,Aloo Gobi,Vegetarian,3,? 220.00, ? 660.00 , ? 166.00 ,? 162.00,A wholesome and delicious Aloo Gobi. The vegetables were so fresh!
O00995,10-05-2024,11:15,C0184,Kaif Sayyad,R100,Biryani (Veg),Rice,4,? 320.00," ? 1,280.00 ", ? 251.00 ,? 276.00,Great food! The Biryani (Veg) was delicious and well-prepared.
O00996,10-05-2024,10:00,C0242,Arahan Mujawar,R100,Biryani (Veg),Rice,2,? 320.00, ? 640.00 , ? 251.00 ,? 138.00,A satisfying meal. The Biryani (Veg) was a good choice.
O00997,10-05-2024,14:30,C0150,Aman Ali,R168,Avocado Toast,Breakfast,5,? 150.00, ? 750.00 , ? 111.00 ,? 195.00,It was an average Avocado Toast.
O00998,11-05-2024,20:15,C0066,Abdul Rahim Mujawar,R20,Veg Fried Rice,Rice & Noodles,1,? 200.00, ? 200.00 , ? 145.00 ,? 55.00,The Veg Fried Rice was excellent. Really enjoyed the meal.
O00999,11-05-2024,15:00,C0032,Ayeza Mujawar,R45,Medu Vada,Vegetarian,3,? 150.00, ? 450.00 , ? 112.00 ,? 114.00,The Medu Vada is a great choice for vegetarians. Hearty and full of flavor.
O01000,11-05-2024,16:45,C0175,Aasiya Momin,R158,Cheese Garlic Bread,Breads,4,? 110.00, ? 440.00 , ? 85.00 ,? 100.00,The Cheese Garlic Bread was not what I expected.
O01001,11-05-2024,21:30,C0065,Shamsher Faruqi,R62,Dal Makhani,Vegetarian,4,? 340.00," ? 1,360.00 ", ? 269.00 ,? 284.00,A wholesome and delicious Dal Makhani. The vegetables were so fresh!
O01002,11-05-2024,19:15,C0167,Abdul Rahim Momin,R156,Veg Paneer Wrap,Snacks,4,? 95.00, ? 380.00 , ? 74.00 ,? 84.00,The Veg Paneer Wrap was fine.
O01003,11-05-2024,15:45,C0204,Aasifa Faruqi,R146,Cheese Sandwich,Sandwiches,2,? 100.00, ? 200.00 , ? 72.00 ,? 56.00,A satisfying meal. The Cheese Sandwich was a good choice.
O01004,11-05-2024,22:00,C0116,Arman Khan,R116,Uttapam,South Indian,4,? 220.00, ? 880.00 , ? 170.00 ,? 200.00,The Uttapam could have been better.
O01005,11-05-2024,18:00,C0012,Abdul Rahim Malik,R32,Mutton Rogan Josh,Non-Veg Main,3,? 520.00," ? 1,560.00 ", ? 395.00 ,? 375.00,The meat in the Mutton Rogan Josh was a bit tough and chewy.
O01006,12-05-2024,22:00,C0139,Arman Khan,R141,Chicken Frankie,Street Food,5,? 150.00, ? 750.00 , ? 112.00 ,? 190.00,The Chicken Frankie was excellent. Really enjoyed the meal.
O01007,12-05-2024,11:00,C0259,Nikhat Malik,R146,Cheese Sandwich,Sandwiches,5,? 100.00, ? 500.00 , ? 72.00 ,? 140.00,Great food! The Cheese Sandwich was delicious and well-prepared.
O01008,12-05-2024,12:00,C0253,Kaif Sayyad,R17,French Fries,Starter,3,? 120.00, ? 360.00 , ? 87.00 ,? 99.00,It was an average French Fries.
O01009,12-05-2024,22:30,C0321,Aasifa Khan,R32,Mutton Rogan Josh,Non-Veg Main,1,? 520.00, ? 520.00 , ? 395.00 ,? 125.00,A truly authentic and flavorful Mutton Rogan Josh. It was very satisfying.
O01010,12-05-2024,18:30,C0282,Nikhat Khan,R43,Idli Sambar,Vegetarian,4,? 160.00, ? 640.00 , ? 119.00 ,? 164.00,I found the Idli Sambar to be a bit watery.
O01011,12-05-2024,13:15,C0314,Arman Faruqi,R26,Pasta Alfredo,Continental,3,? 320.00, ? 960.00 , ? 249.00 ,? 213.00,The Pasta Alfredo was not what I expected.
O01012,12-05-2024,20:15,C0099,Aariz Faruqi,R160,Chicken Caesar Wrap,Snacks,5,? 150.00, ? 750.00 , ? 109.00 ,? 205.00,A satisfying meal. The Chicken Caesar Wrap was a good choice.
O01013,12-05-2024,12:00,C0031,Rihan Momin,R116,Uttapam,South Indian,4,? 220.00, ? 880.00 , ? 170.00 ,? 200.00,Great food! The Uttapam was delicious and well-prepared.
O01014,12-05-2024,12:30,C0175,Aasiya Momin,R73,Chili Paneer,Starter,4,? 280.00," ? 1,120.00 ", ? 219.00 ,? 244.00,The Chili Paneer was cold when it arrived at our table.
O01015,12-05-2024,13:45,C0268,Ayeza Azam,R44,Vada Sambar,Vegetarian,3,? 170.00, ? 510.00 , ? 121.00 ,? 147.00,The Vada Sambar is a great choice for vegetarians. Hearty and full of flavor.
O01016,12-05-2024,21:30,C0170,Sher Shikalkar,R79,Hot & Sour Soup (Veg),Starter,3,? 160.00, ? 480.00 , ? 113.00 ,? 141.00,Absolutely loved the Hot & Sour Soup (Veg)! It was the perfect appetizer to get us started.
O01017,12-05-2024,18:15,C0257,Aman Nadaf,R42,Masala Dosa,Vegetarian,1,? 180.00, ? 180.00 , ? 138.00 ,? 42.00,The Masala Dosa was bland and needed more seasoning.
O01018,13-05-2024,19:45,C0312,Danish Khan,R44,Vada Sambar,Vegetarian,3,? 170.00, ? 510.00 , ? 121.00 ,? 147.00,The Vada Sambar was bland and needed more seasoning.
O01019,13-05-2024,20:15,C0061,Shamsher Raes,R124,Chana Masala,Main Course,1,? 260.00, ? 260.00 , ? 185.00 ,? 75.00,It was an average Chana Masala.
O01020,13-05-2024,11:30,C0117,Shamsher Ali,R85,Veg Momos,Starter,5,? 180.00, ? 900.00 , ? 138.00 ,? 210.00,Absolutely loved the Veg Momos! It was the perfect appetizer to get us started.
O01021,13-05-2024,22:30,C0206,Aariz Faruqi,R90,Tandoori Momos,Starter,4,? 260.00," ? 1,040.00 ", ? 185.00 ,? 300.00,The Tandoori Momos was simply delicious and fresh. Highly recommended!
O01022,13-05-2024,13:45,C0225,Arman Faruqi,R83,Veg Clear Soup,Starter,2,? 120.00, ? 240.00 , ? 84.00 ,? 72.00,The Veg Clear Soup was a fantastic start to our meal! Perfectly crispy.
O01023,13-05-2024,14:00,C0319,Sultan Raes,R24,Samosa,Starter,1,? 100.00, ? 100.00 , ? 73.00 ,? 27.00,The Samosa was okay. It was a standard appetizer.
O01024,13-05-2024,22:45,C0297,Wahaj Ali,R128,Matar Paneer,Main Course,2,? 340.00, ? 680.00 , ? 263.00 ,? 154.00,A satisfying meal. The Matar Paneer was a good choice.
O01025,13-05-2024,20:45,C0041,Aakib Shaikh,R165,Paneer Tandoori Wrap,Snacks,4,? 120.00, ? 480.00 , ? 94.00 ,? 104.00,A satisfying meal. The Paneer Tandoori Wrap was a good choice.
O01026,13-05-2024,18:15,C0239,Arman Momin,R132,Garlic Naan,Breads,2,? 70.00, ? 140.00 , ? 54.00 ,? 32.00,The Garlic Naan was excellent. Really enjoyed the meal.
O01027,13-05-2024,20:30,C0199,Arman Shaikh,R55,Jeera Rice,Rice & Noodles,4,? 180.00, ? 720.00 , ? 129.00 ,? 204.00,It was an average Jeera Rice.
O01028,13-05-2024,19:30,C0258,Aakib Sayyad,R149,Paneer Parantha,Breads,3,? 90.00, ? 270.00 , ? 64.00 ,? 78.00,The Paneer Parantha was fine.
O01029,13-05-2024,17:00,C0104,Sultan Nadaf,R15,Tiramisu,Dessert,4,? 280.00," ? 1,120.00 ", ? 201.00 ,? 316.00,The Tiramisu was not what I expected.
O01030,13-05-2024,20:00,C0044,Shamsher Mujawar,R119,Misal Pav,Snack,3,? 160.00, ? 480.00 , ? 126.00 ,? 102.00,A satisfying meal. The Misal Pav was a good choice.
O01031,14-05-2024,18:30,C0205,Rihan Taimoor,R1,Tomato Soup,Starter,5,? 180.00, ? 900.00 , ? 132.00 ,? 240.00,The Tomato Soup was a fantastic start to our meal! Perfectly crispy.
O01032,14-05-2024,12:00,C0119,Shahrukh Azam,R84,Chicken Clear Soup,Starter,5,? 160.00, ? 800.00 , ? 125.00 ,? 175.00,The Chicken Clear Soup was cold when it arrived at our table.
O01033,14-05-2024,20:30,C0217,Nikhat Mujawar,R81,Sweet Corn Soup (Veg),Starter,5,? 140.00, ? 700.00 , ? 108.00 ,? 160.00,The Sweet Corn Soup (Veg) was a fantastic start to our meal! Perfectly crispy.
O01034,14-05-2024,22:00,C0042,Aasin Taimoor,R119,Misal Pav,Snack,3,? 160.00, ? 480.00 , ? 126.00 ,? 102.00,The Misal Pav met my expectations.
O01035,14-05-2024,13:15,C0018,Sher Shikalkar,R150,Aloo Parantha,Breads,4,? 80.00, ? 320.00 , ? 63.00 ,? 68.00,The Aloo Parantha was excellent. Really enjoyed the meal.
O01036,14-05-2024,15:45,C0109,Aman Mujawar,R131,Butter Naan,Breads,3,? 60.00, ? 180.00 , ? 45.00 ,? 45.00,A satisfying meal. The Butter Naan was a good choice.
O01037,14-05-2024,21:45,C0191,Imran Shikalkar,R21,Chicken Fried Rice,Rice & Noodles,5,? 240.00," ? 1,200.00 ", ? 182.00 ,? 290.00,Great food! The Chicken Fried Rice was delicious and well-prepared.
O01038,14-05-2024,21:00,C0172,Ayeza Shaikh,R57,Chicken Tikka Masala,Non-Veg Main,1,? 480.00, ? 480.00 , ? 373.00 ,? 107.00,The Chicken Tikka Masala was alright. It was cooked well but the flavor was average.
O01039,15-05-2024,16:15,C0174,Anis Malik,R20,Veg Fried Rice,Rice & Noodles,3,? 200.00, ? 600.00 , ? 145.00 ,? 165.00,A satisfying meal. The Veg Fried Rice was a good choice.
O01040,15-05-2024,18:45,C0067,Sultan Ali,R151,Veg Frankie Roll,Snacks,2,? 80.00, ? 160.00 , ? 62.00 ,? 36.00,The Veg Frankie Roll was excellent. Really enjoyed the meal.
O01041,15-05-2024,22:45,C0303,Dua Momin,R84,Chicken Clear Soup,Starter,3,? 160.00, ? 480.00 , ? 125.00 ,? 105.00,The Chicken Clear Soup was a bit too oily for my liking.
O01042,15-05-2024,21:30,C0090,Shahrukh Khan,R28,Caesar Salad,Salad,3,? 280.00, ? 840.00 , ? 210.00 ,? 210.00,I was not a fan of the Caesar Salad.
O01043,15-05-2024,12:45,C0075,Rihan Raes,R154,Egg Mayo Sandwich,Snacks,1,? 85.00, ? 85.00 , ? 66.00 ,? 19.00,The Egg Mayo Sandwich met my expectations.
O01044,15-05-2024,18:45,C0292,Arahan Taimoor,R34,Dal Tadka,Vegetarian,5,? 260.00," ? 1,300.00 ", ? 183.00 ,? 385.00,The Dal Tadka is a great choice for vegetarians. Hearty and full of flavor.
O01045,15-05-2024,18:00,C0007,Aman Taimoor,R86,Chicken Momos,Starter,5,? 220.00," ? 1,100.00 ", ? 170.00 ,? 250.00,It was an average Chicken Momos.
O01046,15-05-2024,15:00,C0098,Shahrukh Malik,R19,Chicken Hakka Noodles,Rice & Noodles,1,? 260.00, ? 260.00 , ? 193.00 ,? 67.00,The Chicken Hakka Noodles was not what I expected.
O01047,15-05-2024,17:30,C0320,Sultan Momin,R162,BBQ Chicken Pizza Sandwich,Snacks,4,? 160.00, ? 640.00 , ? 115.00 ,? 180.00,A satisfying meal. The BBQ Chicken Pizza Sandwich was a good choice.
O01048,15-05-2024,11:15,C0294,Isharat Sayyad,R59,Veg Pulao,Rice & Noodles,5,? 240.00," ? 1,200.00 ", ? 190.00 ,? 250.00,I was not a fan of the Veg Pulao.
O01049,15-05-2024,11:30,C0274,Moh Saad Sayyad,R27,Pasta Arrabbiata,Continental,1,? 300.00, ? 300.00 , ? 215.00 ,? 85.00,Great food! The Pasta Arrabbiata was delicious and well-prepared.
O01050,15-05-2024,16:45,C0277,Shamsher Faruqi,R146,Cheese Sandwich,Sandwiches,3,? 100.00, ? 300.00 , ? 72.00 ,? 84.00,The Cheese Sandwich was not what I expected.
O01051,15-05-2024,15:45,C0293,Wahaj Raes,R144,Paneer Shawarma,Street Food,5,? 150.00, ? 750.00 , ? 111.00 ,? 195.00,Great food! The Paneer Shawarma was delicious and well-prepared.
O01052,16-05-2024,15:45,C0137,Aman Raes,R72,Chicken Spring Rolls,Starter,3,? 260.00, ? 780.00 , ? 189.00 ,? 213.00,Wasn't very impressed with the Chicken Spring Rolls. It lacked flavor.
O01053,16-05-2024,15:15,C0251,Aakib Khan,R71,Veg Spring Rolls,Starter,2,? 220.00, ? 440.00 , ? 162.00 ,? 116.00,The Veg Spring Rolls was a fantastic start to our meal! Perfectly crispy.
O01054,16-05-2024,15:45,C0314,Arman Faruqi,R128,Matar Paneer,Main Course,1,? 340.00, ? 340.00 , ? 263.00 ,? 77.00,It was an average Matar Paneer.
O01055,16-05-2024,12:00,C0250,Isharat Azam,R25,Spring Rolls,Starter,1,? 220.00, ? 220.00 , ? 164.00 ,? 56.00,It was an average Spring Rolls.
O01056,16-05-2024,10:30,C0162,Shamsher Mujawar,R24,Samosa,Starter,4,? 100.00, ? 400.00 , ? 73.00 ,? 108.00,The Samosa was simply delicious and fresh. Highly recommended!
O01057,16-05-2024,14:30,C0073,Moh Saad Taimoor,R16,Ice Cream Sundae,Dessert,3,? 200.00, ? 600.00 , ? 143.00 ,? 171.00,A satisfying meal. The Ice Cream Sundae was a good choice.
O01058,16-05-2024,11:00,C0037,Wahaj Malik,R163,Corn & Cheese Sandwich,Snacks,2,? 90.00, ? 180.00 , ? 66.00 ,? 48.00,A satisfying meal. The Corn & Cheese Sandwich was a good choice.
O01059,16-05-2024,15:15,C0302,Shamsher Ali,R68,Chicken Manchurian,Starter,2,? 280.00, ? 560.00 , ? 205.00 ,? 150.00,The Chicken Manchurian was okay. It was a standard appetizer.
O01060,17-05-2024,22:45,C0159,Arman Taimoor,R40,Mutton Biryani,Rice & Noodles,5,? 480.00," ? 2,400.00 ", ? 340.00 ,? 700.00,It was an average Mutton Biryani.
O01061,17-05-2024,21:30,C0291,Aman Faruqi,R68,Chicken Manchurian,Starter,2,? 280.00, ? 560.00 , ? 205.00 ,? 150.00,"The Chicken Manchurian was decent, but nothing special."
O01062,17-05-2024,20:30,C0056,Aasifa Khan,R111,Veg Thali,Meal Combo,4,? 360.00," ? 1,440.00 ", ? 263.00 ,? 388.00,Great food! The Veg Thali was delicious and well-prepared.
O01063,17-05-2024,10:00,C0175,Aasiya Momin,R135,Paneer Kathi Roll,Street Food,3,? 140.00, ? 420.00 , ? 103.00 ,? 111.00,The Paneer Kathi Roll could have been better.
O01064,17-05-2024,16:15,C0016,Dua Khan,R8,Paneer Butter Masala,Vegetarian,4,? 380.00," ? 1,520.00 ", ? 298.00 ,? 328.00,The Paneer Butter Masala was as expected.
O01065,17-05-2024,16:45,C0184,Kaif Sayyad,R127,Kadhi Pakora,Main Course,1,? 300.00, ? 300.00 , ? 231.00 ,? 69.00,The Kadhi Pakora was excellent. Really enjoyed the meal.
O01066,17-05-2024,10:45,C0253,Kaif Sayyad,R28,Caesar Salad,Salad,2,? 280.00, ? 560.00 , ? 210.00 ,? 140.00,The Caesar Salad met my expectations.
O01067,17-05-2024,14:45,C0187,Aasin Nadaf,R32,Mutton Rogan Josh,Non-Veg Main,4,? 520.00," ? 2,080.00 ", ? 395.00 ,? 500.00,Felt that the Mutton Rogan Josh was overpriced for its quality.
O01068,17-05-2024,16:30,C0252,Moh Saad Faruqi,R64,Crab Curry,Non-Veg Main,5,? 520.00," ? 2,600.00 ", ? 374.00 ,? 730.00,The Crab Curry was the highlight of our meal. Absolutely delicious!
O01069,18-05-2024,17:15,C0326,Aman Sayyad,R34,Dal Tadka,Vegetarian,4,? 260.00," ? 1,040.00 ", ? 183.00 ,? 308.00,A wholesome and delicious Dal Tadka. The vegetables were so fresh!
O01070,18-05-2024,17:15,C0084,Imran Momin,R161,Grilled Veg Panini,Snacks,3,? 140.00, ? 420.00 , ? 99.00 ,? 123.00,It was an average Grilled Veg Panini.
O01071,18-05-2024,14:15,C0256,Arman Faruqi,R168,Avocado Toast,Breakfast,4,? 150.00, ? 600.00 , ? 111.00 ,? 156.00,The Avocado Toast was not what I expected.
O01072,18-05-2024,12:00,C0314,Arman Faruqi,R119,Misal Pav,Snack,4,? 160.00, ? 640.00 , ? 126.00 ,? 136.00,The Misal Pav could have been better.
O01073,18-05-2024,12:30,C0276,Wahaj Faruqi,R139,Chicken Sub,Sandwiches,4,? 180.00, ? 720.00 , ? 137.00 ,? 172.00,Great food! The Chicken Sub was delicious and well-prepared.
O01074,18-05-2024,17:00,C0298,Aasin Malik,R80,Hot & Sour Soup (Chicken),Starter,3,? 200.00, ? 600.00 , ? 159.00 ,? 123.00,"The Hot & Sour Soup (Chicken) was decent, but nothing special."
O01075,18-05-2024,10:45,C0306,Arman Malik,R89,Fried Momos (Chicken),Starter,3,? 240.00, ? 720.00 , ? 176.00 ,? 192.00,Wasn't very impressed with the Fried Momos (Chicken). It lacked flavor.
O01076,19-05-2024,20:45,C0306,Arman Malik,R71,Veg Spring Rolls,Starter,2,? 220.00, ? 440.00 , ? 162.00 ,? 116.00,Wasn't very impressed with the Veg Spring Rolls. It lacked flavor.
O01077,19-05-2024,14:15,C0199,Arman Shaikh,R85,Veg Momos,Starter,2,? 180.00, ? 360.00 , ? 138.00 ,? 84.00,Absolutely loved the Veg Momos! It was the perfect appetizer to get us started.
O01078,19-05-2024,12:15,C0305,Aasin Faruqi,R89,Fried Momos (Chicken),Starter,5,? 240.00," ? 1,200.00 ", ? 176.00 ,? 320.00,"The Fried Momos (Chicken) was decent, but nothing special."
O01079,19-05-2024,16:30,C0045,Arman Shaikh,R75,Schezwan Fried Rice,Rice & Noodles,3,? 220.00, ? 660.00 , ? 160.00 ,? 180.00,Great food! The Schezwan Fried Rice was delicious and well-prepared.
O01080,19-05-2024,18:00,C0008,Dua Sayyad,R144,Paneer Shawarma,Street Food,5,? 150.00, ? 750.00 , ? 111.00 ,? 195.00,A satisfying meal. The Paneer Shawarma was a good choice.
O01081,19-05-2024,15:45,C0235,Abdul Rahim Malik,R26,Pasta Alfredo,Continental,2,? 320.00, ? 640.00 , ? 249.00 ,? 142.00,A satisfying meal. The Pasta Alfredo was a good choice.
O01082,19-05-2024,20:45,C0093,Aakib Raes,R157,Peri Peri Chicken Wings,Snacks,3,? 180.00, ? 540.00 , ? 135.00 ,? 135.00,A satisfying meal. The Peri Peri Chicken Wings was a good choice.
O01083,19-05-2024,14:00,C0070,Aasifa Azam,R7,Butter Chicken,Meat Special,2,? 495.00, ? 990.00 , ? 349.00 ,? 292.00,The Butter Chicken could have been better.
O01084,19-05-2024,13:45,C0323,Wahaj Ali,R147,Paneer Sandwich,Sandwiches,1,? 120.00, ? 120.00 , ? 84.00 ,? 36.00,I was not a fan of the Paneer Sandwich.
O01085,19-05-2024,10:00,C0291,Aman Faruqi,R16,Ice Cream Sundae,Dessert,5,? 200.00," ? 1,000.00 ", ? 143.00 ,? 285.00,The Ice Cream Sundae was excellent. Really enjoyed the meal.
O01086,19-05-2024,11:00,C0086,Sher Momin,R8,Paneer Butter Masala,Vegetarian,2,? 380.00, ? 760.00 , ? 298.00 ,? 164.00,The Paneer Butter Masala was a decent vegetarian option.
O01087,19-05-2024,17:00,C0090,Shahrukh Khan,R139,Chicken Sub,Sandwiches,2,? 180.00, ? 360.00 , ? 137.00 ,? 86.00,A satisfying meal. The Chicken Sub was a good choice.
O01088,20-05-2024,19:45,C0261,Kaif Shaikh,R6,Grilled Salmon,Ocean Meal,5,? 500.00," ? 2,500.00 ", ? 357.00 ,? 715.00,A satisfying meal. The Grilled Salmon was a good choice.
O01089,20-05-2024,21:15,C0070,Aasifa Azam,R145,Chicken Shawarma,Street Food,2,? 170.00, ? 340.00 , ? 131.00 ,? 78.00,It was an average Chicken Shawarma.
O01090,20-05-2024,19:45,C0300,Dua Azam,R145,Chicken Shawarma,Street Food,3,? 170.00, ? 510.00 , ? 131.00 ,? 117.00,It was an average Chicken Shawarma.
O01091,20-05-2024,10:15,C0281,Abdul Rahim Faruqi,R100,Biryani (Veg),Rice,3,? 320.00, ? 960.00 , ? 251.00 ,? 207.00,It was an average Biryani (Veg).
O01092,20-05-2024,15:45,C0312,Danish Khan,R47,Hyderabadi Haleem,Non-Veg Main,1,? 500.00, ? 500.00 , ? 395.00 ,? 105.00,The Hyderabadi Haleem was the highlight of our meal. Absolutely delicious!
O01093,20-05-2024,17:00,C0069,Aasin Khan,R61,Vegetable Korma,Vegetarian,1,? 320.00, ? 320.00 , ? 243.00 ,? 77.00,The vegetables in the Vegetable Korma seemed overcooked.
O01094,21-05-2024,16:30,C0085,Aasifa Azam,R165,Paneer Tandoori Wrap,Snacks,4,? 120.00, ? 480.00 , ? 94.00 ,? 104.00,A satisfying meal. The Paneer Tandoori Wrap was a good choice.
O01095,21-05-2024,10:00,C0286,Sher Malik,R29,Greek Salad,Salad,4,? 260.00," ? 1,040.00 ", ? 197.00 ,? 252.00,A satisfying meal. The Greek Salad was a good choice.
O01096,21-05-2024,17:45,C0185,Nikhat Shikalkar,R8,Paneer Butter Masala,Vegetarian,4,? 380.00," ? 1,520.00 ", ? 298.00 ,? 328.00,A wholesome and delicious Paneer Butter Masala. The vegetables were so fresh!
O01097,21-05-2024,17:45,C0317,Rihan Azam,R59,Veg Pulao,Rice & Noodles,3,? 240.00, ? 720.00 , ? 190.00 ,? 150.00,Great food! The Veg Pulao was delicious and well-prepared.
O01098,21-05-2024,17:30,C0123,Abdul Rahim Faruqi,R27,Pasta Arrabbiata,Continental,3,? 300.00, ? 900.00 , ? 215.00 ,? 255.00,The Pasta Arrabbiata was excellent. Really enjoyed the meal.
O01099,21-05-2024,22:15,C0240,Sultan Ali,R27,Pasta Arrabbiata,Continental,3,? 300.00, ? 900.00 , ? 215.00 ,? 255.00,The Pasta Arrabbiata was excellent. Really enjoyed the meal.
O01100,22-05-2024,13:30,C0218,Danish Khan,R71,Veg Spring Rolls,Starter,3,? 220.00, ? 660.00 , ? 162.00 ,? 174.00,The Veg Spring Rolls was okay. It was a standard appetizer.
O01101,22-05-2024,20:15,C0173,Aasifa Shaikh,R166,Smoked Chicken Sub,Snacks,2,? 160.00, ? 320.00 , ? 112.00 ,? 96.00,The Smoked Chicken Sub met my expectations.
O01102,22-05-2024,14:15,C0212,Shahrukh Mujawar,R23,Chicken Tikka,Starter,5,? 320.00," ? 1,600.00 ", ? 233.00 ,? 435.00,"The Chicken Tikka was decent, but nothing special."
O01103,22-05-2024,18:45,C0032,Ayeza Mujawar,R90,Tandoori Momos,Starter,5,? 260.00," ? 1,300.00 ", ? 185.00 ,? 375.00,The Tandoori Momos was simply delicious and fresh. Highly recommended!
O01104,22-05-2024,11:30,C0125,Danish Nadaf,R12,Veggie Burger,Burger,4,? 250.00," ? 1,000.00 ", ? 199.00 ,? 204.00,Great food! The Veggie Burger was delicious and well-prepared.
O01105,22-05-2024,11:45,C0058,Danish Nadaf,R154,Egg Mayo Sandwich,Snacks,5,? 85.00, ? 425.00 , ? 66.00 ,? 95.00,I was not a fan of the Egg Mayo Sandwich.
O01106,22-05-2024,14:00,C0239,Arman Momin,R84,Chicken Clear Soup,Starter,3,? 160.00, ? 480.00 , ? 125.00 ,? 105.00,The Chicken Clear Soup was a bit too oily for my liking.
O01107,23-05-2024,18:30,C0281,Abdul Rahim Faruqi,R46,Onion Uttapam,Vegetarian,5,? 160.00, ? 800.00 , ? 112.00 ,? 240.00,The Onion Uttapam is a great choice for vegetarians. Hearty and full of flavor.
O01108,23-05-2024,14:00,C0281,Abdul Rahim Faruqi,R13,Gulab Jamun,Dessert,5,? 150.00, ? 750.00 , ? 117.00 ,? 165.00,I was not a fan of the Gulab Jamun.
O01109,23-05-2024,14:00,C0122,Aakib Nadaf,R64,Crab Curry,Non-Veg Main,1,? 520.00, ? 520.00 , ? 374.00 ,? 146.00,The meat in the Crab Curry was a bit tough and chewy.
O01110,23-05-2024,11:00,C0229,Aasin Khan,R83,Veg Clear Soup,Starter,4,? 120.00, ? 480.00 , ? 84.00 ,? 144.00,The Veg Clear Soup was simply delicious and fresh. Highly recommended!
O01111,23-05-2024,18:45,C0323,Wahaj Ali,R144,Paneer Shawarma,Street Food,3,? 150.00, ? 450.00 , ? 111.00 ,? 117.00,Great food! The Paneer Shawarma was delicious and well-prepared.
O01112,23-05-2024,21:00,C0016,Dua Khan,R112,Non-Veg Thali,Meal Combo,2,? 440.00, ? 880.00 , ? 322.00 ,? 236.00,The Non-Veg Thali was excellent. Really enjoyed the meal.
O01113,23-05-2024,13:15,C0196,Arman Taimoor,R44,Vada Sambar,Vegetarian,5,? 170.00, ? 850.00 , ? 121.00 ,? 245.00,The vegetables in the Vada Sambar seemed overcooked.
O01114,23-05-2024,17:00,C0208,Dua Momin,R86,Chicken Momos,Starter,2,? 220.00, ? 440.00 , ? 170.00 ,? 100.00,The Chicken Momos was cold when it arrived at our table.
O01115,23-05-2024,14:15,C0035,Aasifa Shaikh,R135,Paneer Kathi Roll,Street Food,4,? 140.00, ? 560.00 , ? 103.00 ,? 148.00,The Paneer Kathi Roll was not what I expected.
O01116,23-05-2024,16:15,C0005,Aasin Azam,R37,Pav Bhaji,Vegetarian,2,? 220.00, ? 440.00 , ? 171.00 ,? 98.00,A wholesome and delicious Pav Bhaji. The vegetables were so fresh!
O01117,24-05-2024,22:00,C0163,Shamsher Shikalkar,R79,Hot & Sour Soup (Veg),Starter,2,? 160.00, ? 320.00 , ? 113.00 ,? 94.00,"The Hot & Sour Soup (Veg) was decent, but nothing special."
O01118,24-05-2024,14:30,C0157,Arahan Azam,R163,Corn & Cheese Sandwich,Snacks,4,? 90.00, ? 360.00 , ? 66.00 ,? 96.00,A satisfying meal. The Corn & Cheese Sandwich was a good choice.
O01119,24-05-2024,14:45,C0251,Aakib Khan,R63,Prawn Masala,Non-Veg Main,3,? 460.00," ? 1,380.00 ", ? 326.00 ,? 402.00,The Prawn Masala was the highlight of our meal. Absolutely delicious!
O01120,24-05-2024,20:00,C0288,Anis Shikalkar,R63,Prawn Masala,Non-Veg Main,2,? 460.00, ? 920.00 , ? 326.00 ,? 268.00,A truly authentic and flavorful Prawn Masala. It was very satisfying.
O01121,24-05-2024,11:15,C0288,Anis Shikalkar,R127,Kadhi Pakora,Main Course,5,? 300.00," ? 1,500.00 ", ? 231.00 ,? 345.00,The Kadhi Pakora was excellent. Really enjoyed the meal.
O01122,24-05-2024,20:45,C0287,Nikhat Shaikh,R80,Hot & Sour Soup (Chicken),Starter,1,? 200.00, ? 200.00 , ? 159.00 ,? 41.00,The Hot & Sour Soup (Chicken) was okay. It was a standard appetizer.
O01123,25-05-2024,20:30,C0042,Aasin Taimoor,R77,Veg Schezwan Noodles,Rice & Noodles,2,? 240.00, ? 480.00 , ? 171.00 ,? 138.00,I was not a fan of the Veg Schezwan Noodles.
O01124,25-05-2024,22:00,C0025,Aasifa Khan,R133,Club Sandwich,Sandwiches,1,? 160.00, ? 160.00 , ? 119.00 ,? 41.00,Great food! The Club Sandwich was delicious and well-prepared.
O01125,25-05-2024,14:30,C0003,Danish Malik,R166,Smoked Chicken Sub,Snacks,1,? 160.00, ? 160.00 , ? 112.00 ,? 48.00,A satisfying meal. The Smoked Chicken Sub was a good choice.
O01126,25-05-2024,14:15,C0300,Dua Azam,R160,Chicken Caesar Wrap,Snacks,2,? 150.00, ? 300.00 , ? 109.00 ,? 82.00,The Chicken Caesar Wrap was not what I expected.
O01127,25-05-2024,20:45,C0119,Shahrukh Azam,R38,Biryani Veg,Rice & Noodles,1,? 320.00, ? 320.00 , ? 233.00 ,? 87.00,The Biryani Veg was fine.
O01128,25-05-2024,14:15,C0064,Isharat Nadaf,R90,Tandoori Momos,Starter,1,? 260.00, ? 260.00 , ? 185.00 ,? 75.00,The Tandoori Momos was a fantastic start to our meal! Perfectly crispy.
O01129,25-05-2024,16:15,C0253,Kaif Sayyad,R146,Cheese Sandwich,Sandwiches,4,? 100.00, ? 400.00 , ? 72.00 ,? 112.00,The Cheese Sandwich was fine.
O01130,25-05-2024,21:30,C0181,Aman Khan,R47,Hyderabadi Haleem,Non-Veg Main,4,? 500.00," ? 2,000.00 ", ? 395.00 ,? 420.00,The Hyderabadi Haleem was the highlight of our meal. Absolutely delicious!
O01131,26-05-2024,16:45,C0326,Aman Sayyad,R150,Aloo Parantha,Breads,2,? 80.00, ? 160.00 , ? 63.00 ,? 34.00,The Aloo Parantha was excellent. Really enjoyed the meal.
O01132,26-05-2024,16:45,C0151,Aasifa Malik,R63,Prawn Masala,Non-Veg Main,2,? 460.00, ? 920.00 , ? 326.00 ,? 268.00,The Prawn Masala was the highlight of our meal. Absolutely delicious!
O01133,26-05-2024,15:45,C0213,Aakib Ali,R89,Fried Momos (Chicken),Starter,4,? 240.00, ? 960.00 , ? 176.00 ,? 256.00,It was an average Fried Momos (Chicken).
O01134,26-05-2024,14:15,C0058,Danish Nadaf,R150,Aloo Parantha,Breads,3,? 80.00, ? 240.00 , ? 63.00 ,? 51.00,Great food! The Aloo Parantha was delicious and well-prepared.
O01135,26-05-2024,15:00,C0240,Sultan Ali,R26,Pasta Alfredo,Continental,1,? 320.00, ? 320.00 , ? 249.00 ,? 71.00,The Pasta Alfredo was excellent. Really enjoyed the meal.
O01136,26-05-2024,19:15,C0212,Shahrukh Mujawar,R156,Veg Paneer Wrap,Snacks,5,? 95.00, ? 475.00 , ? 74.00 ,? 105.00,The Veg Paneer Wrap could have been better.
O01137,26-05-2024,16:15,C0095,Aakib Azam,R72,Chicken Spring Rolls,Starter,3,? 260.00, ? 780.00 , ? 189.00 ,? 213.00,Wasn't very impressed with the Chicken Spring Rolls. It lacked flavor.
O01138,26-05-2024,10:00,C0089,Aasin Shaikh,R64,Crab Curry,Non-Veg Main,4,? 520.00," ? 2,080.00 ", ? 374.00 ,? 584.00,The Crab Curry was the highlight of our meal. Absolutely delicious!
O01139,26-05-2024,10:45,C0052,Shahrukh Sayyad,R74,Chili Chicken,Starter,1,? 340.00, ? 340.00 , ? 250.00 ,? 90.00,Absolutely loved the Chili Chicken! It was the perfect appetizer to get us started.
O01140,27-05-2024,20:15,C0142,Abdul Rahim Nadaf,R25,Spring Rolls,Starter,1,? 220.00, ? 220.00 , ? 164.00 ,? 56.00,The Spring Rolls was a fantastic start to our meal! Perfectly crispy.
O01141,27-05-2024,12:45,C0089,Aasin Shaikh,R68,Chicken Manchurian,Starter,4,? 280.00," ? 1,120.00 ", ? 205.00 ,? 300.00,Wasn't very impressed with the Chicken Manchurian. It lacked flavor.
O01142,27-05-2024,11:00,C0231,Danish Momin,R81,Sweet Corn Soup (Veg),Starter,2,? 140.00, ? 280.00 , ? 108.00 ,? 64.00,The Sweet Corn Soup (Veg) was a fantastic start to our meal! Perfectly crispy.
O01143,27-05-2024,21:45,C0330,Kaif Momin,R13,Gulab Jamun,Dessert,2,? 150.00, ? 300.00 , ? 117.00 ,? 66.00,The Gulab Jamun was not what I expected.
O01144,27-05-2024,20:00,C0227,Nikhat Taimoor,R6,Grilled Salmon,Ocean Meal,4,? 500.00," ? 2,000.00 ", ? 357.00 ,? 572.00,Great food! The Grilled Salmon was delicious and well-prepared.
O01145,27-05-2024,13:30,C0056,Aasifa Khan,R14,Rasgulla,Dessert,3,? 140.00, ? 420.00 , ? 100.00 ,? 120.00,The Rasgulla met my expectations.
O01146,27-05-2024,22:45,C0052,Shahrukh Sayyad,R120,Pani Puri,Snack,5,? 100.00, ? 500.00 , ? 74.00 ,? 130.00,I was not a fan of the Pani Puri.
O01147,27-05-2024,18:15,C0231,Danish Momin,R157,Peri Peri Chicken Wings,Snacks,4,? 180.00, ? 720.00 , ? 135.00 ,? 180.00,Great food! The Peri Peri Chicken Wings was delicious and well-prepared.
O01148,27-05-2024,10:00,C0189,Dua Faruqi,R111,Veg Thali,Meal Combo,4,? 360.00," ? 1,440.00 ", ? 263.00 ,? 388.00,The Veg Thali met my expectations.
O01149,27-05-2024,21:00,C0132,Sultan Momin,R160,Chicken Caesar Wrap,Snacks,1,? 150.00, ? 150.00 , ? 109.00 ,? 41.00,The Chicken Caesar Wrap met my expectations.
O01150,27-05-2024,10:45,C0109,Aman Mujawar,R166,Smoked Chicken Sub,Snacks,2,? 160.00, ? 320.00 , ? 112.00 ,? 96.00,Great food! The Smoked Chicken Sub was delicious and well-prepared.
O01151,27-05-2024,10:15,C0024,Aman Momin,R15,Tiramisu,Dessert,3,? 280.00, ? 840.00 , ? 201.00 ,? 237.00,A satisfying meal. The Tiramisu was a good choice.
O01152,28-05-2024,21:30,C0040,Moh Saad Nadaf,R90,Tandoori Momos,Starter,3,? 260.00, ? 780.00 , ? 185.00 ,? 225.00,The Tandoori Momos was simply delicious and fresh. Highly recommended!
O01153,28-05-2024,10:15,C0046,Nikhat Taimoor,R165,Paneer Tandoori Wrap,Snacks,5,? 120.00, ? 600.00 , ? 94.00 ,? 130.00,The Paneer Tandoori Wrap was excellent. Really enjoyed the meal.
O01154,28-05-2024,17:15,C0118,Aman Azam,R139,Chicken Sub,Sandwiches,3,? 180.00, ? 540.00 , ? 137.00 ,? 129.00,A satisfying meal. The Chicken Sub was a good choice.
O01155,28-05-2024,14:30,C0005,Aasin Azam,R155,Tuna Melt Sandwich,Snacks,2,? 140.00, ? 280.00 , ? 100.00 ,? 80.00,Great food! The Tuna Melt Sandwich was delicious and well-prepared.
O01156,28-05-2024,19:45,C0039,Aasifa Shaikh,R13,Gulab Jamun,Dessert,4,? 150.00, ? 600.00 , ? 117.00 ,? 132.00,A satisfying meal. The Gulab Jamun was a good choice.
O01157,28-05-2024,16:45,C0327,Abdul Rahim Mujawar,R167,Veggie Delight Sub,Snacks,5,? 120.00, ? 600.00 , ? 90.00 ,? 150.00,The Veggie Delight Sub was excellent. Really enjoyed the meal.
O01158,28-05-2024,18:15,C0198,Danish Faruqi,R78,Chicken Schezwan Noodles,Rice & Noodles,3,? 280.00, ? 840.00 , ? 218.00 ,? 186.00,Great food! The Chicken Schezwan Noodles was delicious and well-prepared.
O01159,28-05-2024,22:00,C0180,Isharat Shikalkar,R20,Veg Fried Rice,Rice & Noodles,3,? 200.00, ? 600.00 , ? 145.00 ,? 165.00,The Veg Fried Rice met my expectations.
O01160,29-05-2024,10:45,C0306,Arman Malik,R89,Fried Momos (Chicken),Starter,5,? 240.00," ? 1,200.00 ", ? 176.00 ,? 320.00,Absolutely loved the Fried Momos (Chicken)! It was the perfect appetizer to get us started.
O01161,29-05-2024,17:45,C0313,Aakib Shikalkar,R27,Pasta Arrabbiata,Continental,3,? 300.00, ? 900.00 , ? 215.00 ,? 255.00,I was not a fan of the Pasta Arrabbiata.
O01162,29-05-2024,19:30,C0196,Arman Taimoor,R8,Paneer Butter Masala,Vegetarian,4,? 380.00," ? 1,520.00 ", ? 298.00 ,? 328.00,Loved the Paneer Butter Masala! It was a delightful and well-prepared vegetarian meal.
O01163,29-05-2024,17:00,C0322,Aasin Malik,R34,Dal Tadka,Vegetarian,2,? 260.00, ? 520.00 , ? 183.00 ,? 154.00,The Dal Tadka was a decent vegetarian option.
O01164,29-05-2024,13:15,C0219,Isharat Nadaf,R13,Gulab Jamun,Dessert,5,? 150.00, ? 750.00 , ? 117.00 ,? 165.00,The Gulab Jamun could have been better.
O01165,29-05-2024,15:45,C0124,Arahan Shaikh,R29,Greek Salad,Salad,1,? 260.00, ? 260.00 , ? 197.00 ,? 63.00,I was not a fan of the Greek Salad.
O01166,29-05-2024,18:15,C0290,Isharat Raes,R19,Chicken Hakka Noodles,Rice & Noodles,3,? 260.00, ? 780.00 , ? 193.00 ,? 201.00,A satisfying meal. The Chicken Hakka Noodles was a good choice.
O01167,29-05-2024,14:00,C0021,Moh Saad Shaikh,R153,Paneer Bhurji Sandwich,Snacks,5,? 75.00, ? 375.00 , ? 59.00 ,? 80.00,A satisfying meal. The Paneer Bhurji Sandwich was a good choice.
O01168,30-05-2024,13:45,C0156,Arman Faruqi,R158,Cheese Garlic Bread,Breads,3,? 110.00, ? 330.00 , ? 85.00 ,? 75.00,A satisfying meal. The Cheese Garlic Bread was a good choice.
O01169,30-05-2024,11:15,C0275,Arman Khan,R87,Paneer Momos,Starter,4,? 200.00, ? 800.00 , ? 155.00 ,? 180.00,The Paneer Momos was a fantastic start to our meal! Perfectly crispy.
O01170,30-05-2024,14:15,C0003,Danish Malik,R62,Dal Makhani,Vegetarian,2,? 340.00, ? 680.00 , ? 269.00 ,? 142.00,A wholesome and delicious Dal Makhani. The vegetables were so fresh!
O01171,30-05-2024,12:30,C0046,Nikhat Taimoor,R4,Chicken Biryani,Rice Meal,4,? 440.00," ? 1,760.00 ", ? 334.00 ,? 424.00,Great food! The Chicken Biryani was delicious and well-prepared.
O01172,30-05-2024,11:00,C0098,Shahrukh Malik,R54,Aloo Gobi,Vegetarian,4,? 220.00, ? 880.00 , ? 166.00 ,? 216.00,A wholesome and delicious Aloo Gobi. The vegetables were so fresh!
O01173,30-05-2024,12:45,C0313,Aakib Shikalkar,R79,Hot & Sour Soup (Veg),Starter,4,? 160.00, ? 640.00 , ? 113.00 ,? 188.00,Absolutely loved the Hot & Sour Soup (Veg)! It was the perfect appetizer to get us started.
O01174,30-05-2024,14:30,C0291,Aman Faruqi,R142,Paneer Burger,Fast Food,5,? 140.00, ? 700.00 , ? 110.00 ,? 150.00,The Paneer Burger met my expectations.
O01175,30-05-2024,22:30,C0022,Aasiya Ali,R72,Chicken Spring Rolls,Starter,1,? 260.00, ? 260.00 , ? 189.00 ,? 71.00,The Chicken Spring Rolls was simply delicious and fresh. Highly recommended!
O01176,30-05-2024,18:15,C0006,Imran Taimoor,R148,Egg Sandwich,Sandwiches,2,? 110.00, ? 220.00 , ? 80.00 ,? 60.00,The Egg Sandwich met my expectations.
O01177,30-05-2024,20:30,C0229,Aasin Khan,R105,Malai Kofta,Main Course,1,? 340.00, ? 340.00 , ? 249.00 ,? 91.00,Great food! The Malai Kofta was delicious and well-prepared.
O01178,30-05-2024,21:00,C0205,Rihan Taimoor,R76,Schezwan Chicken Fried Rice,Rice & Noodles,2,? 280.00, ? 560.00 , ? 211.00 ,? 138.00,The Schezwan Chicken Fried Rice was excellent. Really enjoyed the meal.
O01179,31-05-2024,22:30,C0285,Ayeza Raes,R27,Pasta Arrabbiata,Continental,5,? 300.00," ? 1,500.00 ", ? 215.00 ,? 425.00,A satisfying meal. The Pasta Arrabbiata was a good choice.
O01180,31-05-2024,18:00,C0183,Imran Mujawar,R132,Garlic Naan,Breads,4,? 70.00, ? 280.00 , ? 54.00 ,? 64.00,Great food! The Garlic Naan was delicious and well-prepared.
O01181,31-05-2024,18:45,C0069,Aasin Khan,R164,Mutton Seekh Kebab Roll,Snacks,1,? 170.00, ? 170.00 , ? 132.00 ,? 38.00,I was not a fan of the Mutton Seekh Kebab Roll.
O01182,31-05-2024,10:30,C0054,Shamsher Ali,R140,Paneer Frankie,Street Food,3,? 130.00, ? 390.00 , ? 95.00 ,? 105.00,A satisfying meal. The Paneer Frankie was a good choice.
O01183,31-05-2024,20:15,C0094,Rihan Ali,R76,Schezwan Chicken Fried Rice,Rice & Noodles,2,? 280.00, ? 560.00 , ? 211.00 ,? 138.00,The Schezwan Chicken Fried Rice was excellent. Really enjoyed the meal.
O01184,31-05-2024,17:30,C0079,Shahrukh Faruqi,R34,Dal Tadka,Vegetarian,2,? 260.00, ? 520.00 , ? 183.00 ,? 154.00,A wholesome and delicious Dal Tadka. The vegetables were so fresh!
O01185,31-05-2024,11:45,C0123,Abdul Rahim Faruqi,R36,Chole Bhature,Vegetarian,2,? 280.00, ? 560.00 , ? 223.00 ,? 114.00,The Chole Bhature was bland and needed more seasoning.
O01186,01-06-2024,16:45,C0209,Aasiya Malik,R105,Malai Kofta,Main Course,5,? 340.00," ? 1,700.00 ", ? 249.00 ,? 455.00,The Malai Kofta was excellent. Really enjoyed the meal.
O01187,01-06-2024,20:30,C0158,Moh Saad Malik,R60,Egg Biryani,Rice & Noodles,4,? 340.00," ? 1,360.00 ", ? 268.00 ,? 288.00,Great food! The Egg Biryani was delicious and well-prepared.
O01188,01-06-2024,18:00,C0019,Aariz Sayyad,R24,Samosa,Starter,4,? 100.00, ? 400.00 , ? 73.00 ,? 108.00,The Samosa was a fantastic start to our meal! Perfectly crispy.
O01189,01-06-2024,10:45,C0227,Nikhat Taimoor,R5,Mutton Biryani,Rice Meal,5,? 490.00," ? 2,450.00 ", ? 350.00 ,? 700.00,A satisfying meal. The Mutton Biryani was a good choice.
O01190,01-06-2024,12:45,C0087,Moh Saad Mujawar,R32,Mutton Rogan Josh,Non-Veg Main,2,? 520.00," ? 1,040.00 ", ? 395.00 ,? 250.00,The Mutton Rogan Josh was cooked to perfection. The spices were spot on!
O01191,01-06-2024,20:15,C0086,Sher Momin,R5,Mutton Biryani,Rice Meal,1,? 490.00, ? 490.00 , ? 350.00 ,? 140.00,The Mutton Biryani was excellent. Really enjoyed the meal.
O01192,01-06-2024,17:30,C0086,Sher Momin,R54,Aloo Gobi,Vegetarian,1,? 220.00, ? 220.00 , ? 166.00 ,? 54.00,Loved the Aloo Gobi! It was a delightful and well-prepared vegetarian meal.
O01193,01-06-2024,19:00,C0045,Arman Shaikh,R1,Tomato Soup,Starter,2,? 180.00, ? 360.00 , ? 132.00 ,? 96.00,The Tomato Soup was cold when it arrived at our table.
O01194,01-06-2024,15:15,C0188,Sher Raes,R164,Mutton Seekh Kebab Roll,Snacks,2,? 170.00, ? 340.00 , ? 132.00 ,? 76.00,Great food! The Mutton Seekh Kebab Roll was delicious and well-prepared.
O01195,01-06-2024,13:00,C0282,Nikhat Khan,R2,Mushroom Soup,Starter,1,? 200.00, ? 200.00 , ? 159.00 ,? 41.00,Absolutely loved the Mushroom Soup! It was the perfect appetizer to get us started.
O01196,01-06-2024,15:00,C0160,Shahrukh Malik,R33,Fish Curry,Non-Veg Main,1,? 400.00, ? 400.00 , ? 286.00 ,? 114.00,The Fish Curry was the highlight of our meal. Absolutely delicious!
O01197,01-06-2024,13:15,C0098,Shahrukh Malik,R28,Caesar Salad,Salad,5,? 280.00," ? 1,400.00 ", ? 210.00 ,? 350.00,A satisfying meal. The Caesar Salad was a good choice.
O01198,01-06-2024,17:15,C0232,Aariz Raes,R74,Chili Chicken,Starter,4,? 340.00," ? 1,360.00 ", ? 250.00 ,? 360.00,The Chili Chicken was simply delicious and fresh. Highly recommended!
O01199,01-06-2024,17:00,C0268,Ayeza Azam,R117,Vada Pav,Snack,2,? 120.00, ? 240.00 , ? 91.00 ,? 58.00,The Vada Pav was excellent. Really enjoyed the meal.
O01200,01-06-2024,16:45,C0240,Sultan Ali,R161,Grilled Veg Panini,Snacks,5,? 140.00, ? 700.00 , ? 99.00 ,? 205.00,The Grilled Veg Panini was not what I expected.
O01201,02-06-2024,12:30,C0255,Shamsher Malik,R54,Aloo Gobi,Vegetarian,5,? 220.00," ? 1,100.00 ", ? 166.00 ,? 270.00,Loved the Aloo Gobi! It was a delightful and well-prepared vegetarian meal.
O01202,02-06-2024,20:00,C0120,Ayeza Taimoor,R133,Club Sandwich,Sandwiches,1,? 160.00, ? 160.00 , ? 119.00 ,? 41.00,I was not a fan of the Club Sandwich.
O01203,02-06-2024,20:30,C0257,Aman Nadaf,R153,Paneer Bhurji Sandwich,Snacks,2,? 75.00, ? 150.00 , ? 59.00 ,? 32.00,The Paneer Bhurji Sandwich could have been better.
O01204,02-06-2024,10:15,C0242,Arahan Mujawar,R119,Misal Pav,Snack,2,? 160.00, ? 320.00 , ? 126.00 ,? 68.00,The Misal Pav was excellent. Really enjoyed the meal.
O01205,02-06-2024,15:00,C0268,Ayeza Azam,R50,Kadai Paneer,Vegetarian,4,? 360.00," ? 1,440.00 ", ? 275.00 ,? 340.00,A wholesome and delicious Kadai Paneer. The vegetables were so fresh!
O01206,02-06-2024,22:30,C0181,Aman Khan,R17,French Fries,Starter,2,? 120.00, ? 240.00 , ? 87.00 ,? 66.00,The French Fries was a fantastic start to our meal! Perfectly crispy.
O01207,02-06-2024,11:45,C0272,Aasifa Raes,R83,Veg Clear Soup,Starter,1,? 120.00, ? 120.00 , ? 84.00 ,? 36.00,The Veg Clear Soup was simply delicious and fresh. Highly recommended!
O01208,02-06-2024,21:15,C0056,Aasifa Khan,R14,Rasgulla,Dessert,4,? 140.00, ? 560.00 , ? 100.00 ,? 160.00,Great food! The Rasgulla was delicious and well-prepared.
O01209,02-06-2024,13:30,C0306,Arman Malik,R146,Cheese Sandwich,Sandwiches,1,? 100.00, ? 100.00 , ? 72.00 ,? 28.00,The Cheese Sandwich could have been better.
O01210,02-06-2024,11:00,C0014,Arman Faruqi,R124,Chana Masala,Main Course,1,? 260.00, ? 260.00 , ? 185.00 ,? 75.00,A satisfying meal. The Chana Masala was a good choice.
O01211,02-06-2024,10:30,C0234,Moh Saad Faruqi,R155,Tuna Melt Sandwich,Snacks,1,? 140.00, ? 140.00 , ? 100.00 ,? 40.00,The Tuna Melt Sandwich was excellent. Really enjoyed the meal.
O01212,02-06-2024,10:00,C0029,Rihan Sayyad,R105,Malai Kofta,Main Course,2,? 340.00, ? 680.00 , ? 249.00 ,? 182.00,The Malai Kofta met my expectations.
O01213,03-06-2024,22:30,C0242,Arahan Mujawar,R134,Grilled Cheese Sandwich,Sandwiches,5,? 120.00, ? 600.00 , ? 90.00 ,? 150.00,The Grilled Cheese Sandwich met my expectations.
O01214,03-06-2024,22:15,C0093,Aakib Raes,R34,Dal Tadka,Vegetarian,3,? 260.00, ? 780.00 , ? 183.00 ,? 231.00,Loved the Dal Tadka! It was a delightful and well-prepared vegetarian meal.
O01215,03-06-2024,19:30,C0112,Shahrukh Sayyad,R135,Paneer Kathi Roll,Street Food,3,? 140.00, ? 420.00 , ? 103.00 ,? 111.00,Great food! The Paneer Kathi Roll was delicious and well-prepared.
O01216,03-06-2024,18:00,C0070,Aasifa Azam,R50,Kadai Paneer,Vegetarian,5,? 360.00," ? 1,800.00 ", ? 275.00 ,? 425.00,"It was an okay Kadai Paneer, but I've had better."
O01217,03-06-2024,10:15,C0167,Abdul Rahim Momin,R77,Veg Schezwan Noodles,Rice & Noodles,3,? 240.00, ? 720.00 , ? 171.00 ,? 207.00,A satisfying meal. The Veg Schezwan Noodles was a good choice.
O01218,03-06-2024,11:15,C0165,Dua Sayyad,R76,Schezwan Chicken Fried Rice,Rice & Noodles,2,? 280.00, ? 560.00 , ? 211.00 ,? 138.00,I was not a fan of the Schezwan Chicken Fried Rice.
O01219,03-06-2024,10:15,C0147,Danish Khan,R117,Vada Pav,Snack,3,? 120.00, ? 360.00 , ? 91.00 ,? 87.00,Great food! The Vada Pav was delicious and well-prepared.
O01220,03-06-2024,11:15,C0084,Imran Momin,R12,Veggie Burger,Burger,3,? 250.00, ? 750.00 , ? 199.00 ,? 153.00,Great food! The Veggie Burger was delicious and well-prepared.
O01221,03-06-2024,10:45,C0129,Sher Taimoor,R138,Veggie Sub,Sandwiches,4,? 150.00, ? 600.00 , ? 105.00 ,? 180.00,Great food! The Veggie Sub was delicious and well-prepared.
O01222,03-06-2024,19:15,C0126,Aakib Momin,R163,Corn & Cheese Sandwich,Snacks,1,? 90.00, ? 90.00 , ? 66.00 ,? 24.00,The Corn & Cheese Sandwich was excellent. Really enjoyed the meal.
O01223,03-06-2024,15:30,C0299,Aakib Shaikh,R131,Butter Naan,Breads,4,? 60.00, ? 240.00 , ? 45.00 ,? 60.00,The Butter Naan could have been better.
O01224,03-06-2024,11:45,C0257,Aman Nadaf,R21,Chicken Fried Rice,Rice & Noodles,2,? 240.00, ? 480.00 , ? 182.00 ,? 116.00,The Chicken Fried Rice was not what I expected.
O01225,03-06-2024,20:30,C0198,Danish Faruqi,R152,Chicken Kathi Roll,Snacks,5,? 120.00, ? 600.00 , ? 91.00 ,? 145.00,It was an average Chicken Kathi Roll.
O01226,04-06-2024,12:30,C0116,Arman Khan,R52,Bhindi Masala,Vegetarian,4,? 240.00, ? 960.00 , ? 175.00 ,? 260.00,The Bhindi Masala is a great choice for vegetarians. Hearty and full of flavor.
O01227,04-06-2024,19:45,C0328,Isharat Khan,R4,Chicken Biryani,Rice Meal,3,? 440.00," ? 1,320.00 ", ? 334.00 ,? 318.00,The Chicken Biryani was excellent. Really enjoyed the meal.
O01228,04-06-2024,21:00,C0010,Kaif Azam,R137,Veg Wrap,Sandwiches,2,? 130.00, ? 260.00 , ? 92.00 ,? 76.00,The Veg Wrap was excellent. Really enjoyed the meal.
O01229,04-06-2024,13:30,C0078,Arahan Shaikh,R56,Tandoori Chicken,Non-Veg Main,1,? 460.00, ? 460.00 , ? 366.00 ,? 94.00,The Tandoori Chicken was too spicy for me to handle.
O01230,04-06-2024,16:30,C0306,Arman Malik,R26,Pasta Alfredo,Continental,1,? 320.00, ? 320.00 , ? 249.00 ,? 71.00,I was not a fan of the Pasta Alfredo.
O01231,04-06-2024,15:45,C0253,Kaif Sayyad,R132,Garlic Naan,Breads,1,? 70.00, ? 70.00 , ? 54.00 ,? 16.00,Great food! The Garlic Naan was delicious and well-prepared.
O01232,04-06-2024,21:15,C0022,Aasiya Ali,R24,Samosa,Starter,1,? 100.00, ? 100.00 , ? 73.00 ,? 27.00,The Samosa was a bit too oily for my liking.
O01233,04-06-2024,11:45,C0260,Danish Ali,R143,Chicken Burger,Fast Food,3,? 160.00, ? 480.00 , ? 115.00 ,? 135.00,The Chicken Burger was excellent. Really enjoyed the meal.
O01234,05-06-2024,18:45,C0293,Wahaj Raes,R20,Veg Fried Rice,Rice & Noodles,3,? 200.00, ? 600.00 , ? 145.00 ,? 165.00,Great food! The Veg Fried Rice was delicious and well-prepared.
O01235,05-06-2024,12:15,C0114,Imran Faruqi,R127,Kadhi Pakora,Main Course,5,? 300.00," ? 1,500.00 ", ? 231.00 ,? 345.00,A satisfying meal. The Kadhi Pakora was a good choice.
O01236,05-06-2024,19:30,C0284,Sher Shaikh,R79,Hot & Sour Soup (Veg),Starter,3,? 160.00, ? 480.00 , ? 113.00 ,? 141.00,It was an average Hot & Sour Soup (Veg).
O01237,05-06-2024,21:15,C0147,Danish Khan,R166,Smoked Chicken Sub,Snacks,5,? 160.00, ? 800.00 , ? 112.00 ,? 240.00,A satisfying meal. The Smoked Chicken Sub was a good choice.
O01238,05-06-2024,16:45,C0174,Anis Malik,R165,Paneer Tandoori Wrap,Snacks,3,? 120.00, ? 360.00 , ? 94.00 ,? 78.00,The Paneer Tandoori Wrap met my expectations.
O01239,05-06-2024,18:45,C0143,Sultan Mujawar,R82,Sweet Corn Soup (Chicken),Starter,1,? 180.00, ? 180.00 , ? 129.00 ,? 51.00,Absolutely loved the Sweet Corn Soup (Chicken)! It was the perfect appetizer to get us started.
O01240,05-06-2024,21:45,C0143,Sultan Mujawar,R67,Veg Manchurian,Starter,3,? 240.00, ? 720.00 , ? 169.00 ,? 213.00,The Veg Manchurian was okay. It was a standard appetizer.
O01241,05-06-2024,22:45,C0271,Aasiya Mujawar,R164,Mutton Seekh Kebab Roll,Snacks,1,? 170.00, ? 170.00 , ? 132.00 ,? 38.00,A satisfying meal. The Mutton Seekh Kebab Roll was a good choice.
O01242,05-06-2024,13:30,C0106,Aasin Mujawar,R36,Chole Bhature,Vegetarian,4,? 280.00," ? 1,120.00 ", ? 223.00 ,? 228.00,The Chole Bhature was as expected.
O01243,06-06-2024,13:00,C0291,Aman Faruqi,R33,Fish Curry,Non-Veg Main,3,? 400.00," ? 1,200.00 ", ? 286.00 ,? 342.00,A truly authentic and flavorful Fish Curry. It was very satisfying.
O01244,06-06-2024,21:15,C0113,Ayeza Momin,R5,Mutton Biryani,Rice Meal,4,? 490.00," ? 1,960.00 ", ? 350.00 ,? 560.00,The Mutton Biryani was not what I expected.
O01245,06-06-2024,19:15,C0263,Sher Raes,R10,Pepperoni Pizza,Pizza,4,? 368.00," ? 1,472.00 ", ? 283.00 ,? 340.00,Great food! The Pepperoni Pizza was delicious and well-prepared.
O01246,06-06-2024,18:30,C0226,Aman Taimoor,R32,Mutton Rogan Josh,Non-Veg Main,4,? 520.00," ? 2,080.00 ", ? 395.00 ,? 500.00,The Mutton Rogan Josh was alright. It was cooked well but the flavor was average.
O01247,06-06-2024,22:00,C0093,Aakib Raes,R3,Chicken Soup,Starter,1,? 220.00, ? 220.00 , ? 170.00 ,? 50.00,The Chicken Soup was simply delicious and fresh. Highly recommended!
O01248,06-06-2024,22:00,C0141,Arahan Ali,R44,Vada Sambar,Vegetarian,2,? 170.00, ? 340.00 , ? 121.00 ,? 98.00,The Vada Sambar is a great choice for vegetarians. Hearty and full of flavor.
O01249,06-06-2024,22:45,C0243,Imran Sayyad,R144,Paneer Shawarma,Street Food,2,? 150.00, ? 300.00 , ? 111.00 ,? 78.00,The Paneer Shawarma could have been better.
O01250,06-06-2024,12:45,C0288,Anis Shikalkar,R88,Fried Momos (Veg),Starter,1,? 200.00, ? 200.00 , ? 141.00 ,? 59.00,The Fried Momos (Veg) was simply delicious and fresh. Highly recommended!
O01251,06-06-2024,14:45,C0239,Arman Momin,R45,Medu Vada,Vegetarian,3,? 150.00, ? 450.00 , ? 112.00 ,? 114.00,The Medu Vada was as expected.
O01252,06-06-2024,12:15,C0082,Isharat Nadaf,R40,Mutton Biryani,Rice & Noodles,5,? 480.00," ? 2,400.00 ", ? 340.00 ,? 700.00,A satisfying meal. The Mutton Biryani was a good choice.
O01253,06-06-2024,19:45,C0019,Aariz Sayyad,R2,Mushroom Soup,Starter,3,? 200.00, ? 600.00 , ? 159.00 ,? 123.00,The Mushroom Soup was simply delicious and fresh. Highly recommended!
O01254,06-06-2024,11:15,C0318,Shahrukh Ali,R166,Smoked Chicken Sub,Snacks,5,? 160.00, ? 800.00 , ? 112.00 ,? 240.00,The Smoked Chicken Sub was not what I expected.
O01255,06-06-2024,14:00,C0273,Aasin Mujawar,R47,Hyderabadi Haleem,Non-Veg Main,2,? 500.00," ? 1,000.00 ", ? 395.00 ,? 210.00,The meat in the Hyderabadi Haleem was a bit tough and chewy.
O01256,06-06-2024,19:30,C0246,Aariz Raes,R148,Egg Sandwich,Sandwiches,2,? 110.00, ? 220.00 , ? 80.00 ,? 60.00,A satisfying meal. The Egg Sandwich was a good choice.
O01257,07-06-2024,22:00,C0303,Dua Momin,R28,Caesar Salad,Salad,5,? 280.00," ? 1,400.00 ", ? 210.00 ,? 350.00,A satisfying meal. The Caesar Salad was a good choice.
O01258,07-06-2024,18:00,C0158,Moh Saad Malik,R25,Spring Rolls,Starter,1,? 220.00, ? 220.00 , ? 164.00 ,? 56.00,Absolutely loved the Spring Rolls! It was the perfect appetizer to get us started.
O01259,07-06-2024,18:30,C0247,Shahrukh Sayyad,R167,Veggie Delight Sub,Snacks,1,? 120.00, ? 120.00 , ? 90.00 ,? 30.00,The Veggie Delight Sub was excellent. Really enjoyed the meal.
O01260,07-06-2024,20:30,C0186,Aariz Khan,R28,Caesar Salad,Salad,3,? 280.00, ? 840.00 , ? 210.00 ,? 210.00,The Caesar Salad was excellent. Really enjoyed the meal.
O01261,07-06-2024,12:45,C0288,Anis Shikalkar,R119,Misal Pav,Snack,1,? 160.00, ? 160.00 , ? 126.00 ,? 34.00,Great food! The Misal Pav was delicious and well-prepared.
O01262,07-06-2024,13:30,C0205,Rihan Taimoor,R22,Paneer Tikka,Starter,3,? 280.00, ? 840.00 , ? 199.00 ,? 243.00,Absolutely loved the Paneer Tikka! It was the perfect appetizer to get us started.
O01263,07-06-2024,11:00,C0155,Imran Mujawar,R86,Chicken Momos,Starter,3,? 220.00, ? 660.00 , ? 170.00 ,? 150.00,The Chicken Momos was a fantastic start to our meal! Perfectly crispy.
O01264,07-06-2024,16:00,C0286,Sher Malik,R162,BBQ Chicken Pizza Sandwich,Snacks,1,? 160.00, ? 160.00 , ? 115.00 ,? 45.00,I was not a fan of the BBQ Chicken Pizza Sandwich.
O01265,08-06-2024,20:30,C0123,Abdul Rahim Faruqi,R59,Veg Pulao,Rice & Noodles,4,? 240.00, ? 960.00 , ? 190.00 ,? 200.00,A satisfying meal. The Veg Pulao was a good choice.
O01266,08-06-2024,19:30,C0145,Imran Khan,R169,Club Chicken Sandwich,Snacks,1,? 140.00, ? 140.00 , ? 101.00 ,? 39.00,The Club Chicken Sandwich could have been better.
O01267,08-06-2024,15:30,C0003,Danish Malik,R135,Paneer Kathi Roll,Street Food,3,? 140.00, ? 420.00 , ? 103.00 ,? 111.00,The Paneer Kathi Roll could have been better.
O01268,08-06-2024,10:45,C0029,Rihan Sayyad,R23,Chicken Tikka,Starter,5,? 320.00," ? 1,600.00 ", ? 233.00 ,? 435.00,The Chicken Tikka was okay. It was a standard appetizer.
O01269,08-06-2024,21:45,C0185,Nikhat Shikalkar,R103,Fish Curry (Goan),Main Course,5,? 380.00," ? 1,900.00 ", ? 289.00 ,? 455.00,A satisfying meal. The Fish Curry (Goan) was a good choice.
O01270,08-06-2024,10:30,C0100,Aman Momin,R60,Egg Biryani,Rice & Noodles,2,? 340.00, ? 680.00 , ? 268.00 ,? 144.00,The Egg Biryani was fine.
O01271,08-06-2024,11:30,C0172,Ayeza Shaikh,R105,Malai Kofta,Main Course,3,? 340.00," ? 1,020.00 ", ? 249.00 ,? 273.00,It was an average Malai Kofta.
O01272,08-06-2024,14:00,C0161,Isharat Momin,R161,Grilled Veg Panini,Snacks,3,? 140.00, ? 420.00 , ? 99.00 ,? 123.00,Great food! The Grilled Veg Panini was delicious and well-prepared.
O01273,08-06-2024,11:45,C0111,Moh Saad Raes,R59,Veg Pulao,Rice & Noodles,5,? 240.00," ? 1,200.00 ", ? 190.00 ,? 250.00,The Veg Pulao was fine.
O01274,09-06-2024,16:15,C0044,Shamsher Mujawar,R71,Veg Spring Rolls,Starter,5,? 220.00," ? 1,100.00 ", ? 162.00 ,? 290.00,Absolutely loved the Veg Spring Rolls! It was the perfect appetizer to get us started.
O01275,09-06-2024,11:30,C0253,Kaif Sayyad,R46,Onion Uttapam,Vegetarian,4,? 160.00, ? 640.00 , ? 112.00 ,? 192.00,The Onion Uttapam is a great choice for vegetarians. Hearty and full of flavor.
O01276,09-06-2024,10:30,C0033,Arahan Azam,R7,Butter Chicken,Meat Special,5,? 495.00," ? 2,475.00 ", ? 349.00 ,? 730.00,A satisfying meal. The Butter Chicken was a good choice.
O01277,09-06-2024,17:30,C0196,Arman Taimoor,R144,Paneer Shawarma,Street Food,5,? 150.00, ? 750.00 , ? 111.00 ,? 195.00,The Paneer Shawarma was excellent. Really enjoyed the meal.
O01278,09-06-2024,21:45,C0057,Arman Azam,R36,Chole Bhature,Vegetarian,5,? 280.00," ? 1,400.00 ", ? 223.00 ,? 285.00,"It was an okay Chole Bhature, but I've had better."
O01279,09-06-2024,16:45,C0287,Nikhat Shaikh,R62,Dal Makhani,Vegetarian,1,? 340.00, ? 340.00 , ? 269.00 ,? 71.00,The Dal Makhani is a great choice for vegetarians. Hearty and full of flavor.
O01280,09-06-2024,15:15,C0292,Arahan Taimoor,R80,Hot & Sour Soup (Chicken),Starter,2,? 200.00, ? 400.00 , ? 159.00 ,? 82.00,It was an average Hot & Sour Soup (Chicken).
O01281,09-06-2024,18:00,C0234,Moh Saad Faruqi,R81,Sweet Corn Soup (Veg),Starter,5,? 140.00, ? 700.00 , ? 108.00 ,? 160.00,Absolutely loved the Sweet Corn Soup (Veg)! It was the perfect appetizer to get us started.
O01282,09-06-2024,20:45,C0246,Aariz Raes,R168,Avocado Toast,Breakfast,1,? 150.00, ? 150.00 , ? 111.00 ,? 39.00,A satisfying meal. The Avocado Toast was a good choice.
O01283,09-06-2024,12:00,C0153,Nikhat Malik,R50,Kadai Paneer,Vegetarian,5,? 360.00," ? 1,800.00 ", ? 275.00 ,? 425.00,The vegetables in the Kadai Paneer seemed overcooked.
O01284,09-06-2024,21:45,C0009,Shamsher Khan,R164,Mutton Seekh Kebab Roll,Snacks,2,? 170.00, ? 340.00 , ? 132.00 ,? 76.00,A satisfying meal. The Mutton Seekh Kebab Roll was a good choice.
O01285,09-06-2024,21:30,C0150,Aman Ali,R138,Veggie Sub,Sandwiches,2,? 150.00, ? 300.00 , ? 105.00 ,? 90.00,The Veggie Sub was fine.
O01286,10-06-2024,11:30,C0242,Arahan Mujawar,R148,Egg Sandwich,Sandwiches,4,? 110.00, ? 440.00 , ? 80.00 ,? 120.00,A satisfying meal. The Egg Sandwich was a good choice.
O01287,10-06-2024,20:00,C0091,Aasin Nadaf,R164,Mutton Seekh Kebab Roll,Snacks,3,? 170.00, ? 510.00 , ? 132.00 ,? 114.00,It was an average Mutton Seekh Kebab Roll.
O01288,10-06-2024,18:15,C0184,Kaif Sayyad,R105,Malai Kofta,Main Course,4,? 340.00," ? 1,360.00 ", ? 249.00 ,? 364.00,A satisfying meal. The Malai Kofta was a good choice.
O01289,10-06-2024,12:15,C0197,Arahan Ali,R61,Vegetable Korma,Vegetarian,4,? 320.00," ? 1,280.00 ", ? 243.00 ,? 308.00,Loved the Vegetable Korma! It was a delightful and well-prepared vegetarian meal.
O01290,10-06-2024,11:45,C0170,Sher Shikalkar,R133,Club Sandwich,Sandwiches,4,? 160.00, ? 640.00 , ? 119.00 ,? 164.00,The Club Sandwich was not what I expected.
O01291,10-06-2024,16:45,C0295,Sultan Taimoor,R33,Fish Curry,Non-Veg Main,1,? 400.00, ? 400.00 , ? 286.00 ,? 114.00,The Fish Curry was cooked to perfection. The spices were spot on!
O01292,10-06-2024,19:00,C0159,Arman Taimoor,R40,Mutton Biryani,Rice & Noodles,1,? 480.00, ? 480.00 , ? 340.00 ,? 140.00,The Mutton Biryani was excellent. Really enjoyed the meal.
O01293,10-06-2024,22:45,C0129,Sher Taimoor,R124,Chana Masala,Main Course,2,? 260.00, ? 520.00 , ? 185.00 ,? 150.00,The Chana Masala was excellent. Really enjoyed the meal.
O01294,10-06-2024,20:45,C0156,Arman Faruqi,R55,Jeera Rice,Rice & Noodles,4,? 180.00, ? 720.00 , ? 129.00 ,? 204.00,The Jeera Rice was excellent. Really enjoyed the meal.
O01295,10-06-2024,19:30,C0074,Moh Saad Malik,R83,Veg Clear Soup,Starter,3,? 120.00, ? 360.00 , ? 84.00 ,? 108.00,The Veg Clear Soup was simply delicious and fresh. Highly recommended!
O01296,10-06-2024,14:15,C0102,Aasifa Taimoor,R144,Paneer Shawarma,Street Food,1,? 150.00, ? 150.00 , ? 111.00 ,? 39.00,The Paneer Shawarma was fine.
O01297,10-06-2024,10:00,C0052,Shahrukh Sayyad,R124,Chana Masala,Main Course,1,? 260.00, ? 260.00 , ? 185.00 ,? 75.00,Great food! The Chana Masala was delicious and well-prepared.
O01298,11-06-2024,13:15,C0078,Arahan Shaikh,R42,Masala Dosa,Vegetarian,3,? 180.00, ? 540.00 , ? 138.00 ,? 126.00,The Masala Dosa was a decent vegetarian option.
O01299,11-06-2024,21:45,C0132,Sultan Momin,R33,Fish Curry,Non-Veg Main,1,? 400.00, ? 400.00 , ? 286.00 ,? 114.00,A truly authentic and flavorful Fish Curry. It was very satisfying.
O01300,11-06-2024,19:30,C0240,Sultan Ali,R136,Chicken Kathi Roll,Street Food,4,? 160.00, ? 640.00 , ? 112.00 ,? 192.00,A satisfying meal. The Chicken Kathi Roll was a good choice.
O01301,11-06-2024,20:00,C0289,Aasin Malik,R128,Matar Paneer,Main Course,3,? 340.00," ? 1,020.00 ", ? 263.00 ,? 231.00,It was an average Matar Paneer.
O01302,11-06-2024,15:30,C0274,Moh Saad Sayyad,R112,Non-Veg Thali,Meal Combo,3,? 440.00," ? 1,320.00 ", ? 322.00 ,? 354.00,The Non-Veg Thali was excellent. Really enjoyed the meal.
O01303,11-06-2024,14:30,C0286,Sher Malik,R10,Pepperoni Pizza,Pizza,4,? 368.00," ? 1,472.00 ", ? 283.00 ,? 340.00,A satisfying meal. The Pepperoni Pizza was a good choice.
O01304,11-06-2024,14:15,C0196,Arman Taimoor,R46,Onion Uttapam,Vegetarian,3,? 160.00, ? 480.00 , ? 112.00 ,? 144.00,The vegetables in the Onion Uttapam seemed overcooked.
O01305,11-06-2024,18:45,C0187,Aasin Nadaf,R88,Fried Momos (Veg),Starter,2,? 200.00, ? 400.00 , ? 141.00 ,? 118.00,The Fried Momos (Veg) was simply delicious and fresh. Highly recommended!
O01306,12-06-2024,13:15,C0138,Wahaj Taimoor,R117,Vada Pav,Snack,5,? 120.00, ? 600.00 , ? 91.00 ,? 145.00,The Vada Pav was excellent. Really enjoyed the meal.
O01307,12-06-2024,12:00,C0034,Anis Raes,R67,Veg Manchurian,Starter,2,? 240.00, ? 480.00 , ? 169.00 ,? 142.00,Absolutely loved the Veg Manchurian! It was the perfect appetizer to get us started.
O01308,12-06-2024,10:30,C0140,Imran Taimoor,R150,Aloo Parantha,Breads,4,? 80.00, ? 320.00 , ? 63.00 ,? 68.00,A satisfying meal. The Aloo Parantha was a good choice.
O01309,12-06-2024,14:30,C0208,Dua Momin,R149,Paneer Parantha,Breads,1,? 90.00, ? 90.00 , ? 64.00 ,? 26.00,The Paneer Parantha was excellent. Really enjoyed the meal.
O01310,12-06-2024,14:30,C0122,Aakib Nadaf,R42,Masala Dosa,Vegetarian,4,? 180.00, ? 720.00 , ? 138.00 ,? 168.00,A wholesome and delicious Masala Dosa. The vegetables were so fresh!
O01311,12-06-2024,12:15,C0250,Isharat Azam,R140,Paneer Frankie,Street Food,5,? 130.00, ? 650.00 , ? 95.00 ,? 175.00,A satisfying meal. The Paneer Frankie was a good choice.
O01312,12-06-2024,18:30,C0145,Imran Khan,R28,Caesar Salad,Salad,4,? 280.00," ? 1,120.00 ", ? 210.00 ,? 280.00,Great food! The Caesar Salad was delicious and well-prepared.
O01313,12-06-2024,16:15,C0265,Aasin Ali,R131,Butter Naan,Breads,3,? 60.00, ? 180.00 , ? 45.00 ,? 45.00,It was an average Butter Naan.
O01314,12-06-2024,18:30,C0131,Aasin Ali,R131,Butter Naan,Breads,2,? 60.00, ? 120.00 , ? 45.00 ,? 30.00,Great food! The Butter Naan was delicious and well-prepared.
O01315,12-06-2024,17:45,C0113,Ayeza Momin,R143,Chicken Burger,Fast Food,2,? 160.00, ? 320.00 , ? 115.00 ,? 90.00,Great food! The Chicken Burger was delicious and well-prepared.
O01316,12-06-2024,22:15,C0172,Ayeza Shaikh,R40,Mutton Biryani,Rice & Noodles,3,? 480.00," ? 1,440.00 ", ? 340.00 ,? 420.00,It was an average Mutton Biryani.
O01317,13-06-2024,16:00,C0030,Sher Mujawar,R143,Chicken Burger,Fast Food,1,? 160.00, ? 160.00 , ? 115.00 ,? 45.00,A satisfying meal. The Chicken Burger was a good choice.
O01318,13-06-2024,19:30,C0298,Aasin Malik,R87,Paneer Momos,Starter,5,? 200.00," ? 1,000.00 ", ? 155.00 ,? 225.00,The Paneer Momos was a fantastic start to our meal! Perfectly crispy.
O01319,13-06-2024,19:30,C0278,Sultan Shikalkar,R112,Non-Veg Thali,Meal Combo,3,? 440.00," ? 1,320.00 ", ? 322.00 ,? 354.00,The Non-Veg Thali met my expectations.
O01320,13-06-2024,17:45,C0033,Arahan Azam,R73,Chili Paneer,Starter,2,? 280.00, ? 560.00 , ? 219.00 ,? 122.00,The Chili Paneer was simply delicious and fresh. Highly recommended!
O01321,13-06-2024,19:00,C0103,Aasiya Faruqi,R149,Paneer Parantha,Breads,2,? 90.00, ? 180.00 , ? 64.00 ,? 52.00,The Paneer Parantha was excellent. Really enjoyed the meal.
O01322,13-06-2024,16:45,C0033,Arahan Azam,R68,Chicken Manchurian,Starter,2,? 280.00, ? 560.00 , ? 205.00 ,? 150.00,Absolutely loved the Chicken Manchurian! It was the perfect appetizer to get us started.
O01323,13-06-2024,16:45,C0101,Aariz Malik,R149,Paneer Parantha,Breads,2,? 90.00, ? 180.00 , ? 64.00 ,? 52.00,I was not a fan of the Paneer Parantha.
O01324,13-06-2024,16:00,C0140,Imran Taimoor,R146,Cheese Sandwich,Sandwiches,2,? 100.00, ? 200.00 , ? 72.00 ,? 56.00,The Cheese Sandwich was excellent. Really enjoyed the meal.
O01325,13-06-2024,21:45,C0216,Sultan Khan,R54,Aloo Gobi,Vegetarian,5,? 220.00," ? 1,100.00 ", ? 166.00 ,? 270.00,The Aloo Gobi was as expected.
O01326,13-06-2024,15:00,C0298,Aasin Malik,R132,Garlic Naan,Breads,2,? 70.00, ? 140.00 , ? 54.00 ,? 32.00,Great food! The Garlic Naan was delicious and well-prepared.
O01327,13-06-2024,20:00,C0030,Sher Mujawar,R17,French Fries,Starter,3,? 120.00, ? 360.00 , ? 87.00 ,? 99.00,The French Fries was okay. It was a standard appetizer.
O01328,14-06-2024,19:00,C0279,Arman Taimoor,R33,Fish Curry,Non-Veg Main,5,? 400.00," ? 2,000.00 ", ? 286.00 ,? 570.00,The Fish Curry was too spicy for me to handle.
O01329,14-06-2024,11:45,C0234,Moh Saad Faruqi,R6,Grilled Salmon,Ocean Meal,1,? 500.00, ? 500.00 , ? 357.00 ,? 143.00,The Grilled Salmon was excellent. Really enjoyed the meal.
O01330,14-06-2024,12:45,C0121,Rihan Mujawar,R20,Veg Fried Rice,Rice & Noodles,4,? 200.00, ? 800.00 , ? 145.00 ,? 220.00,The Veg Fried Rice met my expectations.
O01331,14-06-2024,21:45,C0032,Ayeza Mujawar,R43,Idli Sambar,Vegetarian,5,? 160.00, ? 800.00 , ? 119.00 ,? 205.00,The Idli Sambar is a great choice for vegetarians. Hearty and full of flavor.
O01332,14-06-2024,15:15,C0011,Aasiya Ali,R105,Malai Kofta,Main Course,3,? 340.00," ? 1,020.00 ", ? 249.00 ,? 273.00,I was not a fan of the Malai Kofta.
O01333,14-06-2024,19:00,C0328,Isharat Khan,R154,Egg Mayo Sandwich,Snacks,1,? 85.00, ? 85.00 , ? 66.00 ,? 19.00,A satisfying meal. The Egg Mayo Sandwich was a good choice.
O01334,15-06-2024,15:15,C0126,Aakib Momin,R45,Medu Vada,Vegetarian,5,? 150.00, ? 750.00 , ? 112.00 ,? 190.00,The Medu Vada is a great choice for vegetarians. Hearty and full of flavor.
O01335,15-06-2024,20:15,C0295,Sultan Taimoor,R8,Paneer Butter Masala,Vegetarian,2,? 380.00, ? 760.00 , ? 298.00 ,? 164.00,A wholesome and delicious Paneer Butter Masala. The vegetables were so fresh!
O01336,15-06-2024,15:30,C0175,Aasiya Momin,R136,Chicken Kathi Roll,Street Food,1,? 160.00, ? 160.00 , ? 112.00 ,? 48.00,The Chicken Kathi Roll was excellent. Really enjoyed the meal.
O01337,15-06-2024,20:00,C0085,Aasifa Azam,R100,Biryani (Veg),Rice,5,? 320.00," ? 1,600.00 ", ? 251.00 ,? 345.00,The Biryani (Veg) could have been better.
O01338,15-06-2024,19:30,C0233,Moh Saad Nadaf,R17,French Fries,Starter,4,? 120.00, ? 480.00 , ? 87.00 ,? 132.00,The French Fries was simply delicious and fresh. Highly recommended!
O01339,15-06-2024,13:30,C0058,Danish Nadaf,R100,Biryani (Veg),Rice,5,? 320.00," ? 1,600.00 ", ? 251.00 ,? 345.00,Great food! The Biryani (Veg) was delicious and well-prepared.
O01340,16-06-2024,13:15,C0082,Isharat Nadaf,R158,Cheese Garlic Bread,Breads,5,? 110.00, ? 550.00 , ? 85.00 ,? 125.00,Great food! The Cheese Garlic Bread was delicious and well-prepared.
O01341,16-06-2024,17:00,C0059,Aman Momin,R9,Palak Paneer,Vegetarian,2,? 360.00, ? 720.00 , ? 273.00 ,? 174.00,The Palak Paneer is a great choice for vegetarians. Hearty and full of flavor.
O01342,16-06-2024,20:00,C0190,Rihan Raes,R20,Veg Fried Rice,Rice & Noodles,4,? 200.00, ? 800.00 , ? 145.00 ,? 220.00,The Veg Fried Rice was not what I expected.
O01343,16-06-2024,12:00,C0015,Kaif Taimoor,R7,Butter Chicken,Meat Special,5,? 495.00," ? 2,475.00 ", ? 349.00 ,? 730.00,Great food! The Butter Chicken was delicious and well-prepared.
O01344,16-06-2024,16:30,C0232,Aariz Raes,R12,Veggie Burger,Burger,5,? 250.00," ? 1,250.00 ", ? 199.00 ,? 255.00,The Veggie Burger was not what I expected.
O01345,16-06-2024,11:45,C0030,Sher Mujawar,R88,Fried Momos (Veg),Starter,2,? 200.00, ? 400.00 , ? 141.00 ,? 118.00,It was an average Fried Momos (Veg).
O01346,16-06-2024,13:30,C0084,Imran Momin,R84,Chicken Clear Soup,Starter,3,? 160.00, ? 480.00 , ? 125.00 ,? 105.00,The Chicken Clear Soup was cold when it arrived at our table.
O01347,16-06-2024,20:15,C0033,Arahan Azam,R32,Mutton Rogan Josh,Non-Veg Main,1,? 520.00, ? 520.00 , ? 395.00 ,? 125.00,The Mutton Rogan Josh was cooked to perfection. The spices were spot on!
O01348,16-06-2024,11:45,C0045,Arman Shaikh,R159,Falafel Wrap,Snacks,1,? 130.00, ? 130.00 , ? 102.00 ,? 28.00,Great food! The Falafel Wrap was delicious and well-prepared.
O01349,17-06-2024,14:30,C0104,Sultan Nadaf,R156,Veg Paneer Wrap,Snacks,1,? 95.00, ? 95.00 , ? 74.00 ,? 21.00,The Veg Paneer Wrap could have been better.
O01350,17-06-2024,21:15,C0166,Nikhat Taimoor,R38,Biryani Veg,Rice & Noodles,2,? 320.00, ? 640.00 , ? 233.00 ,? 174.00,The Biryani Veg was excellent. Really enjoyed the meal.
O01351,17-06-2024,17:45,C0108,Arman Azam,R90,Tandoori Momos,Starter,2,? 260.00, ? 520.00 , ? 185.00 ,? 150.00,Absolutely loved the Tandoori Momos! It was the perfect appetizer to get us started.
O01352,17-06-2024,19:15,C0050,Dua Sayyad,R3,Chicken Soup,Starter,5,? 220.00," ? 1,100.00 ", ? 170.00 ,? 250.00,The Chicken Soup was okay. It was a standard appetizer.
O01353,17-06-2024,19:15,C0097,Isharat Taimoor,R20,Veg Fried Rice,Rice & Noodles,3,? 200.00, ? 600.00 , ? 145.00 ,? 165.00,The Veg Fried Rice was excellent. Really enjoyed the meal.
O01354,17-06-2024,21:15,C0046,Nikhat Taimoor,R29,Greek Salad,Salad,3,? 260.00, ? 780.00 , ? 197.00 ,? 189.00,A satisfying meal. The Greek Salad was a good choice.
O01355,17-06-2024,15:00,C0152,Dua Sayyad,R54,Aloo Gobi,Vegetarian,5,? 220.00," ? 1,100.00 ", ? 166.00 ,? 270.00,Loved the Aloo Gobi! It was a delightful and well-prepared vegetarian meal.
O01356,17-06-2024,21:45,C0231,Danish Momin,R88,Fried Momos (Veg),Starter,4,? 200.00, ? 800.00 , ? 141.00 ,? 236.00,"The Fried Momos (Veg) was decent, but nothing special."
O01357,17-06-2024,12:15,C0097,Isharat Taimoor,R167,Veggie Delight Sub,Snacks,2,? 120.00, ? 240.00 , ? 90.00 ,? 60.00,The Veggie Delight Sub met my expectations.
O01358,17-06-2024,21:00,C0168,Isharat Shikalkar,R77,Veg Schezwan Noodles,Rice & Noodles,1,? 240.00, ? 240.00 , ? 171.00 ,? 69.00,The Veg Schezwan Noodles was fine.
O01359,17-06-2024,20:00,C0180,Isharat Shikalkar,R128,Matar Paneer,Main Course,2,? 340.00, ? 680.00 , ? 263.00 ,? 154.00,It was an average Matar Paneer.
O01360,17-06-2024,17:15,C0086,Sher Momin,R158,Cheese Garlic Bread,Breads,1,? 110.00, ? 110.00 , ? 85.00 ,? 25.00,Great food! The Cheese Garlic Bread was delicious and well-prepared.
O01361,17-06-2024,16:45,C0240,Sultan Ali,R158,Cheese Garlic Bread,Breads,1,? 110.00, ? 110.00 , ? 85.00 ,? 25.00,Great food! The Cheese Garlic Bread was delicious and well-prepared.
O01362,17-06-2024,11:00,C0144,Aasifa Mujawar,R18,Veg Hakka Noodles,Rice & Noodles,5,? 220.00," ? 1,100.00 ", ? 165.00 ,? 275.00,The Veg Hakka Noodles was excellent. Really enjoyed the meal.
O01363,17-06-2024,19:45,C0250,Isharat Azam,R1,Tomato Soup,Starter,4,? 180.00, ? 720.00 , ? 132.00 ,? 192.00,The Tomato Soup was a fantastic start to our meal! Perfectly crispy.
O01364,18-06-2024,12:45,C0079,Shahrukh Faruqi,R38,Biryani Veg,Rice & Noodles,2,? 320.00, ? 640.00 , ? 233.00 ,? 174.00,The Biryani Veg was not what I expected.
O01365,18-06-2024,12:30,C0140,Imran Taimoor,R110,Seekh Kebab,Starter,4,? 400.00," ? 1,600.00 ", ? 282.00 ,? 472.00,The Seekh Kebab was simply delicious and fresh. Highly recommended!
O01366,18-06-2024,10:45,C0169,Anis Taimoor,R4,Chicken Biryani,Rice Meal,5,? 440.00," ? 2,200.00 ", ? 334.00 ,? 530.00,The Chicken Biryani could have been better.
O01367,18-06-2024,22:45,C0249,Aasiya Mujawar,R151,Veg Frankie Roll,Snacks,4,? 80.00, ? 320.00 , ? 62.00 ,? 72.00,I was not a fan of the Veg Frankie Roll.
O01368,18-06-2024,17:00,C0245,Wahaj Taimoor,R47,Hyderabadi Haleem,Non-Veg Main,3,? 500.00," ? 1,500.00 ", ? 395.00 ,? 315.00,The Hyderabadi Haleem was cooked to perfection. The spices were spot on!
O01369,18-06-2024,15:00,C0220,Rihan Mujawar,R146,Cheese Sandwich,Sandwiches,1,? 100.00, ? 100.00 , ? 72.00 ,? 28.00,The Cheese Sandwich was fine.
O01370,18-06-2024,17:15,C0001,Moh Saad Azam,R20,Veg Fried Rice,Rice & Noodles,3,? 200.00, ? 600.00 , ? 145.00 ,? 165.00,The Veg Fried Rice was not what I expected.
O01371,18-06-2024,19:45,C0156,Arman Faruqi,R42,Masala Dosa,Vegetarian,1,? 180.00, ? 180.00 , ? 138.00 ,? 42.00,Loved the Masala Dosa! It was a delightful and well-prepared vegetarian meal.
O01372,18-06-2024,21:00,C0167,Abdul Rahim Momin,R68,Chicken Manchurian,Starter,4,? 280.00," ? 1,120.00 ", ? 205.00 ,? 300.00,Absolutely loved the Chicken Manchurian! It was the perfect appetizer to get us started.
O01373,18-06-2024,15:00,C0237,Aman Azam,R149,Paneer Parantha,Breads,2,? 90.00, ? 180.00 , ? 64.00 ,? 52.00,Great food! The Paneer Parantha was delicious and well-prepared.
O01374,18-06-2024,16:15,C0119,Shahrukh Azam,R68,Chicken Manchurian,Starter,5,? 280.00," ? 1,400.00 ", ? 205.00 ,? 375.00,It was an average Chicken Manchurian.
O01375,18-06-2024,15:15,C0038,Moh Saad Malik,R35,Rajma Chawal,Vegetarian,1,? 300.00, ? 300.00 , ? 238.00 ,? 62.00,Loved the Rajma Chawal! It was a delightful and well-prepared vegetarian meal.
O01376,18-06-2024,11:30,C0260,Danish Ali,R138,Veggie Sub,Sandwiches,3,? 150.00, ? 450.00 , ? 105.00 ,? 135.00,The Veggie Sub was not what I expected.
O01377,19-06-2024,16:45,C0143,Sultan Mujawar,R30,Shahi Paneer,Vegetarian,5,? 400.00," ? 2,000.00 ", ? 281.00 ,? 595.00,Loved the Shahi Paneer! It was a delightful and well-prepared vegetarian meal.
O01378,19-06-2024,19:45,C0205,Rihan Taimoor,R169,Club Chicken Sandwich,Snacks,3,? 140.00, ? 420.00 , ? 101.00 ,? 117.00,Great food! The Club Chicken Sandwich was delicious and well-prepared.
O01379,19-06-2024,21:30,C0248,Shahrukh Raes,R19,Chicken Hakka Noodles,Rice & Noodles,1,? 260.00, ? 260.00 , ? 193.00 ,? 67.00,A satisfying meal. The Chicken Hakka Noodles was a good choice.
O01380,19-06-2024,12:30,C0280,Dua Faruqi,R9,Palak Paneer,Vegetarian,4,? 360.00," ? 1,440.00 ", ? 273.00 ,? 348.00,A wholesome and delicious Palak Paneer. The vegetables were so fresh!
O01381,19-06-2024,17:15,C0326,Aman Sayyad,R7,Butter Chicken,Meat Special,1,? 495.00, ? 495.00 , ? 349.00 ,? 146.00,The Butter Chicken could have been better.
O01382,19-06-2024,15:15,C0193,Anis Nadaf,R25,Spring Rolls,Starter,2,? 220.00, ? 440.00 , ? 164.00 ,? 112.00,The Spring Rolls was a bit too oily for my liking.
O01383,19-06-2024,13:45,C0122,Aakib Nadaf,R48,Egg Curry,Non-Veg Main,1,? 280.00, ? 280.00 , ? 203.00 ,? 77.00,The Egg Curry was satisfactory.
O01384,19-06-2024,11:45,C0229,Aasin Khan,R153,Paneer Bhurji Sandwich,Snacks,5,? 75.00, ? 375.00 , ? 59.00 ,? 80.00,Great food! The Paneer Bhurji Sandwich was delicious and well-prepared.
O01385,19-06-2024,10:30,C0074,Moh Saad Malik,R57,Chicken Tikka Masala,Non-Veg Main,5,? 480.00," ? 2,400.00 ", ? 373.00 ,? 535.00,A truly authentic and flavorful Chicken Tikka Masala. It was very satisfying.
O01386,19-06-2024,10:15,C0230,Arman Azam,R112,Non-Veg Thali,Meal Combo,4,? 440.00," ? 1,760.00 ", ? 322.00 ,? 472.00,A satisfying meal. The Non-Veg Thali was a good choice.
O01387,20-06-2024,15:45,C0205,Rihan Taimoor,R45,Medu Vada,Vegetarian,1,? 150.00, ? 150.00 , ? 112.00 ,? 38.00,I found the Medu Vada to be a bit watery.
O01388,20-06-2024,19:00,C0075,Rihan Raes,R6,Grilled Salmon,Ocean Meal,4,? 500.00," ? 2,000.00 ", ? 357.00 ,? 572.00,The Grilled Salmon was excellent. Really enjoyed the meal.
O01389,20-06-2024,15:00,C0119,Shahrukh Azam,R11,Margherita Pizza,Pizza,5,? 330.00," ? 1,650.00 ", ? 231.00 ,? 495.00,The Margherita Pizza was excellent. Really enjoyed the meal.
O01390,20-06-2024,10:45,C0015,Kaif Taimoor,R148,Egg Sandwich,Sandwiches,3,? 110.00, ? 330.00 , ? 80.00 ,? 90.00,Great food! The Egg Sandwich was delicious and well-prepared.
O01391,20-06-2024,15:15,C0309,Arman Faruqi,R17,French Fries,Starter,1,? 120.00, ? 120.00 , ? 87.00 ,? 33.00,The French Fries was a bit too oily for my liking.
O01392,20-06-2024,15:45,C0037,Wahaj Malik,R164,Mutton Seekh Kebab Roll,Snacks,2,? 170.00, ? 340.00 , ? 132.00 ,? 76.00,The Mutton Seekh Kebab Roll was fine.
O01393,20-06-2024,16:45,C0284,Sher Shaikh,R140,Paneer Frankie,Street Food,2,? 130.00, ? 260.00 , ? 95.00 ,? 70.00,A satisfying meal. The Paneer Frankie was a good choice.
O01394,20-06-2024,22:45,C0032,Ayeza Mujawar,R7,Butter Chicken,Meat Special,4,? 495.00," ? 1,980.00 ", ? 349.00 ,? 584.00,The Butter Chicken was not what I expected.
O01395,20-06-2024,19:45,C0033,Arahan Azam,R56,Tandoori Chicken,Non-Veg Main,1,? 460.00, ? 460.00 , ? 366.00 ,? 94.00,The Tandoori Chicken was the highlight of our meal. Absolutely delicious!
O01396,20-06-2024,22:15,C0003,Danish Malik,R105,Malai Kofta,Main Course,3,? 340.00," ? 1,020.00 ", ? 249.00 ,? 273.00,The Malai Kofta met my expectations.
O01397,20-06-2024,14:00,C0119,Shahrukh Azam,R36,Chole Bhature,Vegetarian,4,? 280.00," ? 1,120.00 ", ? 223.00 ,? 228.00,The Chole Bhature was as expected.
O01398,21-06-2024,20:30,C0322,Aasin Malik,R105,Malai Kofta,Main Course,4,? 340.00," ? 1,360.00 ", ? 249.00 ,? 364.00,A satisfying meal. The Malai Kofta was a good choice.
O01399,21-06-2024,12:30,C0277,Shamsher Faruqi,R128,Matar Paneer,Main Course,4,? 340.00," ? 1,360.00 ", ? 263.00 ,? 308.00,A satisfying meal. The Matar Paneer was a good choice.
O01400,21-06-2024,12:30,C0282,Nikhat Khan,R131,Butter Naan,Breads,3,? 60.00, ? 180.00 , ? 45.00 ,? 45.00,A satisfying meal. The Butter Naan was a good choice.
O01401,21-06-2024,21:00,C0076,Dua Shikalkar,R165,Paneer Tandoori Wrap,Snacks,1,? 120.00, ? 120.00 , ? 94.00 ,? 26.00,The Paneer Tandoori Wrap was not what I expected.
O01402,21-06-2024,15:30,C0054,Shamsher Ali,R132,Garlic Naan,Breads,4,? 70.00, ? 280.00 , ? 54.00 ,? 64.00,The Garlic Naan was not what I expected.
O01403,21-06-2024,18:00,C0162,Shamsher Mujawar,R23,Chicken Tikka,Starter,1,? 320.00, ? 320.00 , ? 233.00 ,? 87.00,The Chicken Tikka was a fantastic start to our meal! Perfectly crispy.
O01404,21-06-2024,17:15,C0081,Ayeza Raes,R4,Chicken Biryani,Rice Meal,3,? 440.00," ? 1,320.00 ", ? 334.00 ,? 318.00,It was an average Chicken Biryani.
O01405,21-06-2024,16:30,C0249,Aasiya Mujawar,R136,Chicken Kathi Roll,Street Food,3,? 160.00, ? 480.00 , ? 112.00 ,? 144.00,Great food! The Chicken Kathi Roll was delicious and well-prepared.
O01406,22-06-2024,12:30,C0051,Dua Khan,R13,Gulab Jamun,Dessert,1,? 150.00, ? 150.00 , ? 117.00 ,? 33.00,The Gulab Jamun was excellent. Really enjoyed the meal.
O01407,22-06-2024,17:15,C0025,Aasifa Khan,R150,Aloo Parantha,Breads,1,? 80.00, ? 80.00 , ? 63.00 ,? 17.00,A satisfying meal. The Aloo Parantha was a good choice.
O01408,22-06-2024,13:45,C0112,Shahrukh Sayyad,R71,Veg Spring Rolls,Starter,2,? 220.00, ? 440.00 , ? 162.00 ,? 116.00,The Veg Spring Rolls was simply delicious and fresh. Highly recommended!
O01409,22-06-2024,10:45,C0047,Rihan Sayyad,R19,Chicken Hakka Noodles,Rice & Noodles,3,? 260.00, ? 780.00 , ? 193.00 ,? 201.00,The Chicken Hakka Noodles was excellent. Really enjoyed the meal.
O01410,22-06-2024,14:30,C0240,Sultan Ali,R10,Pepperoni Pizza,Pizza,5,? 368.00," ? 1,840.00 ", ? 283.00 ,? 425.00,The Pepperoni Pizza could have been better.
O01411,22-06-2024,12:15,C0180,Isharat Shikalkar,R23,Chicken Tikka,Starter,1,? 320.00, ? 320.00 , ? 233.00 ,? 87.00,Absolutely loved the Chicken Tikka! It was the perfect appetizer to get us started.
O01412,22-06-2024,10:45,C0206,Aariz Faruqi,R15,Tiramisu,Dessert,5,? 280.00," ? 1,400.00 ", ? 201.00 ,? 395.00,The Tiramisu was excellent. Really enjoyed the meal.
O01413,22-06-2024,11:45,C0285,Ayeza Raes,R71,Veg Spring Rolls,Starter,3,? 220.00, ? 660.00 , ? 162.00 ,? 174.00,Absolutely loved the Veg Spring Rolls! It was the perfect appetizer to get us started.
O01414,22-06-2024,17:15,C0116,Arman Khan,R148,Egg Sandwich,Sandwiches,2,? 110.00, ? 220.00 , ? 80.00 ,? 60.00,The Egg Sandwich was not what I expected.
O01415,22-06-2024,10:15,C0206,Aariz Faruqi,R86,Chicken Momos,Starter,2,? 220.00, ? 440.00 , ? 170.00 ,? 100.00,Wasn't very impressed with the Chicken Momos. It lacked flavor.
O01416,22-06-2024,16:30,C0296,Aariz Sayyad,R6,Grilled Salmon,Ocean Meal,4,? 500.00," ? 2,000.00 ", ? 357.00 ,? 572.00,A satisfying meal. The Grilled Salmon was a good choice.
O01417,22-06-2024,15:45,C0192,Danish Faruqi,R120,Pani Puri,Snack,3,? 100.00, ? 300.00 , ? 74.00 ,? 78.00,A satisfying meal. The Pani Puri was a good choice.
O01418,22-06-2024,18:30,C0275,Arman Khan,R59,Veg Pulao,Rice & Noodles,3,? 240.00, ? 720.00 , ? 190.00 ,? 150.00,I was not a fan of the Veg Pulao.
O01419,22-06-2024,13:15,C0024,Aman Momin,R13,Gulab Jamun,Dessert,5,? 150.00, ? 750.00 , ? 117.00 ,? 165.00,Great food! The Gulab Jamun was delicious and well-prepared.
O01420,23-06-2024,18:30,C0264,Abdul Rahim Mujawar,R16,Ice Cream Sundae,Dessert,4,? 200.00, ? 800.00 , ? 143.00 ,? 228.00,A satisfying meal. The Ice Cream Sundae was a good choice.
O01421,23-06-2024,15:15,C0288,Anis Shikalkar,R100,Biryani (Veg),Rice,1,? 320.00, ? 320.00 , ? 251.00 ,? 69.00,A satisfying meal. The Biryani (Veg) was a good choice.
O01422,23-06-2024,16:00,C0253,Kaif Sayyad,R127,Kadhi Pakora,Main Course,4,? 300.00," ? 1,200.00 ", ? 231.00 ,? 276.00,The Kadhi Pakora was fine.
O01423,23-06-2024,12:30,C0052,Shahrukh Sayyad,R63,Prawn Masala,Non-Veg Main,2,? 460.00, ? 920.00 , ? 326.00 ,? 268.00,The Prawn Masala was the highlight of our meal. Absolutely delicious!
O01424,23-06-2024,16:15,C0167,Abdul Rahim Momin,R18,Veg Hakka Noodles,Rice & Noodles,3,? 220.00, ? 660.00 , ? 165.00 ,? 165.00,Great food! The Veg Hakka Noodles was delicious and well-prepared.
O01425,23-06-2024,13:45,C0008,Dua Sayyad,R105,Malai Kofta,Main Course,4,? 340.00," ? 1,360.00 ", ? 249.00 ,? 364.00,The Malai Kofta was not what I expected.
O01426,23-06-2024,16:15,C0028,Aakib Faruqi,R134,Grilled Cheese Sandwich,Sandwiches,5,? 120.00, ? 600.00 , ? 90.00 ,? 150.00,Great food! The Grilled Cheese Sandwich was delicious and well-prepared.
O01427,23-06-2024,12:15,C0317,Rihan Azam,R133,Club Sandwich,Sandwiches,5,? 160.00, ? 800.00 , ? 119.00 ,? 205.00,I was not a fan of the Club Sandwich.
O01428,23-06-2024,19:00,C0135,Danish Azam,R33,Fish Curry,Non-Veg Main,1,? 400.00, ? 400.00 , ? 286.00 ,? 114.00,Felt that the Fish Curry was overpriced for its quality.
O01429,23-06-2024,17:30,C0231,Danish Momin,R48,Egg Curry,Non-Veg Main,2,? 280.00, ? 560.00 , ? 203.00 ,? 154.00,The Egg Curry was cooked to perfection. The spices were spot on!
O01430,24-06-2024,17:30,C0165,Dua Sayyad,R82,Sweet Corn Soup (Chicken),Starter,1,? 180.00, ? 180.00 , ? 129.00 ,? 51.00,The Sweet Corn Soup (Chicken) was a fantastic start to our meal! Perfectly crispy.
O01431,24-06-2024,22:15,C0099,Aariz Faruqi,R76,Schezwan Chicken Fried Rice,Rice & Noodles,4,? 280.00," ? 1,120.00 ", ? 211.00 ,? 276.00,The Schezwan Chicken Fried Rice was excellent. Really enjoyed the meal.
O01432,24-06-2024,21:15,C0196,Arman Taimoor,R81,Sweet Corn Soup (Veg),Starter,5,? 140.00, ? 700.00 , ? 108.00 ,? 160.00,Wasn't very impressed with the Sweet Corn Soup (Veg). It lacked flavor.
O01433,24-06-2024,11:45,C0217,Nikhat Mujawar,R120,Pani Puri,Snack,4,? 100.00, ? 400.00 , ? 74.00 ,? 104.00,I was not a fan of the Pani Puri.
O01434,24-06-2024,18:15,C0035,Aasifa Shaikh,R147,Paneer Sandwich,Sandwiches,1,? 120.00, ? 120.00 , ? 84.00 ,? 36.00,Great food! The Paneer Sandwich was delicious and well-prepared.
O01435,24-06-2024,21:45,C0170,Sher Shikalkar,R144,Paneer Shawarma,Street Food,4,? 150.00, ? 600.00 , ? 111.00 ,? 156.00,The Paneer Shawarma was not what I expected.
O01436,24-06-2024,21:15,C0007,Aman Taimoor,R143,Chicken Burger,Fast Food,3,? 160.00, ? 480.00 , ? 115.00 ,? 135.00,A satisfying meal. The Chicken Burger was a good choice.
O01437,24-06-2024,11:15,C0124,Arahan Shaikh,R164,Mutton Seekh Kebab Roll,Snacks,1,? 170.00, ? 170.00 , ? 132.00 ,? 38.00,The Mutton Seekh Kebab Roll met my expectations.
O01438,24-06-2024,13:45,C0316,Shamsher Mujawar,R15,Tiramisu,Dessert,4,? 280.00," ? 1,120.00 ", ? 201.00 ,? 316.00,Great food! The Tiramisu was delicious and well-prepared.
O01439,24-06-2024,19:30,C0068,Abdul Rahim Shaikh,R73,Chili Paneer,Starter,5,? 280.00," ? 1,400.00 ", ? 219.00 ,? 305.00,The Chili Paneer was a fantastic start to our meal! Perfectly crispy.
O01440,24-06-2024,16:30,C0217,Nikhat Mujawar,R134,Grilled Cheese Sandwich,Sandwiches,4,? 120.00, ? 480.00 , ? 90.00 ,? 120.00,I was not a fan of the Grilled Cheese Sandwich.
O01441,24-06-2024,13:45,C0078,Arahan Shaikh,R146,Cheese Sandwich,Sandwiches,1,? 100.00, ? 100.00 , ? 72.00 ,? 28.00,The Cheese Sandwich was not what I expected.
O01442,24-06-2024,11:00,C0062,Ayeza Nadaf,R60,Egg Biryani,Rice & Noodles,2,? 340.00, ? 680.00 , ? 268.00 ,? 144.00,The Egg Biryani was excellent. Really enjoyed the meal.
O01443,24-06-2024,15:30,C0222,Arman Ali,R89,Fried Momos (Chicken),Starter,2,? 240.00, ? 480.00 , ? 176.00 ,? 128.00,The Fried Momos (Chicken) was simply delicious and fresh. Highly recommended!
O01444,24-06-2024,16:30,C0182,Rihan Shaikh,R135,Paneer Kathi Roll,Street Food,1,? 140.00, ? 140.00 , ? 103.00 ,? 37.00,I was not a fan of the Paneer Kathi Roll.
O01445,25-06-2024,17:00,C0160,Shahrukh Malik,R90,Tandoori Momos,Starter,5,? 260.00," ? 1,300.00 ", ? 185.00 ,? 375.00,The Tandoori Momos was simply delicious and fresh. Highly recommended!
O01446,25-06-2024,17:45,C0271,Aasiya Mujawar,R37,Pav Bhaji,Vegetarian,3,? 220.00, ? 660.00 , ? 171.00 ,? 147.00,The Pav Bhaji was as expected.
O01447,25-06-2024,21:00,C0085,Aasifa Azam,R64,Crab Curry,Non-Veg Main,5,? 520.00," ? 2,600.00 ", ? 374.00 ,? 730.00,The Crab Curry was alright. It was cooked well but the flavor was average.
O01448,25-06-2024,16:30,C0095,Aakib Azam,R44,Vada Sambar,Vegetarian,1,? 170.00, ? 170.00 , ? 121.00 ,? 49.00,The Vada Sambar was a decent vegetarian option.
O01449,25-06-2024,20:45,C0039,Aasifa Shaikh,R150,Aloo Parantha,Breads,4,? 80.00, ? 320.00 , ? 63.00 ,? 68.00,The Aloo Parantha was fine.
O01450,26-06-2024,15:15,C0194,Isharat Momin,R146,Cheese Sandwich,Sandwiches,3,? 100.00, ? 300.00 , ? 72.00 ,? 84.00,The Cheese Sandwich was excellent. Really enjoyed the meal.
O01451,26-06-2024,21:45,C0147,Danish Khan,R16,Ice Cream Sundae,Dessert,1,? 200.00, ? 200.00 , ? 143.00 ,? 57.00,Great food! The Ice Cream Sundae was delicious and well-prepared.
O01452,26-06-2024,10:15,C0129,Sher Taimoor,R140,Paneer Frankie,Street Food,2,? 130.00, ? 260.00 , ? 95.00 ,? 70.00,The Paneer Frankie was excellent. Really enjoyed the meal.
O01453,26-06-2024,10:45,C0068,Abdul Rahim Shaikh,R24,Samosa,Starter,1,? 100.00, ? 100.00 , ? 73.00 ,? 27.00,"The Samosa was decent, but nothing special."
O01454,26-06-2024,22:45,C0014,Arman Faruqi,R112,Non-Veg Thali,Meal Combo,3,? 440.00," ? 1,320.00 ", ? 322.00 ,? 354.00,Great food! The Non-Veg Thali was delicious and well-prepared.
O01455,26-06-2024,22:15,C0122,Aakib Nadaf,R76,Schezwan Chicken Fried Rice,Rice & Noodles,1,? 280.00, ? 280.00 , ? 211.00 ,? 69.00,Great food! The Schezwan Chicken Fried Rice was delicious and well-prepared.
O01456,26-06-2024,12:15,C0069,Aasin Khan,R103,Fish Curry (Goan),Main Course,5,? 380.00," ? 1,900.00 ", ? 289.00 ,? 455.00,I was not a fan of the Fish Curry (Goan).
O01457,26-06-2024,14:30,C0048,Abdul Rahim Malik,R160,Chicken Caesar Wrap,Snacks,4,? 150.00, ? 600.00 , ? 109.00 ,? 164.00,A satisfying meal. The Chicken Caesar Wrap was a good choice.
O01458,26-06-2024,22:45,C0034,Anis Raes,R100,Biryani (Veg),Rice,4,? 320.00," ? 1,280.00 ", ? 251.00 ,? 276.00,The Biryani (Veg) met my expectations.
O01459,26-06-2024,10:00,C0324,Aasifa Faruqi,R7,Butter Chicken,Meat Special,5,? 495.00," ? 2,475.00 ", ? 349.00 ,? 730.00,It was an average Butter Chicken.
O01460,26-06-2024,21:15,C0048,Abdul Rahim Malik,R168,Avocado Toast,Breakfast,3,? 150.00, ? 450.00 , ? 111.00 ,? 117.00,A satisfying meal. The Avocado Toast was a good choice.
O01461,26-06-2024,17:45,C0028,Aakib Faruqi,R138,Veggie Sub,Sandwiches,2,? 150.00, ? 300.00 , ? 105.00 ,? 90.00,A satisfying meal. The Veggie Sub was a good choice.
O01462,26-06-2024,10:15,C0038,Moh Saad Malik,R164,Mutton Seekh Kebab Roll,Snacks,4,? 170.00, ? 680.00 , ? 132.00 ,? 152.00,A satisfying meal. The Mutton Seekh Kebab Roll was a good choice.
O01463,27-06-2024,15:45,C0047,Rihan Sayyad,R81,Sweet Corn Soup (Veg),Starter,1,? 140.00, ? 140.00 , ? 108.00 ,? 32.00,Wasn't very impressed with the Sweet Corn Soup (Veg). It lacked flavor.
O01464,27-06-2024,17:30,C0215,Ayeza Faruqi,R12,Veggie Burger,Burger,3,? 250.00, ? 750.00 , ? 199.00 ,? 153.00,Great food! The Veggie Burger was delicious and well-prepared.
O01465,27-06-2024,18:45,C0299,Aakib Shaikh,R165,Paneer Tandoori Wrap,Snacks,4,? 120.00, ? 480.00 , ? 94.00 ,? 104.00,Great food! The Paneer Tandoori Wrap was delicious and well-prepared.
O01466,27-06-2024,14:00,C0312,Danish Khan,R146,Cheese Sandwich,Sandwiches,4,? 100.00, ? 400.00 , ? 72.00 ,? 112.00,It was an average Cheese Sandwich.
O01467,27-06-2024,17:30,C0006,Imran Taimoor,R83,Veg Clear Soup,Starter,3,? 120.00, ? 360.00 , ? 84.00 ,? 108.00,Absolutely loved the Veg Clear Soup! It was the perfect appetizer to get us started.
O01468,27-06-2024,20:45,C0185,Nikhat Shikalkar,R45,Medu Vada,Vegetarian,5,? 150.00, ? 750.00 , ? 112.00 ,? 190.00,A wholesome and delicious Medu Vada. The vegetables were so fresh!
O01469,27-06-2024,12:15,C0301,Sher Taimoor,R168,Avocado Toast,Breakfast,3,? 150.00, ? 450.00 , ? 111.00 ,? 117.00,The Avocado Toast was excellent. Really enjoyed the meal.
O01470,27-06-2024,20:00,C0179,Arman Malik,R146,Cheese Sandwich,Sandwiches,1,? 100.00, ? 100.00 , ? 72.00 ,? 28.00,The Cheese Sandwich was fine.
O01471,27-06-2024,22:30,C0312,Danish Khan,R9,Palak Paneer,Vegetarian,2,? 360.00, ? 720.00 , ? 273.00 ,? 174.00,The vegetables in the Palak Paneer seemed overcooked.
O01472,27-06-2024,22:30,C0305,Aasin Faruqi,R85,Veg Momos,Starter,3,? 180.00, ? 540.00 , ? 138.00 ,? 126.00,The Veg Momos was a bit too oily for my liking.
O01473,27-06-2024,14:15,C0201,Sher Sayyad,R111,Veg Thali,Meal Combo,3,? 360.00," ? 1,080.00 ", ? 263.00 ,? 291.00,I was not a fan of the Veg Thali.
O01474,28-06-2024,18:15,C0218,Danish Khan,R89,Fried Momos (Chicken),Starter,2,? 240.00, ? 480.00 , ? 176.00 ,? 128.00,The Fried Momos (Chicken) was a fantastic start to our meal! Perfectly crispy.
O01475,28-06-2024,18:00,C0142,Abdul Rahim Nadaf,R127,Kadhi Pakora,Main Course,5,? 300.00," ? 1,500.00 ", ? 231.00 ,? 345.00,A satisfying meal. The Kadhi Pakora was a good choice.
O01476,28-06-2024,12:30,C0015,Kaif Taimoor,R162,BBQ Chicken Pizza Sandwich,Snacks,1,? 160.00, ? 160.00 , ? 115.00 ,? 45.00,A satisfying meal. The BBQ Chicken Pizza Sandwich was a good choice.
O01477,28-06-2024,22:30,C0275,Arman Khan,R143,Chicken Burger,Fast Food,1,? 160.00, ? 160.00 , ? 115.00 ,? 45.00,Great food! The Chicken Burger was delicious and well-prepared.
O01478,28-06-2024,16:30,C0124,Arahan Shaikh,R132,Garlic Naan,Breads,5,? 70.00, ? 350.00 , ? 54.00 ,? 80.00,The Garlic Naan was excellent. Really enjoyed the meal.
O01479,28-06-2024,21:30,C0310,Ayeza Faruqi,R61,Vegetable Korma,Vegetarian,3,? 320.00, ? 960.00 , ? 243.00 ,? 231.00,The vegetables in the Vegetable Korma seemed overcooked.
O01480,28-06-2024,19:30,C0130,Aakib Shikalkar,R169,Club Chicken Sandwich,Snacks,3,? 140.00, ? 420.00 , ? 101.00 ,? 117.00,The Club Chicken Sandwich was excellent. Really enjoyed the meal.
O01481,28-06-2024,11:15,C0071,Arman Azam,R5,Mutton Biryani,Rice Meal,4,? 490.00," ? 1,960.00 ", ? 350.00 ,? 560.00,Great food! The Mutton Biryani was delicious and well-prepared.
O01482,29-06-2024,19:00,C0044,Shamsher Mujawar,R76,Schezwan Chicken Fried Rice,Rice & Noodles,2,? 280.00, ? 560.00 , ? 211.00 ,? 138.00,I was not a fan of the Schezwan Chicken Fried Rice.
O01483,29-06-2024,15:00,C0012,Abdul Rahim Malik,R85,Veg Momos,Starter,3,? 180.00, ? 540.00 , ? 138.00 ,? 126.00,Absolutely loved the Veg Momos! It was the perfect appetizer to get us started.
O01484,29-06-2024,10:30,C0139,Arman Khan,R158,Cheese Garlic Bread,Breads,2,? 110.00, ? 220.00 , ? 85.00 ,? 50.00,A satisfying meal. The Cheese Garlic Bread was a good choice.
O01485,29-06-2024,14:30,C0195,Aasin Malik,R140,Paneer Frankie,Street Food,1,? 130.00, ? 130.00 , ? 95.00 ,? 35.00,The Paneer Frankie was fine.
O01486,29-06-2024,16:00,C0275,Arman Khan,R27,Pasta Arrabbiata,Continental,5,? 300.00," ? 1,500.00 ", ? 215.00 ,? 425.00,It was an average Pasta Arrabbiata.
O01487,29-06-2024,18:00,C0291,Aman Faruqi,R131,Butter Naan,Breads,2,? 60.00, ? 120.00 , ? 45.00 ,? 30.00,The Butter Naan was fine.
O01488,29-06-2024,10:45,C0306,Arman Malik,R1,Tomato Soup,Starter,4,? 180.00, ? 720.00 , ? 132.00 ,? 192.00,Absolutely loved the Tomato Soup! It was the perfect appetizer to get us started.
O01489,29-06-2024,22:15,C0057,Arman Azam,R6,Grilled Salmon,Ocean Meal,3,? 500.00," ? 1,500.00 ", ? 357.00 ,? 429.00,The Grilled Salmon met my expectations.
O01490,30-06-2024,10:00,C0029,Rihan Sayyad,R62,Dal Makhani,Vegetarian,1,? 340.00, ? 340.00 , ? 269.00 ,? 71.00,The vegetables in the Dal Makhani seemed overcooked.
O01491,30-06-2024,20:15,C0248,Shahrukh Raes,R140,Paneer Frankie,Street Food,3,? 130.00, ? 390.00 , ? 95.00 ,? 105.00,Great food! The Paneer Frankie was delicious and well-prepared.
O01492,30-06-2024,14:30,C0254,Sultan Ali,R48,Egg Curry,Non-Veg Main,3,? 280.00, ? 840.00 , ? 203.00 ,? 231.00,The Egg Curry was cooked to perfection. The spices were spot on!
O01493,30-06-2024,21:15,C0138,Wahaj Taimoor,R73,Chili Paneer,Starter,4,? 280.00," ? 1,120.00 ", ? 219.00 ,? 244.00,The Chili Paneer was okay. It was a standard appetizer.
O01494,30-06-2024,12:30,C0282,Nikhat Khan,R37,Pav Bhaji,Vegetarian,1,? 220.00, ? 220.00 , ? 171.00 ,? 49.00,Loved the Pav Bhaji! It was a delightful and well-prepared vegetarian meal.
O01495,30-06-2024,22:00,C0300,Dua Azam,R128,Matar Paneer,Main Course,1,? 340.00, ? 340.00 , ? 263.00 ,? 77.00,The Matar Paneer was not what I expected.
O01496,30-06-2024,19:15,C0005,Aasin Azam,R80,Hot & Sour Soup (Chicken),Starter,5,? 200.00," ? 1,000.00 ", ? 159.00 ,? 205.00,The Hot & Sour Soup (Chicken) was cold when it arrived at our table.
O01497,30-06-2024,21:45,C0062,Ayeza Nadaf,R67,Veg Manchurian,Starter,1,? 240.00, ? 240.00 , ? 169.00 ,? 71.00,"The Veg Manchurian was decent, but nothing special."
O01498,30-06-2024,13:00,C0183,Imran Mujawar,R100,Biryani (Veg),Rice,4,? 320.00," ? 1,280.00 ", ? 251.00 ,? 276.00,Great food! The Biryani (Veg) was delicious and well-prepared.
O01499,30-06-2024,14:30,C0303,Dua Momin,R11,Margherita Pizza,Pizza,3,? 330.00, ? 990.00 , ? 231.00 ,? 297.00,The Margherita Pizza met my expectations.
O01500,30-06-2024,16:45,C0316,Shamsher Mujawar,R84,Chicken Clear Soup,Starter,4,? 160.00, ? 640.00 , ? 125.00 ,? 140.00,The Chicken Clear Soup was a bit too oily for my liking.
O01501,30-06-2024,10:00,C0005,Aasin Azam,R155,Tuna Melt Sandwich,Snacks,4,? 140.00, ? 560.00 , ? 100.00 ,? 160.00,The Tuna Melt Sandwich was excellent. Really enjoyed the meal.
O01502,30-06-2024,13:00,C0278,Sultan Shikalkar,R36,Chole Bhature,Vegetarian,2,? 280.00, ? 560.00 , ? 223.00 ,? 114.00,The Chole Bhature was a decent vegetarian option.
O01503,30-06-2024,20:45,C0066,Abdul Rahim Mujawar,R18,Veg Hakka Noodles,Rice & Noodles,2,? 220.00, ? 440.00 , ? 165.00 ,? 110.00,The Veg Hakka Noodles met my expectations.
O01504,30-06-2024,19:00,C0049,Aman Khan,R116,Uttapam,South Indian,3,? 220.00, ? 660.00 , ? 170.00 ,? 150.00,Great food! The Uttapam was delicious and well-prepared.
O01505,30-06-2024,14:00,C0305,Aasin Faruqi,R75,Schezwan Fried Rice,Rice & Noodles,2,? 220.00, ? 440.00 , ? 160.00 ,? 120.00,The Schezwan Fried Rice met my expectations.
O01506,30-06-2024,21:45,C0008,Dua Sayyad,R124,Chana Masala,Main Course,1,? 260.00, ? 260.00 , ? 185.00 ,? 75.00,A satisfying meal. The Chana Masala was a good choice.
O01507,30-06-2024,11:00,C0106,Aasin Mujawar,R54,Aloo Gobi,Vegetarian,5,? 220.00," ? 1,100.00 ", ? 166.00 ,? 270.00,The Aloo Gobi was a decent vegetarian option.
O01508,30-06-2024,13:00,C0083,Isharat Mujawar,R10,Pepperoni Pizza,Pizza,2,? 368.00, ? 736.00 , ? 283.00 ,? 170.00,I was not a fan of the Pepperoni Pizza.
O01509,30-06-2024,19:15,C0192,Danish Faruqi,R37,Pav Bhaji,Vegetarian,5,? 220.00," ? 1,100.00 ", ? 171.00 ,? 245.00,"It was an okay Pav Bhaji, but I've had better."
O01510,30-06-2024,22:15,C0045,Arman Shaikh,R1,Tomato Soup,Starter,2,? 180.00, ? 360.00 , ? 132.00 ,? 96.00,The Tomato Soup was a bit too oily for my liking.
O01511,01-07-2024,16:15,C0226,Aman Taimoor,R150,Aloo Parantha,Breads,5,? 80.00, ? 400.00 , ? 63.00 ,? 85.00,The Aloo Parantha could have been better.
O01512,01-07-2024,11:15,C0277,Shamsher Faruqi,R83,Veg Clear Soup,Starter,4,? 120.00, ? 480.00 , ? 84.00 ,? 144.00,It was an average Veg Clear Soup.
O01513,01-07-2024,17:15,C0146,Sultan Sayyad,R17,French Fries,Starter,2,? 120.00, ? 240.00 , ? 87.00 ,? 66.00,The French Fries was a bit too oily for my liking.
O01514,01-07-2024,17:00,C0021,Moh Saad Shaikh,R112,Non-Veg Thali,Meal Combo,1,? 440.00, ? 440.00 , ? 322.00 ,? 118.00,A satisfying meal. The Non-Veg Thali was a good choice.
O01515,01-07-2024,19:30,C0049,Aman Khan,R53,Baingan Bharta,Vegetarian,1,? 260.00, ? 260.00 , ? 195.00 ,? 65.00,The Baingan Bharta was bland and needed more seasoning.
O01516,01-07-2024,15:30,C0224,Nikhat Mujawar,R139,Chicken Sub,Sandwiches,2,? 180.00, ? 360.00 , ? 137.00 ,? 86.00,The Chicken Sub was not what I expected.
O01517,01-07-2024,20:45,C0091,Aasin Nadaf,R55,Jeera Rice,Rice & Noodles,2,? 180.00, ? 360.00 , ? 129.00 ,? 102.00,I was not a fan of the Jeera Rice.
O01518,01-07-2024,12:45,C0097,Isharat Taimoor,R132,Garlic Naan,Breads,3,? 70.00, ? 210.00 , ? 54.00 ,? 48.00,The Garlic Naan met my expectations.
O01519,01-07-2024,19:00,C0139,Arman Khan,R127,Kadhi Pakora,Main Course,5,? 300.00," ? 1,500.00 ", ? 231.00 ,? 345.00,The Kadhi Pakora was excellent. Really enjoyed the meal.
O01520,01-07-2024,12:00,C0016,Dua Khan,R71,Veg Spring Rolls,Starter,1,? 220.00, ? 220.00 , ? 162.00 ,? 58.00,The Veg Spring Rolls was okay. It was a standard appetizer.
O01521,01-07-2024,10:30,C0033,Arahan Azam,R72,Chicken Spring Rolls,Starter,1,? 260.00, ? 260.00 , ? 189.00 ,? 71.00,The Chicken Spring Rolls was simply delicious and fresh. Highly recommended!
O01522,01-07-2024,11:15,C0276,Wahaj Faruqi,R79,Hot & Sour Soup (Veg),Starter,5,? 160.00, ? 800.00 , ? 113.00 ,? 235.00,The Hot & Sour Soup (Veg) was a fantastic start to our meal! Perfectly crispy.
O01523,01-07-2024,19:00,C0196,Arman Taimoor,R116,Uttapam,South Indian,1,? 220.00, ? 220.00 , ? 170.00 ,? 50.00,The Uttapam was fine.
O01524,01-07-2024,22:30,C0003,Danish Malik,R149,Paneer Parantha,Breads,5,? 90.00, ? 450.00 , ? 64.00 ,? 130.00,Great food! The Paneer Parantha was delicious and well-prepared.
O01525,01-07-2024,21:00,C0031,Rihan Momin,R9,Palak Paneer,Vegetarian,2,? 360.00, ? 720.00 , ? 273.00 ,? 174.00,A wholesome and delicious Palak Paneer. The vegetables were so fresh!
O01526,01-07-2024,11:00,C0051,Dua Khan,R16,Ice Cream Sundae,Dessert,2,? 200.00, ? 400.00 , ? 143.00 ,? 114.00,The Ice Cream Sundae could have been better.
O01527,01-07-2024,13:15,C0225,Arman Faruqi,R76,Schezwan Chicken Fried Rice,Rice & Noodles,1,? 280.00, ? 280.00 , ? 211.00 ,? 69.00,The Schezwan Chicken Fried Rice was not what I expected.
O01528,01-07-2024,13:30,C0113,Ayeza Momin,R67,Veg Manchurian,Starter,5,? 240.00," ? 1,200.00 ", ? 169.00 ,? 355.00,The Veg Manchurian was a bit too oily for my liking.
O01529,01-07-2024,14:45,C0270,Isharat Malik,R89,Fried Momos (Chicken),Starter,4,? 240.00, ? 960.00 , ? 176.00 ,? 256.00,The Fried Momos (Chicken) was a fantastic start to our meal! Perfectly crispy.
O01530,02-07-2024,11:15,C0138,Wahaj Taimoor,R75,Schezwan Fried Rice,Rice & Noodles,4,? 220.00, ? 880.00 , ? 160.00 ,? 240.00,Great food! The Schezwan Fried Rice was delicious and well-prepared.
O01531,02-07-2024,16:00,C0054,Shamsher Ali,R79,Hot & Sour Soup (Veg),Starter,5,? 160.00, ? 800.00 , ? 113.00 ,? 235.00,It was an average Hot & Sour Soup (Veg).
O01532,02-07-2024,17:45,C0030,Sher Mujawar,R165,Paneer Tandoori Wrap,Snacks,3,? 120.00, ? 360.00 , ? 94.00 ,? 78.00,The Paneer Tandoori Wrap met my expectations.
O01533,02-07-2024,13:30,C0296,Aariz Sayyad,R61,Vegetable Korma,Vegetarian,4,? 320.00," ? 1,280.00 ", ? 243.00 ,? 308.00,Loved the Vegetable Korma! It was a delightful and well-prepared vegetarian meal.
O01534,02-07-2024,12:00,C0010,Kaif Azam,R103,Fish Curry (Goan),Main Course,3,? 380.00," ? 1,140.00 ", ? 289.00 ,? 273.00,The Fish Curry (Goan) was not what I expected.
O01535,02-07-2024,12:45,C0059,Aman Momin,R124,Chana Masala,Main Course,1,? 260.00, ? 260.00 , ? 185.00 ,? 75.00,Great food! The Chana Masala was delicious and well-prepared.
O01536,02-07-2024,19:45,C0315,Imran Shaikh,R120,Pani Puri,Snack,4,? 100.00, ? 400.00 , ? 74.00 ,? 104.00,The Pani Puri could have been better.
O01537,03-07-2024,15:45,C0095,Aakib Azam,R158,Cheese Garlic Bread,Breads,2,? 110.00, ? 220.00 , ? 85.00 ,? 50.00,Great food! The Cheese Garlic Bread was delicious and well-prepared.
O01538,03-07-2024,12:30,C0016,Dua Khan,R24,Samosa,Starter,3,? 100.00, ? 300.00 , ? 73.00 ,? 81.00,"The Samosa was decent, but nothing special."
O01539,03-07-2024,10:45,C0329,Wahaj Sayyad,R159,Falafel Wrap,Snacks,2,? 130.00, ? 260.00 , ? 102.00 ,? 56.00,Great food! The Falafel Wrap was delicious and well-prepared.
O01540,03-07-2024,21:15,C0239,Arman Momin,R59,Veg Pulao,Rice & Noodles,5,? 240.00," ? 1,200.00 ", ? 190.00 ,? 250.00,A satisfying meal. The Veg Pulao was a good choice.
O01541,03-07-2024,17:00,C0240,Sultan Ali,R2,Mushroom Soup,Starter,1,? 200.00, ? 200.00 , ? 159.00 ,? 41.00,Wasn't very impressed with the Mushroom Soup. It lacked flavor.
O01542,03-07-2024,16:45,C0136,Anis Taimoor,R72,Chicken Spring Rolls,Starter,2,? 260.00, ? 520.00 , ? 189.00 ,? 142.00,Absolutely loved the Chicken Spring Rolls! It was the perfect appetizer to get us started.
O01543,03-07-2024,17:30,C0029,Rihan Sayyad,R2,Mushroom Soup,Starter,3,? 200.00, ? 600.00 , ? 159.00 ,? 123.00,The Mushroom Soup was a fantastic start to our meal! Perfectly crispy.
O01544,03-07-2024,16:15,C0329,Wahaj Sayyad,R20,Veg Fried Rice,Rice & Noodles,1,? 200.00, ? 200.00 , ? 145.00 ,? 55.00,Great food! The Veg Fried Rice was delicious and well-prepared.
O01545,04-07-2024,11:15,C0326,Aman Sayyad,R146,Cheese Sandwich,Sandwiches,3,? 100.00, ? 300.00 , ? 72.00 ,? 84.00,The Cheese Sandwich was not what I expected.
O01546,04-07-2024,10:00,C0317,Rihan Azam,R159,Falafel Wrap,Snacks,3,? 130.00, ? 390.00 , ? 102.00 ,? 84.00,A satisfying meal. The Falafel Wrap was a good choice.
O01547,04-07-2024,20:30,C0110,Danish Momin,R103,Fish Curry (Goan),Main Course,5,? 380.00," ? 1,900.00 ", ? 289.00 ,? 455.00,The Fish Curry (Goan) was fine.
O01548,04-07-2024,13:15,C0294,Isharat Sayyad,R27,Pasta Arrabbiata,Continental,2,? 300.00, ? 600.00 , ? 215.00 ,? 170.00,The Pasta Arrabbiata was excellent. Really enjoyed the meal.
O01549,04-07-2024,20:30,C0113,Ayeza Momin,R148,Egg Sandwich,Sandwiches,4,? 110.00, ? 440.00 , ? 80.00 ,? 120.00,The Egg Sandwich was excellent. Really enjoyed the meal.
O01550,04-07-2024,18:30,C0247,Shahrukh Sayyad,R36,Chole Bhature,Vegetarian,1,? 280.00, ? 280.00 , ? 223.00 ,? 57.00,Loved the Chole Bhature! It was a delightful and well-prepared vegetarian meal.
O01551,04-07-2024,10:00,C0283,Shahrukh Sayyad,R80,Hot & Sour Soup (Chicken),Starter,5,? 200.00," ? 1,000.00 ", ? 159.00 ,? 205.00,Absolutely loved the Hot & Sour Soup (Chicken)! It was the perfect appetizer to get us started.
O01552,04-07-2024,21:15,C0218,Danish Khan,R28,Caesar Salad,Salad,3,? 280.00, ? 840.00 , ? 210.00 ,? 210.00,Great food! The Caesar Salad was delicious and well-prepared.
O01553,04-07-2024,19:15,C0018,Sher Shikalkar,R84,Chicken Clear Soup,Starter,3,? 160.00, ? 480.00 , ? 125.00 ,? 105.00,The Chicken Clear Soup was simply delicious and fresh. Highly recommended!
O01554,04-07-2024,14:00,C0114,Imran Faruqi,R29,Greek Salad,Salad,1,? 260.00, ? 260.00 , ? 197.00 ,? 63.00,Great food! The Greek Salad was delicious and well-prepared.
O01555,04-07-2024,22:15,C0077,Shahrukh Momin,R21,Chicken Fried Rice,Rice & Noodles,2,? 240.00, ? 480.00 , ? 182.00 ,? 116.00,The Chicken Fried Rice met my expectations.
O01556,04-07-2024,17:00,C0188,Sher Raes,R80,Hot & Sour Soup (Chicken),Starter,2,? 200.00, ? 400.00 , ? 159.00 ,? 82.00,The Hot & Sour Soup (Chicken) was a fantastic start to our meal! Perfectly crispy.
O01557,05-07-2024,11:15,C0008,Dua Sayyad,R146,Cheese Sandwich,Sandwiches,5,? 100.00, ? 500.00 , ? 72.00 ,? 140.00,The Cheese Sandwich met my expectations.
O01558,05-07-2024,13:00,C0084,Imran Momin,R78,Chicken Schezwan Noodles,Rice & Noodles,4,? 280.00," ? 1,120.00 ", ? 218.00 ,? 248.00,A satisfying meal. The Chicken Schezwan Noodles was a good choice.
O01559,05-07-2024,15:30,C0318,Shahrukh Ali,R68,Chicken Manchurian,Starter,5,? 280.00," ? 1,400.00 ", ? 205.00 ,? 375.00,"The Chicken Manchurian was decent, but nothing special."
O01560,05-07-2024,19:00,C0058,Danish Nadaf,R160,Chicken Caesar Wrap,Snacks,4,? 150.00, ? 600.00 , ? 109.00 ,? 164.00,Great food! The Chicken Caesar Wrap was delicious and well-prepared.
O01561,05-07-2024,20:00,C0086,Sher Momin,R116,Uttapam,South Indian,3,? 220.00, ? 660.00 , ? 170.00 ,? 150.00,The Uttapam was excellent. Really enjoyed the meal.
O01562,05-07-2024,12:30,C0211,Moh Saad Faruqi,R168,Avocado Toast,Breakfast,5,? 150.00, ? 750.00 , ? 111.00 ,? 195.00,The Avocado Toast was not what I expected.
O01563,05-07-2024,13:00,C0137,Aman Raes,R59,Veg Pulao,Rice & Noodles,1,? 240.00, ? 240.00 , ? 190.00 ,? 50.00,The Veg Pulao was not what I expected.
O01564,05-07-2024,10:15,C0222,Arman Ali,R100,Biryani (Veg),Rice,1,? 320.00, ? 320.00 , ? 251.00 ,? 69.00,The Biryani (Veg) was excellent. Really enjoyed the meal.
O01565,05-07-2024,12:15,C0073,Moh Saad Taimoor,R53,Baingan Bharta,Vegetarian,4,? 260.00," ? 1,040.00 ", ? 195.00 ,? 260.00,A wholesome and delicious Baingan Bharta. The vegetables were so fresh!
O01566,05-07-2024,14:00,C0135,Danish Azam,R111,Veg Thali,Meal Combo,4,? 360.00," ? 1,440.00 ", ? 263.00 ,? 388.00,A satisfying meal. The Veg Thali was a good choice.
O01567,05-07-2024,16:15,C0141,Arahan Ali,R53,Baingan Bharta,Vegetarian,4,? 260.00," ? 1,040.00 ", ? 195.00 ,? 260.00,The vegetables in the Baingan Bharta seemed overcooked.
O01568,05-07-2024,10:00,C0113,Ayeza Momin,R12,Veggie Burger,Burger,2,? 250.00, ? 500.00 , ? 199.00 ,? 102.00,Great food! The Veggie Burger was delicious and well-prepared.
O01569,05-07-2024,20:30,C0149,Aariz Nadaf,R112,Non-Veg Thali,Meal Combo,2,? 440.00, ? 880.00 , ? 322.00 ,? 236.00,I was not a fan of the Non-Veg Thali.
O01570,06-07-2024,13:15,C0031,Rihan Momin,R128,Matar Paneer,Main Course,5,? 340.00," ? 1,700.00 ", ? 263.00 ,? 385.00,It was an average Matar Paneer.
O01571,06-07-2024,10:15,C0073,Moh Saad Taimoor,R18,Veg Hakka Noodles,Rice & Noodles,1,? 220.00, ? 220.00 , ? 165.00 ,? 55.00,The Veg Hakka Noodles was excellent. Really enjoyed the meal.
O01572,06-07-2024,15:30,C0142,Abdul Rahim Nadaf,R32,Mutton Rogan Josh,Non-Veg Main,4,? 520.00," ? 2,080.00 ", ? 395.00 ,? 500.00,The Mutton Rogan Josh was the highlight of our meal. Absolutely delicious!
O01573,06-07-2024,15:45,C0322,Aasin Malik,R133,Club Sandwich,Sandwiches,4,? 160.00, ? 640.00 , ? 119.00 ,? 164.00,Great food! The Club Sandwich was delicious and well-prepared.
O01574,06-07-2024,13:00,C0248,Shahrukh Raes,R36,Chole Bhature,Vegetarian,4,? 280.00," ? 1,120.00 ", ? 223.00 ,? 228.00,The Chole Bhature is a great choice for vegetarians. Hearty and full of flavor.
O01575,06-07-2024,15:45,C0027,Arman Faruqi,R139,Chicken Sub,Sandwiches,2,? 180.00, ? 360.00 , ? 137.00 ,? 86.00,A satisfying meal. The Chicken Sub was a good choice.
O01576,06-07-2024,13:45,C0048,Abdul Rahim Malik,R85,Veg Momos,Starter,2,? 180.00, ? 360.00 , ? 138.00 ,? 84.00,The Veg Momos was simply delicious and fresh. Highly recommended!
O01577,06-07-2024,19:15,C0106,Aasin Mujawar,R146,Cheese Sandwich,Sandwiches,4,? 100.00, ? 400.00 , ? 72.00 ,? 112.00,Great food! The Cheese Sandwich was delicious and well-prepared.
O01578,06-07-2024,14:30,C0039,Aasifa Shaikh,R85,Veg Momos,Starter,4,? 180.00, ? 720.00 , ? 138.00 ,? 168.00,The Veg Momos was simply delicious and fresh. Highly recommended!
O01579,06-07-2024,21:45,C0201,Sher Sayyad,R63,Prawn Masala,Non-Veg Main,4,? 460.00," ? 1,840.00 ", ? 326.00 ,? 536.00,The Prawn Masala was cooked to perfection. The spices were spot on!
O01580,06-07-2024,22:00,C0030,Sher Mujawar,R68,Chicken Manchurian,Starter,4,? 280.00," ? 1,120.00 ", ? 205.00 ,? 300.00,The Chicken Manchurian was cold when it arrived at our table.
O01581,07-07-2024,14:45,C0302,Shamsher Ali,R32,Mutton Rogan Josh,Non-Veg Main,1,? 520.00, ? 520.00 , ? 395.00 ,? 125.00,The Mutton Rogan Josh was cooked to perfection. The spices were spot on!
O01582,07-07-2024,12:45,C0203,Isharat Sayyad,R26,Pasta Alfredo,Continental,2,? 320.00, ? 640.00 , ? 249.00 ,? 142.00,The Pasta Alfredo was excellent. Really enjoyed the meal.
O01583,07-07-2024,20:45,C0227,Nikhat Taimoor,R80,Hot & Sour Soup (Chicken),Starter,3,? 200.00, ? 600.00 , ? 159.00 ,? 123.00,The Hot & Sour Soup (Chicken) was a fantastic start to our meal! Perfectly crispy.
O01584,07-07-2024,19:00,C0052,Shahrukh Sayyad,R117,Vada Pav,Snack,4,? 120.00, ? 480.00 , ? 91.00 ,? 116.00,The Vada Pav could have been better.
O01585,07-07-2024,12:00,C0218,Danish Khan,R149,Paneer Parantha,Breads,5,? 90.00, ? 450.00 , ? 64.00 ,? 130.00,The Paneer Parantha was fine.
O01586,08-07-2024,19:30,C0240,Sultan Ali,R9,Palak Paneer,Vegetarian,5,? 360.00," ? 1,800.00 ", ? 273.00 ,? 435.00,Loved the Palak Paneer! It was a delightful and well-prepared vegetarian meal.
O01587,08-07-2024,13:15,C0171,Aman Azam,R11,Margherita Pizza,Pizza,1,? 330.00, ? 330.00 , ? 231.00 ,? 99.00,The Margherita Pizza was excellent. Really enjoyed the meal.
O01588,08-07-2024,12:00,C0261,Kaif Shaikh,R38,Biryani Veg,Rice & Noodles,1,? 320.00, ? 320.00 , ? 233.00 ,? 87.00,A satisfying meal. The Biryani Veg was a good choice.
O01589,08-07-2024,14:15,C0223,Anis Sayyad,R2,Mushroom Soup,Starter,2,? 200.00, ? 400.00 , ? 159.00 ,? 82.00,Absolutely loved the Mushroom Soup! It was the perfect appetizer to get us started.
O01590,08-07-2024,18:00,C0195,Aasin Malik,R27,Pasta Arrabbiata,Continental,2,? 300.00, ? 600.00 , ? 215.00 ,? 170.00,Great food! The Pasta Arrabbiata was delicious and well-prepared.
O01591,08-07-2024,13:30,C0030,Sher Mujawar,R169,Club Chicken Sandwich,Snacks,2,? 140.00, ? 280.00 , ? 101.00 ,? 78.00,The Club Chicken Sandwich was fine.
O01592,08-07-2024,18:00,C0181,Aman Khan,R142,Paneer Burger,Fast Food,2,? 140.00, ? 280.00 , ? 110.00 ,? 60.00,The Paneer Burger could have been better.
O01593,08-07-2024,10:30,C0116,Arman Khan,R63,Prawn Masala,Non-Veg Main,3,? 460.00," ? 1,380.00 ", ? 326.00 ,? 402.00,The Prawn Masala was the highlight of our meal. Absolutely delicious!
O01594,08-07-2024,20:15,C0270,Isharat Malik,R84,Chicken Clear Soup,Starter,2,? 160.00, ? 320.00 , ? 125.00 ,? 70.00,The Chicken Clear Soup was simply delicious and fresh. Highly recommended!
O01595,08-07-2024,11:30,C0256,Arman Faruqi,R15,Tiramisu,Dessert,2,? 280.00, ? 560.00 , ? 201.00 ,? 158.00,The Tiramisu met my expectations.
O01596,09-07-2024,14:00,C0244,Arahan Raes,R59,Veg Pulao,Rice & Noodles,2,? 240.00, ? 480.00 , ? 190.00 ,? 100.00,A satisfying meal. The Veg Pulao was a good choice.
O01597,09-07-2024,20:15,C0302,Shamsher Ali,R158,Cheese Garlic Bread,Breads,1,? 110.00, ? 110.00 , ? 85.00 ,? 25.00,It was an average Cheese Garlic Bread.
O01598,09-07-2024,22:15,C0305,Aasin Faruqi,R14,Rasgulla,Dessert,2,? 140.00, ? 280.00 , ? 100.00 ,? 80.00,Great food! The Rasgulla was delicious and well-prepared.
O01599,09-07-2024,22:30,C0263,Sher Raes,R42,Masala Dosa,Vegetarian,1,? 180.00, ? 180.00 , ? 138.00 ,? 42.00,The Masala Dosa was bland and needed more seasoning.
O01600,09-07-2024,16:00,C0160,Shahrukh Malik,R32,Mutton Rogan Josh,Non-Veg Main,2,? 520.00," ? 1,040.00 ", ? 395.00 ,? 250.00,The meat in the Mutton Rogan Josh was a bit tough and chewy.
O01601,09-07-2024,20:15,C0034,Anis Raes,R13,Gulab Jamun,Dessert,2,? 150.00, ? 300.00 , ? 117.00 ,? 66.00,It was an average Gulab Jamun.
O01602,09-07-2024,10:00,C0165,Dua Sayyad,R128,Matar Paneer,Main Course,3,? 340.00," ? 1,020.00 ", ? 263.00 ,? 231.00,A satisfying meal. The Matar Paneer was a good choice.
O01603,09-07-2024,21:00,C0255,Shamsher Malik,R10,Pepperoni Pizza,Pizza,4,? 368.00," ? 1,472.00 ", ? 283.00 ,? 340.00,The Pepperoni Pizza was excellent. Really enjoyed the meal.
O01604,09-07-2024,17:15,C0169,Anis Taimoor,R157,Peri Peri Chicken Wings,Snacks,4,? 180.00, ? 720.00 , ? 135.00 ,? 180.00,The Peri Peri Chicken Wings met my expectations.
O01605,10-07-2024,15:00,C0213,Aakib Ali,R50,Kadai Paneer,Vegetarian,5,? 360.00," ? 1,800.00 ", ? 275.00 ,? 425.00,The Kadai Paneer is a great choice for vegetarians. Hearty and full of flavor.
O01606,10-07-2024,22:15,C0199,Arman Shaikh,R149,Paneer Parantha,Breads,3,? 90.00, ? 270.00 , ? 64.00 ,? 78.00,The Paneer Parantha was not what I expected.
O01607,10-07-2024,10:30,C0070,Aasifa Azam,R42,Masala Dosa,Vegetarian,4,? 180.00, ? 720.00 , ? 138.00 ,? 168.00,The Masala Dosa is a great choice for vegetarians. Hearty and full of flavor.
O01608,10-07-2024,10:15,C0189,Dua Faruqi,R127,Kadhi Pakora,Main Course,4,? 300.00," ? 1,200.00 ", ? 231.00 ,? 276.00,A satisfying meal. The Kadhi Pakora was a good choice.
O01609,10-07-2024,19:15,C0027,Arman Faruqi,R35,Rajma Chawal,Vegetarian,1,? 300.00, ? 300.00 , ? 238.00 ,? 62.00,A wholesome and delicious Rajma Chawal. The vegetables were so fresh!
O01610,10-07-2024,18:30,C0154,Aasin Shikalkar,R105,Malai Kofta,Main Course,4,? 340.00," ? 1,360.00 ", ? 249.00 ,? 364.00,A satisfying meal. The Malai Kofta was a good choice.
O01611,10-07-2024,16:00,C0197,Arahan Ali,R81,Sweet Corn Soup (Veg),Starter,4,? 140.00, ? 560.00 , ? 108.00 ,? 128.00,Absolutely loved the Sweet Corn Soup (Veg)! It was the perfect appetizer to get us started.
O01612,10-07-2024,12:00,C0066,Abdul Rahim Mujawar,R142,Paneer Burger,Fast Food,1,? 140.00, ? 140.00 , ? 110.00 ,? 30.00,It was an average Paneer Burger.
O01613,10-07-2024,18:30,C0318,Shahrukh Ali,R20,Veg Fried Rice,Rice & Noodles,1,? 200.00, ? 200.00 , ? 145.00 ,? 55.00,A satisfying meal. The Veg Fried Rice was a good choice.
O01614,11-07-2024,10:15,C0074,Moh Saad Malik,R157,Peri Peri Chicken Wings,Snacks,3,? 180.00, ? 540.00 , ? 135.00 ,? 135.00,Great food! The Peri Peri Chicken Wings was delicious and well-prepared.
O01615,11-07-2024,18:15,C0044,Shamsher Mujawar,R132,Garlic Naan,Breads,1,? 70.00, ? 70.00 , ? 54.00 ,? 16.00,The Garlic Naan was not what I expected.
O01616,11-07-2024,22:00,C0257,Aman Nadaf,R48,Egg Curry,Non-Veg Main,2,? 280.00, ? 560.00 , ? 203.00 ,? 154.00,Felt that the Egg Curry was overpriced for its quality.
O01617,11-07-2024,17:30,C0214,Nikhat Taimoor,R55,Jeera Rice,Rice & Noodles,4,? 180.00, ? 720.00 , ? 129.00 ,? 204.00,It was an average Jeera Rice.
O01618,11-07-2024,20:15,C0242,Arahan Mujawar,R79,Hot & Sour Soup (Veg),Starter,1,? 160.00, ? 160.00 , ? 113.00 ,? 47.00,The Hot & Sour Soup (Veg) was cold when it arrived at our table.
O01619,11-07-2024,11:30,C0007,Aman Taimoor,R30,Shahi Paneer,Vegetarian,5,? 400.00," ? 2,000.00 ", ? 281.00 ,? 595.00,A wholesome and delicious Shahi Paneer. The vegetables were so fresh!
O01620,11-07-2024,13:30,C0285,Ayeza Raes,R45,Medu Vada,Vegetarian,5,? 150.00, ? 750.00 , ? 112.00 ,? 190.00,"It was an okay Medu Vada, but I've had better."
O01621,12-07-2024,18:45,C0313,Aakib Shikalkar,R10,Pepperoni Pizza,Pizza,5,? 368.00," ? 1,840.00 ", ? 283.00 ,? 425.00,Great food! The Pepperoni Pizza was delicious and well-prepared.
O01622,12-07-2024,10:30,C0145,Imran Khan,R161,Grilled Veg Panini,Snacks,3,? 140.00, ? 420.00 , ? 99.00 ,? 123.00,Great food! The Grilled Veg Panini was delicious and well-prepared.
O01623,12-07-2024,19:45,C0259,Nikhat Malik,R142,Paneer Burger,Fast Food,1,? 140.00, ? 140.00 , ? 110.00 ,? 30.00,It was an average Paneer Burger.
O01624,12-07-2024,18:00,C0083,Isharat Mujawar,R17,French Fries,Starter,4,? 120.00, ? 480.00 , ? 87.00 ,? 132.00,The French Fries was simply delicious and fresh. Highly recommended!
O01625,12-07-2024,17:45,C0179,Arman Malik,R45,Medu Vada,Vegetarian,2,? 150.00, ? 300.00 , ? 112.00 ,? 76.00,"It was an okay Medu Vada, but I've had better."
O01626,12-07-2024,21:30,C0015,Kaif Taimoor,R61,Vegetable Korma,Vegetarian,3,? 320.00, ? 960.00 , ? 243.00 ,? 231.00,The Vegetable Korma was as expected.
O01627,12-07-2024,15:00,C0319,Sultan Raes,R158,Cheese Garlic Bread,Breads,4,? 110.00, ? 440.00 , ? 85.00 ,? 100.00,It was an average Cheese Garlic Bread.
O01628,12-07-2024,18:15,C0033,Arahan Azam,R8,Paneer Butter Masala,Vegetarian,2,? 380.00, ? 760.00 , ? 298.00 ,? 164.00,Loved the Paneer Butter Masala! It was a delightful and well-prepared vegetarian meal.
O01629,12-07-2024,13:45,C0030,Sher Mujawar,R3,Chicken Soup,Starter,3,? 220.00, ? 660.00 , ? 170.00 ,? 150.00,The Chicken Soup was a fantastic start to our meal! Perfectly crispy.
O01630,12-07-2024,22:00,C0242,Arahan Mujawar,R7,Butter Chicken,Meat Special,1,? 495.00, ? 495.00 , ? 349.00 ,? 146.00,Great food! The Butter Chicken was delicious and well-prepared.
O01631,12-07-2024,17:30,C0311,Imran Shikalkar,R36,Chole Bhature,Vegetarian,5,? 280.00," ? 1,400.00 ", ? 223.00 ,? 285.00,A wholesome and delicious Chole Bhature. The vegetables were so fresh!
O01632,13-07-2024,21:30,C0239,Arman Momin,R36,Chole Bhature,Vegetarian,2,? 280.00, ? 560.00 , ? 223.00 ,? 114.00,The Chole Bhature was bland and needed more seasoning.
O01633,13-07-2024,11:30,C0012,Abdul Rahim Malik,R136,Chicken Kathi Roll,Street Food,5,? 160.00, ? 800.00 , ? 112.00 ,? 240.00,The Chicken Kathi Roll was excellent. Really enjoyed the meal.
O01634,13-07-2024,14:45,C0073,Moh Saad Taimoor,R14,Rasgulla,Dessert,4,? 140.00, ? 560.00 , ? 100.00 ,? 160.00,The Rasgulla was fine.
O01635,13-07-2024,15:15,C0099,Aariz Faruqi,R80,Hot & Sour Soup (Chicken),Starter,2,? 200.00, ? 400.00 , ? 159.00 ,? 82.00,The Hot & Sour Soup (Chicken) was cold when it arrived at our table.
O01636,13-07-2024,12:00,C0277,Shamsher Faruqi,R152,Chicken Kathi Roll,Snacks,2,? 120.00, ? 240.00 , ? 91.00 ,? 58.00,The Chicken Kathi Roll met my expectations.
O01637,13-07-2024,15:30,C0024,Aman Momin,R103,Fish Curry (Goan),Main Course,4,? 380.00," ? 1,520.00 ", ? 289.00 ,? 364.00,Great food! The Fish Curry (Goan) was delicious and well-prepared.
O01638,13-07-2024,20:45,C0172,Ayeza Shaikh,R150,Aloo Parantha,Breads,4,? 80.00, ? 320.00 , ? 63.00 ,? 68.00,Great food! The Aloo Parantha was delicious and well-prepared.
O01639,13-07-2024,10:00,C0082,Isharat Nadaf,R56,Tandoori Chicken,Non-Veg Main,1,? 460.00, ? 460.00 , ? 366.00 ,? 94.00,The Tandoori Chicken was the highlight of our meal. Absolutely delicious!
O01640,13-07-2024,12:45,C0328,Isharat Khan,R105,Malai Kofta,Main Course,1,? 340.00, ? 340.00 , ? 249.00 ,? 91.00,The Malai Kofta was fine.
O01641,13-07-2024,14:45,C0041,Aakib Shaikh,R8,Paneer Butter Masala,Vegetarian,5,? 380.00," ? 1,900.00 ", ? 298.00 ,? 410.00,The Paneer Butter Masala was a decent vegetarian option.
O01642,14-07-2024,22:30,C0058,Danish Nadaf,R72,Chicken Spring Rolls,Starter,3,? 260.00, ? 780.00 , ? 189.00 ,? 213.00,Wasn't very impressed with the Chicken Spring Rolls. It lacked flavor.
O01643,14-07-2024,10:15,C0130,Aakib Shikalkar,R4,Chicken Biryani,Rice Meal,4,? 440.00," ? 1,760.00 ", ? 334.00 ,? 424.00,I was not a fan of the Chicken Biryani.
O01644,14-07-2024,20:30,C0138,Wahaj Taimoor,R76,Schezwan Chicken Fried Rice,Rice & Noodles,3,? 280.00, ? 840.00 , ? 211.00 ,? 207.00,The Schezwan Chicken Fried Rice was excellent. Really enjoyed the meal.
O01645,14-07-2024,14:15,C0220,Rihan Mujawar,R164,Mutton Seekh Kebab Roll,Snacks,4,? 170.00, ? 680.00 , ? 132.00 ,? 152.00,The Mutton Seekh Kebab Roll could have been better.
O01646,14-07-2024,16:00,C0090,Shahrukh Khan,R16,Ice Cream Sundae,Dessert,3,? 200.00, ? 600.00 , ? 143.00 ,? 171.00,Great food! The Ice Cream Sundae was delicious and well-prepared.
O01647,14-07-2024,18:00,C0052,Shahrukh Sayyad,R161,Grilled Veg Panini,Snacks,2,? 140.00, ? 280.00 , ? 99.00 ,? 82.00,A satisfying meal. The Grilled Veg Panini was a good choice.
O01648,14-07-2024,11:30,C0048,Abdul Rahim Malik,R152,Chicken Kathi Roll,Snacks,5,? 120.00, ? 600.00 , ? 91.00 ,? 145.00,The Chicken Kathi Roll was fine.
O01649,15-07-2024,22:15,C0050,Dua Sayyad,R137,Veg Wrap,Sandwiches,1,? 130.00, ? 130.00 , ? 92.00 ,? 38.00,The Veg Wrap was excellent. Really enjoyed the meal.
O01650,15-07-2024,20:30,C0259,Nikhat Malik,R163,Corn & Cheese Sandwich,Snacks,3,? 90.00, ? 270.00 , ? 66.00 ,? 72.00,The Corn & Cheese Sandwich was excellent. Really enjoyed the meal.
O01651,15-07-2024,12:30,C0078,Arahan Shaikh,R64,Crab Curry,Non-Veg Main,5,? 520.00," ? 2,600.00 ", ? 374.00 ,? 730.00,A truly authentic and flavorful Crab Curry. It was very satisfying.
O01652,15-07-2024,18:45,C0179,Arman Malik,R127,Kadhi Pakora,Main Course,2,? 300.00, ? 600.00 , ? 231.00 ,? 138.00,A satisfying meal. The Kadhi Pakora was a good choice.
O01653,15-07-2024,15:45,C0036,Sher Shikalkar,R19,Chicken Hakka Noodles,Rice & Noodles,2,? 260.00, ? 520.00 , ? 193.00 ,? 134.00,Great food! The Chicken Hakka Noodles was delicious and well-prepared.
O01654,15-07-2024,14:00,C0278,Sultan Shikalkar,R64,Crab Curry,Non-Veg Main,1,? 520.00, ? 520.00 , ? 374.00 ,? 146.00,The Crab Curry was the highlight of our meal. Absolutely delicious!
O01655,15-07-2024,18:30,C0180,Isharat Shikalkar,R143,Chicken Burger,Fast Food,1,? 160.00, ? 160.00 , ? 115.00 ,? 45.00,I was not a fan of the Chicken Burger.
O01656,15-07-2024,12:00,C0238,Aakib Malik,R144,Paneer Shawarma,Street Food,1,? 150.00, ? 150.00 , ? 111.00 ,? 39.00,Great food! The Paneer Shawarma was delicious and well-prepared.
O01657,15-07-2024,19:00,C0057,Arman Azam,R12,Veggie Burger,Burger,2,? 250.00, ? 500.00 , ? 199.00 ,? 102.00,Great food! The Veggie Burger was delicious and well-prepared.
O01658,15-07-2024,18:00,C0010,Kaif Azam,R79,Hot & Sour Soup (Veg),Starter,5,? 160.00, ? 800.00 , ? 113.00 ,? 235.00,The Hot & Sour Soup (Veg) was a fantastic start to our meal! Perfectly crispy.
O01659,15-07-2024,15:45,C0104,Sultan Nadaf,R157,Peri Peri Chicken Wings,Snacks,5,? 180.00, ? 900.00 , ? 135.00 ,? 225.00,Great food! The Peri Peri Chicken Wings was delicious and well-prepared.
O01660,15-07-2024,20:45,C0310,Ayeza Faruqi,R71,Veg Spring Rolls,Starter,3,? 220.00, ? 660.00 , ? 162.00 ,? 174.00,Absolutely loved the Veg Spring Rolls! It was the perfect appetizer to get us started.
O01661,16-07-2024,21:30,C0024,Aman Momin,R3,Chicken Soup,Starter,2,? 220.00, ? 440.00 , ? 170.00 ,? 100.00,The Chicken Soup was simply delicious and fresh. Highly recommended!
O01662,16-07-2024,16:00,C0258,Aakib Sayyad,R63,Prawn Masala,Non-Veg Main,3,? 460.00," ? 1,380.00 ", ? 326.00 ,? 402.00,The Prawn Masala was cooked to perfection. The spices were spot on!
O01663,16-07-2024,19:45,C0159,Arman Taimoor,R111,Veg Thali,Meal Combo,1,? 360.00, ? 360.00 , ? 263.00 ,? 97.00,A satisfying meal. The Veg Thali was a good choice.
O01664,16-07-2024,13:45,C0054,Shamsher Ali,R90,Tandoori Momos,Starter,1,? 260.00, ? 260.00 , ? 185.00 ,? 75.00,The Tandoori Momos was simply delicious and fresh. Highly recommended!
O01665,16-07-2024,15:15,C0208,Dua Momin,R18,Veg Hakka Noodles,Rice & Noodles,2,? 220.00, ? 440.00 , ? 165.00 ,? 110.00,The Veg Hakka Noodles was excellent. Really enjoyed the meal.
O01666,16-07-2024,14:45,C0279,Arman Taimoor,R7,Butter Chicken,Meat Special,2,? 495.00, ? 990.00 , ? 349.00 ,? 292.00,I was not a fan of the Butter Chicken.
O01667,16-07-2024,22:00,C0253,Kaif Sayyad,R48,Egg Curry,Non-Veg Main,2,? 280.00, ? 560.00 , ? 203.00 ,? 154.00,The meat in the Egg Curry was a bit tough and chewy.
O01668,16-07-2024,10:00,C0222,Arman Ali,R169,Club Chicken Sandwich,Snacks,4,? 140.00, ? 560.00 , ? 101.00 ,? 156.00,The Club Chicken Sandwich was excellent. Really enjoyed the meal.
O01669,16-07-2024,14:15,C0045,Arman Shaikh,R61,Vegetable Korma,Vegetarian,3,? 320.00, ? 960.00 , ? 243.00 ,? 231.00,The vegetables in the Vegetable Korma seemed overcooked.
O01670,16-07-2024,16:00,C0106,Aasin Mujawar,R73,Chili Paneer,Starter,2,? 280.00, ? 560.00 , ? 219.00 ,? 122.00,Wasn't very impressed with the Chili Paneer. It lacked flavor.
O01671,16-07-2024,13:30,C0172,Ayeza Shaikh,R67,Veg Manchurian,Starter,1,? 240.00, ? 240.00 , ? 169.00 ,? 71.00,The Veg Manchurian was a bit too oily for my liking.
O01672,16-07-2024,17:45,C0097,Isharat Taimoor,R119,Misal Pav,Snack,1,? 160.00, ? 160.00 , ? 126.00 ,? 34.00,The Misal Pav was excellent. Really enjoyed the meal.
O01673,17-07-2024,15:15,C0330,Kaif Momin,R86,Chicken Momos,Starter,4,? 220.00, ? 880.00 , ? 170.00 ,? 200.00,The Chicken Momos was cold when it arrived at our table.
O01674,17-07-2024,12:00,C0026,Imran Shikalkar,R43,Idli Sambar,Vegetarian,2,? 160.00, ? 320.00 , ? 119.00 ,? 82.00,I found the Idli Sambar to be a bit watery.
O01675,17-07-2024,13:30,C0104,Sultan Nadaf,R12,Veggie Burger,Burger,4,? 250.00," ? 1,000.00 ", ? 199.00 ,? 204.00,Great food! The Veggie Burger was delicious and well-prepared.
O01676,17-07-2024,11:30,C0138,Wahaj Taimoor,R169,Club Chicken Sandwich,Snacks,4,? 140.00, ? 560.00 , ? 101.00 ,? 156.00,A satisfying meal. The Club Chicken Sandwich was a good choice.
O01677,17-07-2024,15:45,C0310,Ayeza Faruqi,R132,Garlic Naan,Breads,5,? 70.00, ? 350.00 , ? 54.00 ,? 80.00,The Garlic Naan was fine.
O01678,17-07-2024,11:00,C0134,Isharat Nadaf,R26,Pasta Alfredo,Continental,3,? 320.00, ? 960.00 , ? 249.00 ,? 213.00,A satisfying meal. The Pasta Alfredo was a good choice.
O01679,17-07-2024,21:30,C0173,Aasifa Shaikh,R56,Tandoori Chicken,Non-Veg Main,1,? 460.00, ? 460.00 , ? 366.00 ,? 94.00,The Tandoori Chicken was cooked to perfection. The spices were spot on!
O01680,17-07-2024,19:30,C0242,Arahan Mujawar,R13,Gulab Jamun,Dessert,3,? 150.00, ? 450.00 , ? 117.00 ,? 99.00,Great food! The Gulab Jamun was delicious and well-prepared.
O01681,17-07-2024,13:30,C0083,Isharat Mujawar,R80,Hot & Sour Soup (Chicken),Starter,3,? 200.00, ? 600.00 , ? 159.00 ,? 123.00,The Hot & Sour Soup (Chicken) was okay. It was a standard appetizer.
O01682,17-07-2024,14:45,C0104,Sultan Nadaf,R57,Chicken Tikka Masala,Non-Veg Main,3,? 480.00," ? 1,440.00 ", ? 373.00 ,? 321.00,A truly authentic and flavorful Chicken Tikka Masala. It was very satisfying.
O01683,17-07-2024,20:45,C0209,Aasiya Malik,R139,Chicken Sub,Sandwiches,5,? 180.00, ? 900.00 , ? 137.00 ,? 215.00,A satisfying meal. The Chicken Sub was a good choice.
O01684,17-07-2024,15:30,C0138,Wahaj Taimoor,R13,Gulab Jamun,Dessert,2,? 150.00, ? 300.00 , ? 117.00 ,? 66.00,The Gulab Jamun was fine.
O01685,18-07-2024,22:00,C0242,Arahan Mujawar,R67,Veg Manchurian,Starter,2,? 240.00, ? 480.00 , ? 169.00 ,? 142.00,The Veg Manchurian was a fantastic start to our meal! Perfectly crispy.
O01686,18-07-2024,14:45,C0160,Shahrukh Malik,R79,Hot & Sour Soup (Veg),Starter,5,? 160.00, ? 800.00 , ? 113.00 ,? 235.00,The Hot & Sour Soup (Veg) was a fantastic start to our meal! Perfectly crispy.
O01687,18-07-2024,11:00,C0278,Sultan Shikalkar,R128,Matar Paneer,Main Course,1,? 340.00, ? 340.00 , ? 263.00 ,? 77.00,A satisfying meal. The Matar Paneer was a good choice.
O01688,18-07-2024,18:45,C0168,Isharat Shikalkar,R3,Chicken Soup,Starter,5,? 220.00," ? 1,100.00 ", ? 170.00 ,? 250.00,Absolutely loved the Chicken Soup! It was the perfect appetizer to get us started.
O01689,18-07-2024,10:15,C0057,Arman Azam,R40,Mutton Biryani,Rice & Noodles,2,? 480.00, ? 960.00 , ? 340.00 ,? 280.00,The Mutton Biryani was excellent. Really enjoyed the meal.
O01690,18-07-2024,22:15,C0326,Aman Sayyad,R43,Idli Sambar,Vegetarian,1,? 160.00, ? 160.00 , ? 119.00 ,? 41.00,Loved the Idli Sambar! It was a delightful and well-prepared vegetarian meal.
O01691,18-07-2024,15:30,C0089,Aasin Shaikh,R46,Onion Uttapam,Vegetarian,3,? 160.00, ? 480.00 , ? 112.00 ,? 144.00,The Onion Uttapam was a decent vegetarian option.
O01692,18-07-2024,11:00,C0177,Sultan Ali,R112,Non-Veg Thali,Meal Combo,1,? 440.00, ? 440.00 , ? 322.00 ,? 118.00,I was not a fan of the Non-Veg Thali.
O01693,19-07-2024,18:30,C0106,Aasin Mujawar,R128,Matar Paneer,Main Course,2,? 340.00, ? 680.00 , ? 263.00 ,? 154.00,Great food! The Matar Paneer was delicious and well-prepared.
O01694,19-07-2024,15:00,C0160,Shahrukh Malik,R59,Veg Pulao,Rice & Noodles,4,? 240.00, ? 960.00 , ? 190.00 ,? 200.00,The Veg Pulao was excellent. Really enjoyed the meal.
O01695,19-07-2024,15:00,C0207,Imran Khan,R11,Margherita Pizza,Pizza,2,? 330.00, ? 660.00 , ? 231.00 ,? 198.00,Great food! The Margherita Pizza was delicious and well-prepared.
O01696,19-07-2024,12:00,C0119,Shahrukh Azam,R46,Onion Uttapam,Vegetarian,2,? 160.00, ? 320.00 , ? 112.00 ,? 96.00,The vegetables in the Onion Uttapam seemed overcooked.
O01697,19-07-2024,12:00,C0146,Sultan Sayyad,R30,Shahi Paneer,Vegetarian,3,? 400.00," ? 1,200.00 ", ? 281.00 ,? 357.00,The Shahi Paneer is a great choice for vegetarians. Hearty and full of flavor.
O01698,19-07-2024,18:15,C0069,Aasin Khan,R136,Chicken Kathi Roll,Street Food,4,? 160.00, ? 640.00 , ? 112.00 ,? 192.00,A satisfying meal. The Chicken Kathi Roll was a good choice.
O01699,19-07-2024,18:30,C0006,Imran Taimoor,R105,Malai Kofta,Main Course,1,? 340.00, ? 340.00 , ? 249.00 ,? 91.00,It was an average Malai Kofta.
O01700,19-07-2024,10:00,C0100,Aman Momin,R84,Chicken Clear Soup,Starter,4,? 160.00, ? 640.00 , ? 125.00 ,? 140.00,Absolutely loved the Chicken Clear Soup! It was the perfect appetizer to get us started.
O01701,19-07-2024,16:30,C0063,Aasiya Malik,R20,Veg Fried Rice,Rice & Noodles,2,? 200.00, ? 400.00 , ? 145.00 ,? 110.00,I was not a fan of the Veg Fried Rice.
O01702,20-07-2024,15:30,C0014,Arman Faruqi,R139,Chicken Sub,Sandwiches,2,? 180.00, ? 360.00 , ? 137.00 ,? 86.00,The Chicken Sub met my expectations.
O01703,20-07-2024,17:45,C0166,Nikhat Taimoor,R24,Samosa,Starter,2,? 100.00, ? 200.00 , ? 73.00 ,? 54.00,The Samosa was a fantastic start to our meal! Perfectly crispy.
O01704,20-07-2024,15:30,C0162,Shamsher Mujawar,R153,Paneer Bhurji Sandwich,Snacks,4,? 75.00, ? 300.00 , ? 59.00 ,? 64.00,Great food! The Paneer Bhurji Sandwich was delicious and well-prepared.
O01705,20-07-2024,19:15,C0150,Aman Ali,R116,Uttapam,South Indian,4,? 220.00, ? 880.00 , ? 170.00 ,? 200.00,The Uttapam was not what I expected.
O01706,20-07-2024,20:15,C0285,Ayeza Raes,R88,Fried Momos (Veg),Starter,1,? 200.00, ? 200.00 , ? 141.00 ,? 59.00,The Fried Momos (Veg) was a bit too oily for my liking.
O01707,20-07-2024,14:45,C0308,Ayeza Khan,R47,Hyderabadi Haleem,Non-Veg Main,4,? 500.00," ? 2,000.00 ", ? 395.00 ,? 420.00,The Hyderabadi Haleem was the highlight of our meal. Absolutely delicious!
O01708,20-07-2024,21:00,C0323,Wahaj Ali,R137,Veg Wrap,Sandwiches,3,? 130.00, ? 390.00 , ? 92.00 ,? 114.00,Great food! The Veg Wrap was delicious and well-prepared.
O01709,20-07-2024,18:00,C0264,Abdul Rahim Mujawar,R86,Chicken Momos,Starter,1,? 220.00, ? 220.00 , ? 170.00 ,? 50.00,Absolutely loved the Chicken Momos! It was the perfect appetizer to get us started.
O01710,21-07-2024,21:45,C0258,Aakib Sayyad,R13,Gulab Jamun,Dessert,1,? 150.00, ? 150.00 , ? 117.00 ,? 33.00,The Gulab Jamun was excellent. Really enjoyed the meal.
O01711,21-07-2024,13:30,C0037,Wahaj Malik,R63,Prawn Masala,Non-Veg Main,2,? 460.00, ? 920.00 , ? 326.00 ,? 268.00,"It was a standard Prawn Masala, nothing out of the ordinary."
O01712,21-07-2024,18:15,C0248,Shahrukh Raes,R9,Palak Paneer,Vegetarian,5,? 360.00," ? 1,800.00 ", ? 273.00 ,? 435.00,The Palak Paneer is a great choice for vegetarians. Hearty and full of flavor.
O01713,21-07-2024,20:00,C0201,Sher Sayyad,R60,Egg Biryani,Rice & Noodles,4,? 340.00," ? 1,360.00 ", ? 268.00 ,? 288.00,The Egg Biryani could have been better.
O01714,21-07-2024,22:45,C0057,Arman Azam,R13,Gulab Jamun,Dessert,5,? 150.00, ? 750.00 , ? 117.00 ,? 165.00,Great food! The Gulab Jamun was delicious and well-prepared.
O01715,21-07-2024,15:15,C0118,Aman Azam,R80,Hot & Sour Soup (Chicken),Starter,3,? 200.00, ? 600.00 , ? 159.00 ,? 123.00,It was an average Hot & Sour Soup (Chicken).
O01716,21-07-2024,16:45,C0308,Ayeza Khan,R55,Jeera Rice,Rice & Noodles,4,? 180.00, ? 720.00 , ? 129.00 ,? 204.00,The Jeera Rice met my expectations.
O01717,21-07-2024,19:15,C0138,Wahaj Taimoor,R143,Chicken Burger,Fast Food,3,? 160.00, ? 480.00 , ? 115.00 ,? 135.00,The Chicken Burger met my expectations.
O01718,21-07-2024,12:00,C0211,Moh Saad Faruqi,R34,Dal Tadka,Vegetarian,3,? 260.00, ? 780.00 , ? 183.00 ,? 231.00,Loved the Dal Tadka! It was a delightful and well-prepared vegetarian meal.
O01719,22-07-2024,14:15,C0212,Shahrukh Mujawar,R110,Seekh Kebab,Starter,4,? 400.00," ? 1,600.00 ", ? 282.00 ,? 472.00,The Seekh Kebab was okay. It was a standard appetizer.
O01720,22-07-2024,10:30,C0260,Danish Ali,R163,Corn & Cheese Sandwich,Snacks,2,? 90.00, ? 180.00 , ? 66.00 ,? 48.00,The Corn & Cheese Sandwich met my expectations.
O01721,22-07-2024,19:00,C0151,Aasifa Malik,R33,Fish Curry,Non-Veg Main,5,? 400.00," ? 2,000.00 ", ? 286.00 ,? 570.00,A truly authentic and flavorful Fish Curry. It was very satisfying.
O01722,22-07-2024,19:30,C0309,Arman Faruqi,R34,Dal Tadka,Vegetarian,1,? 260.00, ? 260.00 , ? 183.00 ,? 77.00,I found the Dal Tadka to be a bit watery.
O01723,22-07-2024,13:15,C0031,Rihan Momin,R48,Egg Curry,Non-Veg Main,5,? 280.00," ? 1,400.00 ", ? 203.00 ,? 385.00,The Egg Curry was satisfactory.
O01724,22-07-2024,16:45,C0200,Aariz Taimoor,R5,Mutton Biryani,Rice Meal,4,? 490.00," ? 1,960.00 ", ? 350.00 ,? 560.00,Great food! The Mutton Biryani was delicious and well-prepared.
O01725,22-07-2024,13:30,C0056,Aasifa Khan,R28,Caesar Salad,Salad,2,? 280.00, ? 560.00 , ? 210.00 ,? 140.00,The Caesar Salad was excellent. Really enjoyed the meal.
O01726,22-07-2024,15:00,C0164,Aakib Malik,R26,Pasta Alfredo,Continental,5,? 320.00," ? 1,600.00 ", ? 249.00 ,? 355.00,The Pasta Alfredo met my expectations.
O01727,22-07-2024,22:45,C0237,Aman Azam,R19,Chicken Hakka Noodles,Rice & Noodles,4,? 260.00," ? 1,040.00 ", ? 193.00 ,? 268.00,The Chicken Hakka Noodles was fine.
O01728,22-07-2024,16:45,C0017,Wahaj Taimoor,R135,Paneer Kathi Roll,Street Food,4,? 140.00, ? 560.00 , ? 103.00 ,? 148.00,The Paneer Kathi Roll met my expectations.
O01729,22-07-2024,11:30,C0244,Arahan Raes,R105,Malai Kofta,Main Course,3,? 340.00," ? 1,020.00 ", ? 249.00 ,? 273.00,The Malai Kofta met my expectations.
O01730,23-07-2024,10:45,C0178,Wahaj Sayyad,R74,Chili Chicken,Starter,5,? 340.00," ? 1,700.00 ", ? 250.00 ,? 450.00,The Chili Chicken was a fantastic start to our meal! Perfectly crispy.
O01731,23-07-2024,14:00,C0286,Sher Malik,R29,Greek Salad,Salad,3,? 260.00, ? 780.00 , ? 197.00 ,? 189.00,The Greek Salad met my expectations.
O01732,23-07-2024,14:30,C0302,Shamsher Ali,R36,Chole Bhature,Vegetarian,3,? 280.00, ? 840.00 , ? 223.00 ,? 171.00,The Chole Bhature is a great choice for vegetarians. Hearty and full of flavor.
O01733,23-07-2024,16:15,C0120,Ayeza Taimoor,R42,Masala Dosa,Vegetarian,5,? 180.00, ? 900.00 , ? 138.00 ,? 210.00,"It was an okay Masala Dosa, but I've had better."
O01734,23-07-2024,10:15,C0254,Sultan Ali,R14,Rasgulla,Dessert,2,? 140.00, ? 280.00 , ? 100.00 ,? 80.00,I was not a fan of the Rasgulla.
O01735,23-07-2024,21:15,C0025,Aasifa Khan,R134,Grilled Cheese Sandwich,Sandwiches,4,? 120.00, ? 480.00 , ? 90.00 ,? 120.00,The Grilled Cheese Sandwich was not what I expected.
O01736,23-07-2024,15:00,C0113,Ayeza Momin,R25,Spring Rolls,Starter,1,? 220.00, ? 220.00 , ? 164.00 ,? 56.00,The Spring Rolls was okay. It was a standard appetizer.
O01737,23-07-2024,11:15,C0327,Abdul Rahim Mujawar,R80,Hot & Sour Soup (Chicken),Starter,1,? 200.00, ? 200.00 , ? 159.00 ,? 41.00,The Hot & Sour Soup (Chicken) was a fantastic start to our meal! Perfectly crispy.
O01738,23-07-2024,15:30,C0198,Danish Faruqi,R2,Mushroom Soup,Starter,3,? 200.00, ? 600.00 , ? 159.00 ,? 123.00,The Mushroom Soup was a fantastic start to our meal! Perfectly crispy.
O01739,23-07-2024,14:30,C0310,Ayeza Faruqi,R153,Paneer Bhurji Sandwich,Snacks,5,? 75.00, ? 375.00 , ? 59.00 ,? 80.00,A satisfying meal. The Paneer Bhurji Sandwich was a good choice.
O01740,23-07-2024,14:30,C0214,Nikhat Taimoor,R72,Chicken Spring Rolls,Starter,1,? 260.00, ? 260.00 , ? 189.00 ,? 71.00,The Chicken Spring Rolls was cold when it arrived at our table.
O01741,24-07-2024,20:30,C0263,Sher Raes,R42,Masala Dosa,Vegetarian,2,? 180.00, ? 360.00 , ? 138.00 ,? 84.00,The Masala Dosa is a great choice for vegetarians. Hearty and full of flavor.
O01742,24-07-2024,11:30,C0216,Sultan Khan,R127,Kadhi Pakora,Main Course,3,? 300.00, ? 900.00 , ? 231.00 ,? 207.00,A satisfying meal. The Kadhi Pakora was a good choice.
O01743,24-07-2024,10:15,C0212,Shahrukh Mujawar,R80,Hot & Sour Soup (Chicken),Starter,5,? 200.00," ? 1,000.00 ", ? 159.00 ,? 205.00,The Hot & Sour Soup (Chicken) was simply delicious and fresh. Highly recommended!
O01744,24-07-2024,14:00,C0297,Wahaj Ali,R10,Pepperoni Pizza,Pizza,5,? 368.00," ? 1,840.00 ", ? 283.00 ,? 425.00,The Pepperoni Pizza met my expectations.
O01745,24-07-2024,14:30,C0093,Aakib Raes,R142,Paneer Burger,Fast Food,3,? 140.00, ? 420.00 , ? 110.00 ,? 90.00,Great food! The Paneer Burger was delicious and well-prepared.
O01746,24-07-2024,15:00,C0092,Sultan Shaikh,R44,Vada Sambar,Vegetarian,4,? 170.00, ? 680.00 , ? 121.00 ,? 196.00,The Vada Sambar was bland and needed more seasoning.
O01747,24-07-2024,20:30,C0208,Dua Momin,R112,Non-Veg Thali,Meal Combo,1,? 440.00, ? 440.00 , ? 322.00 ,? 118.00,The Non-Veg Thali was excellent. Really enjoyed the meal.
O01748,24-07-2024,21:45,C0011,Aasiya Ali,R153,Paneer Bhurji Sandwich,Snacks,2,? 75.00, ? 150.00 , ? 59.00 ,? 32.00,The Paneer Bhurji Sandwich was not what I expected.
O01749,24-07-2024,18:30,C0079,Shahrukh Faruqi,R132,Garlic Naan,Breads,4,? 70.00, ? 280.00 , ? 54.00 ,? 64.00,A satisfying meal. The Garlic Naan was a good choice.
O01750,24-07-2024,22:45,C0103,Aasiya Faruqi,R144,Paneer Shawarma,Street Food,2,? 150.00, ? 300.00 , ? 111.00 ,? 78.00,Great food! The Paneer Shawarma was delicious and well-prepared.
O01751,24-07-2024,10:00,C0147,Danish Khan,R144,Paneer Shawarma,Street Food,4,? 150.00, ? 600.00 , ? 111.00 ,? 156.00,Great food! The Paneer Shawarma was delicious and well-prepared.
O01752,24-07-2024,11:30,C0171,Aman Azam,R169,Club Chicken Sandwich,Snacks,4,? 140.00, ? 560.00 , ? 101.00 ,? 156.00,The Club Chicken Sandwich could have been better.
O01753,24-07-2024,14:15,C0180,Isharat Shikalkar,R105,Malai Kofta,Main Course,2,? 340.00, ? 680.00 , ? 249.00 ,? 182.00,I was not a fan of the Malai Kofta.
O01754,24-07-2024,18:30,C0185,Nikhat Shikalkar,R140,Paneer Frankie,Street Food,2,? 130.00, ? 260.00 , ? 95.00 ,? 70.00,The Paneer Frankie was fine.
O01755,25-07-2024,10:00,C0016,Dua Khan,R33,Fish Curry,Non-Veg Main,5,? 400.00," ? 2,000.00 ", ? 286.00 ,? 570.00,Felt that the Fish Curry was overpriced for its quality.
O01756,25-07-2024,19:15,C0050,Dua Sayyad,R16,Ice Cream Sundae,Dessert,5,? 200.00," ? 1,000.00 ", ? 143.00 ,? 285.00,A satisfying meal. The Ice Cream Sundae was a good choice.
O01757,25-07-2024,12:45,C0061,Shamsher Raes,R84,Chicken Clear Soup,Starter,4,? 160.00, ? 640.00 , ? 125.00 ,? 140.00,"The Chicken Clear Soup was decent, but nothing special."
O01758,25-07-2024,14:00,C0315,Imran Shaikh,R19,Chicken Hakka Noodles,Rice & Noodles,1,? 260.00, ? 260.00 , ? 193.00 ,? 67.00,The Chicken Hakka Noodles met my expectations.
O01759,26-07-2024,19:00,C0168,Isharat Shikalkar,R6,Grilled Salmon,Ocean Meal,2,? 500.00," ? 1,000.00 ", ? 357.00 ,? 286.00,It was an average Grilled Salmon.
O01760,26-07-2024,17:30,C0256,Arman Faruqi,R148,Egg Sandwich,Sandwiches,5,? 110.00, ? 550.00 , ? 80.00 ,? 150.00,A satisfying meal. The Egg Sandwich was a good choice.
O01761,26-07-2024,11:15,C0054,Shamsher Ali,R124,Chana Masala,Main Course,2,? 260.00, ? 520.00 , ? 185.00 ,? 150.00,Great food! The Chana Masala was delicious and well-prepared.
O01762,26-07-2024,21:45,C0283,Shahrukh Sayyad,R161,Grilled Veg Panini,Snacks,2,? 140.00, ? 280.00 , ? 99.00 ,? 82.00,A satisfying meal. The Grilled Veg Panini was a good choice.
O01763,26-07-2024,15:15,C0176,Abdul Rahim Shikalkar,R60,Egg Biryani,Rice & Noodles,5,? 340.00," ? 1,700.00 ", ? 268.00 ,? 360.00,The Egg Biryani was excellent. Really enjoyed the meal.
O01764,26-07-2024,20:00,C0011,Aasiya Ali,R33,Fish Curry,Non-Veg Main,2,? 400.00, ? 800.00 , ? 286.00 ,? 228.00,The meat in the Fish Curry was a bit tough and chewy.
O01765,26-07-2024,21:30,C0030,Sher Mujawar,R143,Chicken Burger,Fast Food,3,? 160.00, ? 480.00 , ? 115.00 ,? 135.00,The Chicken Burger met my expectations.
O01766,26-07-2024,18:15,C0187,Aasin Nadaf,R79,Hot & Sour Soup (Veg),Starter,5,? 160.00, ? 800.00 , ? 113.00 ,? 235.00,The Hot & Sour Soup (Veg) was a bit too oily for my liking.
O01767,26-07-2024,10:00,C0202,Moh Saad Shikalkar,R46,Onion Uttapam,Vegetarian,1,? 160.00, ? 160.00 , ? 112.00 ,? 48.00,I found the Onion Uttapam to be a bit watery.
O01768,26-07-2024,11:30,C0127,Dua Taimoor,R135,Paneer Kathi Roll,Street Food,3,? 140.00, ? 420.00 , ? 103.00 ,? 111.00,The Paneer Kathi Roll met my expectations.
O01769,27-07-2024,21:30,C0146,Sultan Sayyad,R24,Samosa,Starter,1,? 100.00, ? 100.00 , ? 73.00 ,? 27.00,The Samosa was simply delicious and fresh. Highly recommended!
O01770,27-07-2024,14:30,C0257,Aman Nadaf,R145,Chicken Shawarma,Street Food,5,? 170.00, ? 850.00 , ? 131.00 ,? 195.00,The Chicken Shawarma was not what I expected.
O01771,27-07-2024,21:45,C0104,Sultan Nadaf,R22,Paneer Tikka,Starter,5,? 280.00," ? 1,400.00 ", ? 199.00 ,? 405.00,It was an average Paneer Tikka.
O01772,27-07-2024,10:15,C0118,Aman Azam,R149,Paneer Parantha,Breads,1,? 90.00, ? 90.00 , ? 64.00 ,? 26.00,I was not a fan of the Paneer Parantha.
O01773,27-07-2024,19:00,C0133,Wahaj Ali,R80,Hot & Sour Soup (Chicken),Starter,5,? 200.00," ? 1,000.00 ", ? 159.00 ,? 205.00,Absolutely loved the Hot & Sour Soup (Chicken)! It was the perfect appetizer to get us started.
O01774,27-07-2024,13:15,C0173,Aasifa Shaikh,R83,Veg Clear Soup,Starter,1,? 120.00, ? 120.00 , ? 84.00 ,? 36.00,Wasn't very impressed with the Veg Clear Soup. It lacked flavor.
O01775,27-07-2024,22:30,C0101,Aariz Malik,R18,Veg Hakka Noodles,Rice & Noodles,5,? 220.00," ? 1,100.00 ", ? 165.00 ,? 275.00,The Veg Hakka Noodles met my expectations.
O01776,27-07-2024,11:45,C0089,Aasin Shaikh,R166,Smoked Chicken Sub,Snacks,2,? 160.00, ? 320.00 , ? 112.00 ,? 96.00,I was not a fan of the Smoked Chicken Sub.
O01777,28-07-2024,18:00,C0085,Aasifa Azam,R35,Rajma Chawal,Vegetarian,3,? 300.00, ? 900.00 , ? 238.00 ,? 186.00,The Rajma Chawal is a great choice for vegetarians. Hearty and full of flavor.
O01778,28-07-2024,13:15,C0009,Shamsher Khan,R163,Corn & Cheese Sandwich,Snacks,5,? 90.00, ? 450.00 , ? 66.00 ,? 120.00,The Corn & Cheese Sandwich was fine.
O01779,28-07-2024,17:30,C0059,Aman Momin,R28,Caesar Salad,Salad,4,? 280.00," ? 1,120.00 ", ? 210.00 ,? 280.00,The Caesar Salad was excellent. Really enjoyed the meal.
O01780,28-07-2024,20:15,C0118,Aman Azam,R151,Veg Frankie Roll,Snacks,5,? 80.00, ? 400.00 , ? 62.00 ,? 90.00,The Veg Frankie Roll was not what I expected.
O01781,28-07-2024,16:00,C0178,Wahaj Sayyad,R85,Veg Momos,Starter,4,? 180.00, ? 720.00 , ? 138.00 ,? 168.00,The Veg Momos was a fantastic start to our meal! Perfectly crispy.
O01782,28-07-2024,21:30,C0257,Aman Nadaf,R36,Chole Bhature,Vegetarian,3,? 280.00, ? 840.00 , ? 223.00 ,? 171.00,"It was an okay Chole Bhature, but I've had better."
O01783,28-07-2024,12:45,C0190,Rihan Raes,R37,Pav Bhaji,Vegetarian,4,? 220.00, ? 880.00 , ? 171.00 ,? 196.00,The Pav Bhaji is a great choice for vegetarians. Hearty and full of flavor.
O01784,28-07-2024,18:45,C0191,Imran Shikalkar,R78,Chicken Schezwan Noodles,Rice & Noodles,1,? 280.00, ? 280.00 , ? 218.00 ,? 62.00,The Chicken Schezwan Noodles was excellent. Really enjoyed the meal.
O01785,28-07-2024,22:30,C0061,Shamsher Raes,R90,Tandoori Momos,Starter,3,? 260.00, ? 780.00 , ? 185.00 ,? 225.00,The Tandoori Momos was simply delicious and fresh. Highly recommended!
O01786,28-07-2024,20:00,C0178,Wahaj Sayyad,R37,Pav Bhaji,Vegetarian,3,? 220.00, ? 660.00 , ? 171.00 ,? 147.00,A wholesome and delicious Pav Bhaji. The vegetables were so fresh!
O01787,28-07-2024,16:45,C0113,Ayeza Momin,R90,Tandoori Momos,Starter,2,? 260.00, ? 520.00 , ? 185.00 ,? 150.00,The Tandoori Momos was cold when it arrived at our table.
O01788,29-07-2024,17:45,C0086,Sher Momin,R81,Sweet Corn Soup (Veg),Starter,2,? 140.00, ? 280.00 , ? 108.00 ,? 64.00,Wasn't very impressed with the Sweet Corn Soup (Veg). It lacked flavor.
O01789,29-07-2024,20:30,C0185,Nikhat Shikalkar,R21,Chicken Fried Rice,Rice & Noodles,5,? 240.00," ? 1,200.00 ", ? 182.00 ,? 290.00,A satisfying meal. The Chicken Fried Rice was a good choice.
O01790,29-07-2024,14:45,C0211,Moh Saad Faruqi,R78,Chicken Schezwan Noodles,Rice & Noodles,1,? 280.00, ? 280.00 , ? 218.00 ,? 62.00,Great food! The Chicken Schezwan Noodles was delicious and well-prepared.
O01791,29-07-2024,18:00,C0308,Ayeza Khan,R138,Veggie Sub,Sandwiches,4,? 150.00, ? 600.00 , ? 105.00 ,? 180.00,Great food! The Veggie Sub was delicious and well-prepared.
O01792,29-07-2024,16:45,C0246,Aariz Raes,R28,Caesar Salad,Salad,2,? 280.00, ? 560.00 , ? 210.00 ,? 140.00,A satisfying meal. The Caesar Salad was a good choice.
O01793,29-07-2024,13:00,C0324,Aasifa Faruqi,R162,BBQ Chicken Pizza Sandwich,Snacks,2,? 160.00, ? 320.00 , ? 115.00 ,? 90.00,A satisfying meal. The BBQ Chicken Pizza Sandwich was a good choice.
O01794,29-07-2024,22:00,C0192,Danish Faruqi,R151,Veg Frankie Roll,Snacks,5,? 80.00, ? 400.00 , ? 62.00 ,? 90.00,A satisfying meal. The Veg Frankie Roll was a good choice.
O01795,29-07-2024,18:15,C0236,Aakib Khan,R38,Biryani Veg,Rice & Noodles,3,? 320.00, ? 960.00 , ? 233.00 ,? 261.00,The Biryani Veg was excellent. Really enjoyed the meal.
O01796,30-07-2024,22:30,C0153,Nikhat Malik,R18,Veg Hakka Noodles,Rice & Noodles,2,? 220.00, ? 440.00 , ? 165.00 ,? 110.00,The Veg Hakka Noodles was not what I expected.
O01797,30-07-2024,18:30,C0086,Sher Momin,R142,Paneer Burger,Fast Food,5,? 140.00, ? 700.00 , ? 110.00 ,? 150.00,A satisfying meal. The Paneer Burger was a good choice.
O01798,30-07-2024,11:30,C0308,Ayeza Khan,R146,Cheese Sandwich,Sandwiches,2,? 100.00, ? 200.00 , ? 72.00 ,? 56.00,The Cheese Sandwich was excellent. Really enjoyed the meal.
O01799,30-07-2024,11:45,C0273,Aasin Mujawar,R128,Matar Paneer,Main Course,4,? 340.00," ? 1,360.00 ", ? 263.00 ,? 308.00,Great food! The Matar Paneer was delicious and well-prepared.
O01800,30-07-2024,22:00,C0007,Aman Taimoor,R6,Grilled Salmon,Ocean Meal,1,? 500.00, ? 500.00 , ? 357.00 ,? 143.00,The Grilled Salmon was excellent. Really enjoyed the meal.
O01801,31-07-2024,14:15,C0180,Isharat Shikalkar,R134,Grilled Cheese Sandwich,Sandwiches,2,? 120.00, ? 240.00 , ? 90.00 ,? 60.00,A satisfying meal. The Grilled Cheese Sandwich was a good choice.
O01802,31-07-2024,12:30,C0272,Aasifa Raes,R27,Pasta Arrabbiata,Continental,1,? 300.00, ? 300.00 , ? 215.00 ,? 85.00,The Pasta Arrabbiata was not what I expected.
O01803,31-07-2024,15:45,C0217,Nikhat Mujawar,R136,Chicken Kathi Roll,Street Food,2,? 160.00, ? 320.00 , ? 112.00 ,? 96.00,Great food! The Chicken Kathi Roll was delicious and well-prepared.
O01804,31-07-2024,21:45,C0213,Aakib Ali,R13,Gulab Jamun,Dessert,5,? 150.00, ? 750.00 , ? 117.00 ,? 165.00,The Gulab Jamun met my expectations.
O01805,31-07-2024,18:15,C0206,Aariz Faruqi,R14,Rasgulla,Dessert,5,? 140.00, ? 700.00 , ? 100.00 ,? 200.00,The Rasgulla was not what I expected.
O01806,01-08-2024,16:30,C0265,Aasin Ali,R16,Ice Cream Sundae,Dessert,5,? 200.00," ? 1,000.00 ", ? 143.00 ,? 285.00,Great food! The Ice Cream Sundae was delicious and well-prepared.
O01807,01-08-2024,10:45,C0135,Danish Azam,R161,Grilled Veg Panini,Snacks,2,? 140.00, ? 280.00 , ? 99.00 ,? 82.00,The Grilled Veg Panini was fine.
O01808,01-08-2024,20:15,C0217,Nikhat Mujawar,R105,Malai Kofta,Main Course,2,? 340.00, ? 680.00 , ? 249.00 ,? 182.00,The Malai Kofta could have been better.
O01809,01-08-2024,12:15,C0255,Shamsher Malik,R152,Chicken Kathi Roll,Snacks,2,? 120.00, ? 240.00 , ? 91.00 ,? 58.00,It was an average Chicken Kathi Roll.
O01810,01-08-2024,22:45,C0314,Arman Faruqi,R169,Club Chicken Sandwich,Snacks,2,? 140.00, ? 280.00 , ? 101.00 ,? 78.00,The Club Chicken Sandwich was excellent. Really enjoyed the meal.
O01811,01-08-2024,17:15,C0227,Nikhat Taimoor,R162,BBQ Chicken Pizza Sandwich,Snacks,5,? 160.00, ? 800.00 , ? 115.00 ,? 225.00,A satisfying meal. The BBQ Chicken Pizza Sandwich was a good choice.
O01812,01-08-2024,21:30,C0210,Sultan Nadaf,R100,Biryani (Veg),Rice,4,? 320.00," ? 1,280.00 ", ? 251.00 ,? 276.00,I was not a fan of the Biryani (Veg).
O01813,01-08-2024,15:00,C0091,Aasin Nadaf,R151,Veg Frankie Roll,Snacks,1,? 80.00, ? 80.00 , ? 62.00 ,? 18.00,The Veg Frankie Roll was excellent. Really enjoyed the meal.
O01814,01-08-2024,14:00,C0213,Aakib Ali,R10,Pepperoni Pizza,Pizza,4,? 368.00," ? 1,472.00 ", ? 283.00 ,? 340.00,I was not a fan of the Pepperoni Pizza.
O01815,01-08-2024,14:15,C0090,Shahrukh Khan,R134,Grilled Cheese Sandwich,Sandwiches,1,? 120.00, ? 120.00 , ? 90.00 ,? 30.00,A satisfying meal. The Grilled Cheese Sandwich was a good choice.
O01816,01-08-2024,18:00,C0049,Aman Khan,R43,Idli Sambar,Vegetarian,1,? 160.00, ? 160.00 , ? 119.00 ,? 41.00,The Idli Sambar was as expected.
O01817,02-08-2024,11:30,C0189,Dua Faruqi,R62,Dal Makhani,Vegetarian,1,? 340.00, ? 340.00 , ? 269.00 ,? 71.00,I found the Dal Makhani to be a bit watery.
O01818,02-08-2024,15:15,C0283,Shahrukh Sayyad,R18,Veg Hakka Noodles,Rice & Noodles,1,? 220.00, ? 220.00 , ? 165.00 ,? 55.00,A satisfying meal. The Veg Hakka Noodles was a good choice.
O01819,02-08-2024,16:45,C0097,Isharat Taimoor,R110,Seekh Kebab,Starter,4,? 400.00," ? 1,600.00 ", ? 282.00 ,? 472.00,Absolutely loved the Seekh Kebab! It was the perfect appetizer to get us started.
O01820,02-08-2024,19:30,C0194,Isharat Momin,R151,Veg Frankie Roll,Snacks,1,? 80.00, ? 80.00 , ? 62.00 ,? 18.00,The Veg Frankie Roll was excellent. Really enjoyed the meal.
O01821,02-08-2024,10:15,C0094,Rihan Ali,R124,Chana Masala,Main Course,3,? 260.00, ? 780.00 , ? 185.00 ,? 225.00,The Chana Masala was fine.
O01822,02-08-2024,14:30,C0106,Aasin Mujawar,R44,Vada Sambar,Vegetarian,1,? 170.00, ? 170.00 , ? 121.00 ,? 49.00,A wholesome and delicious Vada Sambar. The vegetables were so fresh!
O01823,02-08-2024,12:45,C0132,Sultan Momin,R47,Hyderabadi Haleem,Non-Veg Main,2,? 500.00," ? 1,000.00 ", ? 395.00 ,? 210.00,The Hyderabadi Haleem was the highlight of our meal. Absolutely delicious!
O01824,02-08-2024,14:30,C0284,Sher Shaikh,R10,Pepperoni Pizza,Pizza,4,? 368.00," ? 1,472.00 ", ? 283.00 ,? 340.00,The Pepperoni Pizza was excellent. Really enjoyed the meal.
O01825,02-08-2024,21:45,C0227,Nikhat Taimoor,R17,French Fries,Starter,2,? 120.00, ? 240.00 , ? 87.00 ,? 66.00,The French Fries was simply delicious and fresh. Highly recommended!
O01826,02-08-2024,11:00,C0180,Isharat Shikalkar,R79,Hot & Sour Soup (Veg),Starter,5,? 160.00, ? 800.00 , ? 113.00 ,? 235.00,Absolutely loved the Hot & Sour Soup (Veg)! It was the perfect appetizer to get us started.
O01827,03-08-2024,11:45,C0017,Wahaj Taimoor,R160,Chicken Caesar Wrap,Snacks,2,? 150.00, ? 300.00 , ? 109.00 ,? 82.00,The Chicken Caesar Wrap was fine.
O01828,03-08-2024,16:00,C0310,Ayeza Faruqi,R6,Grilled Salmon,Ocean Meal,2,? 500.00," ? 1,000.00 ", ? 357.00 ,? 286.00,The Grilled Salmon was excellent. Really enjoyed the meal.
O01829,03-08-2024,17:45,C0090,Shahrukh Khan,R110,Seekh Kebab,Starter,4,? 400.00," ? 1,600.00 ", ? 282.00 ,? 472.00,Absolutely loved the Seekh Kebab! It was the perfect appetizer to get us started.
O01830,03-08-2024,21:30,C0304,Danish Sayyad,R55,Jeera Rice,Rice & Noodles,2,? 180.00, ? 360.00 , ? 129.00 ,? 102.00,The Jeera Rice was not what I expected.
O01831,03-08-2024,18:45,C0044,Shamsher Mujawar,R52,Bhindi Masala,Vegetarian,2,? 240.00, ? 480.00 , ? 175.00 ,? 130.00,The Bhindi Masala was bland and needed more seasoning.
O01832,03-08-2024,19:15,C0326,Aman Sayyad,R167,Veggie Delight Sub,Snacks,3,? 120.00, ? 360.00 , ? 90.00 ,? 90.00,The Veggie Delight Sub was excellent. Really enjoyed the meal.
O01833,03-08-2024,16:45,C0096,Imran Mujawar,R36,Chole Bhature,Vegetarian,5,? 280.00," ? 1,400.00 ", ? 223.00 ,? 285.00,The Chole Bhature is a great choice for vegetarians. Hearty and full of flavor.
O01834,03-08-2024,11:00,C0164,Aakib Malik,R150,Aloo Parantha,Breads,4,? 80.00, ? 320.00 , ? 63.00 ,? 68.00,A satisfying meal. The Aloo Parantha was a good choice.
O01835,03-08-2024,20:00,C0265,Aasin Ali,R162,BBQ Chicken Pizza Sandwich,Snacks,2,? 160.00, ? 320.00 , ? 115.00 ,? 90.00,A satisfying meal. The BBQ Chicken Pizza Sandwich was a good choice.
O01836,03-08-2024,15:00,C0156,Arman Faruqi,R134,Grilled Cheese Sandwich,Sandwiches,3,? 120.00, ? 360.00 , ? 90.00 ,? 90.00,It was an average Grilled Cheese Sandwich.
O01837,04-08-2024,12:45,C0272,Aasifa Raes,R169,Club Chicken Sandwich,Snacks,5,? 140.00, ? 700.00 , ? 101.00 ,? 195.00,The Club Chicken Sandwich was excellent. Really enjoyed the meal.
O01838,04-08-2024,13:15,C0027,Arman Faruqi,R76,Schezwan Chicken Fried Rice,Rice & Noodles,1,? 280.00, ? 280.00 , ? 211.00 ,? 69.00,The Schezwan Chicken Fried Rice could have been better.
O01839,04-08-2024,11:15,C0123,Abdul Rahim Faruqi,R119,Misal Pav,Snack,1,? 160.00, ? 160.00 , ? 126.00 ,? 34.00,The Misal Pav was fine.
O01840,04-08-2024,13:00,C0318,Shahrukh Ali,R143,Chicken Burger,Fast Food,5,? 160.00, ? 800.00 , ? 115.00 ,? 225.00,The Chicken Burger was excellent. Really enjoyed the meal.
O01841,04-08-2024,18:30,C0209,Aasiya Malik,R157,Peri Peri Chicken Wings,Snacks,5,? 180.00, ? 900.00 , ? 135.00 ,? 225.00,The Peri Peri Chicken Wings was excellent. Really enjoyed the meal.
O01842,04-08-2024,15:15,C0141,Arahan Ali,R140,Paneer Frankie,Street Food,1,? 130.00, ? 130.00 , ? 95.00 ,? 35.00,The Paneer Frankie met my expectations.
O01843,04-08-2024,20:15,C0140,Imran Taimoor,R117,Vada Pav,Snack,5,? 120.00, ? 600.00 , ? 91.00 ,? 145.00,The Vada Pav could have been better.
O01844,04-08-2024,18:30,C0062,Ayeza Nadaf,R27,Pasta Arrabbiata,Continental,4,? 300.00," ? 1,200.00 ", ? 215.00 ,? 340.00,Great food! The Pasta Arrabbiata was delicious and well-prepared.
O01845,04-08-2024,15:30,C0129,Sher Taimoor,R4,Chicken Biryani,Rice Meal,4,? 440.00," ? 1,760.00 ", ? 334.00 ,? 424.00,The Chicken Biryani was excellent. Really enjoyed the meal.
O01846,04-08-2024,13:30,C0322,Aasin Malik,R71,Veg Spring Rolls,Starter,2,? 220.00, ? 440.00 , ? 162.00 ,? 116.00,The Veg Spring Rolls was cold when it arrived at our table.
O01847,04-08-2024,10:00,C0118,Aman Azam,R32,Mutton Rogan Josh,Non-Veg Main,2,? 520.00," ? 1,040.00 ", ? 395.00 ,? 250.00,Felt that the Mutton Rogan Josh was overpriced for its quality.
O01848,04-08-2024,15:30,C0005,Aasin Azam,R7,Butter Chicken,Meat Special,2,? 495.00, ? 990.00 , ? 349.00 ,? 292.00,A satisfying meal. The Butter Chicken was a good choice.
O01849,05-08-2024,11:30,C0180,Isharat Shikalkar,R3,Chicken Soup,Starter,2,? 220.00, ? 440.00 , ? 170.00 ,? 100.00,The Chicken Soup was simply delicious and fresh. Highly recommended!
O01850,05-08-2024,14:00,C0066,Abdul Rahim Mujawar,R48,Egg Curry,Non-Veg Main,3,? 280.00, ? 840.00 , ? 203.00 ,? 231.00,A truly authentic and flavorful Egg Curry. It was very satisfying.
O01851,05-08-2024,20:45,C0043,Aakib Faruqi,R17,French Fries,Starter,4,? 120.00, ? 480.00 , ? 87.00 ,? 132.00,The French Fries was simply delicious and fresh. Highly recommended!
O01852,05-08-2024,13:00,C0170,Sher Shikalkar,R16,Ice Cream Sundae,Dessert,3,? 200.00, ? 600.00 , ? 143.00 ,? 171.00,I was not a fan of the Ice Cream Sundae.
O01853,05-08-2024,15:45,C0192,Danish Faruqi,R10,Pepperoni Pizza,Pizza,2,? 368.00, ? 736.00 , ? 283.00 ,? 170.00,A satisfying meal. The Pepperoni Pizza was a good choice.
O01854,05-08-2024,22:00,C0205,Rihan Taimoor,R77,Veg Schezwan Noodles,Rice & Noodles,5,? 240.00," ? 1,200.00 ", ? 171.00 ,? 345.00,The Veg Schezwan Noodles was excellent. Really enjoyed the meal.
O01855,05-08-2024,11:30,C0308,Ayeza Khan,R46,Onion Uttapam,Vegetarian,4,? 160.00, ? 640.00 , ? 112.00 ,? 192.00,A wholesome and delicious Onion Uttapam. The vegetables were so fresh!
O01856,05-08-2024,16:45,C0051,Dua Khan,R15,Tiramisu,Dessert,1,? 280.00, ? 280.00 , ? 201.00 ,? 79.00,The Tiramisu was not what I expected.
O01857,05-08-2024,13:30,C0188,Sher Raes,R135,Paneer Kathi Roll,Street Food,5,? 140.00, ? 700.00 , ? 103.00 ,? 185.00,A satisfying meal. The Paneer Kathi Roll was a good choice.
O01858,05-08-2024,19:45,C0250,Isharat Azam,R133,Club Sandwich,Sandwiches,4,? 160.00, ? 640.00 , ? 119.00 ,? 164.00,A satisfying meal. The Club Sandwich was a good choice.
O01859,05-08-2024,15:00,C0053,Shahrukh Taimoor,R43,Idli Sambar,Vegetarian,3,? 160.00, ? 480.00 , ? 119.00 ,? 123.00,The Idli Sambar is a great choice for vegetarians. Hearty and full of flavor.
O01860,05-08-2024,19:00,C0297,Wahaj Ali,R5,Mutton Biryani,Rice Meal,2,? 490.00, ? 980.00 , ? 350.00 ,? 280.00,The Mutton Biryani met my expectations.
O01861,05-08-2024,15:45,C0018,Sher Shikalkar,R124,Chana Masala,Main Course,4,? 260.00," ? 1,040.00 ", ? 185.00 ,? 300.00,Great food! The Chana Masala was delicious and well-prepared.
O01862,05-08-2024,12:45,C0059,Aman Momin,R88,Fried Momos (Veg),Starter,2,? 200.00, ? 400.00 , ? 141.00 ,? 118.00,The Fried Momos (Veg) was okay. It was a standard appetizer.
O01863,05-08-2024,14:30,C0044,Shamsher Mujawar,R156,Veg Paneer Wrap,Snacks,2,? 95.00, ? 190.00 , ? 74.00 ,? 42.00,The Veg Paneer Wrap was fine.
O01864,05-08-2024,10:00,C0104,Sultan Nadaf,R110,Seekh Kebab,Starter,3,? 400.00," ? 1,200.00 ", ? 282.00 ,? 354.00,The Seekh Kebab was simply delicious and fresh. Highly recommended!
O01865,05-08-2024,19:30,C0137,Aman Raes,R105,Malai Kofta,Main Course,3,? 340.00," ? 1,020.00 ", ? 249.00 ,? 273.00,A satisfying meal. The Malai Kofta was a good choice.
O01866,06-08-2024,19:15,C0249,Aasiya Mujawar,R52,Bhindi Masala,Vegetarian,5,? 240.00," ? 1,200.00 ", ? 175.00 ,? 325.00,I found the Bhindi Masala to be a bit watery.
O01867,06-08-2024,14:00,C0128,Moh Saad Shikalkar,R19,Chicken Hakka Noodles,Rice & Noodles,5,? 260.00," ? 1,300.00 ", ? 193.00 ,? 335.00,The Chicken Hakka Noodles was excellent. Really enjoyed the meal.
O01868,06-08-2024,11:45,C0109,Aman Mujawar,R169,Club Chicken Sandwich,Snacks,1,? 140.00, ? 140.00 , ? 101.00 ,? 39.00,I was not a fan of the Club Chicken Sandwich.
O01869,06-08-2024,13:15,C0076,Dua Shikalkar,R157,Peri Peri Chicken Wings,Snacks,4,? 180.00, ? 720.00 , ? 135.00 ,? 180.00,The Peri Peri Chicken Wings was excellent. Really enjoyed the meal.
O01870,06-08-2024,12:15,C0062,Ayeza Nadaf,R166,Smoked Chicken Sub,Snacks,4,? 160.00, ? 640.00 , ? 112.00 ,? 192.00,The Smoked Chicken Sub was excellent. Really enjoyed the meal.
O01871,06-08-2024,22:15,C0036,Sher Shikalkar,R154,Egg Mayo Sandwich,Snacks,2,? 85.00, ? 170.00 , ? 66.00 ,? 38.00,The Egg Mayo Sandwich was excellent. Really enjoyed the meal.
O01872,06-08-2024,16:15,C0226,Aman Taimoor,R44,Vada Sambar,Vegetarian,4,? 170.00, ? 680.00 , ? 121.00 ,? 196.00,The Vada Sambar was as expected.
O01873,06-08-2024,14:30,C0238,Aakib Malik,R111,Veg Thali,Meal Combo,2,? 360.00, ? 720.00 , ? 263.00 ,? 194.00,A satisfying meal. The Veg Thali was a good choice.
O01874,06-08-2024,22:30,C0198,Danish Faruqi,R5,Mutton Biryani,Rice Meal,2,? 490.00, ? 980.00 , ? 350.00 ,? 280.00,The Mutton Biryani was excellent. Really enjoyed the meal.
O01875,06-08-2024,17:45,C0178,Wahaj Sayyad,R127,Kadhi Pakora,Main Course,2,? 300.00, ? 600.00 , ? 231.00 ,? 138.00,Great food! The Kadhi Pakora was delicious and well-prepared.
O01876,06-08-2024,20:15,C0068,Abdul Rahim Shaikh,R153,Paneer Bhurji Sandwich,Snacks,1,? 75.00, ? 75.00 , ? 59.00 ,? 16.00,A satisfying meal. The Paneer Bhurji Sandwich was a good choice.
O01877,06-08-2024,22:15,C0095,Aakib Azam,R140,Paneer Frankie,Street Food,3,? 130.00, ? 390.00 , ? 95.00 ,? 105.00,Great food! The Paneer Frankie was delicious and well-prepared.
O01878,06-08-2024,17:45,C0014,Arman Faruqi,R112,Non-Veg Thali,Meal Combo,3,? 440.00," ? 1,320.00 ", ? 322.00 ,? 354.00,The Non-Veg Thali was excellent. Really enjoyed the meal.
O01879,07-08-2024,13:30,C0186,Aariz Khan,R17,French Fries,Starter,3,? 120.00, ? 360.00 , ? 87.00 ,? 99.00,The French Fries was a fantastic start to our meal! Perfectly crispy.
O01880,07-08-2024,13:00,C0156,Arman Faruqi,R29,Greek Salad,Salad,4,? 260.00," ? 1,040.00 ", ? 197.00 ,? 252.00,The Greek Salad was fine.
O01881,07-08-2024,17:15,C0241,Shamsher Faruqi,R90,Tandoori Momos,Starter,5,? 260.00," ? 1,300.00 ", ? 185.00 ,? 375.00,Wasn't very impressed with the Tandoori Momos. It lacked flavor.
O01882,07-08-2024,10:15,C0233,Moh Saad Nadaf,R100,Biryani (Veg),Rice,3,? 320.00, ? 960.00 , ? 251.00 ,? 207.00,A satisfying meal. The Biryani (Veg) was a good choice.
O01883,07-08-2024,15:00,C0044,Shamsher Mujawar,R146,Cheese Sandwich,Sandwiches,2,? 100.00, ? 200.00 , ? 72.00 ,? 56.00,The Cheese Sandwich was not what I expected.
O01884,07-08-2024,10:45,C0091,Aasin Nadaf,R163,Corn & Cheese Sandwich,Snacks,5,? 90.00, ? 450.00 , ? 66.00 ,? 120.00,A satisfying meal. The Corn & Cheese Sandwich was a good choice.
O01885,07-08-2024,15:00,C0051,Dua Khan,R147,Paneer Sandwich,Sandwiches,3,? 120.00, ? 360.00 , ? 84.00 ,? 108.00,The Paneer Sandwich could have been better.
O01886,07-08-2024,16:15,C0302,Shamsher Ali,R63,Prawn Masala,Non-Veg Main,2,? 460.00, ? 920.00 , ? 326.00 ,? 268.00,The Prawn Masala was cooked to perfection. The spices were spot on!
O01887,07-08-2024,10:30,C0166,Nikhat Taimoor,R63,Prawn Masala,Non-Veg Main,2,? 460.00, ? 920.00 , ? 326.00 ,? 268.00,Felt that the Prawn Masala was overpriced for its quality.
O01888,07-08-2024,10:45,C0305,Aasin Faruqi,R10,Pepperoni Pizza,Pizza,2,? 368.00, ? 736.00 , ? 283.00 ,? 170.00,The Pepperoni Pizza was not what I expected.
O01889,07-08-2024,18:30,C0186,Aariz Khan,R84,Chicken Clear Soup,Starter,3,? 160.00, ? 480.00 , ? 125.00 ,? 105.00,The Chicken Clear Soup was cold when it arrived at our table.
O01890,08-08-2024,16:45,C0038,Moh Saad Malik,R81,Sweet Corn Soup (Veg),Starter,4,? 140.00, ? 560.00 , ? 108.00 ,? 128.00,The Sweet Corn Soup (Veg) was a bit too oily for my liking.
O01891,08-08-2024,14:45,C0149,Aariz Nadaf,R67,Veg Manchurian,Starter,4,? 240.00, ? 960.00 , ? 169.00 ,? 284.00,The Veg Manchurian was simply delicious and fresh. Highly recommended!
O01892,08-08-2024,21:00,C0240,Sultan Ali,R25,Spring Rolls,Starter,1,? 220.00, ? 220.00 , ? 164.00 ,? 56.00,The Spring Rolls was simply delicious and fresh. Highly recommended!
O01893,08-08-2024,20:30,C0013,Aariz Raes,R3,Chicken Soup,Starter,3,? 220.00, ? 660.00 , ? 170.00 ,? 150.00,Wasn't very impressed with the Chicken Soup. It lacked flavor.
O01894,08-08-2024,17:30,C0094,Rihan Ali,R138,Veggie Sub,Sandwiches,5,? 150.00, ? 750.00 , ? 105.00 ,? 225.00,The Veggie Sub could have been better.
O01895,08-08-2024,13:30,C0125,Danish Nadaf,R150,Aloo Parantha,Breads,5,? 80.00, ? 400.00 , ? 63.00 ,? 85.00,The Aloo Parantha was excellent. Really enjoyed the meal.
O01896,08-08-2024,21:30,C0316,Shamsher Mujawar,R35,Rajma Chawal,Vegetarian,1,? 300.00, ? 300.00 , ? 238.00 ,? 62.00,The Rajma Chawal is a great choice for vegetarians. Hearty and full of flavor.
O01897,08-08-2024,21:45,C0214,Nikhat Taimoor,R16,Ice Cream Sundae,Dessert,2,? 200.00, ? 400.00 , ? 143.00 ,? 114.00,Great food! The Ice Cream Sundae was delicious and well-prepared.
O01898,08-08-2024,20:45,C0299,Aakib Shaikh,R48,Egg Curry,Non-Veg Main,1,? 280.00, ? 280.00 , ? 203.00 ,? 77.00,The Egg Curry was satisfactory.
O01899,08-08-2024,11:15,C0039,Aasifa Shaikh,R151,Veg Frankie Roll,Snacks,2,? 80.00, ? 160.00 , ? 62.00 ,? 36.00,It was an average Veg Frankie Roll.
O01900,08-08-2024,12:00,C0316,Shamsher Mujawar,R169,Club Chicken Sandwich,Snacks,1,? 140.00, ? 140.00 , ? 101.00 ,? 39.00,It was an average Club Chicken Sandwich.
O01901,08-08-2024,20:45,C0324,Aasifa Faruqi,R20,Veg Fried Rice,Rice & Noodles,4,? 200.00, ? 800.00 , ? 145.00 ,? 220.00,Great food! The Veg Fried Rice was delicious and well-prepared.
O01902,08-08-2024,17:30,C0113,Ayeza Momin,R127,Kadhi Pakora,Main Course,1,? 300.00, ? 300.00 , ? 231.00 ,? 69.00,It was an average Kadhi Pakora.
O01903,09-08-2024,22:15,C0121,Rihan Mujawar,R25,Spring Rolls,Starter,3,? 220.00, ? 660.00 , ? 164.00 ,? 168.00,Absolutely loved the Spring Rolls! It was the perfect appetizer to get us started.
O01904,09-08-2024,11:45,C0050,Dua Sayyad,R86,Chicken Momos,Starter,3,? 220.00, ? 660.00 , ? 170.00 ,? 150.00,The Chicken Momos was a fantastic start to our meal! Perfectly crispy.
O01905,09-08-2024,12:00,C0203,Isharat Sayyad,R60,Egg Biryani,Rice & Noodles,1,? 340.00, ? 340.00 , ? 268.00 ,? 72.00,The Egg Biryani met my expectations.
O01906,09-08-2024,15:00,C0088,Abdul Rahim Nadaf,R141,Chicken Frankie,Street Food,1,? 150.00, ? 150.00 , ? 112.00 ,? 38.00,A satisfying meal. The Chicken Frankie was a good choice.
O01907,09-08-2024,21:45,C0181,Aman Khan,R28,Caesar Salad,Salad,5,? 280.00," ? 1,400.00 ", ? 210.00 ,? 350.00,The Caesar Salad was excellent. Really enjoyed the meal.
O01908,09-08-2024,20:00,C0196,Arman Taimoor,R167,Veggie Delight Sub,Snacks,4,? 120.00, ? 480.00 , ? 90.00 ,? 120.00,It was an average Veggie Delight Sub.
O01909,09-08-2024,22:00,C0133,Wahaj Ali,R68,Chicken Manchurian,Starter,2,? 280.00, ? 560.00 , ? 205.00 ,? 150.00,The Chicken Manchurian was cold when it arrived at our table.
O01910,09-08-2024,18:00,C0293,Wahaj Raes,R34,Dal Tadka,Vegetarian,3,? 260.00, ? 780.00 , ? 183.00 ,? 231.00,I found the Dal Tadka to be a bit watery.
O01911,09-08-2024,12:00,C0141,Arahan Ali,R100,Biryani (Veg),Rice,5,? 320.00," ? 1,600.00 ", ? 251.00 ,? 345.00,A satisfying meal. The Biryani (Veg) was a good choice.
O01912,09-08-2024,22:00,C0030,Sher Mujawar,R47,Hyderabadi Haleem,Non-Veg Main,3,? 500.00," ? 1,500.00 ", ? 395.00 ,? 315.00,The Hyderabadi Haleem was the highlight of our meal. Absolutely delicious!
O01913,09-08-2024,20:45,C0104,Sultan Nadaf,R84,Chicken Clear Soup,Starter,2,? 160.00, ? 320.00 , ? 125.00 ,? 70.00,The Chicken Clear Soup was a fantastic start to our meal! Perfectly crispy.
O01914,09-08-2024,21:15,C0190,Rihan Raes,R5,Mutton Biryani,Rice Meal,2,? 490.00, ? 980.00 , ? 350.00 ,? 280.00,Great food! The Mutton Biryani was delicious and well-prepared.
O01915,09-08-2024,17:15,C0300,Dua Azam,R24,Samosa,Starter,2,? 100.00, ? 200.00 , ? 73.00 ,? 54.00,Absolutely loved the Samosa! It was the perfect appetizer to get us started.
O01916,09-08-2024,18:45,C0094,Rihan Ali,R28,Caesar Salad,Salad,2,? 280.00, ? 560.00 , ? 210.00 ,? 140.00,I was not a fan of the Caesar Salad.
O01917,09-08-2024,22:00,C0069,Aasin Khan,R168,Avocado Toast,Breakfast,3,? 150.00, ? 450.00 , ? 111.00 ,? 117.00,Great food! The Avocado Toast was delicious and well-prepared.
O01918,09-08-2024,18:00,C0261,Kaif Shaikh,R11,Margherita Pizza,Pizza,5,? 330.00," ? 1,650.00 ", ? 231.00 ,? 495.00,Great food! The Margherita Pizza was delicious and well-prepared.
O01919,10-08-2024,15:30,C0032,Ayeza Mujawar,R143,Chicken Burger,Fast Food,2,? 160.00, ? 320.00 , ? 115.00 ,? 90.00,Great food! The Chicken Burger was delicious and well-prepared.
O01920,10-08-2024,17:30,C0066,Abdul Rahim Mujawar,R166,Smoked Chicken Sub,Snacks,5,? 160.00, ? 800.00 , ? 112.00 ,? 240.00,Great food! The Smoked Chicken Sub was delicious and well-prepared.
O01921,10-08-2024,22:00,C0022,Aasiya Ali,R145,Chicken Shawarma,Street Food,3,? 170.00, ? 510.00 , ? 131.00 ,? 117.00,The Chicken Shawarma was excellent. Really enjoyed the meal.
O01922,10-08-2024,22:15,C0048,Abdul Rahim Malik,R116,Uttapam,South Indian,3,? 220.00, ? 660.00 , ? 170.00 ,? 150.00,The Uttapam was fine.
O01923,10-08-2024,13:45,C0300,Dua Azam,R159,Falafel Wrap,Snacks,5,? 130.00, ? 650.00 , ? 102.00 ,? 140.00,The Falafel Wrap was not what I expected.
O01924,10-08-2024,13:15,C0240,Sultan Ali,R63,Prawn Masala,Non-Veg Main,1,? 460.00, ? 460.00 , ? 326.00 ,? 134.00,The Prawn Masala was the highlight of our meal. Absolutely delicious!
O01925,10-08-2024,20:30,C0162,Shamsher Mujawar,R24,Samosa,Starter,3,? 100.00, ? 300.00 , ? 73.00 ,? 81.00,The Samosa was simply delicious and fresh. Highly recommended!
O01926,10-08-2024,18:00,C0054,Shamsher Ali,R29,Greek Salad,Salad,5,? 260.00," ? 1,300.00 ", ? 197.00 ,? 315.00,The Greek Salad was fine.
O01927,10-08-2024,14:00,C0069,Aasin Khan,R22,Paneer Tikka,Starter,2,? 280.00, ? 560.00 , ? 199.00 ,? 162.00,The Paneer Tikka was a bit too oily for my liking.
O01928,10-08-2024,17:15,C0218,Danish Khan,R16,Ice Cream Sundae,Dessert,3,? 200.00, ? 600.00 , ? 143.00 ,? 171.00,Great food! The Ice Cream Sundae was delicious and well-prepared.
O01929,10-08-2024,12:45,C0183,Imran Mujawar,R105,Malai Kofta,Main Course,3,? 340.00," ? 1,020.00 ", ? 249.00 ,? 273.00,The Malai Kofta was excellent. Really enjoyed the meal.
O01930,10-08-2024,13:30,C0095,Aakib Azam,R145,Chicken Shawarma,Street Food,3,? 170.00, ? 510.00 , ? 131.00 ,? 117.00,Great food! The Chicken Shawarma was delicious and well-prepared.
O01931,10-08-2024,12:15,C0060,Nikhat Khan,R68,Chicken Manchurian,Starter,5,? 280.00," ? 1,400.00 ", ? 205.00 ,? 375.00,Absolutely loved the Chicken Manchurian! It was the perfect appetizer to get us started.
O01932,10-08-2024,19:45,C0295,Sultan Taimoor,R75,Schezwan Fried Rice,Rice & Noodles,4,? 220.00, ? 880.00 , ? 160.00 ,? 240.00,It was an average Schezwan Fried Rice.
O01933,10-08-2024,19:00,C0097,Isharat Taimoor,R63,Prawn Masala,Non-Veg Main,1,? 460.00, ? 460.00 , ? 326.00 ,? 134.00,The Prawn Masala was cooked to perfection. The spices were spot on!
O01934,10-08-2024,15:15,C0028,Aakib Faruqi,R7,Butter Chicken,Meat Special,3,? 495.00," ? 1,485.00 ", ? 349.00 ,? 438.00,A satisfying meal. The Butter Chicken was a good choice.
O01935,11-08-2024,20:15,C0320,Sultan Momin,R56,Tandoori Chicken,Non-Veg Main,1,? 460.00, ? 460.00 , ? 366.00 ,? 94.00,"It was a standard Tandoori Chicken, nothing out of the ordinary."
O01936,11-08-2024,19:00,C0151,Aasifa Malik,R75,Schezwan Fried Rice,Rice & Noodles,5,? 220.00," ? 1,100.00 ", ? 160.00 ,? 300.00,The Schezwan Fried Rice could have been better.
O01937,11-08-2024,16:30,C0017,Wahaj Taimoor,R46,Onion Uttapam,Vegetarian,1,? 160.00, ? 160.00 , ? 112.00 ,? 48.00,The Onion Uttapam is a great choice for vegetarians. Hearty and full of flavor.
O01938,11-08-2024,10:30,C0243,Imran Sayyad,R133,Club Sandwich,Sandwiches,2,? 160.00, ? 320.00 , ? 119.00 ,? 82.00,The Club Sandwich was excellent. Really enjoyed the meal.
O01939,11-08-2024,20:15,C0082,Isharat Nadaf,R154,Egg Mayo Sandwich,Snacks,5,? 85.00, ? 425.00 , ? 66.00 ,? 95.00,Great food! The Egg Mayo Sandwich was delicious and well-prepared.
O01940,11-08-2024,17:00,C0119,Shahrukh Azam,R78,Chicken Schezwan Noodles,Rice & Noodles,3,? 280.00, ? 840.00 , ? 218.00 ,? 186.00,I was not a fan of the Chicken Schezwan Noodles.
O01941,11-08-2024,18:45,C0327,Abdul Rahim Mujawar,R161,Grilled Veg Panini,Snacks,1,? 140.00, ? 140.00 , ? 99.00 ,? 41.00,The Grilled Veg Panini was excellent. Really enjoyed the meal.
O01942,12-08-2024,19:30,C0067,Sultan Ali,R34,Dal Tadka,Vegetarian,5,? 260.00," ? 1,300.00 ", ? 183.00 ,? 385.00,A wholesome and delicious Dal Tadka. The vegetables were so fresh!
O01943,12-08-2024,11:45,C0027,Arman Faruqi,R59,Veg Pulao,Rice & Noodles,2,? 240.00, ? 480.00 , ? 190.00 ,? 100.00,The Veg Pulao was fine.
O01944,12-08-2024,14:30,C0166,Nikhat Taimoor,R131,Butter Naan,Breads,2,? 60.00, ? 120.00 , ? 45.00 ,? 30.00,The Butter Naan was not what I expected.
O01945,12-08-2024,22:45,C0259,Nikhat Malik,R67,Veg Manchurian,Starter,5,? 240.00," ? 1,200.00 ", ? 169.00 ,? 355.00,The Veg Manchurian was a bit too oily for my liking.
O01946,12-08-2024,15:15,C0054,Shamsher Ali,R54,Aloo Gobi,Vegetarian,5,? 220.00," ? 1,100.00 ", ? 166.00 ,? 270.00,The Aloo Gobi was bland and needed more seasoning.
O01947,12-08-2024,19:00,C0202,Moh Saad Shikalkar,R166,Smoked Chicken Sub,Snacks,4,? 160.00, ? 640.00 , ? 112.00 ,? 192.00,The Smoked Chicken Sub was excellent. Really enjoyed the meal.
O01948,12-08-2024,10:45,C0108,Arman Azam,R52,Bhindi Masala,Vegetarian,1,? 240.00, ? 240.00 , ? 175.00 ,? 65.00,The Bhindi Masala was bland and needed more seasoning.
O01949,12-08-2024,17:15,C0244,Arahan Raes,R85,Veg Momos,Starter,5,? 180.00, ? 900.00 , ? 138.00 ,? 210.00,The Veg Momos was a fantastic start to our meal! Perfectly crispy.
O01950,12-08-2024,15:45,C0025,Aasifa Khan,R61,Vegetable Korma,Vegetarian,2,? 320.00, ? 640.00 , ? 243.00 ,? 154.00,The Vegetable Korma is a great choice for vegetarians. Hearty and full of flavor.
O01951,12-08-2024,18:45,C0084,Imran Momin,R57,Chicken Tikka Masala,Non-Veg Main,4,? 480.00," ? 1,920.00 ", ? 373.00 ,? 428.00,A truly authentic and flavorful Chicken Tikka Masala. It was very satisfying.
O01952,12-08-2024,10:45,C0207,Imran Khan,R132,Garlic Naan,Breads,3,? 70.00, ? 210.00 , ? 54.00 ,? 48.00,The Garlic Naan could have been better.
O01953,13-08-2024,16:00,C0204,Aasifa Faruqi,R131,Butter Naan,Breads,2,? 60.00, ? 120.00 , ? 45.00 ,? 30.00,The Butter Naan was fine.
O01954,13-08-2024,10:30,C0234,Moh Saad Faruqi,R117,Vada Pav,Snack,1,? 120.00, ? 120.00 , ? 91.00 ,? 29.00,The Vada Pav was excellent. Really enjoyed the meal.
O01955,13-08-2024,13:45,C0018,Sher Shikalkar,R68,Chicken Manchurian,Starter,2,? 280.00, ? 560.00 , ? 205.00 ,? 150.00,The Chicken Manchurian was a fantastic start to our meal! Perfectly crispy.
O01956,13-08-2024,21:15,C0148,Aakib Momin,R26,Pasta Alfredo,Continental,2,? 320.00, ? 640.00 , ? 249.00 ,? 142.00,The Pasta Alfredo was excellent. Really enjoyed the meal.
O01957,13-08-2024,17:45,C0034,Anis Raes,R5,Mutton Biryani,Rice Meal,4,? 490.00," ? 1,960.00 ", ? 350.00 ,? 560.00,The Mutton Biryani was excellent. Really enjoyed the meal.
O01958,13-08-2024,22:00,C0121,Rihan Mujawar,R166,Smoked Chicken Sub,Snacks,2,? 160.00, ? 320.00 , ? 112.00 ,? 96.00,The Smoked Chicken Sub could have been better.
O01959,13-08-2024,16:15,C0318,Shahrukh Ali,R154,Egg Mayo Sandwich,Snacks,1,? 85.00, ? 85.00 , ? 66.00 ,? 19.00,Great food! The Egg Mayo Sandwich was delicious and well-prepared.
O01960,13-08-2024,10:30,C0009,Shamsher Khan,R43,Idli Sambar,Vegetarian,5,? 160.00, ? 800.00 , ? 119.00 ,? 205.00,Loved the Idli Sambar! It was a delightful and well-prepared vegetarian meal.
O01961,13-08-2024,22:45,C0114,Imran Faruqi,R133,Club Sandwich,Sandwiches,1,? 160.00, ? 160.00 , ? 119.00 ,? 41.00,The Club Sandwich was fine.
O01962,13-08-2024,18:30,C0046,Nikhat Taimoor,R159,Falafel Wrap,Snacks,4,? 130.00, ? 520.00 , ? 102.00 ,? 112.00,Great food! The Falafel Wrap was delicious and well-prepared.
O01963,13-08-2024,17:45,C0219,Isharat Nadaf,R164,Mutton Seekh Kebab Roll,Snacks,1,? 170.00, ? 170.00 , ? 132.00 ,? 38.00,The Mutton Seekh Kebab Roll was excellent. Really enjoyed the meal.
O01964,13-08-2024,11:15,C0321,Aasifa Khan,R151,Veg Frankie Roll,Snacks,5,? 80.00, ? 400.00 , ? 62.00 ,? 90.00,Great food! The Veg Frankie Roll was delicious and well-prepared.
O01965,14-08-2024,17:00,C0326,Aman Sayyad,R132,Garlic Naan,Breads,4,? 70.00, ? 280.00 , ? 54.00 ,? 64.00,A satisfying meal. The Garlic Naan was a good choice.
O01966,14-08-2024,22:15,C0061,Shamsher Raes,R19,Chicken Hakka Noodles,Rice & Noodles,2,? 260.00, ? 520.00 , ? 193.00 ,? 134.00,The Chicken Hakka Noodles was not what I expected.
O01967,14-08-2024,15:30,C0172,Ayeza Shaikh,R12,Veggie Burger,Burger,3,? 250.00, ? 750.00 , ? 199.00 ,? 153.00,Great food! The Veggie Burger was delicious and well-prepared.
O01968,14-08-2024,11:00,C0098,Shahrukh Malik,R145,Chicken Shawarma,Street Food,1,? 170.00, ? 170.00 , ? 131.00 ,? 39.00,I was not a fan of the Chicken Shawarma.
O01969,14-08-2024,12:00,C0100,Aman Momin,R85,Veg Momos,Starter,2,? 180.00, ? 360.00 , ? 138.00 ,? 84.00,It was an average Veg Momos.
O01970,14-08-2024,12:30,C0228,Isharat Momin,R148,Egg Sandwich,Sandwiches,4,? 110.00, ? 440.00 , ? 80.00 ,? 120.00,The Egg Sandwich met my expectations.
O01971,14-08-2024,12:45,C0012,Abdul Rahim Malik,R131,Butter Naan,Breads,2,? 60.00, ? 120.00 , ? 45.00 ,? 30.00,The Butter Naan was not what I expected.
O01972,14-08-2024,18:30,C0060,Nikhat Khan,R87,Paneer Momos,Starter,3,? 200.00, ? 600.00 , ? 155.00 ,? 135.00,It was an average Paneer Momos.
O01973,14-08-2024,19:15,C0062,Ayeza Nadaf,R67,Veg Manchurian,Starter,3,? 240.00, ? 720.00 , ? 169.00 ,? 213.00,The Veg Manchurian was a bit too oily for my liking.
O01974,14-08-2024,15:00,C0290,Isharat Raes,R60,Egg Biryani,Rice & Noodles,5,? 340.00," ? 1,700.00 ", ? 268.00 ,? 360.00,The Egg Biryani was fine.
O01975,14-08-2024,12:30,C0203,Isharat Sayyad,R67,Veg Manchurian,Starter,3,? 240.00, ? 720.00 , ? 169.00 ,? 213.00,The Veg Manchurian was simply delicious and fresh. Highly recommended!
O01976,15-08-2024,15:00,C0247,Shahrukh Sayyad,R75,Schezwan Fried Rice,Rice & Noodles,5,? 220.00," ? 1,100.00 ", ? 160.00 ,? 300.00,The Schezwan Fried Rice was excellent. Really enjoyed the meal.
O01977,15-08-2024,17:15,C0101,Aariz Malik,R142,Paneer Burger,Fast Food,3,? 140.00, ? 420.00 , ? 110.00 ,? 90.00,I was not a fan of the Paneer Burger.
O01978,15-08-2024,19:30,C0052,Shahrukh Sayyad,R105,Malai Kofta,Main Course,2,? 340.00, ? 680.00 , ? 249.00 ,? 182.00,Great food! The Malai Kofta was delicious and well-prepared.
O01979,15-08-2024,17:45,C0289,Aasin Malik,R83,Veg Clear Soup,Starter,1,? 120.00, ? 120.00 , ? 84.00 ,? 36.00,Absolutely loved the Veg Clear Soup! It was the perfect appetizer to get us started.
O01980,15-08-2024,14:45,C0052,Shahrukh Sayyad,R103,Fish Curry (Goan),Main Course,4,? 380.00," ? 1,520.00 ", ? 289.00 ,? 364.00,Great food! The Fish Curry (Goan) was delicious and well-prepared.
O01981,15-08-2024,16:15,C0261,Kaif Shaikh,R128,Matar Paneer,Main Course,1,? 340.00, ? 340.00 , ? 263.00 ,? 77.00,The Matar Paneer was excellent. Really enjoyed the meal.
O01982,15-08-2024,18:30,C0136,Anis Taimoor,R54,Aloo Gobi,Vegetarian,3,? 220.00, ? 660.00 , ? 166.00 ,? 162.00,Loved the Aloo Gobi! It was a delightful and well-prepared vegetarian meal.
O01983,15-08-2024,14:45,C0249,Aasiya Mujawar,R149,Paneer Parantha,Breads,2,? 90.00, ? 180.00 , ? 64.00 ,? 52.00,A satisfying meal. The Paneer Parantha was a good choice.
O01984,15-08-2024,15:45,C0278,Sultan Shikalkar,R7,Butter Chicken,Meat Special,3,? 495.00," ? 1,485.00 ", ? 349.00 ,? 438.00,Great food! The Butter Chicken was delicious and well-prepared.
O01985,16-08-2024,22:30,C0187,Aasin Nadaf,R24,Samosa,Starter,2,? 100.00, ? 200.00 , ? 73.00 ,? 54.00,The Samosa was cold when it arrived at our table.
O01986,16-08-2024,12:15,C0036,Sher Shikalkar,R131,Butter Naan,Breads,2,? 60.00, ? 120.00 , ? 45.00 ,? 30.00,The Butter Naan met my expectations.
O01987,16-08-2024,21:30,C0320,Sultan Momin,R25,Spring Rolls,Starter,2,? 220.00, ? 440.00 , ? 164.00 ,? 112.00,The Spring Rolls was a fantastic start to our meal! Perfectly crispy.
O01988,16-08-2024,17:00,C0217,Nikhat Mujawar,R163,Corn & Cheese Sandwich,Snacks,5,? 90.00, ? 450.00 , ? 66.00 ,? 120.00,It was an average Corn & Cheese Sandwich.
O01989,16-08-2024,20:30,C0239,Arman Momin,R17,French Fries,Starter,3,? 120.00, ? 360.00 , ? 87.00 ,? 99.00,"The French Fries was decent, but nothing special."
O01990,16-08-2024,13:00,C0044,Shamsher Mujawar,R32,Mutton Rogan Josh,Non-Veg Main,1,? 520.00, ? 520.00 , ? 395.00 ,? 125.00,The Mutton Rogan Josh was satisfactory.
O01991,16-08-2024,22:30,C0301,Sher Taimoor,R56,Tandoori Chicken,Non-Veg Main,3,? 460.00," ? 1,380.00 ", ? 366.00 ,? 282.00,The Tandoori Chicken was cooked to perfection. The spices were spot on!
O01992,16-08-2024,22:30,C0300,Dua Azam,R152,Chicken Kathi Roll,Snacks,4,? 120.00, ? 480.00 , ? 91.00 ,? 116.00,Great food! The Chicken Kathi Roll was delicious and well-prepared.
O01993,16-08-2024,17:30,C0216,Sultan Khan,R63,Prawn Masala,Non-Veg Main,2,? 460.00, ? 920.00 , ? 326.00 ,? 268.00,The Prawn Masala was cooked to perfection. The spices were spot on!
O01994,16-08-2024,19:00,C0112,Shahrukh Sayyad,R48,Egg Curry,Non-Veg Main,5,? 280.00," ? 1,400.00 ", ? 203.00 ,? 385.00,A truly authentic and flavorful Egg Curry. It was very satisfying.
O01995,17-08-2024,19:00,C0264,Abdul Rahim Mujawar,R155,Tuna Melt Sandwich,Snacks,1,? 140.00, ? 140.00 , ? 100.00 ,? 40.00,The Tuna Melt Sandwich was fine.
O01996,17-08-2024,22:30,C0136,Anis Taimoor,R28,Caesar Salad,Salad,4,? 280.00," ? 1,120.00 ", ? 210.00 ,? 280.00,The Caesar Salad was excellent. Really enjoyed the meal.
O01997,17-08-2024,16:45,C0003,Danish Malik,R56,Tandoori Chicken,Non-Veg Main,3,? 460.00," ? 1,380.00 ", ? 366.00 ,? 282.00,The Tandoori Chicken was cooked to perfection. The spices were spot on!
O01998,17-08-2024,19:00,C0105,Aakib Nadaf,R87,Paneer Momos,Starter,3,? 200.00, ? 600.00 , ? 155.00 ,? 135.00,The Paneer Momos was a fantastic start to our meal! Perfectly crispy.
O01999,17-08-2024,17:00,C0238,Aakib Malik,R133,Club Sandwich,Sandwiches,1,? 160.00, ? 160.00 , ? 119.00 ,? 41.00,The Club Sandwich could have been better.
O02000,17-08-2024,20:30,C0188,Sher Raes,R78,Chicken Schezwan Noodles,Rice & Noodles,4,? 280.00," ? 1,120.00 ", ? 218.00 ,? 248.00,It was an average Chicken Schezwan Noodles.
O02001,17-08-2024,16:45,C0256,Arman Faruqi,R90,Tandoori Momos,Starter,5,? 260.00," ? 1,300.00 ", ? 185.00 ,? 375.00,The Tandoori Momos was a fantastic start to our meal! Perfectly crispy.
O02002,17-08-2024,19:45,C0301,Sher Taimoor,R56,Tandoori Chicken,Non-Veg Main,4,? 460.00," ? 1,840.00 ", ? 366.00 ,? 376.00,The Tandoori Chicken was alright. It was cooked well but the flavor was average.
O02003,17-08-2024,17:30,C0188,Sher Raes,R112,Non-Veg Thali,Meal Combo,1,? 440.00, ? 440.00 , ? 322.00 ,? 118.00,It was an average Non-Veg Thali.
O02004,18-08-2024,18:15,C0264,Abdul Rahim Mujawar,R136,Chicken Kathi Roll,Street Food,1,? 160.00, ? 160.00 , ? 112.00 ,? 48.00,A satisfying meal. The Chicken Kathi Roll was a good choice.
O02005,18-08-2024,20:00,C0261,Kaif Shaikh,R120,Pani Puri,Snack,1,? 100.00, ? 100.00 , ? 74.00 ,? 26.00,The Pani Puri was excellent. Really enjoyed the meal.
O02006,18-08-2024,16:15,C0067,Sultan Ali,R138,Veggie Sub,Sandwiches,2,? 150.00, ? 300.00 , ? 105.00 ,? 90.00,Great food! The Veggie Sub was delicious and well-prepared.
O02007,18-08-2024,10:00,C0164,Aakib Malik,R13,Gulab Jamun,Dessert,4,? 150.00, ? 600.00 , ? 117.00 ,? 132.00,The Gulab Jamun met my expectations.
O02008,18-08-2024,22:00,C0274,Moh Saad Sayyad,R83,Veg Clear Soup,Starter,3,? 120.00, ? 360.00 , ? 84.00 ,? 108.00,The Veg Clear Soup was simply delicious and fresh. Highly recommended!
O02009,18-08-2024,10:15,C0215,Ayeza Faruqi,R145,Chicken Shawarma,Street Food,3,? 170.00, ? 510.00 , ? 131.00 ,? 117.00,The Chicken Shawarma was not what I expected.
O02010,18-08-2024,22:15,C0302,Shamsher Ali,R46,Onion Uttapam,Vegetarian,1,? 160.00, ? 160.00 , ? 112.00 ,? 48.00,A wholesome and delicious Onion Uttapam. The vegetables were so fresh!
O02011,18-08-2024,21:15,C0073,Moh Saad Taimoor,R112,Non-Veg Thali,Meal Combo,2,? 440.00, ? 880.00 , ? 322.00 ,? 236.00,A satisfying meal. The Non-Veg Thali was a good choice.
O02012,18-08-2024,20:00,C0326,Aman Sayyad,R25,Spring Rolls,Starter,2,? 220.00, ? 440.00 , ? 164.00 ,? 112.00,Absolutely loved the Spring Rolls! It was the perfect appetizer to get us started.
O02013,19-08-2024,17:30,C0323,Wahaj Ali,R18,Veg Hakka Noodles,Rice & Noodles,2,? 220.00, ? 440.00 , ? 165.00 ,? 110.00,The Veg Hakka Noodles was not what I expected.
O02014,19-08-2024,10:45,C0157,Arahan Azam,R13,Gulab Jamun,Dessert,2,? 150.00, ? 300.00 , ? 117.00 ,? 66.00,Great food! The Gulab Jamun was delicious and well-prepared.
O02015,19-08-2024,12:15,C0274,Moh Saad Sayyad,R137,Veg Wrap,Sandwiches,5,? 130.00, ? 650.00 , ? 92.00 ,? 190.00,The Veg Wrap was not what I expected.
O02016,19-08-2024,19:15,C0121,Rihan Mujawar,R54,Aloo Gobi,Vegetarian,1,? 220.00, ? 220.00 , ? 166.00 ,? 54.00,A wholesome and delicious Aloo Gobi. The vegetables were so fresh!
O02017,19-08-2024,10:30,C0098,Shahrukh Malik,R163,Corn & Cheese Sandwich,Snacks,4,? 90.00, ? 360.00 , ? 66.00 ,? 96.00,The Corn & Cheese Sandwich was excellent. Really enjoyed the meal.
O02018,19-08-2024,14:00,C0036,Sher Shikalkar,R52,Bhindi Masala,Vegetarian,4,? 240.00, ? 960.00 , ? 175.00 ,? 260.00,The Bhindi Masala is a great choice for vegetarians. Hearty and full of flavor.
O02019,19-08-2024,17:15,C0127,Dua Taimoor,R36,Chole Bhature,Vegetarian,4,? 280.00," ? 1,120.00 ", ? 223.00 ,? 228.00,Loved the Chole Bhature! It was a delightful and well-prepared vegetarian meal.
O02020,19-08-2024,11:00,C0324,Aasifa Faruqi,R143,Chicken Burger,Fast Food,5,? 160.00, ? 800.00 , ? 115.00 ,? 225.00,Great food! The Chicken Burger was delicious and well-prepared.
O02021,19-08-2024,12:45,C0268,Ayeza Azam,R72,Chicken Spring Rolls,Starter,1,? 260.00, ? 260.00 , ? 189.00 ,? 71.00,The Chicken Spring Rolls was simply delicious and fresh. Highly recommended!
O02022,20-08-2024,13:45,C0269,Aakib Nadaf,R11,Margherita Pizza,Pizza,5,? 330.00," ? 1,650.00 ", ? 231.00 ,? 495.00,A satisfying meal. The Margherita Pizza was a good choice.
O02023,20-08-2024,13:45,C0194,Isharat Momin,R68,Chicken Manchurian,Starter,3,? 280.00, ? 840.00 , ? 205.00 ,? 225.00,The Chicken Manchurian was simply delicious and fresh. Highly recommended!
O02024,20-08-2024,20:00,C0169,Anis Taimoor,R136,Chicken Kathi Roll,Street Food,4,? 160.00, ? 640.00 , ? 112.00 ,? 192.00,It was an average Chicken Kathi Roll.
O02025,20-08-2024,18:30,C0218,Danish Khan,R132,Garlic Naan,Breads,4,? 70.00, ? 280.00 , ? 54.00 ,? 64.00,A satisfying meal. The Garlic Naan was a good choice.
O02026,20-08-2024,19:45,C0242,Arahan Mujawar,R5,Mutton Biryani,Rice Meal,3,? 490.00," ? 1,470.00 ", ? 350.00 ,? 420.00,It was an average Mutton Biryani.
O02027,20-08-2024,13:30,C0233,Moh Saad Nadaf,R167,Veggie Delight Sub,Snacks,1,? 120.00, ? 120.00 , ? 90.00 ,? 30.00,The Veggie Delight Sub could have been better.
O02028,20-08-2024,14:45,C0034,Anis Raes,R19,Chicken Hakka Noodles,Rice & Noodles,1,? 260.00, ? 260.00 , ? 193.00 ,? 67.00,Great food! The Chicken Hakka Noodles was delicious and well-prepared.
O02029,20-08-2024,15:45,C0263,Sher Raes,R149,Paneer Parantha,Breads,2,? 90.00, ? 180.00 , ? 64.00 ,? 52.00,Great food! The Paneer Parantha was delicious and well-prepared.
O02030,20-08-2024,14:15,C0223,Anis Sayyad,R78,Chicken Schezwan Noodles,Rice & Noodles,2,? 280.00, ? 560.00 , ? 218.00 ,? 124.00,The Chicken Schezwan Noodles was excellent. Really enjoyed the meal.
O02031,20-08-2024,11:30,C0057,Arman Azam,R150,Aloo Parantha,Breads,3,? 80.00, ? 240.00 , ? 63.00 ,? 51.00,It was an average Aloo Parantha.
O02032,21-08-2024,17:00,C0125,Danish Nadaf,R164,Mutton Seekh Kebab Roll,Snacks,5,? 170.00, ? 850.00 , ? 132.00 ,? 190.00,I was not a fan of the Mutton Seekh Kebab Roll.
O02033,21-08-2024,18:30,C0151,Aasifa Malik,R142,Paneer Burger,Fast Food,4,? 140.00, ? 560.00 , ? 110.00 ,? 120.00,I was not a fan of the Paneer Burger.
O02034,21-08-2024,19:45,C0119,Shahrukh Azam,R13,Gulab Jamun,Dessert,3,? 150.00, ? 450.00 , ? 117.00 ,? 99.00,The Gulab Jamun could have been better.
O02035,21-08-2024,14:45,C0285,Ayeza Raes,R52,Bhindi Masala,Vegetarian,1,? 240.00, ? 240.00 , ? 175.00 ,? 65.00,A wholesome and delicious Bhindi Masala. The vegetables were so fresh!
O02036,21-08-2024,16:45,C0018,Sher Shikalkar,R67,Veg Manchurian,Starter,3,? 240.00, ? 720.00 , ? 169.00 ,? 213.00,Absolutely loved the Veg Manchurian! It was the perfect appetizer to get us started.
O02037,21-08-2024,10:00,C0243,Imran Sayyad,R26,Pasta Alfredo,Continental,4,? 320.00," ? 1,280.00 ", ? 249.00 ,? 284.00,The Pasta Alfredo was excellent. Really enjoyed the meal.
O02038,21-08-2024,16:30,C0244,Arahan Raes,R33,Fish Curry,Non-Veg Main,5,? 400.00," ? 2,000.00 ", ? 286.00 ,? 570.00,The Fish Curry was the highlight of our meal. Absolutely delicious!
O02039,21-08-2024,19:15,C0318,Shahrukh Ali,R100,Biryani (Veg),Rice,2,? 320.00, ? 640.00 , ? 251.00 ,? 138.00,The Biryani (Veg) met my expectations.
O02040,21-08-2024,16:30,C0200,Aariz Taimoor,R62,Dal Makhani,Vegetarian,1,? 340.00, ? 340.00 , ? 269.00 ,? 71.00,The vegetables in the Dal Makhani seemed overcooked.
O02041,21-08-2024,12:00,C0149,Aariz Nadaf,R144,Paneer Shawarma,Street Food,3,? 150.00, ? 450.00 , ? 111.00 ,? 117.00,Great food! The Paneer Shawarma was delicious and well-prepared.
O02042,21-08-2024,22:45,C0080,Sher Khan,R111,Veg Thali,Meal Combo,3,? 360.00," ? 1,080.00 ", ? 263.00 ,? 291.00,A satisfying meal. The Veg Thali was a good choice.
O02043,21-08-2024,10:45,C0249,Aasiya Mujawar,R135,Paneer Kathi Roll,Street Food,2,? 140.00, ? 280.00 , ? 103.00 ,? 74.00,The Paneer Kathi Roll met my expectations.
O02044,21-08-2024,18:15,C0155,Imran Mujawar,R158,Cheese Garlic Bread,Breads,3,? 110.00, ? 330.00 , ? 85.00 ,? 75.00,A satisfying meal. The Cheese Garlic Bread was a good choice.
O02045,21-08-2024,16:45,C0161,Isharat Momin,R16,Ice Cream Sundae,Dessert,2,? 200.00, ? 400.00 , ? 143.00 ,? 114.00,A satisfying meal. The Ice Cream Sundae was a good choice.
O02046,21-08-2024,22:45,C0030,Sher Mujawar,R74,Chili Chicken,Starter,5,? 340.00," ? 1,700.00 ", ? 250.00 ,? 450.00,The Chili Chicken was a fantastic start to our meal! Perfectly crispy.
O02047,21-08-2024,10:15,C0020,Rihan Shikalkar,R103,Fish Curry (Goan),Main Course,3,? 380.00," ? 1,140.00 ", ? 289.00 ,? 273.00,The Fish Curry (Goan) could have been better.
O02048,21-08-2024,13:15,C0267,Moh Saad Faruqi,R16,Ice Cream Sundae,Dessert,3,? 200.00, ? 600.00 , ? 143.00 ,? 171.00,The Ice Cream Sundae met my expectations.
O02049,21-08-2024,20:15,C0147,Danish Khan,R166,Smoked Chicken Sub,Snacks,4,? 160.00, ? 640.00 , ? 112.00 ,? 192.00,A satisfying meal. The Smoked Chicken Sub was a good choice.
O02050,22-08-2024,16:00,C0224,Nikhat Mujawar,R166,Smoked Chicken Sub,Snacks,2,? 160.00, ? 320.00 , ? 112.00 ,? 96.00,I was not a fan of the Smoked Chicken Sub.
O02051,22-08-2024,13:30,C0007,Aman Taimoor,R18,Veg Hakka Noodles,Rice & Noodles,3,? 220.00, ? 660.00 , ? 165.00 ,? 165.00,I was not a fan of the Veg Hakka Noodles.
O02052,22-08-2024,19:00,C0310,Ayeza Faruqi,R16,Ice Cream Sundae,Dessert,2,? 200.00, ? 400.00 , ? 143.00 ,? 114.00,Great food! The Ice Cream Sundae was delicious and well-prepared.
O02053,22-08-2024,15:15,C0093,Aakib Raes,R162,BBQ Chicken Pizza Sandwich,Snacks,1,? 160.00, ? 160.00 , ? 115.00 ,? 45.00,Great food! The BBQ Chicken Pizza Sandwich was delicious and well-prepared.
O02054,22-08-2024,13:00,C0044,Shamsher Mujawar,R9,Palak Paneer,Vegetarian,5,? 360.00," ? 1,800.00 ", ? 273.00 ,? 435.00,A wholesome and delicious Palak Paneer. The vegetables were so fresh!
O02055,22-08-2024,14:45,C0016,Dua Khan,R134,Grilled Cheese Sandwich,Sandwiches,5,? 120.00, ? 600.00 , ? 90.00 ,? 150.00,The Grilled Cheese Sandwich was not what I expected.
O02056,23-08-2024,21:15,C0072,Kaif Taimoor,R23,Chicken Tikka,Starter,3,? 320.00, ? 960.00 , ? 233.00 ,? 261.00,The Chicken Tikka was simply delicious and fresh. Highly recommended!
O02057,23-08-2024,18:30,C0132,Sultan Momin,R48,Egg Curry,Non-Veg Main,4,? 280.00," ? 1,120.00 ", ? 203.00 ,? 308.00,The Egg Curry was too spicy for me to handle.
O02058,23-08-2024,18:15,C0001,Moh Saad Azam,R77,Veg Schezwan Noodles,Rice & Noodles,3,? 240.00, ? 720.00 , ? 171.00 ,? 207.00,Great food! The Veg Schezwan Noodles was delicious and well-prepared.
O02059,23-08-2024,18:00,C0208,Dua Momin,R154,Egg Mayo Sandwich,Snacks,2,? 85.00, ? 170.00 , ? 66.00 ,? 38.00,The Egg Mayo Sandwich was not what I expected.
O02060,23-08-2024,16:15,C0199,Arman Shaikh,R46,Onion Uttapam,Vegetarian,1,? 160.00, ? 160.00 , ? 112.00 ,? 48.00,A wholesome and delicious Onion Uttapam. The vegetables were so fresh!
O02061,23-08-2024,11:00,C0023,Shamsher Faruqi,R2,Mushroom Soup,Starter,4,? 200.00, ? 800.00 , ? 159.00 ,? 164.00,The Mushroom Soup was a bit too oily for my liking.
O02062,23-08-2024,12:15,C0249,Aasiya Mujawar,R111,Veg Thali,Meal Combo,4,? 360.00," ? 1,440.00 ", ? 263.00 ,? 388.00,A satisfying meal. The Veg Thali was a good choice.
O02063,23-08-2024,10:15,C0010,Kaif Azam,R68,Chicken Manchurian,Starter,2,? 280.00, ? 560.00 , ? 205.00 ,? 150.00,The Chicken Manchurian was a bit too oily for my liking.
O02064,23-08-2024,18:45,C0308,Ayeza Khan,R6,Grilled Salmon,Ocean Meal,5,? 500.00," ? 2,500.00 ", ? 357.00 ,? 715.00,The Grilled Salmon was excellent. Really enjoyed the meal.
O02065,23-08-2024,14:45,C0093,Aakib Raes,R169,Club Chicken Sandwich,Snacks,3,? 140.00, ? 420.00 , ? 101.00 ,? 117.00,A satisfying meal. The Club Chicken Sandwich was a good choice.
O02066,23-08-2024,17:15,C0213,Aakib Ali,R154,Egg Mayo Sandwich,Snacks,5,? 85.00, ? 425.00 , ? 66.00 ,? 95.00,Great food! The Egg Mayo Sandwich was delicious and well-prepared.
O02067,23-08-2024,12:45,C0196,Arman Taimoor,R59,Veg Pulao,Rice & Noodles,2,? 240.00, ? 480.00 , ? 190.00 ,? 100.00,The Veg Pulao was excellent. Really enjoyed the meal.
O02068,23-08-2024,17:15,C0302,Shamsher Ali,R23,Chicken Tikka,Starter,4,? 320.00," ? 1,280.00 ", ? 233.00 ,? 348.00,The Chicken Tikka was cold when it arrived at our table.
O02069,23-08-2024,15:00,C0108,Arman Azam,R168,Avocado Toast,Breakfast,5,? 150.00, ? 750.00 , ? 111.00 ,? 195.00,A satisfying meal. The Avocado Toast was a good choice.
O02070,23-08-2024,20:30,C0062,Ayeza Nadaf,R20,Veg Fried Rice,Rice & Noodles,3,? 200.00, ? 600.00 , ? 145.00 ,? 165.00,A satisfying meal. The Veg Fried Rice was a good choice.
O02071,24-08-2024,20:30,C0014,Arman Faruqi,R124,Chana Masala,Main Course,3,? 260.00, ? 780.00 , ? 185.00 ,? 225.00,A satisfying meal. The Chana Masala was a good choice.
O02072,24-08-2024,21:30,C0045,Arman Shaikh,R140,Paneer Frankie,Street Food,5,? 130.00, ? 650.00 , ? 95.00 ,? 175.00,It was an average Paneer Frankie.
O02073,24-08-2024,11:45,C0078,Arahan Shaikh,R62,Dal Makhani,Vegetarian,3,? 340.00," ? 1,020.00 ", ? 269.00 ,? 213.00,The Dal Makhani is a great choice for vegetarians. Hearty and full of flavor.
O02074,24-08-2024,12:00,C0264,Abdul Rahim Mujawar,R155,Tuna Melt Sandwich,Snacks,4,? 140.00, ? 560.00 , ? 100.00 ,? 160.00,The Tuna Melt Sandwich was excellent. Really enjoyed the meal.
O02075,24-08-2024,18:30,C0063,Aasiya Malik,R135,Paneer Kathi Roll,Street Food,3,? 140.00, ? 420.00 , ? 103.00 ,? 111.00,The Paneer Kathi Roll was excellent. Really enjoyed the meal.
O02076,24-08-2024,10:30,C0096,Imran Mujawar,R84,Chicken Clear Soup,Starter,5,? 160.00, ? 800.00 , ? 125.00 ,? 175.00,The Chicken Clear Soup was simply delicious and fresh. Highly recommended!
O02077,24-08-2024,12:45,C0053,Shahrukh Taimoor,R35,Rajma Chawal,Vegetarian,2,? 300.00, ? 600.00 , ? 238.00 ,? 124.00,The Rajma Chawal was as expected.
O02078,24-08-2024,18:30,C0061,Shamsher Raes,R139,Chicken Sub,Sandwiches,5,? 180.00, ? 900.00 , ? 137.00 ,? 215.00,The Chicken Sub met my expectations.
O02079,24-08-2024,13:45,C0195,Aasin Malik,R40,Mutton Biryani,Rice & Noodles,4,? 480.00," ? 1,920.00 ", ? 340.00 ,? 560.00,The Mutton Biryani was excellent. Really enjoyed the meal.
O02080,24-08-2024,12:00,C0217,Nikhat Mujawar,R1,Tomato Soup,Starter,2,? 180.00, ? 360.00 , ? 132.00 ,? 96.00,The Tomato Soup was simply delicious and fresh. Highly recommended!
O02081,25-08-2024,16:15,C0261,Kaif Shaikh,R110,Seekh Kebab,Starter,4,? 400.00," ? 1,600.00 ", ? 282.00 ,? 472.00,Wasn't very impressed with the Seekh Kebab. It lacked flavor.
O02082,25-08-2024,17:00,C0173,Aasifa Shaikh,R45,Medu Vada,Vegetarian,3,? 150.00, ? 450.00 , ? 112.00 ,? 114.00,A wholesome and delicious Medu Vada. The vegetables were so fresh!
O02083,25-08-2024,12:00,C0069,Aasin Khan,R35,Rajma Chawal,Vegetarian,1,? 300.00, ? 300.00 , ? 238.00 ,? 62.00,The vegetables in the Rajma Chawal seemed overcooked.
O02084,25-08-2024,14:00,C0091,Aasin Nadaf,R151,Veg Frankie Roll,Snacks,4,? 80.00, ? 320.00 , ? 62.00 ,? 72.00,The Veg Frankie Roll could have been better.
O02085,25-08-2024,19:45,C0325,Aakib Momin,R78,Chicken Schezwan Noodles,Rice & Noodles,2,? 280.00, ? 560.00 , ? 218.00 ,? 124.00,The Chicken Schezwan Noodles was not what I expected.
O02086,25-08-2024,15:15,C0214,Nikhat Taimoor,R164,Mutton Seekh Kebab Roll,Snacks,1,? 170.00, ? 170.00 , ? 132.00 ,? 38.00,Great food! The Mutton Seekh Kebab Roll was delicious and well-prepared.
O02087,25-08-2024,22:00,C0304,Danish Sayyad,R143,Chicken Burger,Fast Food,3,? 160.00, ? 480.00 , ? 115.00 ,? 135.00,The Chicken Burger was excellent. Really enjoyed the meal.
O02088,25-08-2024,12:15,C0280,Dua Faruqi,R43,Idli Sambar,Vegetarian,2,? 160.00, ? 320.00 , ? 119.00 ,? 82.00,The Idli Sambar was as expected.
O02089,25-08-2024,14:30,C0239,Arman Momin,R139,Chicken Sub,Sandwiches,3,? 180.00, ? 540.00 , ? 137.00 ,? 129.00,The Chicken Sub was excellent. Really enjoyed the meal.
O02090,26-08-2024,10:45,C0051,Dua Khan,R48,Egg Curry,Non-Veg Main,3,? 280.00, ? 840.00 , ? 203.00 ,? 231.00,A truly authentic and flavorful Egg Curry. It was very satisfying.
O02091,26-08-2024,11:15,C0145,Imran Khan,R72,Chicken Spring Rolls,Starter,3,? 260.00, ? 780.00 , ? 189.00 ,? 213.00,The Chicken Spring Rolls was cold when it arrived at our table.
O02092,26-08-2024,17:15,C0049,Aman Khan,R150,Aloo Parantha,Breads,4,? 80.00, ? 320.00 , ? 63.00 ,? 68.00,The Aloo Parantha was excellent. Really enjoyed the meal.
O02093,26-08-2024,19:00,C0050,Dua Sayyad,R83,Veg Clear Soup,Starter,2,? 120.00, ? 240.00 , ? 84.00 ,? 72.00,The Veg Clear Soup was a fantastic start to our meal! Perfectly crispy.
O02094,26-08-2024,15:45,C0063,Aasiya Malik,R153,Paneer Bhurji Sandwich,Snacks,3,? 75.00, ? 225.00 , ? 59.00 ,? 48.00,It was an average Paneer Bhurji Sandwich.
O02095,26-08-2024,15:45,C0310,Ayeza Faruqi,R17,French Fries,Starter,4,? 120.00, ? 480.00 , ? 87.00 ,? 132.00,The French Fries was cold when it arrived at our table.
O02096,26-08-2024,21:30,C0181,Aman Khan,R83,Veg Clear Soup,Starter,3,? 120.00, ? 360.00 , ? 84.00 ,? 108.00,Wasn't very impressed with the Veg Clear Soup. It lacked flavor.
O02097,26-08-2024,10:00,C0204,Aasifa Faruqi,R54,Aloo Gobi,Vegetarian,3,? 220.00, ? 660.00 , ? 166.00 ,? 162.00,Loved the Aloo Gobi! It was a delightful and well-prepared vegetarian meal.
O02098,26-08-2024,11:15,C0209,Aasiya Malik,R43,Idli Sambar,Vegetarian,1,? 160.00, ? 160.00 , ? 119.00 ,? 41.00,The Idli Sambar is a great choice for vegetarians. Hearty and full of flavor.
O02099,27-08-2024,15:00,C0134,Isharat Nadaf,R75,Schezwan Fried Rice,Rice & Noodles,3,? 220.00, ? 660.00 , ? 160.00 ,? 180.00,The Schezwan Fried Rice was excellent. Really enjoyed the meal.
O02100,27-08-2024,20:45,C0096,Imran Mujawar,R132,Garlic Naan,Breads,2,? 70.00, ? 140.00 , ? 54.00 ,? 32.00,The Garlic Naan was not what I expected.
O02101,27-08-2024,21:15,C0138,Wahaj Taimoor,R25,Spring Rolls,Starter,4,? 220.00, ? 880.00 , ? 164.00 ,? 224.00,The Spring Rolls was simply delicious and fresh. Highly recommended!
O02102,27-08-2024,15:45,C0249,Aasiya Mujawar,R13,Gulab Jamun,Dessert,3,? 150.00, ? 450.00 , ? 117.00 ,? 99.00,The Gulab Jamun met my expectations.
O02103,27-08-2024,21:30,C0055,Sultan Momin,R36,Chole Bhature,Vegetarian,4,? 280.00," ? 1,120.00 ", ? 223.00 ,? 228.00,The Chole Bhature is a great choice for vegetarians. Hearty and full of flavor.
O02104,27-08-2024,11:30,C0046,Nikhat Taimoor,R61,Vegetable Korma,Vegetarian,3,? 320.00, ? 960.00 , ? 243.00 ,? 231.00,"It was an okay Vegetable Korma, but I've had better."
O02105,27-08-2024,11:00,C0300,Dua Azam,R25,Spring Rolls,Starter,3,? 220.00, ? 660.00 , ? 164.00 ,? 168.00,Wasn't very impressed with the Spring Rolls. It lacked flavor.
O02106,27-08-2024,17:15,C0242,Arahan Mujawar,R62,Dal Makhani,Vegetarian,5,? 340.00," ? 1,700.00 ", ? 269.00 ,? 355.00,"It was an okay Dal Makhani, but I've had better."
O02107,27-08-2024,16:15,C0025,Aasifa Khan,R25,Spring Rolls,Starter,3,? 220.00, ? 660.00 , ? 164.00 ,? 168.00,"The Spring Rolls was decent, but nothing special."
O02108,27-08-2024,21:00,C0273,Aasin Mujawar,R163,Corn & Cheese Sandwich,Snacks,5,? 90.00, ? 450.00 , ? 66.00 ,? 120.00,The Corn & Cheese Sandwich was fine.
O02109,28-08-2024,12:45,C0286,Sher Malik,R21,Chicken Fried Rice,Rice & Noodles,2,? 240.00, ? 480.00 , ? 182.00 ,? 116.00,The Chicken Fried Rice was not what I expected.
O02110,28-08-2024,13:00,C0230,Arman Azam,R72,Chicken Spring Rolls,Starter,2,? 260.00, ? 520.00 , ? 189.00 ,? 142.00,"The Chicken Spring Rolls was decent, but nothing special."
O02111,28-08-2024,11:15,C0091,Aasin Nadaf,R56,Tandoori Chicken,Non-Veg Main,2,? 460.00, ? 920.00 , ? 366.00 ,? 188.00,The Tandoori Chicken was the highlight of our meal. Absolutely delicious!
O02112,28-08-2024,18:45,C0292,Arahan Taimoor,R26,Pasta Alfredo,Continental,2,? 320.00, ? 640.00 , ? 249.00 ,? 142.00,Great food! The Pasta Alfredo was delicious and well-prepared.
O02113,28-08-2024,20:15,C0106,Aasin Mujawar,R112,Non-Veg Thali,Meal Combo,1,? 440.00, ? 440.00 , ? 322.00 ,? 118.00,The Non-Veg Thali could have been better.
O02114,28-08-2024,21:45,C0198,Danish Faruqi,R20,Veg Fried Rice,Rice & Noodles,1,? 200.00, ? 200.00 , ? 145.00 ,? 55.00,A satisfying meal. The Veg Fried Rice was a good choice.
O02115,28-08-2024,11:45,C0206,Aariz Faruqi,R74,Chili Chicken,Starter,3,? 340.00," ? 1,020.00 ", ? 250.00 ,? 270.00,The Chili Chicken was simply delicious and fresh. Highly recommended!
O02116,29-08-2024,22:45,C0107,Aasifa Faruqi,R20,Veg Fried Rice,Rice & Noodles,2,? 200.00, ? 400.00 , ? 145.00 ,? 110.00,The Veg Fried Rice was excellent. Really enjoyed the meal.
O02117,29-08-2024,11:15,C0256,Arman Faruqi,R13,Gulab Jamun,Dessert,4,? 150.00, ? 600.00 , ? 117.00 ,? 132.00,Great food! The Gulab Jamun was delicious and well-prepared.
O02118,29-08-2024,22:00,C0297,Wahaj Ali,R52,Bhindi Masala,Vegetarian,3,? 240.00, ? 720.00 , ? 175.00 ,? 195.00,Loved the Bhindi Masala! It was a delightful and well-prepared vegetarian meal.
O02119,29-08-2024,13:30,C0271,Aasiya Mujawar,R56,Tandoori Chicken,Non-Veg Main,1,? 460.00, ? 460.00 , ? 366.00 ,? 94.00,Felt that the Tandoori Chicken was overpriced for its quality.
O02120,29-08-2024,10:30,C0161,Isharat Momin,R155,Tuna Melt Sandwich,Snacks,2,? 140.00, ? 280.00 , ? 100.00 ,? 80.00,Great food! The Tuna Melt Sandwich was delicious and well-prepared.
O02121,29-08-2024,18:30,C0126,Aakib Momin,R63,Prawn Masala,Non-Veg Main,4,? 460.00," ? 1,840.00 ", ? 326.00 ,? 536.00,The Prawn Masala was the highlight of our meal. Absolutely delicious!
O02122,29-08-2024,21:45,C0164,Aakib Malik,R157,Peri Peri Chicken Wings,Snacks,3,? 180.00, ? 540.00 , ? 135.00 ,? 135.00,The Peri Peri Chicken Wings was fine.
O02123,29-08-2024,14:45,C0245,Wahaj Taimoor,R110,Seekh Kebab,Starter,3,? 400.00," ? 1,200.00 ", ? 282.00 ,? 354.00,The Seekh Kebab was cold when it arrived at our table.
O02124,29-08-2024,21:15,C0068,Abdul Rahim Shaikh,R30,Shahi Paneer,Vegetarian,5,? 400.00," ? 2,000.00 ", ? 281.00 ,? 595.00,I found the Shahi Paneer to be a bit watery.
O02125,29-08-2024,17:30,C0196,Arman Taimoor,R8,Paneer Butter Masala,Vegetarian,4,? 380.00," ? 1,520.00 ", ? 298.00 ,? 328.00,The Paneer Butter Masala is a great choice for vegetarians. Hearty and full of flavor.
O02126,29-08-2024,19:15,C0108,Arman Azam,R29,Greek Salad,Salad,3,? 260.00, ? 780.00 , ? 197.00 ,? 189.00,The Greek Salad was excellent. Really enjoyed the meal.
O02127,29-08-2024,13:30,C0072,Kaif Taimoor,R60,Egg Biryani,Rice & Noodles,5,? 340.00," ? 1,700.00 ", ? 268.00 ,? 360.00,Great food! The Egg Biryani was delicious and well-prepared.
O02128,29-08-2024,12:15,C0159,Arman Taimoor,R64,Crab Curry,Non-Veg Main,1,? 520.00, ? 520.00 , ? 374.00 ,? 146.00,The Crab Curry was satisfactory.
O02129,29-08-2024,17:45,C0253,Kaif Sayyad,R150,Aloo Parantha,Breads,1,? 80.00, ? 80.00 , ? 63.00 ,? 17.00,I was not a fan of the Aloo Parantha.
O02130,30-08-2024,14:00,C0122,Aakib Nadaf,R150,Aloo Parantha,Breads,5,? 80.00, ? 400.00 , ? 63.00 ,? 85.00,The Aloo Parantha was excellent. Really enjoyed the meal.
O02131,30-08-2024,22:00,C0312,Danish Khan,R29,Greek Salad,Salad,5,? 260.00," ? 1,300.00 ", ? 197.00 ,? 315.00,A satisfying meal. The Greek Salad was a good choice.
O02132,30-08-2024,16:45,C0197,Arahan Ali,R86,Chicken Momos,Starter,5,? 220.00," ? 1,100.00 ", ? 170.00 ,? 250.00,"The Chicken Momos was decent, but nothing special."
O02133,30-08-2024,10:00,C0109,Aman Mujawar,R110,Seekh Kebab,Starter,4,? 400.00," ? 1,600.00 ", ? 282.00 ,? 472.00,Absolutely loved the Seekh Kebab! It was the perfect appetizer to get us started.
O02134,30-08-2024,20:00,C0313,Aakib Shikalkar,R138,Veggie Sub,Sandwiches,2,? 150.00, ? 300.00 , ? 105.00 ,? 90.00,A satisfying meal. The Veggie Sub was a good choice.
O02135,30-08-2024,10:30,C0170,Sher Shikalkar,R89,Fried Momos (Chicken),Starter,5,? 240.00," ? 1,200.00 ", ? 176.00 ,? 320.00,The Fried Momos (Chicken) was cold when it arrived at our table.
O02136,30-08-2024,12:15,C0212,Shahrukh Mujawar,R86,Chicken Momos,Starter,5,? 220.00," ? 1,100.00 ", ? 170.00 ,? 250.00,The Chicken Momos was simply delicious and fresh. Highly recommended!
O02137,30-08-2024,15:45,C0006,Imran Taimoor,R16,Ice Cream Sundae,Dessert,4,? 200.00, ? 800.00 , ? 143.00 ,? 228.00,A satisfying meal. The Ice Cream Sundae was a good choice.
O02138,30-08-2024,20:45,C0174,Anis Malik,R46,Onion Uttapam,Vegetarian,1,? 160.00, ? 160.00 , ? 112.00 ,? 48.00,The Onion Uttapam is a great choice for vegetarians. Hearty and full of flavor.
O02139,31-08-2024,20:30,C0265,Aasin Ali,R165,Paneer Tandoori Wrap,Snacks,1,? 120.00, ? 120.00 , ? 94.00 ,? 26.00,The Paneer Tandoori Wrap was excellent. Really enjoyed the meal.
O02140,31-08-2024,12:45,C0319,Sultan Raes,R85,Veg Momos,Starter,4,? 180.00, ? 720.00 , ? 138.00 ,? 168.00,Absolutely loved the Veg Momos! It was the perfect appetizer to get us started.
O02141,31-08-2024,14:00,C0217,Nikhat Mujawar,R1,Tomato Soup,Starter,2,? 180.00, ? 360.00 , ? 132.00 ,? 96.00,The Tomato Soup was okay. It was a standard appetizer.
O02142,31-08-2024,19:00,C0017,Wahaj Taimoor,R163,Corn & Cheese Sandwich,Snacks,1,? 90.00, ? 90.00 , ? 66.00 ,? 24.00,Great food! The Corn & Cheese Sandwich was delicious and well-prepared.
O02143,31-08-2024,22:15,C0097,Isharat Taimoor,R74,Chili Chicken,Starter,2,? 340.00, ? 680.00 , ? 250.00 ,? 180.00,The Chili Chicken was cold when it arrived at our table.
O02144,31-08-2024,10:30,C0238,Aakib Malik,R76,Schezwan Chicken Fried Rice,Rice & Noodles,3,? 280.00, ? 840.00 , ? 211.00 ,? 207.00,The Schezwan Chicken Fried Rice was excellent. Really enjoyed the meal.
O02145,31-08-2024,12:15,C0266,Aasifa Sayyad,R18,Veg Hakka Noodles,Rice & Noodles,1,? 220.00, ? 220.00 , ? 165.00 ,? 55.00,Great food! The Veg Hakka Noodles was delicious and well-prepared.
O02146,31-08-2024,21:00,C0177,Sultan Ali,R111,Veg Thali,Meal Combo,4,? 360.00," ? 1,440.00 ", ? 263.00 ,? 388.00,I was not a fan of the Veg Thali.
O02147,31-08-2024,19:15,C0079,Shahrukh Faruqi,R136,Chicken Kathi Roll,Street Food,4,? 160.00, ? 640.00 , ? 112.00 ,? 192.00,The Chicken Kathi Roll was excellent. Really enjoyed the meal.
O02148,31-08-2024,15:45,C0234,Moh Saad Faruqi,R50,Kadai Paneer,Vegetarian,5,? 360.00," ? 1,800.00 ", ? 275.00 ,? 425.00,I found the Kadai Paneer to be a bit watery.
O02149,31-08-2024,22:30,C0097,Isharat Taimoor,R59,Veg Pulao,Rice & Noodles,2,? 240.00, ? 480.00 , ? 190.00 ,? 100.00,A satisfying meal. The Veg Pulao was a good choice.
O02150,31-08-2024,18:15,C0163,Shamsher Shikalkar,R8,Paneer Butter Masala,Vegetarian,2,? 380.00, ? 760.00 , ? 298.00 ,? 164.00,The Paneer Butter Masala was bland and needed more seasoning.
O02151,31-08-2024,15:45,C0049,Aman Khan,R40,Mutton Biryani,Rice & Noodles,3,? 480.00," ? 1,440.00 ", ? 340.00 ,? 420.00,The Mutton Biryani met my expectations.
O02152,31-08-2024,21:15,C0201,Sher Sayyad,R136,Chicken Kathi Roll,Street Food,5,? 160.00, ? 800.00 , ? 112.00 ,? 240.00,Great food! The Chicken Kathi Roll was delicious and well-prepared.
O02153,01-09-2024,13:15,C0284,Sher Shaikh,R11,Margherita Pizza,Pizza,2,? 330.00, ? 660.00 , ? 231.00 ,? 198.00,It was an average Margherita Pizza.
O02154,01-09-2024,12:15,C0313,Aakib Shikalkar,R168,Avocado Toast,Breakfast,5,? 150.00, ? 750.00 , ? 111.00 ,? 195.00,I was not a fan of the Avocado Toast.
O02155,01-09-2024,15:00,C0101,Aariz Malik,R103,Fish Curry (Goan),Main Course,3,? 380.00," ? 1,140.00 ", ? 289.00 ,? 273.00,The Fish Curry (Goan) was not what I expected.
O02156,01-09-2024,13:45,C0126,Aakib Momin,R55,Jeera Rice,Rice & Noodles,2,? 180.00, ? 360.00 , ? 129.00 ,? 102.00,A satisfying meal. The Jeera Rice was a good choice.
O02157,01-09-2024,18:45,C0226,Aman Taimoor,R52,Bhindi Masala,Vegetarian,4,? 240.00, ? 960.00 , ? 175.00 ,? 260.00,The vegetables in the Bhindi Masala seemed overcooked.
O02158,01-09-2024,21:15,C0220,Rihan Mujawar,R61,Vegetable Korma,Vegetarian,4,? 320.00," ? 1,280.00 ", ? 243.00 ,? 308.00,A wholesome and delicious Vegetable Korma. The vegetables were so fresh!
O02159,01-09-2024,19:45,C0226,Aman Taimoor,R35,Rajma Chawal,Vegetarian,4,? 300.00," ? 1,200.00 ", ? 238.00 ,? 248.00,The Rajma Chawal was a decent vegetarian option.
O02160,01-09-2024,10:45,C0287,Nikhat Shaikh,R168,Avocado Toast,Breakfast,5,? 150.00, ? 750.00 , ? 111.00 ,? 195.00,Great food! The Avocado Toast was delicious and well-prepared.
O02161,01-09-2024,11:30,C0287,Nikhat Shaikh,R72,Chicken Spring Rolls,Starter,3,? 260.00, ? 780.00 , ? 189.00 ,? 213.00,The Chicken Spring Rolls was simply delicious and fresh. Highly recommended!
O02162,01-09-2024,11:45,C0045,Arman Shaikh,R4,Chicken Biryani,Rice Meal,3,? 440.00," ? 1,320.00 ", ? 334.00 ,? 318.00,Great food! The Chicken Biryani was delicious and well-prepared.
O02163,01-09-2024,14:15,C0275,Arman Khan,R33,Fish Curry,Non-Veg Main,1,? 400.00, ? 400.00 , ? 286.00 ,? 114.00,The Fish Curry was satisfactory.
O02164,01-09-2024,15:00,C0246,Aariz Raes,R21,Chicken Fried Rice,Rice & Noodles,4,? 240.00, ? 960.00 , ? 182.00 ,? 232.00,Great food! The Chicken Fried Rice was delicious and well-prepared.
O02165,01-09-2024,16:15,C0009,Shamsher Khan,R60,Egg Biryani,Rice & Noodles,1,? 340.00, ? 340.00 , ? 268.00 ,? 72.00,The Egg Biryani met my expectations.
O02166,02-09-2024,19:15,C0298,Aasin Malik,R100,Biryani (Veg),Rice,4,? 320.00," ? 1,280.00 ", ? 251.00 ,? 276.00,The Biryani (Veg) was excellent. Really enjoyed the meal.
O02167,02-09-2024,21:15,C0241,Shamsher Faruqi,R19,Chicken Hakka Noodles,Rice & Noodles,4,? 260.00," ? 1,040.00 ", ? 193.00 ,? 268.00,Great food! The Chicken Hakka Noodles was delicious and well-prepared.
O02168,02-09-2024,16:00,C0099,Aariz Faruqi,R133,Club Sandwich,Sandwiches,2,? 160.00, ? 320.00 , ? 119.00 ,? 82.00,Great food! The Club Sandwich was delicious and well-prepared.
O02169,02-09-2024,16:45,C0296,Aariz Sayyad,R46,Onion Uttapam,Vegetarian,3,? 160.00, ? 480.00 , ? 112.00 ,? 144.00,"It was an okay Onion Uttapam, but I've had better."
O02170,02-09-2024,19:45,C0002,Dua Khan,R1,Tomato Soup,Starter,5,? 180.00, ? 900.00 , ? 132.00 ,? 240.00,The Tomato Soup was simply delicious and fresh. Highly recommended!
O02171,02-09-2024,21:30,C0057,Arman Azam,R45,Medu Vada,Vegetarian,5,? 150.00, ? 750.00 , ? 112.00 ,? 190.00,The Medu Vada was a decent vegetarian option.
O02172,02-09-2024,17:15,C0169,Anis Taimoor,R23,Chicken Tikka,Starter,1,? 320.00, ? 320.00 , ? 233.00 ,? 87.00,The Chicken Tikka was simply delicious and fresh. Highly recommended!
O02173,02-09-2024,11:00,C0257,Aman Nadaf,R17,French Fries,Starter,2,? 120.00, ? 240.00 , ? 87.00 ,? 66.00,Wasn't very impressed with the French Fries. It lacked flavor.
O02174,02-09-2024,18:45,C0128,Moh Saad Shikalkar,R120,Pani Puri,Snack,2,? 100.00, ? 200.00 , ? 74.00 ,? 52.00,A satisfying meal. The Pani Puri was a good choice.
O02175,02-09-2024,15:45,C0226,Aman Taimoor,R89,Fried Momos (Chicken),Starter,5,? 240.00," ? 1,200.00 ", ? 176.00 ,? 320.00,The Fried Momos (Chicken) was a fantastic start to our meal! Perfectly crispy.
O02176,03-09-2024,17:30,C0111,Moh Saad Raes,R35,Rajma Chawal,Vegetarian,5,? 300.00," ? 1,500.00 ", ? 238.00 ,? 310.00,A wholesome and delicious Rajma Chawal. The vegetables were so fresh!
O02177,03-09-2024,14:00,C0089,Aasin Shaikh,R154,Egg Mayo Sandwich,Snacks,3,? 85.00, ? 255.00 , ? 66.00 ,? 57.00,Great food! The Egg Mayo Sandwich was delicious and well-prepared.
O02178,03-09-2024,10:15,C0121,Rihan Mujawar,R83,Veg Clear Soup,Starter,2,? 120.00, ? 240.00 , ? 84.00 ,? 72.00,Wasn't very impressed with the Veg Clear Soup. It lacked flavor.
O02179,03-09-2024,19:45,C0110,Danish Momin,R154,Egg Mayo Sandwich,Snacks,3,? 85.00, ? 255.00 , ? 66.00 ,? 57.00,I was not a fan of the Egg Mayo Sandwich.
O02180,03-09-2024,22:45,C0066,Abdul Rahim Mujawar,R48,Egg Curry,Non-Veg Main,5,? 280.00," ? 1,400.00 ", ? 203.00 ,? 385.00,The Egg Curry was too spicy for me to handle.
O02181,03-09-2024,17:45,C0004,Ayeza Ali,R157,Peri Peri Chicken Wings,Snacks,5,? 180.00, ? 900.00 , ? 135.00 ,? 225.00,A satisfying meal. The Peri Peri Chicken Wings was a good choice.
O02182,03-09-2024,12:00,C0004,Ayeza Ali,R149,Paneer Parantha,Breads,4,? 90.00, ? 360.00 , ? 64.00 ,? 104.00,The Paneer Parantha was fine.
O02183,03-09-2024,17:00,C0330,Kaif Momin,R89,Fried Momos (Chicken),Starter,4,? 240.00, ? 960.00 , ? 176.00 ,? 256.00,The Fried Momos (Chicken) was a fantastic start to our meal! Perfectly crispy.
O02184,03-09-2024,21:15,C0278,Sultan Shikalkar,R24,Samosa,Starter,5,? 100.00, ? 500.00 , ? 73.00 ,? 135.00,The Samosa was a bit too oily for my liking.
O02185,03-09-2024,11:15,C0307,Aasiya Mujawar,R161,Grilled Veg Panini,Snacks,2,? 140.00, ? 280.00 , ? 99.00 ,? 82.00,Great food! The Grilled Veg Panini was delicious and well-prepared.
O02186,03-09-2024,12:00,C0206,Aariz Faruqi,R83,Veg Clear Soup,Starter,3,? 120.00, ? 360.00 , ? 84.00 ,? 108.00,The Veg Clear Soup was a fantastic start to our meal! Perfectly crispy.
O02187,03-09-2024,12:00,C0175,Aasiya Momin,R110,Seekh Kebab,Starter,4,? 400.00," ? 1,600.00 ", ? 282.00 ,? 472.00,Wasn't very impressed with the Seekh Kebab. It lacked flavor.
O02188,03-09-2024,12:45,C0172,Ayeza Shaikh,R26,Pasta Alfredo,Continental,5,? 320.00," ? 1,600.00 ", ? 249.00 ,? 355.00,A satisfying meal. The Pasta Alfredo was a good choice.
O02189,04-09-2024,14:45,C0108,Arman Azam,R152,Chicken Kathi Roll,Snacks,4,? 120.00, ? 480.00 , ? 91.00 ,? 116.00,The Chicken Kathi Roll was fine.
O02190,04-09-2024,17:30,C0323,Wahaj Ali,R2,Mushroom Soup,Starter,4,? 200.00, ? 800.00 , ? 159.00 ,? 164.00,The Mushroom Soup was simply delicious and fresh. Highly recommended!
O02191,04-09-2024,10:15,C0052,Shahrukh Sayyad,R157,Peri Peri Chicken Wings,Snacks,1,? 180.00, ? 180.00 , ? 135.00 ,? 45.00,Great food! The Peri Peri Chicken Wings was delicious and well-prepared.
O02192,04-09-2024,13:45,C0225,Arman Faruqi,R144,Paneer Shawarma,Street Food,2,? 150.00, ? 300.00 , ? 111.00 ,? 78.00,The Paneer Shawarma was excellent. Really enjoyed the meal.
O02193,04-09-2024,20:00,C0283,Shahrukh Sayyad,R38,Biryani Veg,Rice & Noodles,4,? 320.00," ? 1,280.00 ", ? 233.00 ,? 348.00,The Biryani Veg was not what I expected.
O02194,04-09-2024,22:45,C0254,Sultan Ali,R160,Chicken Caesar Wrap,Snacks,2,? 150.00, ? 300.00 , ? 109.00 ,? 82.00,I was not a fan of the Chicken Caesar Wrap.
O02195,04-09-2024,14:00,C0129,Sher Taimoor,R44,Vada Sambar,Vegetarian,5,? 170.00, ? 850.00 , ? 121.00 ,? 245.00,Loved the Vada Sambar! It was a delightful and well-prepared vegetarian meal.
O02196,04-09-2024,16:00,C0305,Aasin Faruqi,R142,Paneer Burger,Fast Food,3,? 140.00, ? 420.00 , ? 110.00 ,? 90.00,I was not a fan of the Paneer Burger.
O02197,04-09-2024,19:15,C0205,Rihan Taimoor,R50,Kadai Paneer,Vegetarian,3,? 360.00," ? 1,080.00 ", ? 275.00 ,? 255.00,Loved the Kadai Paneer! It was a delightful and well-prepared vegetarian meal.
O02198,04-09-2024,15:45,C0176,Abdul Rahim Shikalkar,R163,Corn & Cheese Sandwich,Snacks,4,? 90.00, ? 360.00 , ? 66.00 ,? 96.00,The Corn & Cheese Sandwich was not what I expected.
O02199,04-09-2024,18:15,C0198,Danish Faruqi,R56,Tandoori Chicken,Non-Veg Main,4,? 460.00," ? 1,840.00 ", ? 366.00 ,? 376.00,Felt that the Tandoori Chicken was overpriced for its quality.
O02200,04-09-2024,15:00,C0221,Arman Mujawar,R76,Schezwan Chicken Fried Rice,Rice & Noodles,4,? 280.00," ? 1,120.00 ", ? 211.00 ,? 276.00,The Schezwan Chicken Fried Rice was excellent. Really enjoyed the meal.
O02201,05-09-2024,14:45,C0239,Arman Momin,R57,Chicken Tikka Masala,Non-Veg Main,4,? 480.00," ? 1,920.00 ", ? 373.00 ,? 428.00,The Chicken Tikka Masala was cooked to perfection. The spices were spot on!
O02202,05-09-2024,14:00,C0116,Arman Khan,R37,Pav Bhaji,Vegetarian,2,? 220.00, ? 440.00 , ? 171.00 ,? 98.00,A wholesome and delicious Pav Bhaji. The vegetables were so fresh!
O02203,05-09-2024,17:30,C0078,Arahan Shaikh,R15,Tiramisu,Dessert,1,? 280.00, ? 280.00 , ? 201.00 ,? 79.00,Great food! The Tiramisu was delicious and well-prepared.
O02204,05-09-2024,10:15,C0014,Arman Faruqi,R163,Corn & Cheese Sandwich,Snacks,5,? 90.00, ? 450.00 , ? 66.00 ,? 120.00,The Corn & Cheese Sandwich met my expectations.
O02205,05-09-2024,15:15,C0154,Aasin Shikalkar,R149,Paneer Parantha,Breads,4,? 90.00, ? 360.00 , ? 64.00 ,? 104.00,The Paneer Parantha was not what I expected.
O02206,05-09-2024,11:45,C0114,Imran Faruqi,R63,Prawn Masala,Non-Veg Main,4,? 460.00," ? 1,840.00 ", ? 326.00 ,? 536.00,The Prawn Masala was the highlight of our meal. Absolutely delicious!
O02207,05-09-2024,14:45,C0049,Aman Khan,R165,Paneer Tandoori Wrap,Snacks,4,? 120.00, ? 480.00 , ? 94.00 ,? 104.00,Great food! The Paneer Tandoori Wrap was delicious and well-prepared.
O02208,05-09-2024,12:00,C0219,Isharat Nadaf,R54,Aloo Gobi,Vegetarian,5,? 220.00," ? 1,100.00 ", ? 166.00 ,? 270.00,The Aloo Gobi was as expected.
O02209,05-09-2024,16:45,C0162,Shamsher Mujawar,R143,Chicken Burger,Fast Food,3,? 160.00, ? 480.00 , ? 115.00 ,? 135.00,The Chicken Burger was excellent. Really enjoyed the meal.
O02210,06-09-2024,11:00,C0115,Aasifa Nadaf,R52,Bhindi Masala,Vegetarian,5,? 240.00," ? 1,200.00 ", ? 175.00 ,? 325.00,The Bhindi Masala is a great choice for vegetarians. Hearty and full of flavor.
O02211,06-09-2024,20:00,C0058,Danish Nadaf,R142,Paneer Burger,Fast Food,5,? 140.00, ? 700.00 , ? 110.00 ,? 150.00,A satisfying meal. The Paneer Burger was a good choice.
O02212,06-09-2024,22:15,C0201,Sher Sayyad,R120,Pani Puri,Snack,1,? 100.00, ? 100.00 , ? 74.00 ,? 26.00,The Pani Puri was excellent. Really enjoyed the meal.
O02213,06-09-2024,10:45,C0245,Wahaj Taimoor,R160,Chicken Caesar Wrap,Snacks,2,? 150.00, ? 300.00 , ? 109.00 ,? 82.00,A satisfying meal. The Chicken Caesar Wrap was a good choice.
O02214,06-09-2024,14:30,C0073,Moh Saad Taimoor,R138,Veggie Sub,Sandwiches,1,? 150.00, ? 150.00 , ? 105.00 ,? 45.00,The Veggie Sub was fine.
O02215,06-09-2024,19:45,C0242,Arahan Mujawar,R137,Veg Wrap,Sandwiches,3,? 130.00, ? 390.00 , ? 92.00 ,? 114.00,The Veg Wrap was excellent. Really enjoyed the meal.
O02216,06-09-2024,10:30,C0072,Kaif Taimoor,R77,Veg Schezwan Noodles,Rice & Noodles,1,? 240.00, ? 240.00 , ? 171.00 ,? 69.00,It was an average Veg Schezwan Noodles.
O02217,06-09-2024,20:30,C0074,Moh Saad Malik,R141,Chicken Frankie,Street Food,4,? 150.00, ? 600.00 , ? 112.00 ,? 152.00,A satisfying meal. The Chicken Frankie was a good choice.
O02218,06-09-2024,10:15,C0243,Imran Sayyad,R162,BBQ Chicken Pizza Sandwich,Snacks,1,? 160.00, ? 160.00 , ? 115.00 ,? 45.00,It was an average BBQ Chicken Pizza Sandwich.
O02219,06-09-2024,15:30,C0327,Abdul Rahim Mujawar,R120,Pani Puri,Snack,5,? 100.00, ? 500.00 , ? 74.00 ,? 130.00,Great food! The Pani Puri was delicious and well-prepared.
O02220,06-09-2024,15:45,C0008,Dua Sayyad,R143,Chicken Burger,Fast Food,5,? 160.00, ? 800.00 , ? 115.00 ,? 225.00,A satisfying meal. The Chicken Burger was a good choice.
O02221,06-09-2024,19:15,C0279,Arman Taimoor,R133,Club Sandwich,Sandwiches,5,? 160.00, ? 800.00 , ? 119.00 ,? 205.00,The Club Sandwich was excellent. Really enjoyed the meal.
O02222,06-09-2024,11:30,C0069,Aasin Khan,R111,Veg Thali,Meal Combo,1,? 360.00, ? 360.00 , ? 263.00 ,? 97.00,A satisfying meal. The Veg Thali was a good choice.
O02223,07-09-2024,17:30,C0317,Rihan Azam,R78,Chicken Schezwan Noodles,Rice & Noodles,4,? 280.00," ? 1,120.00 ", ? 218.00 ,? 248.00,The Chicken Schezwan Noodles was not what I expected.
O02224,07-09-2024,20:15,C0070,Aasifa Azam,R60,Egg Biryani,Rice & Noodles,1,? 340.00, ? 340.00 , ? 268.00 ,? 72.00,The Egg Biryani was not what I expected.
O02225,07-09-2024,22:45,C0090,Shahrukh Khan,R133,Club Sandwich,Sandwiches,5,? 160.00, ? 800.00 , ? 119.00 ,? 205.00,A satisfying meal. The Club Sandwich was a good choice.
O02226,07-09-2024,15:15,C0034,Anis Raes,R88,Fried Momos (Veg),Starter,3,? 200.00, ? 600.00 , ? 141.00 ,? 177.00,It was an average Fried Momos (Veg).
O02227,07-09-2024,19:00,C0173,Aasifa Shaikh,R13,Gulab Jamun,Dessert,5,? 150.00, ? 750.00 , ? 117.00 ,? 165.00,The Gulab Jamun was not what I expected.
O02228,07-09-2024,10:30,C0009,Shamsher Khan,R16,Ice Cream Sundae,Dessert,4,? 200.00, ? 800.00 , ? 143.00 ,? 228.00,A satisfying meal. The Ice Cream Sundae was a good choice.
O02229,07-09-2024,22:15,C0244,Arahan Raes,R27,Pasta Arrabbiata,Continental,1,? 300.00, ? 300.00 , ? 215.00 ,? 85.00,A satisfying meal. The Pasta Arrabbiata was a good choice.
O02230,07-09-2024,13:30,C0172,Ayeza Shaikh,R143,Chicken Burger,Fast Food,5,? 160.00, ? 800.00 , ? 115.00 ,? 225.00,The Chicken Burger was excellent. Really enjoyed the meal.
O02231,07-09-2024,19:00,C0118,Aman Azam,R79,Hot & Sour Soup (Veg),Starter,4,? 160.00, ? 640.00 , ? 113.00 ,? 188.00,It was an average Hot & Sour Soup (Veg).
O02232,07-09-2024,13:15,C0283,Shahrukh Sayyad,R90,Tandoori Momos,Starter,3,? 260.00, ? 780.00 , ? 185.00 ,? 225.00,The Tandoori Momos was a bit too oily for my liking.
O02233,07-09-2024,11:45,C0291,Aman Faruqi,R12,Veggie Burger,Burger,5,? 250.00," ? 1,250.00 ", ? 199.00 ,? 255.00,The Veggie Burger was fine.
O02234,07-09-2024,10:30,C0092,Sultan Shaikh,R10,Pepperoni Pizza,Pizza,5,? 368.00," ? 1,840.00 ", ? 283.00 ,? 425.00,Great food! The Pepperoni Pizza was delicious and well-prepared.
O02235,08-09-2024,20:15,C0041,Aakib Shaikh,R4,Chicken Biryani,Rice Meal,1,? 440.00, ? 440.00 , ? 334.00 ,? 106.00,A satisfying meal. The Chicken Biryani was a good choice.
O02236,08-09-2024,19:00,C0034,Anis Raes,R119,Misal Pav,Snack,3,? 160.00, ? 480.00 , ? 126.00 ,? 102.00,I was not a fan of the Misal Pav.
O02237,08-09-2024,13:00,C0016,Dua Khan,R1,Tomato Soup,Starter,2,? 180.00, ? 360.00 , ? 132.00 ,? 96.00,The Tomato Soup was cold when it arrived at our table.
O02238,08-09-2024,19:45,C0102,Aasifa Taimoor,R155,Tuna Melt Sandwich,Snacks,1,? 140.00, ? 140.00 , ? 100.00 ,? 40.00,The Tuna Melt Sandwich was excellent. Really enjoyed the meal.
O02239,08-09-2024,13:30,C0187,Aasin Nadaf,R28,Caesar Salad,Salad,5,? 280.00," ? 1,400.00 ", ? 210.00 ,? 350.00,A satisfying meal. The Caesar Salad was a good choice.
O02240,08-09-2024,16:30,C0029,Rihan Sayyad,R17,French Fries,Starter,3,? 120.00, ? 360.00 , ? 87.00 ,? 99.00,The French Fries was a fantastic start to our meal! Perfectly crispy.
O02241,08-09-2024,16:00,C0010,Kaif Azam,R124,Chana Masala,Main Course,3,? 260.00, ? 780.00 , ? 185.00 ,? 225.00,A satisfying meal. The Chana Masala was a good choice.
O02242,08-09-2024,21:15,C0064,Isharat Nadaf,R37,Pav Bhaji,Vegetarian,3,? 220.00, ? 660.00 , ? 171.00 ,? 147.00,The Pav Bhaji is a great choice for vegetarians. Hearty and full of flavor.
O02243,08-09-2024,16:30,C0294,Isharat Sayyad,R164,Mutton Seekh Kebab Roll,Snacks,5,? 170.00, ? 850.00 , ? 132.00 ,? 190.00,Great food! The Mutton Seekh Kebab Roll was delicious and well-prepared.
O02244,08-09-2024,20:45,C0119,Shahrukh Azam,R156,Veg Paneer Wrap,Snacks,5,? 95.00, ? 475.00 , ? 74.00 ,? 105.00,The Veg Paneer Wrap met my expectations.
O02245,08-09-2024,14:00,C0030,Sher Mujawar,R29,Greek Salad,Salad,5,? 260.00," ? 1,300.00 ", ? 197.00 ,? 315.00,The Greek Salad was not what I expected.
O02246,08-09-2024,11:30,C0097,Isharat Taimoor,R77,Veg Schezwan Noodles,Rice & Noodles,1,? 240.00, ? 240.00 , ? 171.00 ,? 69.00,The Veg Schezwan Noodles was not what I expected.
O02247,08-09-2024,17:30,C0181,Aman Khan,R149,Paneer Parantha,Breads,4,? 90.00, ? 360.00 , ? 64.00 ,? 104.00,Great food! The Paneer Parantha was delicious and well-prepared.
O02248,08-09-2024,11:00,C0314,Arman Faruqi,R56,Tandoori Chicken,Non-Veg Main,3,? 460.00," ? 1,380.00 ", ? 366.00 ,? 282.00,The Tandoori Chicken was the highlight of our meal. Absolutely delicious!
O02249,09-09-2024,17:15,C0172,Ayeza Shaikh,R117,Vada Pav,Snack,5,? 120.00, ? 600.00 , ? 91.00 ,? 145.00,The Vada Pav was excellent. Really enjoyed the meal.
O02250,09-09-2024,10:30,C0300,Dua Azam,R18,Veg Hakka Noodles,Rice & Noodles,2,? 220.00, ? 440.00 , ? 165.00 ,? 110.00,The Veg Hakka Noodles was fine.
O02251,09-09-2024,22:00,C0329,Wahaj Sayyad,R145,Chicken Shawarma,Street Food,5,? 170.00, ? 850.00 , ? 131.00 ,? 195.00,I was not a fan of the Chicken Shawarma.
O02252,09-09-2024,15:00,C0136,Anis Taimoor,R140,Paneer Frankie,Street Food,1,? 130.00, ? 130.00 , ? 95.00 ,? 35.00,I was not a fan of the Paneer Frankie.
O02253,09-09-2024,14:30,C0045,Arman Shaikh,R143,Chicken Burger,Fast Food,3,? 160.00, ? 480.00 , ? 115.00 ,? 135.00,A satisfying meal. The Chicken Burger was a good choice.
O02254,09-09-2024,17:30,C0112,Shahrukh Sayyad,R167,Veggie Delight Sub,Snacks,5,? 120.00, ? 600.00 , ? 90.00 ,? 150.00,The Veggie Delight Sub was excellent. Really enjoyed the meal.
O02255,09-09-2024,14:30,C0134,Isharat Nadaf,R105,Malai Kofta,Main Course,3,? 340.00," ? 1,020.00 ", ? 249.00 ,? 273.00,The Malai Kofta was excellent. Really enjoyed the meal.
O02256,09-09-2024,21:15,C0168,Isharat Shikalkar,R152,Chicken Kathi Roll,Snacks,3,? 120.00, ? 360.00 , ? 91.00 ,? 87.00,I was not a fan of the Chicken Kathi Roll.
O02257,09-09-2024,17:00,C0327,Abdul Rahim Mujawar,R166,Smoked Chicken Sub,Snacks,3,? 160.00, ? 480.00 , ? 112.00 ,? 144.00,It was an average Smoked Chicken Sub.
O02258,09-09-2024,17:15,C0096,Imran Mujawar,R40,Mutton Biryani,Rice & Noodles,3,? 480.00," ? 1,440.00 ", ? 340.00 ,? 420.00,The Mutton Biryani was excellent. Really enjoyed the meal.
O02259,09-09-2024,21:30,C0242,Arahan Mujawar,R48,Egg Curry,Non-Veg Main,4,? 280.00," ? 1,120.00 ", ? 203.00 ,? 308.00,A truly authentic and flavorful Egg Curry. It was very satisfying.
O02260,10-09-2024,15:30,C0206,Aariz Faruqi,R30,Shahi Paneer,Vegetarian,3,? 400.00," ? 1,200.00 ", ? 281.00 ,? 357.00,Loved the Shahi Paneer! It was a delightful and well-prepared vegetarian meal.
O02261,10-09-2024,18:45,C0285,Ayeza Raes,R141,Chicken Frankie,Street Food,1,? 150.00, ? 150.00 , ? 112.00 ,? 38.00,The Chicken Frankie was not what I expected.
O02262,10-09-2024,12:15,C0041,Aakib Shaikh,R48,Egg Curry,Non-Veg Main,1,? 280.00, ? 280.00 , ? 203.00 ,? 77.00,The Egg Curry was cooked to perfection. The spices were spot on!
O02263,10-09-2024,22:45,C0259,Nikhat Malik,R84,Chicken Clear Soup,Starter,1,? 160.00, ? 160.00 , ? 125.00 ,? 35.00,The Chicken Clear Soup was simply delicious and fresh. Highly recommended!
O02264,10-09-2024,22:00,C0025,Aasifa Khan,R112,Non-Veg Thali,Meal Combo,3,? 440.00," ? 1,320.00 ", ? 322.00 ,? 354.00,A satisfying meal. The Non-Veg Thali was a good choice.
O02265,10-09-2024,18:45,C0220,Rihan Mujawar,R140,Paneer Frankie,Street Food,2,? 130.00, ? 260.00 , ? 95.00 ,? 70.00,The Paneer Frankie was fine.
O02266,10-09-2024,10:45,C0124,Arahan Shaikh,R14,Rasgulla,Dessert,4,? 140.00, ? 560.00 , ? 100.00 ,? 160.00,A satisfying meal. The Rasgulla was a good choice.
O02267,10-09-2024,12:15,C0305,Aasin Faruqi,R52,Bhindi Masala,Vegetarian,4,? 240.00, ? 960.00 , ? 175.00 ,? 260.00,Loved the Bhindi Masala! It was a delightful and well-prepared vegetarian meal.
O02268,10-09-2024,12:45,C0007,Aman Taimoor,R88,Fried Momos (Veg),Starter,3,? 200.00, ? 600.00 , ? 141.00 ,? 177.00,The Fried Momos (Veg) was a fantastic start to our meal! Perfectly crispy.
O02269,10-09-2024,22:15,C0231,Danish Momin,R110,Seekh Kebab,Starter,1,? 400.00, ? 400.00 , ? 282.00 ,? 118.00,The Seekh Kebab was simply delicious and fresh. Highly recommended!
O02270,10-09-2024,15:15,C0105,Aakib Nadaf,R38,Biryani Veg,Rice & Noodles,3,? 320.00, ? 960.00 , ? 233.00 ,? 261.00,The Biryani Veg was fine.
O02271,10-09-2024,17:15,C0160,Shahrukh Malik,R84,Chicken Clear Soup,Starter,5,? 160.00, ? 800.00 , ? 125.00 ,? 175.00,Absolutely loved the Chicken Clear Soup! It was the perfect appetizer to get us started.
O02272,10-09-2024,16:30,C0158,Moh Saad Malik,R119,Misal Pav,Snack,4,? 160.00, ? 640.00 , ? 126.00 ,? 136.00,The Misal Pav was excellent. Really enjoyed the meal.
O02273,11-09-2024,15:45,C0130,Aakib Shikalkar,R79,Hot & Sour Soup (Veg),Starter,4,? 160.00, ? 640.00 , ? 113.00 ,? 188.00,The Hot & Sour Soup (Veg) was a fantastic start to our meal! Perfectly crispy.
O02274,11-09-2024,17:00,C0105,Aakib Nadaf,R4,Chicken Biryani,Rice Meal,5,? 440.00," ? 2,200.00 ", ? 334.00 ,? 530.00,I was not a fan of the Chicken Biryani.
O02275,11-09-2024,21:00,C0026,Imran Shikalkar,R71,Veg Spring Rolls,Starter,3,? 220.00, ? 660.00 , ? 162.00 ,? 174.00,The Veg Spring Rolls was cold when it arrived at our table.
O02276,11-09-2024,20:00,C0219,Isharat Nadaf,R54,Aloo Gobi,Vegetarian,4,? 220.00, ? 880.00 , ? 166.00 ,? 216.00,The vegetables in the Aloo Gobi seemed overcooked.
O02277,11-09-2024,17:45,C0202,Moh Saad Shikalkar,R38,Biryani Veg,Rice & Noodles,5,? 320.00," ? 1,600.00 ", ? 233.00 ,? 435.00,The Biryani Veg could have been better.
O02278,11-09-2024,11:30,C0281,Abdul Rahim Faruqi,R165,Paneer Tandoori Wrap,Snacks,2,? 120.00, ? 240.00 , ? 94.00 ,? 52.00,The Paneer Tandoori Wrap was excellent. Really enjoyed the meal.
O02279,11-09-2024,11:15,C0088,Abdul Rahim Nadaf,R145,Chicken Shawarma,Street Food,3,? 170.00, ? 510.00 , ? 131.00 ,? 117.00,The Chicken Shawarma could have been better.
O02280,11-09-2024,16:00,C0310,Ayeza Faruqi,R83,Veg Clear Soup,Starter,2,? 120.00, ? 240.00 , ? 84.00 ,? 72.00,Absolutely loved the Veg Clear Soup! It was the perfect appetizer to get us started.
O02281,12-09-2024,21:00,C0147,Danish Khan,R134,Grilled Cheese Sandwich,Sandwiches,3,? 120.00, ? 360.00 , ? 90.00 ,? 90.00,It was an average Grilled Cheese Sandwich.
O02282,12-09-2024,16:45,C0106,Aasin Mujawar,R28,Caesar Salad,Salad,4,? 280.00," ? 1,120.00 ", ? 210.00 ,? 280.00,Great food! The Caesar Salad was delicious and well-prepared.
O02283,12-09-2024,17:30,C0235,Abdul Rahim Malik,R90,Tandoori Momos,Starter,3,? 260.00, ? 780.00 , ? 185.00 ,? 225.00,Wasn't very impressed with the Tandoori Momos. It lacked flavor.
O02284,12-09-2024,22:45,C0229,Aasin Khan,R87,Paneer Momos,Starter,4,? 200.00, ? 800.00 , ? 155.00 ,? 180.00,The Paneer Momos was simply delicious and fresh. Highly recommended!
O02285,12-09-2024,20:30,C0037,Wahaj Malik,R73,Chili Paneer,Starter,3,? 280.00, ? 840.00 , ? 219.00 ,? 183.00,The Chili Paneer was a bit too oily for my liking.
O02286,12-09-2024,20:00,C0256,Arman Faruqi,R23,Chicken Tikka,Starter,4,? 320.00," ? 1,280.00 ", ? 233.00 ,? 348.00,The Chicken Tikka was simply delicious and fresh. Highly recommended!
O02287,12-09-2024,11:00,C0321,Aasifa Khan,R161,Grilled Veg Panini,Snacks,5,? 140.00, ? 700.00 , ? 99.00 ,? 205.00,A satisfying meal. The Grilled Veg Panini was a good choice.
O02288,12-09-2024,14:00,C0186,Aariz Khan,R6,Grilled Salmon,Ocean Meal,2,? 500.00," ? 1,000.00 ", ? 357.00 ,? 286.00,A satisfying meal. The Grilled Salmon was a good choice.
O02289,12-09-2024,18:00,C0119,Shahrukh Azam,R111,Veg Thali,Meal Combo,4,? 360.00," ? 1,440.00 ", ? 263.00 ,? 388.00,Great food! The Veg Thali was delicious and well-prepared.
O02290,12-09-2024,20:15,C0008,Dua Sayyad,R164,Mutton Seekh Kebab Roll,Snacks,1,? 170.00, ? 170.00 , ? 132.00 ,? 38.00,A satisfying meal. The Mutton Seekh Kebab Roll was a good choice.
O02291,12-09-2024,15:45,C0001,Moh Saad Azam,R71,Veg Spring Rolls,Starter,5,? 220.00," ? 1,100.00 ", ? 162.00 ,? 290.00,The Veg Spring Rolls was a bit too oily for my liking.
O02292,12-09-2024,11:45,C0209,Aasiya Malik,R136,Chicken Kathi Roll,Street Food,3,? 160.00, ? 480.00 , ? 112.00 ,? 144.00,The Chicken Kathi Roll was not what I expected.
O02293,13-09-2024,13:30,C0072,Kaif Taimoor,R27,Pasta Arrabbiata,Continental,5,? 300.00," ? 1,500.00 ", ? 215.00 ,? 425.00,Great food! The Pasta Arrabbiata was delicious and well-prepared.
O02294,13-09-2024,17:30,C0320,Sultan Momin,R103,Fish Curry (Goan),Main Course,1,? 380.00, ? 380.00 , ? 289.00 ,? 91.00,The Fish Curry (Goan) was not what I expected.
O02295,13-09-2024,17:30,C0115,Aasifa Nadaf,R168,Avocado Toast,Breakfast,1,? 150.00, ? 150.00 , ? 111.00 ,? 39.00,The Avocado Toast was not what I expected.
O02296,13-09-2024,21:45,C0220,Rihan Mujawar,R157,Peri Peri Chicken Wings,Snacks,5,? 180.00, ? 900.00 , ? 135.00 ,? 225.00,The Peri Peri Chicken Wings was not what I expected.
O02297,13-09-2024,17:45,C0124,Arahan Shaikh,R148,Egg Sandwich,Sandwiches,2,? 110.00, ? 220.00 , ? 80.00 ,? 60.00,The Egg Sandwich could have been better.
O02298,14-09-2024,13:45,C0295,Sultan Taimoor,R147,Paneer Sandwich,Sandwiches,5,? 120.00, ? 600.00 , ? 84.00 ,? 180.00,A satisfying meal. The Paneer Sandwich was a good choice.
O02299,14-09-2024,15:15,C0140,Imran Taimoor,R124,Chana Masala,Main Course,4,? 260.00," ? 1,040.00 ", ? 185.00 ,? 300.00,The Chana Masala was excellent. Really enjoyed the meal.
O02300,14-09-2024,10:45,C0069,Aasin Khan,R151,Veg Frankie Roll,Snacks,1,? 80.00, ? 80.00 , ? 62.00 ,? 18.00,The Veg Frankie Roll was not what I expected.
O02301,14-09-2024,11:15,C0325,Aakib Momin,R142,Paneer Burger,Fast Food,1,? 140.00, ? 140.00 , ? 110.00 ,? 30.00,Great food! The Paneer Burger was delicious and well-prepared.
O02302,14-09-2024,12:30,C0017,Wahaj Taimoor,R90,Tandoori Momos,Starter,4,? 260.00," ? 1,040.00 ", ? 185.00 ,? 300.00,The Tandoori Momos was simply delicious and fresh. Highly recommended!
O02303,14-09-2024,14:45,C0009,Shamsher Khan,R81,Sweet Corn Soup (Veg),Starter,2,? 140.00, ? 280.00 , ? 108.00 ,? 64.00,Wasn't very impressed with the Sweet Corn Soup (Veg). It lacked flavor.
O02304,14-09-2024,15:15,C0249,Aasiya Mujawar,R62,Dal Makhani,Vegetarian,2,? 340.00, ? 680.00 , ? 269.00 ,? 142.00,A wholesome and delicious Dal Makhani. The vegetables were so fresh!
O02305,14-09-2024,12:30,C0141,Arahan Ali,R136,Chicken Kathi Roll,Street Food,3,? 160.00, ? 480.00 , ? 112.00 ,? 144.00,The Chicken Kathi Roll was excellent. Really enjoyed the meal.
O02306,15-09-2024,21:30,C0173,Aasifa Shaikh,R150,Aloo Parantha,Breads,2,? 80.00, ? 160.00 , ? 63.00 ,? 34.00,Great food! The Aloo Parantha was delicious and well-prepared.
O02307,15-09-2024,15:15,C0071,Arman Azam,R50,Kadai Paneer,Vegetarian,4,? 360.00," ? 1,440.00 ", ? 275.00 ,? 340.00,A wholesome and delicious Kadai Paneer. The vegetables were so fresh!
O02308,15-09-2024,12:30,C0076,Dua Shikalkar,R158,Cheese Garlic Bread,Breads,5,? 110.00, ? 550.00 , ? 85.00 ,? 125.00,The Cheese Garlic Bread was not what I expected.
O02309,15-09-2024,15:00,C0016,Dua Khan,R1,Tomato Soup,Starter,1,? 180.00, ? 180.00 , ? 132.00 ,? 48.00,The Tomato Soup was simply delicious and fresh. Highly recommended!
O02310,15-09-2024,22:00,C0021,Moh Saad Shaikh,R26,Pasta Alfredo,Continental,3,? 320.00, ? 960.00 , ? 249.00 ,? 213.00,Great food! The Pasta Alfredo was delicious and well-prepared.
O02311,15-09-2024,19:30,C0123,Abdul Rahim Faruqi,R153,Paneer Bhurji Sandwich,Snacks,3,? 75.00, ? 225.00 , ? 59.00 ,? 48.00,Great food! The Paneer Bhurji Sandwich was delicious and well-prepared.
O02312,15-09-2024,11:15,C0280,Dua Faruqi,R110,Seekh Kebab,Starter,3,? 400.00," ? 1,200.00 ", ? 282.00 ,? 354.00,The Seekh Kebab was a bit too oily for my liking.
O02313,15-09-2024,14:30,C0074,Moh Saad Malik,R151,Veg Frankie Roll,Snacks,2,? 80.00, ? 160.00 , ? 62.00 ,? 36.00,The Veg Frankie Roll was excellent. Really enjoyed the meal.
O02314,15-09-2024,19:30,C0064,Isharat Nadaf,R164,Mutton Seekh Kebab Roll,Snacks,1,? 170.00, ? 170.00 , ? 132.00 ,? 38.00,The Mutton Seekh Kebab Roll was fine.
O02315,15-09-2024,13:45,C0205,Rihan Taimoor,R90,Tandoori Momos,Starter,1,? 260.00, ? 260.00 , ? 185.00 ,? 75.00,It was an average Tandoori Momos.
O02316,15-09-2024,15:45,C0323,Wahaj Ali,R168,Avocado Toast,Breakfast,1,? 150.00, ? 150.00 , ? 111.00 ,? 39.00,The Avocado Toast was fine.
O02317,15-09-2024,15:00,C0219,Isharat Nadaf,R4,Chicken Biryani,Rice Meal,5,? 440.00," ? 2,200.00 ", ? 334.00 ,? 530.00,A satisfying meal. The Chicken Biryani was a good choice.
O02318,16-09-2024,13:00,C0162,Shamsher Mujawar,R28,Caesar Salad,Salad,2,? 280.00, ? 560.00 , ? 210.00 ,? 140.00,The Caesar Salad met my expectations.
O02319,16-09-2024,13:45,C0073,Moh Saad Taimoor,R47,Hyderabadi Haleem,Non-Veg Main,2,? 500.00," ? 1,000.00 ", ? 395.00 ,? 210.00,Felt that the Hyderabadi Haleem was overpriced for its quality.
O02320,16-09-2024,18:45,C0317,Rihan Azam,R156,Veg Paneer Wrap,Snacks,5,? 95.00, ? 475.00 , ? 74.00 ,? 105.00,It was an average Veg Paneer Wrap.
O02321,16-09-2024,20:15,C0070,Aasifa Azam,R164,Mutton Seekh Kebab Roll,Snacks,1,? 170.00, ? 170.00 , ? 132.00 ,? 38.00,A satisfying meal. The Mutton Seekh Kebab Roll was a good choice.
O02322,16-09-2024,10:30,C0088,Abdul Rahim Nadaf,R19,Chicken Hakka Noodles,Rice & Noodles,5,? 260.00," ? 1,300.00 ", ? 193.00 ,? 335.00,A satisfying meal. The Chicken Hakka Noodles was a good choice.
O02323,16-09-2024,13:30,C0210,Sultan Nadaf,R11,Margherita Pizza,Pizza,2,? 330.00, ? 660.00 , ? 231.00 ,? 198.00,I was not a fan of the Margherita Pizza.
O02324,16-09-2024,13:30,C0004,Ayeza Ali,R119,Misal Pav,Snack,2,? 160.00, ? 320.00 , ? 126.00 ,? 68.00,Great food! The Misal Pav was delicious and well-prepared.
O02325,16-09-2024,12:15,C0263,Sher Raes,R164,Mutton Seekh Kebab Roll,Snacks,2,? 170.00, ? 340.00 , ? 132.00 ,? 76.00,The Mutton Seekh Kebab Roll was excellent. Really enjoyed the meal.
O02326,16-09-2024,14:00,C0102,Aasifa Taimoor,R145,Chicken Shawarma,Street Food,1,? 170.00, ? 170.00 , ? 131.00 ,? 39.00,A satisfying meal. The Chicken Shawarma was a good choice.
O02327,17-09-2024,16:15,C0020,Rihan Shikalkar,R90,Tandoori Momos,Starter,2,? 260.00, ? 520.00 , ? 185.00 ,? 150.00,It was an average Tandoori Momos.
O02328,17-09-2024,22:15,C0169,Anis Taimoor,R44,Vada Sambar,Vegetarian,1,? 170.00, ? 170.00 , ? 121.00 ,? 49.00,A wholesome and delicious Vada Sambar. The vegetables were so fresh!
O02329,17-09-2024,12:00,C0005,Aasin Azam,R136,Chicken Kathi Roll,Street Food,5,? 160.00, ? 800.00 , ? 112.00 ,? 240.00,The Chicken Kathi Roll was fine.
O02330,17-09-2024,10:00,C0149,Aariz Nadaf,R10,Pepperoni Pizza,Pizza,3,? 368.00," ? 1,104.00 ", ? 283.00 ,? 255.00,I was not a fan of the Pepperoni Pizza.
O02331,17-09-2024,19:15,C0225,Arman Faruqi,R61,Vegetable Korma,Vegetarian,3,? 320.00, ? 960.00 , ? 243.00 ,? 231.00,The Vegetable Korma was as expected.
O02332,17-09-2024,12:45,C0274,Moh Saad Sayyad,R56,Tandoori Chicken,Non-Veg Main,2,? 460.00, ? 920.00 , ? 366.00 ,? 188.00,The Tandoori Chicken was alright. It was cooked well but the flavor was average.
O02333,17-09-2024,15:00,C0181,Aman Khan,R20,Veg Fried Rice,Rice & Noodles,4,? 200.00, ? 800.00 , ? 145.00 ,? 220.00,Great food! The Veg Fried Rice was delicious and well-prepared.
O02334,17-09-2024,14:30,C0315,Imran Shaikh,R167,Veggie Delight Sub,Snacks,2,? 120.00, ? 240.00 , ? 90.00 ,? 60.00,I was not a fan of the Veggie Delight Sub.
O02335,17-09-2024,11:45,C0185,Nikhat Shikalkar,R79,Hot & Sour Soup (Veg),Starter,5,? 160.00, ? 800.00 , ? 113.00 ,? 235.00,Absolutely loved the Hot & Sour Soup (Veg)! It was the perfect appetizer to get us started.
O02336,17-09-2024,12:00,C0226,Aman Taimoor,R7,Butter Chicken,Meat Special,3,? 495.00," ? 1,485.00 ", ? 349.00 ,? 438.00,I was not a fan of the Butter Chicken.
O02337,17-09-2024,21:00,C0114,Imran Faruqi,R119,Misal Pav,Snack,2,? 160.00, ? 320.00 , ? 126.00 ,? 68.00,The Misal Pav was not what I expected.
O02338,17-09-2024,22:45,C0134,Isharat Nadaf,R120,Pani Puri,Snack,4,? 100.00, ? 400.00 , ? 74.00 ,? 104.00,Great food! The Pani Puri was delicious and well-prepared.
O02339,17-09-2024,10:00,C0207,Imran Khan,R160,Chicken Caesar Wrap,Snacks,4,? 150.00, ? 600.00 , ? 109.00 ,? 164.00,Great food! The Chicken Caesar Wrap was delicious and well-prepared.
O02340,17-09-2024,15:30,C0144,Aasifa Mujawar,R26,Pasta Alfredo,Continental,5,? 320.00," ? 1,600.00 ", ? 249.00 ,? 355.00,The Pasta Alfredo was fine.
O02341,17-09-2024,14:00,C0071,Arman Azam,R155,Tuna Melt Sandwich,Snacks,4,? 140.00, ? 560.00 , ? 100.00 ,? 160.00,The Tuna Melt Sandwich was excellent. Really enjoyed the meal.
O02342,17-09-2024,22:15,C0240,Sultan Ali,R35,Rajma Chawal,Vegetarian,1,? 300.00, ? 300.00 , ? 238.00 ,? 62.00,The Rajma Chawal was as expected.
O02343,17-09-2024,11:00,C0101,Aariz Malik,R169,Club Chicken Sandwich,Snacks,1,? 140.00, ? 140.00 , ? 101.00 ,? 39.00,The Club Chicken Sandwich met my expectations.
O02344,18-09-2024,19:30,C0196,Arman Taimoor,R9,Palak Paneer,Vegetarian,2,? 360.00, ? 720.00 , ? 273.00 ,? 174.00,Loved the Palak Paneer! It was a delightful and well-prepared vegetarian meal.
O02345,18-09-2024,22:30,C0327,Abdul Rahim Mujawar,R110,Seekh Kebab,Starter,5,? 400.00," ? 2,000.00 ", ? 282.00 ,? 590.00,Absolutely loved the Seekh Kebab! It was the perfect appetizer to get us started.
O02346,18-09-2024,18:15,C0013,Aariz Raes,R110,Seekh Kebab,Starter,5,? 400.00," ? 2,000.00 ", ? 282.00 ,? 590.00,The Seekh Kebab was okay. It was a standard appetizer.
O02347,18-09-2024,19:45,C0135,Danish Azam,R37,Pav Bhaji,Vegetarian,2,? 220.00, ? 440.00 , ? 171.00 ,? 98.00,Loved the Pav Bhaji! It was a delightful and well-prepared vegetarian meal.
O02348,18-09-2024,16:15,C0162,Shamsher Mujawar,R34,Dal Tadka,Vegetarian,3,? 260.00, ? 780.00 , ? 183.00 ,? 231.00,Loved the Dal Tadka! It was a delightful and well-prepared vegetarian meal.
O02349,18-09-2024,13:15,C0216,Sultan Khan,R141,Chicken Frankie,Street Food,3,? 150.00, ? 450.00 , ? 112.00 ,? 114.00,A satisfying meal. The Chicken Frankie was a good choice.
O02350,18-09-2024,11:15,C0329,Wahaj Sayyad,R32,Mutton Rogan Josh,Non-Veg Main,1,? 520.00, ? 520.00 , ? 395.00 ,? 125.00,A truly authentic and flavorful Mutton Rogan Josh. It was very satisfying.
O02351,18-09-2024,10:30,C0250,Isharat Azam,R158,Cheese Garlic Bread,Breads,5,? 110.00, ? 550.00 , ? 85.00 ,? 125.00,I was not a fan of the Cheese Garlic Bread.
O02352,18-09-2024,19:30,C0254,Sultan Ali,R32,Mutton Rogan Josh,Non-Veg Main,1,? 520.00, ? 520.00 , ? 395.00 ,? 125.00,The Mutton Rogan Josh was the highlight of our meal. Absolutely delicious!
O02353,18-09-2024,14:45,C0121,Rihan Mujawar,R149,Paneer Parantha,Breads,1,? 90.00, ? 90.00 , ? 64.00 ,? 26.00,The Paneer Parantha was excellent. Really enjoyed the meal.
O02354,18-09-2024,21:15,C0032,Ayeza Mujawar,R82,Sweet Corn Soup (Chicken),Starter,4,? 180.00, ? 720.00 , ? 129.00 ,? 204.00,The Sweet Corn Soup (Chicken) was a fantastic start to our meal! Perfectly crispy.
O02355,19-09-2024,16:15,C0242,Arahan Mujawar,R142,Paneer Burger,Fast Food,3,? 140.00, ? 420.00 , ? 110.00 ,? 90.00,The Paneer Burger was excellent. Really enjoyed the meal.
O02356,19-09-2024,19:30,C0082,Isharat Nadaf,R139,Chicken Sub,Sandwiches,4,? 180.00, ? 720.00 , ? 137.00 ,? 172.00,The Chicken Sub could have been better.
O02357,19-09-2024,16:15,C0297,Wahaj Ali,R55,Jeera Rice,Rice & Noodles,4,? 180.00, ? 720.00 , ? 129.00 ,? 204.00,The Jeera Rice was excellent. Really enjoyed the meal.
O02358,19-09-2024,15:30,C0021,Moh Saad Shaikh,R59,Veg Pulao,Rice & Noodles,5,? 240.00," ? 1,200.00 ", ? 190.00 ,? 250.00,The Veg Pulao was excellent. Really enjoyed the meal.
O02359,19-09-2024,14:15,C0099,Aariz Faruqi,R37,Pav Bhaji,Vegetarian,1,? 220.00, ? 220.00 , ? 171.00 ,? 49.00,I found the Pav Bhaji to be a bit watery.
O02360,19-09-2024,18:45,C0137,Aman Raes,R45,Medu Vada,Vegetarian,3,? 150.00, ? 450.00 , ? 112.00 ,? 114.00,A wholesome and delicious Medu Vada. The vegetables were so fresh!
O02361,19-09-2024,16:30,C0055,Sultan Momin,R168,Avocado Toast,Breakfast,4,? 150.00, ? 600.00 , ? 111.00 ,? 156.00,The Avocado Toast was excellent. Really enjoyed the meal.
O02362,19-09-2024,21:30,C0222,Arman Ali,R19,Chicken Hakka Noodles,Rice & Noodles,2,? 260.00, ? 520.00 , ? 193.00 ,? 134.00,The Chicken Hakka Noodles was excellent. Really enjoyed the meal.
O02363,19-09-2024,22:15,C0050,Dua Sayyad,R86,Chicken Momos,Starter,5,? 220.00," ? 1,100.00 ", ? 170.00 ,? 250.00,The Chicken Momos was a fantastic start to our meal! Perfectly crispy.
O02364,19-09-2024,20:30,C0080,Sher Khan,R17,French Fries,Starter,4,? 120.00, ? 480.00 , ? 87.00 ,? 132.00,The French Fries was a bit too oily for my liking.
O02365,19-09-2024,12:00,C0287,Nikhat Shaikh,R139,Chicken Sub,Sandwiches,5,? 180.00, ? 900.00 , ? 137.00 ,? 215.00,A satisfying meal. The Chicken Sub was a good choice.
O02366,19-09-2024,20:00,C0020,Rihan Shikalkar,R84,Chicken Clear Soup,Starter,2,? 160.00, ? 320.00 , ? 125.00 ,? 70.00,The Chicken Clear Soup was simply delicious and fresh. Highly recommended!
O02367,19-09-2024,21:45,C0245,Wahaj Taimoor,R13,Gulab Jamun,Dessert,1,? 150.00, ? 150.00 , ? 117.00 ,? 33.00,It was an average Gulab Jamun.
O02368,19-09-2024,17:45,C0301,Sher Taimoor,R71,Veg Spring Rolls,Starter,4,? 220.00, ? 880.00 , ? 162.00 ,? 232.00,Absolutely loved the Veg Spring Rolls! It was the perfect appetizer to get us started.
O02369,19-09-2024,16:30,C0069,Aasin Khan,R134,Grilled Cheese Sandwich,Sandwiches,3,? 120.00, ? 360.00 , ? 90.00 ,? 90.00,Great food! The Grilled Cheese Sandwich was delicious and well-prepared.
O02370,20-09-2024,14:00,C0120,Ayeza Taimoor,R62,Dal Makhani,Vegetarian,2,? 340.00, ? 680.00 , ? 269.00 ,? 142.00,The Dal Makhani was bland and needed more seasoning.
O02371,20-09-2024,17:15,C0262,Nikhat Faruqi,R146,Cheese Sandwich,Sandwiches,2,? 100.00, ? 200.00 , ? 72.00 ,? 56.00,A satisfying meal. The Cheese Sandwich was a good choice.
O02372,20-09-2024,17:00,C0200,Aariz Taimoor,R134,Grilled Cheese Sandwich,Sandwiches,3,? 120.00, ? 360.00 , ? 90.00 ,? 90.00,I was not a fan of the Grilled Cheese Sandwich.
O02373,20-09-2024,10:30,C0324,Aasifa Faruqi,R52,Bhindi Masala,Vegetarian,3,? 240.00, ? 720.00 , ? 175.00 ,? 195.00,The Bhindi Masala is a great choice for vegetarians. Hearty and full of flavor.
O02374,20-09-2024,12:00,C0294,Isharat Sayyad,R148,Egg Sandwich,Sandwiches,5,? 110.00, ? 550.00 , ? 80.00 ,? 150.00,Great food! The Egg Sandwich was delicious and well-prepared.
O02375,20-09-2024,14:30,C0174,Anis Malik,R158,Cheese Garlic Bread,Breads,3,? 110.00, ? 330.00 , ? 85.00 ,? 75.00,The Cheese Garlic Bread met my expectations.
O02376,20-09-2024,12:15,C0217,Nikhat Mujawar,R153,Paneer Bhurji Sandwich,Snacks,4,? 75.00, ? 300.00 , ? 59.00 ,? 64.00,A satisfying meal. The Paneer Bhurji Sandwich was a good choice.
O02377,20-09-2024,14:15,C0097,Isharat Taimoor,R84,Chicken Clear Soup,Starter,5,? 160.00, ? 800.00 , ? 125.00 ,? 175.00,The Chicken Clear Soup was simply delicious and fresh. Highly recommended!
O02378,20-09-2024,17:15,C0147,Danish Khan,R148,Egg Sandwich,Sandwiches,3,? 110.00, ? 330.00 , ? 80.00 ,? 90.00,Great food! The Egg Sandwich was delicious and well-prepared.
O02379,20-09-2024,16:00,C0152,Dua Sayyad,R15,Tiramisu,Dessert,1,? 280.00, ? 280.00 , ? 201.00 ,? 79.00,Great food! The Tiramisu was delicious and well-prepared.
O02380,20-09-2024,19:30,C0244,Arahan Raes,R138,Veggie Sub,Sandwiches,4,? 150.00, ? 600.00 , ? 105.00 ,? 180.00,The Veggie Sub met my expectations.
O02381,20-09-2024,19:15,C0295,Sultan Taimoor,R138,Veggie Sub,Sandwiches,5,? 150.00, ? 750.00 , ? 105.00 ,? 225.00,The Veggie Sub was fine.
O02382,20-09-2024,10:15,C0327,Abdul Rahim Mujawar,R112,Non-Veg Thali,Meal Combo,1,? 440.00, ? 440.00 , ? 322.00 ,? 118.00,A satisfying meal. The Non-Veg Thali was a good choice.
O02383,20-09-2024,12:45,C0077,Shahrukh Momin,R15,Tiramisu,Dessert,5,? 280.00," ? 1,400.00 ", ? 201.00 ,? 395.00,The Tiramisu met my expectations.
O02384,20-09-2024,21:45,C0318,Shahrukh Ali,R162,BBQ Chicken Pizza Sandwich,Snacks,5,? 160.00, ? 800.00 , ? 115.00 ,? 225.00,A satisfying meal. The BBQ Chicken Pizza Sandwich was a good choice.
O02385,20-09-2024,13:45,C0186,Aariz Khan,R15,Tiramisu,Dessert,4,? 280.00," ? 1,120.00 ", ? 201.00 ,? 316.00,Great food! The Tiramisu was delicious and well-prepared.
O02386,21-09-2024,18:00,C0050,Dua Sayyad,R33,Fish Curry,Non-Veg Main,5,? 400.00," ? 2,000.00 ", ? 286.00 ,? 570.00,The Fish Curry was cooked to perfection. The spices were spot on!
O02387,21-09-2024,10:30,C0142,Abdul Rahim Nadaf,R112,Non-Veg Thali,Meal Combo,5,? 440.00," ? 2,200.00 ", ? 322.00 ,? 590.00,The Non-Veg Thali was not what I expected.
O02388,21-09-2024,12:00,C0093,Aakib Raes,R119,Misal Pav,Snack,4,? 160.00, ? 640.00 , ? 126.00 ,? 136.00,A satisfying meal. The Misal Pav was a good choice.
O02389,21-09-2024,20:45,C0007,Aman Taimoor,R165,Paneer Tandoori Wrap,Snacks,4,? 120.00, ? 480.00 , ? 94.00 ,? 104.00,A satisfying meal. The Paneer Tandoori Wrap was a good choice.
O02390,21-09-2024,21:30,C0085,Aasifa Azam,R5,Mutton Biryani,Rice Meal,4,? 490.00," ? 1,960.00 ", ? 350.00 ,? 560.00,It was an average Mutton Biryani.
O02391,21-09-2024,14:45,C0092,Sultan Shaikh,R163,Corn & Cheese Sandwich,Snacks,4,? 90.00, ? 360.00 , ? 66.00 ,? 96.00,The Corn & Cheese Sandwich was excellent. Really enjoyed the meal.
O02392,21-09-2024,16:00,C0216,Sultan Khan,R55,Jeera Rice,Rice & Noodles,2,? 180.00, ? 360.00 , ? 129.00 ,? 102.00,A satisfying meal. The Jeera Rice was a good choice.
O02393,22-09-2024,19:45,C0015,Kaif Taimoor,R150,Aloo Parantha,Breads,1,? 80.00, ? 80.00 , ? 63.00 ,? 17.00,A satisfying meal. The Aloo Parantha was a good choice.
O02394,22-09-2024,15:15,C0192,Danish Faruqi,R50,Kadai Paneer,Vegetarian,1,? 360.00, ? 360.00 , ? 275.00 ,? 85.00,A wholesome and delicious Kadai Paneer. The vegetables were so fresh!
O02395,22-09-2024,15:15,C0181,Aman Khan,R68,Chicken Manchurian,Starter,3,? 280.00, ? 840.00 , ? 205.00 ,? 225.00,Wasn't very impressed with the Chicken Manchurian. It lacked flavor.
O02396,22-09-2024,22:45,C0236,Aakib Khan,R22,Paneer Tikka,Starter,1,? 280.00, ? 280.00 , ? 199.00 ,? 81.00,The Paneer Tikka was okay. It was a standard appetizer.
O02397,22-09-2024,13:30,C0064,Isharat Nadaf,R141,Chicken Frankie,Street Food,1,? 150.00, ? 150.00 , ? 112.00 ,? 38.00,It was an average Chicken Frankie.
O02398,22-09-2024,15:15,C0245,Wahaj Taimoor,R135,Paneer Kathi Roll,Street Food,4,? 140.00, ? 560.00 , ? 103.00 ,? 148.00,The Paneer Kathi Roll was fine.
O02399,22-09-2024,15:45,C0259,Nikhat Malik,R82,Sweet Corn Soup (Chicken),Starter,2,? 180.00, ? 360.00 , ? 129.00 ,? 102.00,The Sweet Corn Soup (Chicken) was a fantastic start to our meal! Perfectly crispy.
O02400,22-09-2024,17:30,C0194,Isharat Momin,R139,Chicken Sub,Sandwiches,2,? 180.00, ? 360.00 , ? 137.00 ,? 86.00,A satisfying meal. The Chicken Sub was a good choice.
O02401,22-09-2024,15:00,C0023,Shamsher Faruqi,R2,Mushroom Soup,Starter,3,? 200.00, ? 600.00 , ? 159.00 ,? 123.00,The Mushroom Soup was a bit too oily for my liking.
O02402,22-09-2024,17:45,C0101,Aariz Malik,R160,Chicken Caesar Wrap,Snacks,5,? 150.00, ? 750.00 , ? 109.00 ,? 205.00,The Chicken Caesar Wrap was not what I expected.
O02403,23-09-2024,17:30,C0139,Arman Khan,R50,Kadai Paneer,Vegetarian,5,? 360.00," ? 1,800.00 ", ? 275.00 ,? 425.00,The Kadai Paneer is a great choice for vegetarians. Hearty and full of flavor.
O02404,23-09-2024,20:00,C0287,Nikhat Shaikh,R150,Aloo Parantha,Breads,4,? 80.00, ? 320.00 , ? 63.00 ,? 68.00,Great food! The Aloo Parantha was delicious and well-prepared.
O02405,23-09-2024,21:00,C0188,Sher Raes,R81,Sweet Corn Soup (Veg),Starter,4,? 140.00, ? 560.00 , ? 108.00 ,? 128.00,The Sweet Corn Soup (Veg) was a fantastic start to our meal! Perfectly crispy.
O02406,23-09-2024,10:00,C0185,Nikhat Shikalkar,R6,Grilled Salmon,Ocean Meal,5,? 500.00," ? 2,500.00 ", ? 357.00 ,? 715.00,The Grilled Salmon was not what I expected.
O02407,23-09-2024,12:00,C0213,Aakib Ali,R24,Samosa,Starter,3,? 100.00, ? 300.00 , ? 73.00 ,? 81.00,The Samosa was a fantastic start to our meal! Perfectly crispy.
O02408,23-09-2024,16:45,C0146,Sultan Sayyad,R62,Dal Makhani,Vegetarian,3,? 340.00," ? 1,020.00 ", ? 269.00 ,? 213.00,"It was an okay Dal Makhani, but I've had better."
O02409,23-09-2024,11:45,C0285,Ayeza Raes,R48,Egg Curry,Non-Veg Main,5,? 280.00," ? 1,400.00 ", ? 203.00 ,? 385.00,The Egg Curry was cooked to perfection. The spices were spot on!
O02410,24-09-2024,19:15,C0022,Aasiya Ali,R119,Misal Pav,Snack,4,? 160.00, ? 640.00 , ? 126.00 ,? 136.00,A satisfying meal. The Misal Pav was a good choice.
O02411,24-09-2024,17:15,C0148,Aakib Momin,R21,Chicken Fried Rice,Rice & Noodles,4,? 240.00, ? 960.00 , ? 182.00 ,? 232.00,A satisfying meal. The Chicken Fried Rice was a good choice.
O02412,24-09-2024,14:00,C0149,Aariz Nadaf,R40,Mutton Biryani,Rice & Noodles,1,? 480.00, ? 480.00 , ? 340.00 ,? 140.00,I was not a fan of the Mutton Biryani.
O02413,24-09-2024,11:15,C0278,Sultan Shikalkar,R140,Paneer Frankie,Street Food,2,? 130.00, ? 260.00 , ? 95.00 ,? 70.00,The Paneer Frankie met my expectations.
O02414,25-09-2024,15:30,C0104,Sultan Nadaf,R149,Paneer Parantha,Breads,5,? 90.00, ? 450.00 , ? 64.00 ,? 130.00,Great food! The Paneer Parantha was delicious and well-prepared.
O02415,25-09-2024,11:00,C0224,Nikhat Mujawar,R13,Gulab Jamun,Dessert,3,? 150.00, ? 450.00 , ? 117.00 ,? 99.00,The Gulab Jamun was fine.
O02416,25-09-2024,15:30,C0108,Arman Azam,R149,Paneer Parantha,Breads,5,? 90.00, ? 450.00 , ? 64.00 ,? 130.00,Great food! The Paneer Parantha was delicious and well-prepared.
O02417,25-09-2024,10:45,C0229,Aasin Khan,R79,Hot & Sour Soup (Veg),Starter,3,? 160.00, ? 480.00 , ? 113.00 ,? 141.00,Wasn't very impressed with the Hot & Sour Soup (Veg). It lacked flavor.
O02418,25-09-2024,12:30,C0011,Aasiya Ali,R54,Aloo Gobi,Vegetarian,2,? 220.00, ? 440.00 , ? 166.00 ,? 108.00,Loved the Aloo Gobi! It was a delightful and well-prepared vegetarian meal.
O02419,25-09-2024,18:30,C0306,Arman Malik,R87,Paneer Momos,Starter,3,? 200.00, ? 600.00 , ? 155.00 ,? 135.00,The Paneer Momos was okay. It was a standard appetizer.
O02420,25-09-2024,15:30,C0239,Arman Momin,R78,Chicken Schezwan Noodles,Rice & Noodles,3,? 280.00, ? 840.00 , ? 218.00 ,? 186.00,The Chicken Schezwan Noodles met my expectations.
O02421,25-09-2024,12:00,C0251,Aakib Khan,R90,Tandoori Momos,Starter,4,? 260.00," ? 1,040.00 ", ? 185.00 ,? 300.00,The Tandoori Momos was a fantastic start to our meal! Perfectly crispy.
O02422,25-09-2024,22:00,C0060,Nikhat Khan,R124,Chana Masala,Main Course,5,? 260.00," ? 1,300.00 ", ? 185.00 ,? 375.00,Great food! The Chana Masala was delicious and well-prepared.
O02423,25-09-2024,16:30,C0040,Moh Saad Nadaf,R82,Sweet Corn Soup (Chicken),Starter,5,? 180.00, ? 900.00 , ? 129.00 ,? 255.00,It was an average Sweet Corn Soup (Chicken).
O02424,26-09-2024,16:45,C0298,Aasin Malik,R32,Mutton Rogan Josh,Non-Veg Main,2,? 520.00," ? 1,040.00 ", ? 395.00 ,? 250.00,A truly authentic and flavorful Mutton Rogan Josh. It was very satisfying.
O02425,26-09-2024,15:30,C0146,Sultan Sayyad,R75,Schezwan Fried Rice,Rice & Noodles,4,? 220.00, ? 880.00 , ? 160.00 ,? 240.00,The Schezwan Fried Rice was excellent. Really enjoyed the meal.
O02426,26-09-2024,13:30,C0125,Danish Nadaf,R85,Veg Momos,Starter,1,? 180.00, ? 180.00 , ? 138.00 ,? 42.00,Absolutely loved the Veg Momos! It was the perfect appetizer to get us started.
O02427,26-09-2024,18:00,C0255,Shamsher Malik,R37,Pav Bhaji,Vegetarian,3,? 220.00, ? 660.00 , ? 171.00 ,? 147.00,The Pav Bhaji is a great choice for vegetarians. Hearty and full of flavor.
O02428,26-09-2024,13:30,C0223,Anis Sayyad,R32,Mutton Rogan Josh,Non-Veg Main,1,? 520.00, ? 520.00 , ? 395.00 ,? 125.00,The Mutton Rogan Josh was the highlight of our meal. Absolutely delicious!
O02429,26-09-2024,10:45,C0094,Rihan Ali,R133,Club Sandwich,Sandwiches,2,? 160.00, ? 320.00 , ? 119.00 ,? 82.00,The Club Sandwich met my expectations.
O02430,27-09-2024,12:15,C0330,Kaif Momin,R48,Egg Curry,Non-Veg Main,5,? 280.00," ? 1,400.00 ", ? 203.00 ,? 385.00,The Egg Curry was cooked to perfection. The spices were spot on!
O02431,27-09-2024,15:15,C0102,Aasifa Taimoor,R53,Baingan Bharta,Vegetarian,1,? 260.00, ? 260.00 , ? 195.00 ,? 65.00,The Baingan Bharta is a great choice for vegetarians. Hearty and full of flavor.
O02432,27-09-2024,17:45,C0317,Rihan Azam,R64,Crab Curry,Non-Veg Main,2,? 520.00," ? 1,040.00 ", ? 374.00 ,? 292.00,The Crab Curry was the highlight of our meal. Absolutely delicious!
O02433,27-09-2024,14:00,C0074,Moh Saad Malik,R55,Jeera Rice,Rice & Noodles,1,? 180.00, ? 180.00 , ? 129.00 ,? 51.00,The Jeera Rice could have been better.
O02434,27-09-2024,10:00,C0254,Sultan Ali,R13,Gulab Jamun,Dessert,1,? 150.00, ? 150.00 , ? 117.00 ,? 33.00,A satisfying meal. The Gulab Jamun was a good choice.
O02435,27-09-2024,22:45,C0078,Arahan Shaikh,R25,Spring Rolls,Starter,1,? 220.00, ? 220.00 , ? 164.00 ,? 56.00,Absolutely loved the Spring Rolls! It was the perfect appetizer to get us started.
O02436,27-09-2024,22:00,C0203,Isharat Sayyad,R26,Pasta Alfredo,Continental,2,? 320.00, ? 640.00 , ? 249.00 ,? 142.00,Great food! The Pasta Alfredo was delicious and well-prepared.
O02437,27-09-2024,14:15,C0081,Ayeza Raes,R34,Dal Tadka,Vegetarian,5,? 260.00," ? 1,300.00 ", ? 183.00 ,? 385.00,The Dal Tadka is a great choice for vegetarians. Hearty and full of flavor.
O02438,27-09-2024,16:00,C0081,Ayeza Raes,R142,Paneer Burger,Fast Food,4,? 140.00, ? 560.00 , ? 110.00 ,? 120.00,A satisfying meal. The Paneer Burger was a good choice.
O02439,27-09-2024,10:30,C0274,Moh Saad Sayyad,R60,Egg Biryani,Rice & Noodles,1,? 340.00, ? 340.00 , ? 268.00 ,? 72.00,A satisfying meal. The Egg Biryani was a good choice.
O02440,27-09-2024,12:30,C0043,Aakib Faruqi,R111,Veg Thali,Meal Combo,4,? 360.00," ? 1,440.00 ", ? 263.00 ,? 388.00,A satisfying meal. The Veg Thali was a good choice.
O02441,27-09-2024,21:00,C0081,Ayeza Raes,R48,Egg Curry,Non-Veg Main,3,? 280.00, ? 840.00 , ? 203.00 ,? 231.00,The Egg Curry was the highlight of our meal. Absolutely delicious!
O02442,27-09-2024,20:30,C0308,Ayeza Khan,R56,Tandoori Chicken,Non-Veg Main,5,? 460.00," ? 2,300.00 ", ? 366.00 ,? 470.00,The Tandoori Chicken was alright. It was cooked well but the flavor was average.
O02443,27-09-2024,16:15,C0159,Arman Taimoor,R22,Paneer Tikka,Starter,4,? 280.00," ? 1,120.00 ", ? 199.00 ,? 324.00,The Paneer Tikka was okay. It was a standard appetizer.
O02444,28-09-2024,11:45,C0062,Ayeza Nadaf,R80,Hot & Sour Soup (Chicken),Starter,1,? 200.00, ? 200.00 , ? 159.00 ,? 41.00,The Hot & Sour Soup (Chicken) was cold when it arrived at our table.
O02445,28-09-2024,10:30,C0323,Wahaj Ali,R153,Paneer Bhurji Sandwich,Snacks,2,? 75.00, ? 150.00 , ? 59.00 ,? 32.00,The Paneer Bhurji Sandwich was excellent. Really enjoyed the meal.
O02446,28-09-2024,11:30,C0255,Shamsher Malik,R120,Pani Puri,Snack,1,? 100.00, ? 100.00 , ? 74.00 ,? 26.00,The Pani Puri was excellent. Really enjoyed the meal.
O02447,28-09-2024,13:15,C0033,Arahan Azam,R124,Chana Masala,Main Course,2,? 260.00, ? 520.00 , ? 185.00 ,? 150.00,The Chana Masala met my expectations.
O02448,28-09-2024,15:30,C0015,Kaif Taimoor,R77,Veg Schezwan Noodles,Rice & Noodles,5,? 240.00," ? 1,200.00 ", ? 171.00 ,? 345.00,It was an average Veg Schezwan Noodles.
O02449,28-09-2024,22:45,C0097,Isharat Taimoor,R103,Fish Curry (Goan),Main Course,5,? 380.00," ? 1,900.00 ", ? 289.00 ,? 455.00,Great food! The Fish Curry (Goan) was delicious and well-prepared.
O02450,28-09-2024,13:45,C0134,Isharat Nadaf,R169,Club Chicken Sandwich,Snacks,1,? 140.00, ? 140.00 , ? 101.00 ,? 39.00,The Club Chicken Sandwich was excellent. Really enjoyed the meal.
O02451,28-09-2024,18:45,C0156,Arman Faruqi,R117,Vada Pav,Snack,5,? 120.00, ? 600.00 , ? 91.00 ,? 145.00,A satisfying meal. The Vada Pav was a good choice.
O02452,28-09-2024,19:15,C0176,Abdul Rahim Shikalkar,R4,Chicken Biryani,Rice Meal,3,? 440.00," ? 1,320.00 ", ? 334.00 ,? 318.00,The Chicken Biryani was not what I expected.
O02453,28-09-2024,22:15,C0229,Aasin Khan,R75,Schezwan Fried Rice,Rice & Noodles,5,? 220.00," ? 1,100.00 ", ? 160.00 ,? 300.00,The Schezwan Fried Rice was not what I expected.
O02454,28-09-2024,10:15,C0265,Aasin Ali,R10,Pepperoni Pizza,Pizza,2,? 368.00, ? 736.00 , ? 283.00 ,? 170.00,The Pepperoni Pizza met my expectations.
O02455,28-09-2024,14:00,C0247,Shahrukh Sayyad,R19,Chicken Hakka Noodles,Rice & Noodles,1,? 260.00, ? 260.00 , ? 193.00 ,? 67.00,Great food! The Chicken Hakka Noodles was delicious and well-prepared.
O02456,28-09-2024,15:30,C0129,Sher Taimoor,R103,Fish Curry (Goan),Main Course,3,? 380.00," ? 1,140.00 ", ? 289.00 ,? 273.00,The Fish Curry (Goan) met my expectations.
O02457,29-09-2024,19:30,C0262,Nikhat Faruqi,R167,Veggie Delight Sub,Snacks,1,? 120.00, ? 120.00 , ? 90.00 ,? 30.00,I was not a fan of the Veggie Delight Sub.
O02458,29-09-2024,16:30,C0279,Arman Taimoor,R105,Malai Kofta,Main Course,3,? 340.00," ? 1,020.00 ", ? 249.00 ,? 273.00,I was not a fan of the Malai Kofta.
O02459,29-09-2024,19:45,C0002,Dua Khan,R7,Butter Chicken,Meat Special,2,? 495.00, ? 990.00 , ? 349.00 ,? 292.00,Great food! The Butter Chicken was delicious and well-prepared.
O02460,29-09-2024,16:45,C0156,Arman Faruqi,R87,Paneer Momos,Starter,4,? 200.00, ? 800.00 , ? 155.00 ,? 180.00,The Paneer Momos was simply delicious and fresh. Highly recommended!
O02461,29-09-2024,13:30,C0298,Aasin Malik,R146,Cheese Sandwich,Sandwiches,1,? 100.00, ? 100.00 , ? 72.00 ,? 28.00,A satisfying meal. The Cheese Sandwich was a good choice.
O02462,29-09-2024,18:30,C0302,Shamsher Ali,R21,Chicken Fried Rice,Rice & Noodles,4,? 240.00, ? 960.00 , ? 182.00 ,? 232.00,The Chicken Fried Rice could have been better.
O02463,29-09-2024,22:00,C0147,Danish Khan,R20,Veg Fried Rice,Rice & Noodles,1,? 200.00, ? 200.00 , ? 145.00 ,? 55.00,The Veg Fried Rice was not what I expected.
O02464,29-09-2024,14:45,C0291,Aman Faruqi,R67,Veg Manchurian,Starter,3,? 240.00, ? 720.00 , ? 169.00 ,? 213.00,The Veg Manchurian was a fantastic start to our meal! Perfectly crispy.
O02465,29-09-2024,12:45,C0016,Dua Khan,R85,Veg Momos,Starter,4,? 180.00, ? 720.00 , ? 138.00 ,? 168.00,Absolutely loved the Veg Momos! It was the perfect appetizer to get us started.
O02466,29-09-2024,17:00,C0260,Danish Ali,R56,Tandoori Chicken,Non-Veg Main,1,? 460.00, ? 460.00 , ? 366.00 ,? 94.00,A truly authentic and flavorful Tandoori Chicken. It was very satisfying.
O02467,29-09-2024,10:00,C0086,Sher Momin,R167,Veggie Delight Sub,Snacks,2,? 120.00, ? 240.00 , ? 90.00 ,? 60.00,I was not a fan of the Veggie Delight Sub.
O02468,30-09-2024,22:30,C0185,Nikhat Shikalkar,R23,Chicken Tikka,Starter,3,? 320.00, ? 960.00 , ? 233.00 ,? 261.00,The Chicken Tikka was simply delicious and fresh. Highly recommended!
O02469,30-09-2024,18:15,C0296,Aariz Sayyad,R73,Chili Paneer,Starter,2,? 280.00, ? 560.00 , ? 219.00 ,? 122.00,The Chili Paneer was a bit too oily for my liking.
O02470,30-09-2024,21:45,C0298,Aasin Malik,R35,Rajma Chawal,Vegetarian,2,? 300.00, ? 600.00 , ? 238.00 ,? 124.00,The vegetables in the Rajma Chawal seemed overcooked.
O02471,30-09-2024,20:45,C0308,Ayeza Khan,R52,Bhindi Masala,Vegetarian,3,? 240.00, ? 720.00 , ? 175.00 ,? 195.00,Loved the Bhindi Masala! It was a delightful and well-prepared vegetarian meal.
O02472,30-09-2024,20:00,C0216,Sultan Khan,R112,Non-Veg Thali,Meal Combo,3,? 440.00," ? 1,320.00 ", ? 322.00 ,? 354.00,It was an average Non-Veg Thali.
O02473,30-09-2024,22:45,C0205,Rihan Taimoor,R166,Smoked Chicken Sub,Snacks,2,? 160.00, ? 320.00 , ? 112.00 ,? 96.00,Great food! The Smoked Chicken Sub was delicious and well-prepared.
O02474,30-09-2024,18:15,C0234,Moh Saad Faruqi,R3,Chicken Soup,Starter,1,? 220.00, ? 220.00 , ? 170.00 ,? 50.00,The Chicken Soup was cold when it arrived at our table.
O02475,30-09-2024,22:45,C0116,Arman Khan,R156,Veg Paneer Wrap,Snacks,2,? 95.00, ? 190.00 , ? 74.00 ,? 42.00,The Veg Paneer Wrap was excellent. Really enjoyed the meal.
O02476,30-09-2024,20:00,C0030,Sher Mujawar,R145,Chicken Shawarma,Street Food,1,? 170.00, ? 170.00 , ? 131.00 ,? 39.00,A satisfying meal. The Chicken Shawarma was a good choice.
O02477,30-09-2024,15:15,C0081,Ayeza Raes,R43,Idli Sambar,Vegetarian,3,? 160.00, ? 480.00 , ? 119.00 ,? 123.00,The Idli Sambar was a decent vegetarian option.
O02478,30-09-2024,22:00,C0283,Shahrukh Sayyad,R131,Butter Naan,Breads,1,? 60.00, ? 60.00 , ? 45.00 ,? 15.00,The Butter Naan could have been better.
O02479,30-09-2024,22:00,C0024,Aman Momin,R27,Pasta Arrabbiata,Continental,4,? 300.00," ? 1,200.00 ", ? 215.00 ,? 340.00,Great food! The Pasta Arrabbiata was delicious and well-prepared.
O02480,30-09-2024,10:30,C0204,Aasifa Faruqi,R103,Fish Curry (Goan),Main Course,5,? 380.00," ? 1,900.00 ", ? 289.00 ,? 455.00,It was an average Fish Curry (Goan).
O02481,30-09-2024,18:15,C0077,Shahrukh Momin,R119,Misal Pav,Snack,2,? 160.00, ? 320.00 , ? 126.00 ,? 68.00,A satisfying meal. The Misal Pav was a good choice.
O02482,30-09-2024,22:00,C0130,Aakib Shikalkar,R71,Veg Spring Rolls,Starter,5,? 220.00," ? 1,100.00 ", ? 162.00 ,? 290.00,The Veg Spring Rolls was a fantastic start to our meal! Perfectly crispy.
O02483,30-09-2024,12:15,C0294,Isharat Sayyad,R147,Paneer Sandwich,Sandwiches,3,? 120.00, ? 360.00 , ? 84.00 ,? 108.00,The Paneer Sandwich could have been better.
O02484,30-09-2024,16:30,C0137,Aman Raes,R166,Smoked Chicken Sub,Snacks,2,? 160.00, ? 320.00 , ? 112.00 ,? 96.00,The Smoked Chicken Sub was excellent. Really enjoyed the meal.
O02485,01-10-2024,17:00,C0238,Aakib Malik,R10,Pepperoni Pizza,Pizza,3,? 368.00," ? 1,104.00 ", ? 283.00 ,? 255.00,A satisfying meal. The Pepperoni Pizza was a good choice.
O02486,01-10-2024,18:15,C0169,Anis Taimoor,R139,Chicken Sub,Sandwiches,5,? 180.00, ? 900.00 , ? 137.00 ,? 215.00,The Chicken Sub met my expectations.
O02487,01-10-2024,17:00,C0107,Aasifa Faruqi,R85,Veg Momos,Starter,4,? 180.00, ? 720.00 , ? 138.00 ,? 168.00,The Veg Momos was a fantastic start to our meal! Perfectly crispy.
O02488,01-10-2024,10:30,C0285,Ayeza Raes,R13,Gulab Jamun,Dessert,4,? 150.00, ? 600.00 , ? 117.00 ,? 132.00,The Gulab Jamun could have been better.
O02489,01-10-2024,20:15,C0286,Sher Malik,R158,Cheese Garlic Bread,Breads,1,? 110.00, ? 110.00 , ? 85.00 ,? 25.00,Great food! The Cheese Garlic Bread was delicious and well-prepared.
O02490,01-10-2024,12:15,C0005,Aasin Azam,R78,Chicken Schezwan Noodles,Rice & Noodles,5,? 280.00," ? 1,400.00 ", ? 218.00 ,? 310.00,A satisfying meal. The Chicken Schezwan Noodles was a good choice.
O02491,01-10-2024,10:15,C0072,Kaif Taimoor,R157,Peri Peri Chicken Wings,Snacks,3,? 180.00, ? 540.00 , ? 135.00 ,? 135.00,I was not a fan of the Peri Peri Chicken Wings.
O02492,02-10-2024,18:30,C0014,Arman Faruqi,R73,Chili Paneer,Starter,3,? 280.00, ? 840.00 , ? 219.00 ,? 183.00,The Chili Paneer was cold when it arrived at our table.
O02493,02-10-2024,13:15,C0039,Aasifa Shaikh,R35,Rajma Chawal,Vegetarian,1,? 300.00, ? 300.00 , ? 238.00 ,? 62.00,The Rajma Chawal was bland and needed more seasoning.
O02494,02-10-2024,22:45,C0038,Moh Saad Malik,R111,Veg Thali,Meal Combo,3,? 360.00," ? 1,080.00 ", ? 263.00 ,? 291.00,Great food! The Veg Thali was delicious and well-prepared.
O02495,02-10-2024,12:30,C0202,Moh Saad Shikalkar,R162,BBQ Chicken Pizza Sandwich,Snacks,4,? 160.00, ? 640.00 , ? 115.00 ,? 180.00,The BBQ Chicken Pizza Sandwich was excellent. Really enjoyed the meal.
O02496,02-10-2024,11:15,C0043,Aakib Faruqi,R82,Sweet Corn Soup (Chicken),Starter,3,? 180.00, ? 540.00 , ? 129.00 ,? 153.00,"The Sweet Corn Soup (Chicken) was decent, but nothing special."
O02497,02-10-2024,11:00,C0227,Nikhat Taimoor,R144,Paneer Shawarma,Street Food,2,? 150.00, ? 300.00 , ? 111.00 ,? 78.00,The Paneer Shawarma was excellent. Really enjoyed the meal.
O02498,02-10-2024,11:15,C0255,Shamsher Malik,R47,Hyderabadi Haleem,Non-Veg Main,1,? 500.00, ? 500.00 , ? 395.00 ,? 105.00,A truly authentic and flavorful Hyderabadi Haleem. It was very satisfying.
O02499,03-10-2024,13:15,C0072,Kaif Taimoor,R111,Veg Thali,Meal Combo,2,? 360.00, ? 720.00 , ? 263.00 ,? 194.00,The Veg Thali was not what I expected.
O02500,03-10-2024,17:15,C0121,Rihan Mujawar,R88,Fried Momos (Veg),Starter,2,? 200.00, ? 400.00 , ? 141.00 ,? 118.00,Absolutely loved the Fried Momos (Veg)! It was the perfect appetizer to get us started.
O02501,03-10-2024,22:15,C0054,Shamsher Ali,R103,Fish Curry (Goan),Main Course,4,? 380.00," ? 1,520.00 ", ? 289.00 ,? 364.00,The Fish Curry (Goan) was excellent. Really enjoyed the meal.
O02502,03-10-2024,22:30,C0046,Nikhat Taimoor,R88,Fried Momos (Veg),Starter,2,? 200.00, ? 400.00 , ? 141.00 ,? 118.00,It was an average Fried Momos (Veg).
O02503,03-10-2024,16:15,C0161,Isharat Momin,R1,Tomato Soup,Starter,1,? 180.00, ? 180.00 , ? 132.00 ,? 48.00,The Tomato Soup was a fantastic start to our meal! Perfectly crispy.
O02504,03-10-2024,16:15,C0036,Sher Shikalkar,R7,Butter Chicken,Meat Special,5,? 495.00," ? 2,475.00 ", ? 349.00 ,? 730.00,The Butter Chicken was excellent. Really enjoyed the meal.
O02505,03-10-2024,21:30,C0152,Dua Sayyad,R131,Butter Naan,Breads,5,? 60.00, ? 300.00 , ? 45.00 ,? 75.00,Great food! The Butter Naan was delicious and well-prepared.
O02506,03-10-2024,18:00,C0090,Shahrukh Khan,R166,Smoked Chicken Sub,Snacks,3,? 160.00, ? 480.00 , ? 112.00 ,? 144.00,A satisfying meal. The Smoked Chicken Sub was a good choice.
O02507,03-10-2024,17:15,C0325,Aakib Momin,R42,Masala Dosa,Vegetarian,2,? 180.00, ? 360.00 , ? 138.00 ,? 84.00,The vegetables in the Masala Dosa seemed overcooked.
O02508,03-10-2024,15:30,C0282,Nikhat Khan,R9,Palak Paneer,Vegetarian,4,? 360.00," ? 1,440.00 ", ? 273.00 ,? 348.00,The Palak Paneer is a great choice for vegetarians. Hearty and full of flavor.
O02509,03-10-2024,18:15,C0292,Arahan Taimoor,R57,Chicken Tikka Masala,Non-Veg Main,5,? 480.00," ? 2,400.00 ", ? 373.00 ,? 535.00,"It was a standard Chicken Tikka Masala, nothing out of the ordinary."
O02510,04-10-2024,10:30,C0018,Sher Shikalkar,R117,Vada Pav,Snack,1,? 120.00, ? 120.00 , ? 91.00 ,? 29.00,Great food! The Vada Pav was delicious and well-prepared.
O02511,04-10-2024,20:15,C0249,Aasiya Mujawar,R134,Grilled Cheese Sandwich,Sandwiches,2,? 120.00, ? 240.00 , ? 90.00 ,? 60.00,The Grilled Cheese Sandwich was excellent. Really enjoyed the meal.
O02512,04-10-2024,13:15,C0159,Arman Taimoor,R100,Biryani (Veg),Rice,3,? 320.00, ? 960.00 , ? 251.00 ,? 207.00,A satisfying meal. The Biryani (Veg) was a good choice.
O02513,04-10-2024,22:30,C0126,Aakib Momin,R162,BBQ Chicken Pizza Sandwich,Snacks,4,? 160.00, ? 640.00 , ? 115.00 ,? 180.00,The BBQ Chicken Pizza Sandwich met my expectations.
O02514,04-10-2024,20:30,C0149,Aariz Nadaf,R74,Chili Chicken,Starter,2,? 340.00, ? 680.00 , ? 250.00 ,? 180.00,The Chili Chicken was a fantastic start to our meal! Perfectly crispy.
O02515,04-10-2024,11:45,C0190,Rihan Raes,R145,Chicken Shawarma,Street Food,1,? 170.00, ? 170.00 , ? 131.00 ,? 39.00,The Chicken Shawarma was excellent. Really enjoyed the meal.
O02516,04-10-2024,10:00,C0196,Arman Taimoor,R55,Jeera Rice,Rice & Noodles,5,? 180.00, ? 900.00 , ? 129.00 ,? 255.00,A satisfying meal. The Jeera Rice was a good choice.
O02517,04-10-2024,16:45,C0245,Wahaj Taimoor,R90,Tandoori Momos,Starter,3,? 260.00, ? 780.00 , ? 185.00 ,? 225.00,The Tandoori Momos was simply delicious and fresh. Highly recommended!
O02518,04-10-2024,14:30,C0185,Nikhat Shikalkar,R54,Aloo Gobi,Vegetarian,4,? 220.00, ? 880.00 , ? 166.00 ,? 216.00,A wholesome and delicious Aloo Gobi. The vegetables were so fresh!
O02519,04-10-2024,22:15,C0051,Dua Khan,R158,Cheese Garlic Bread,Breads,2,? 110.00, ? 220.00 , ? 85.00 ,? 50.00,Great food! The Cheese Garlic Bread was delicious and well-prepared.
O02520,05-10-2024,18:30,C0185,Nikhat Shikalkar,R13,Gulab Jamun,Dessert,5,? 150.00, ? 750.00 , ? 117.00 ,? 165.00,Great food! The Gulab Jamun was delicious and well-prepared.
O02521,05-10-2024,11:00,C0025,Aasifa Khan,R75,Schezwan Fried Rice,Rice & Noodles,2,? 220.00, ? 440.00 , ? 160.00 ,? 120.00,The Schezwan Fried Rice met my expectations.
O02522,05-10-2024,16:15,C0039,Aasifa Shaikh,R159,Falafel Wrap,Snacks,5,? 130.00, ? 650.00 , ? 102.00 ,? 140.00,The Falafel Wrap was fine.
O02523,05-10-2024,10:45,C0091,Aasin Nadaf,R158,Cheese Garlic Bread,Breads,4,? 110.00, ? 440.00 , ? 85.00 ,? 100.00,The Cheese Garlic Bread was excellent. Really enjoyed the meal.
O02524,05-10-2024,16:30,C0292,Arahan Taimoor,R79,Hot & Sour Soup (Veg),Starter,5,? 160.00, ? 800.00 , ? 113.00 ,? 235.00,The Hot & Sour Soup (Veg) was a fantastic start to our meal! Perfectly crispy.
O02525,05-10-2024,15:45,C0132,Sultan Momin,R105,Malai Kofta,Main Course,5,? 340.00," ? 1,700.00 ", ? 249.00 ,? 455.00,The Malai Kofta was not what I expected.
O02526,05-10-2024,12:00,C0121,Rihan Mujawar,R16,Ice Cream Sundae,Dessert,4,? 200.00, ? 800.00 , ? 143.00 ,? 228.00,A satisfying meal. The Ice Cream Sundae was a good choice.
O02527,05-10-2024,16:30,C0108,Arman Azam,R23,Chicken Tikka,Starter,3,? 320.00, ? 960.00 , ? 233.00 ,? 261.00,The Chicken Tikka was okay. It was a standard appetizer.
O02528,05-10-2024,13:00,C0287,Nikhat Shaikh,R119,Misal Pav,Snack,1,? 160.00, ? 160.00 , ? 126.00 ,? 34.00,The Misal Pav was excellent. Really enjoyed the meal.
O02529,05-10-2024,18:15,C0009,Shamsher Khan,R35,Rajma Chawal,Vegetarian,2,? 300.00, ? 600.00 , ? 238.00 ,? 124.00,The Rajma Chawal was as expected.
O02530,05-10-2024,21:15,C0194,Isharat Momin,R89,Fried Momos (Chicken),Starter,4,? 240.00, ? 960.00 , ? 176.00 ,? 256.00,The Fried Momos (Chicken) was a fantastic start to our meal! Perfectly crispy.
O02531,05-10-2024,21:00,C0104,Sultan Nadaf,R40,Mutton Biryani,Rice & Noodles,5,? 480.00," ? 2,400.00 ", ? 340.00 ,? 700.00,A satisfying meal. The Mutton Biryani was a good choice.
O02532,06-10-2024,14:15,C0128,Moh Saad Shikalkar,R158,Cheese Garlic Bread,Breads,2,? 110.00, ? 220.00 , ? 85.00 ,? 50.00,A satisfying meal. The Cheese Garlic Bread was a good choice.
O02533,06-10-2024,21:15,C0163,Shamsher Shikalkar,R157,Peri Peri Chicken Wings,Snacks,2,? 180.00, ? 360.00 , ? 135.00 ,? 90.00,The Peri Peri Chicken Wings was excellent. Really enjoyed the meal.
O02534,06-10-2024,11:30,C0288,Anis Shikalkar,R127,Kadhi Pakora,Main Course,1,? 300.00, ? 300.00 , ? 231.00 ,? 69.00,Great food! The Kadhi Pakora was delicious and well-prepared.
O02535,06-10-2024,14:15,C0214,Nikhat Taimoor,R67,Veg Manchurian,Starter,5,? 240.00," ? 1,200.00 ", ? 169.00 ,? 355.00,Wasn't very impressed with the Veg Manchurian. It lacked flavor.
O02536,06-10-2024,22:00,C0257,Aman Nadaf,R55,Jeera Rice,Rice & Noodles,5,? 180.00, ? 900.00 , ? 129.00 ,? 255.00,The Jeera Rice was fine.
O02537,06-10-2024,19:30,C0059,Aman Momin,R43,Idli Sambar,Vegetarian,3,? 160.00, ? 480.00 , ? 119.00 ,? 123.00,A wholesome and delicious Idli Sambar. The vegetables were so fresh!
O02538,06-10-2024,19:30,C0167,Abdul Rahim Momin,R33,Fish Curry,Non-Veg Main,1,? 400.00, ? 400.00 , ? 286.00 ,? 114.00,The Fish Curry was cooked to perfection. The spices were spot on!
O02539,06-10-2024,15:30,C0175,Aasiya Momin,R87,Paneer Momos,Starter,2,? 200.00, ? 400.00 , ? 155.00 ,? 90.00,The Paneer Momos was simply delicious and fresh. Highly recommended!
O02540,06-10-2024,20:45,C0269,Aakib Nadaf,R75,Schezwan Fried Rice,Rice & Noodles,5,? 220.00," ? 1,100.00 ", ? 160.00 ,? 300.00,The Schezwan Fried Rice met my expectations.
O02541,06-10-2024,16:15,C0067,Sultan Ali,R37,Pav Bhaji,Vegetarian,2,? 220.00, ? 440.00 , ? 171.00 ,? 98.00,The Pav Bhaji is a great choice for vegetarians. Hearty and full of flavor.
O02542,06-10-2024,16:00,C0221,Arman Mujawar,R147,Paneer Sandwich,Sandwiches,2,? 120.00, ? 240.00 , ? 84.00 ,? 72.00,The Paneer Sandwich could have been better.
O02543,06-10-2024,16:15,C0246,Aariz Raes,R38,Biryani Veg,Rice & Noodles,4,? 320.00," ? 1,280.00 ", ? 233.00 ,? 348.00,The Biryani Veg met my expectations.
O02544,07-10-2024,13:30,C0320,Sultan Momin,R28,Caesar Salad,Salad,4,? 280.00," ? 1,120.00 ", ? 210.00 ,? 280.00,The Caesar Salad was excellent. Really enjoyed the meal.
O02545,07-10-2024,10:45,C0074,Moh Saad Malik,R150,Aloo Parantha,Breads,3,? 80.00, ? 240.00 , ? 63.00 ,? 51.00,A satisfying meal. The Aloo Parantha was a good choice.
O02546,07-10-2024,12:00,C0300,Dua Azam,R76,Schezwan Chicken Fried Rice,Rice & Noodles,3,? 280.00, ? 840.00 , ? 211.00 ,? 207.00,A satisfying meal. The Schezwan Chicken Fried Rice was a good choice.
O02547,07-10-2024,15:30,C0319,Sultan Raes,R75,Schezwan Fried Rice,Rice & Noodles,2,? 220.00, ? 440.00 , ? 160.00 ,? 120.00,The Schezwan Fried Rice could have been better.
O02548,07-10-2024,12:15,C0222,Arman Ali,R77,Veg Schezwan Noodles,Rice & Noodles,3,? 240.00, ? 720.00 , ? 171.00 ,? 207.00,A satisfying meal. The Veg Schezwan Noodles was a good choice.
O02549,07-10-2024,15:15,C0265,Aasin Ali,R82,Sweet Corn Soup (Chicken),Starter,4,? 180.00, ? 720.00 , ? 129.00 ,? 204.00,"The Sweet Corn Soup (Chicken) was decent, but nothing special."
O02550,07-10-2024,22:30,C0151,Aasifa Malik,R120,Pani Puri,Snack,2,? 100.00, ? 200.00 , ? 74.00 ,? 52.00,I was not a fan of the Pani Puri.
O02551,07-10-2024,21:30,C0097,Isharat Taimoor,R162,BBQ Chicken Pizza Sandwich,Snacks,1,? 160.00, ? 160.00 , ? 115.00 ,? 45.00,The BBQ Chicken Pizza Sandwich was excellent. Really enjoyed the meal.
O02552,07-10-2024,21:15,C0263,Sher Raes,R11,Margherita Pizza,Pizza,1,? 330.00, ? 330.00 , ? 231.00 ,? 99.00,A satisfying meal. The Margherita Pizza was a good choice.
O02553,07-10-2024,22:30,C0002,Dua Khan,R143,Chicken Burger,Fast Food,5,? 160.00, ? 800.00 , ? 115.00 ,? 225.00,The Chicken Burger could have been better.
O02554,07-10-2024,18:00,C0152,Dua Sayyad,R140,Paneer Frankie,Street Food,4,? 130.00, ? 520.00 , ? 95.00 ,? 140.00,Great food! The Paneer Frankie was delicious and well-prepared.
O02555,07-10-2024,22:45,C0090,Shahrukh Khan,R15,Tiramisu,Dessert,1,? 280.00, ? 280.00 , ? 201.00 ,? 79.00,The Tiramisu was excellent. Really enjoyed the meal.
O02556,08-10-2024,16:00,C0001,Moh Saad Azam,R3,Chicken Soup,Starter,3,? 220.00, ? 660.00 , ? 170.00 ,? 150.00,The Chicken Soup was a fantastic start to our meal! Perfectly crispy.
O02557,08-10-2024,15:45,C0048,Abdul Rahim Malik,R147,Paneer Sandwich,Sandwiches,5,? 120.00, ? 600.00 , ? 84.00 ,? 180.00,The Paneer Sandwich was excellent. Really enjoyed the meal.
O02558,08-10-2024,15:00,C0163,Shamsher Shikalkar,R142,Paneer Burger,Fast Food,4,? 140.00, ? 560.00 , ? 110.00 ,? 120.00,Great food! The Paneer Burger was delicious and well-prepared.
O02559,08-10-2024,18:45,C0151,Aasifa Malik,R19,Chicken Hakka Noodles,Rice & Noodles,3,? 260.00, ? 780.00 , ? 193.00 ,? 201.00,The Chicken Hakka Noodles met my expectations.
O02560,08-10-2024,19:45,C0168,Isharat Shikalkar,R36,Chole Bhature,Vegetarian,3,? 280.00, ? 840.00 , ? 223.00 ,? 171.00,A wholesome and delicious Chole Bhature. The vegetables were so fresh!
O02561,08-10-2024,18:00,C0256,Arman Faruqi,R153,Paneer Bhurji Sandwich,Snacks,3,? 75.00, ? 225.00 , ? 59.00 ,? 48.00,Great food! The Paneer Bhurji Sandwich was delicious and well-prepared.
O02562,09-10-2024,15:00,C0239,Arman Momin,R124,Chana Masala,Main Course,5,? 260.00," ? 1,300.00 ", ? 185.00 ,? 375.00,Great food! The Chana Masala was delicious and well-prepared.
O02563,09-10-2024,22:15,C0076,Dua Shikalkar,R133,Club Sandwich,Sandwiches,1,? 160.00, ? 160.00 , ? 119.00 ,? 41.00,The Club Sandwich was excellent. Really enjoyed the meal.
O02564,09-10-2024,18:30,C0284,Sher Shaikh,R60,Egg Biryani,Rice & Noodles,3,? 340.00," ? 1,020.00 ", ? 268.00 ,? 216.00,A satisfying meal. The Egg Biryani was a good choice.
O02565,09-10-2024,17:00,C0120,Ayeza Taimoor,R89,Fried Momos (Chicken),Starter,1,? 240.00, ? 240.00 , ? 176.00 ,? 64.00,It was an average Fried Momos (Chicken).
O02566,09-10-2024,11:00,C0021,Moh Saad Shaikh,R33,Fish Curry,Non-Veg Main,4,? 400.00," ? 1,600.00 ", ? 286.00 ,? 456.00,The Fish Curry was cooked to perfection. The spices were spot on!
O02567,09-10-2024,10:15,C0092,Sultan Shaikh,R15,Tiramisu,Dessert,4,? 280.00," ? 1,120.00 ", ? 201.00 ,? 316.00,A satisfying meal. The Tiramisu was a good choice.
O02568,09-10-2024,18:45,C0283,Shahrukh Sayyad,R50,Kadai Paneer,Vegetarian,4,? 360.00," ? 1,440.00 ", ? 275.00 ,? 340.00,The Kadai Paneer is a great choice for vegetarians. Hearty and full of flavor.
O02569,09-10-2024,13:15,C0073,Moh Saad Taimoor,R77,Veg Schezwan Noodles,Rice & Noodles,4,? 240.00, ? 960.00 , ? 171.00 ,? 276.00,A satisfying meal. The Veg Schezwan Noodles was a good choice.
O02570,09-10-2024,11:00,C0131,Aasin Ali,R25,Spring Rolls,Starter,3,? 220.00, ? 660.00 , ? 164.00 ,? 168.00,The Spring Rolls was simply delicious and fresh. Highly recommended!
O02571,10-10-2024,19:15,C0257,Aman Nadaf,R8,Paneer Butter Masala,Vegetarian,2,? 380.00, ? 760.00 , ? 298.00 ,? 164.00,A wholesome and delicious Paneer Butter Masala. The vegetables were so fresh!
O02572,10-10-2024,19:00,C0174,Anis Malik,R141,Chicken Frankie,Street Food,4,? 150.00, ? 600.00 , ? 112.00 ,? 152.00,Great food! The Chicken Frankie was delicious and well-prepared.
O02573,10-10-2024,13:15,C0112,Shahrukh Sayyad,R132,Garlic Naan,Breads,5,? 70.00, ? 350.00 , ? 54.00 ,? 80.00,A satisfying meal. The Garlic Naan was a good choice.
O02574,10-10-2024,22:30,C0323,Wahaj Ali,R24,Samosa,Starter,4,? 100.00, ? 400.00 , ? 73.00 ,? 108.00,The Samosa was simply delicious and fresh. Highly recommended!
O02575,10-10-2024,22:15,C0084,Imran Momin,R20,Veg Fried Rice,Rice & Noodles,1,? 200.00, ? 200.00 , ? 145.00 ,? 55.00,A satisfying meal. The Veg Fried Rice was a good choice.
O02576,10-10-2024,17:45,C0019,Aariz Sayyad,R24,Samosa,Starter,3,? 100.00, ? 300.00 , ? 73.00 ,? 81.00,Absolutely loved the Samosa! It was the perfect appetizer to get us started.
O02577,10-10-2024,17:15,C0328,Isharat Khan,R74,Chili Chicken,Starter,2,? 340.00, ? 680.00 , ? 250.00 ,? 180.00,The Chili Chicken was cold when it arrived at our table.
O02578,10-10-2024,16:00,C0150,Aman Ali,R146,Cheese Sandwich,Sandwiches,2,? 100.00, ? 200.00 , ? 72.00 ,? 56.00,It was an average Cheese Sandwich.
O02579,10-10-2024,14:30,C0162,Shamsher Mujawar,R21,Chicken Fried Rice,Rice & Noodles,4,? 240.00, ? 960.00 , ? 182.00 ,? 232.00,The Chicken Fried Rice was not what I expected.
O02580,11-10-2024,11:00,C0294,Isharat Sayyad,R110,Seekh Kebab,Starter,2,? 400.00, ? 800.00 , ? 282.00 ,? 236.00,"The Seekh Kebab was decent, but nothing special."
O02581,11-10-2024,15:15,C0243,Imran Sayyad,R116,Uttapam,South Indian,2,? 220.00, ? 440.00 , ? 170.00 ,? 100.00,The Uttapam could have been better.
O02582,11-10-2024,21:00,C0301,Sher Taimoor,R105,Malai Kofta,Main Course,2,? 340.00, ? 680.00 , ? 249.00 ,? 182.00,The Malai Kofta could have been better.
O02583,11-10-2024,13:00,C0050,Dua Sayyad,R27,Pasta Arrabbiata,Continental,2,? 300.00, ? 600.00 , ? 215.00 ,? 170.00,A satisfying meal. The Pasta Arrabbiata was a good choice.
O02584,11-10-2024,14:30,C0091,Aasin Nadaf,R135,Paneer Kathi Roll,Street Food,2,? 140.00, ? 280.00 , ? 103.00 ,? 74.00,Great food! The Paneer Kathi Roll was delicious and well-prepared.
O02585,12-10-2024,12:15,C0076,Dua Shikalkar,R154,Egg Mayo Sandwich,Snacks,1,? 85.00, ? 85.00 , ? 66.00 ,? 19.00,Great food! The Egg Mayo Sandwich was delicious and well-prepared.
O02586,12-10-2024,22:00,C0133,Wahaj Ali,R56,Tandoori Chicken,Non-Veg Main,4,? 460.00," ? 1,840.00 ", ? 366.00 ,? 376.00,The Tandoori Chicken was the highlight of our meal. Absolutely delicious!
O02587,12-10-2024,18:30,C0027,Arman Faruqi,R149,Paneer Parantha,Breads,1,? 90.00, ? 90.00 , ? 64.00 ,? 26.00,A satisfying meal. The Paneer Parantha was a good choice.
O02588,12-10-2024,11:45,C0166,Nikhat Taimoor,R80,Hot & Sour Soup (Chicken),Starter,1,? 200.00, ? 200.00 , ? 159.00 ,? 41.00,Absolutely loved the Hot & Sour Soup (Chicken)! It was the perfect appetizer to get us started.
O02589,12-10-2024,17:45,C0030,Sher Mujawar,R100,Biryani (Veg),Rice,4,? 320.00," ? 1,280.00 ", ? 251.00 ,? 276.00,I was not a fan of the Biryani (Veg).
O02590,12-10-2024,16:00,C0162,Shamsher Mujawar,R74,Chili Chicken,Starter,3,? 340.00," ? 1,020.00 ", ? 250.00 ,? 270.00,The Chili Chicken was simply delicious and fresh. Highly recommended!
O02591,12-10-2024,22:45,C0009,Shamsher Khan,R150,Aloo Parantha,Breads,3,? 80.00, ? 240.00 , ? 63.00 ,? 51.00,A satisfying meal. The Aloo Parantha was a good choice.
O02592,12-10-2024,13:45,C0133,Wahaj Ali,R148,Egg Sandwich,Sandwiches,1,? 110.00, ? 110.00 , ? 80.00 ,? 30.00,The Egg Sandwich was excellent. Really enjoyed the meal.
O02593,12-10-2024,13:30,C0312,Danish Khan,R50,Kadai Paneer,Vegetarian,1,? 360.00, ? 360.00 , ? 275.00 ,? 85.00,I found the Kadai Paneer to be a bit watery.
O02594,12-10-2024,18:30,C0132,Sultan Momin,R55,Jeera Rice,Rice & Noodles,1,? 180.00, ? 180.00 , ? 129.00 ,? 51.00,The Jeera Rice could have been better.
O02595,12-10-2024,18:30,C0321,Aasifa Khan,R164,Mutton Seekh Kebab Roll,Snacks,2,? 170.00, ? 340.00 , ? 132.00 ,? 76.00,A satisfying meal. The Mutton Seekh Kebab Roll was a good choice.
O02596,12-10-2024,14:45,C0091,Aasin Nadaf,R80,Hot & Sour Soup (Chicken),Starter,5,? 200.00," ? 1,000.00 ", ? 159.00 ,? 205.00,The Hot & Sour Soup (Chicken) was simply delicious and fresh. Highly recommended!
O02597,12-10-2024,20:00,C0172,Ayeza Shaikh,R8,Paneer Butter Masala,Vegetarian,2,? 380.00, ? 760.00 , ? 298.00 ,? 164.00,The Paneer Butter Masala was a decent vegetarian option.
O02598,12-10-2024,11:30,C0251,Aakib Khan,R14,Rasgulla,Dessert,3,? 140.00, ? 420.00 , ? 100.00 ,? 120.00,The Rasgulla was excellent. Really enjoyed the meal.
O02599,13-10-2024,10:45,C0264,Abdul Rahim Mujawar,R46,Onion Uttapam,Vegetarian,2,? 160.00, ? 320.00 , ? 112.00 ,? 96.00,A wholesome and delicious Onion Uttapam. The vegetables were so fresh!
O02600,13-10-2024,19:45,C0076,Dua Shikalkar,R154,Egg Mayo Sandwich,Snacks,4,? 85.00, ? 340.00 , ? 66.00 ,? 76.00,The Egg Mayo Sandwich could have been better.
O02601,13-10-2024,12:45,C0326,Aman Sayyad,R124,Chana Masala,Main Course,5,? 260.00," ? 1,300.00 ", ? 185.00 ,? 375.00,Great food! The Chana Masala was delicious and well-prepared.
O02602,13-10-2024,10:45,C0115,Aasifa Nadaf,R110,Seekh Kebab,Starter,2,? 400.00, ? 800.00 , ? 282.00 ,? 236.00,The Seekh Kebab was simply delicious and fresh. Highly recommended!
O02603,13-10-2024,15:00,C0139,Arman Khan,R68,Chicken Manchurian,Starter,3,? 280.00, ? 840.00 , ? 205.00 ,? 225.00,The Chicken Manchurian was okay. It was a standard appetizer.
O02604,13-10-2024,12:15,C0235,Abdul Rahim Malik,R6,Grilled Salmon,Ocean Meal,4,? 500.00," ? 2,000.00 ", ? 357.00 ,? 572.00,The Grilled Salmon could have been better.
O02605,13-10-2024,17:45,C0122,Aakib Nadaf,R23,Chicken Tikka,Starter,2,? 320.00, ? 640.00 , ? 233.00 ,? 174.00,The Chicken Tikka was a bit too oily for my liking.
O02606,13-10-2024,16:30,C0246,Aariz Raes,R16,Ice Cream Sundae,Dessert,2,? 200.00, ? 400.00 , ? 143.00 ,? 114.00,The Ice Cream Sundae was excellent. Really enjoyed the meal.
O02607,13-10-2024,18:00,C0046,Nikhat Taimoor,R55,Jeera Rice,Rice & Noodles,3,? 180.00, ? 540.00 , ? 129.00 ,? 153.00,A satisfying meal. The Jeera Rice was a good choice.
O02608,14-10-2024,15:00,C0087,Moh Saad Mujawar,R166,Smoked Chicken Sub,Snacks,4,? 160.00, ? 640.00 , ? 112.00 ,? 192.00,The Smoked Chicken Sub was not what I expected.
O02609,14-10-2024,14:15,C0033,Arahan Azam,R150,Aloo Parantha,Breads,5,? 80.00, ? 400.00 , ? 63.00 ,? 85.00,It was an average Aloo Parantha.
O02610,14-10-2024,18:00,C0030,Sher Mujawar,R25,Spring Rolls,Starter,3,? 220.00, ? 660.00 , ? 164.00 ,? 168.00,Absolutely loved the Spring Rolls! It was the perfect appetizer to get us started.
O02611,14-10-2024,21:00,C0156,Arman Faruqi,R162,BBQ Chicken Pizza Sandwich,Snacks,3,? 160.00, ? 480.00 , ? 115.00 ,? 135.00,It was an average BBQ Chicken Pizza Sandwich.
O02612,14-10-2024,10:45,C0014,Arman Faruqi,R145,Chicken Shawarma,Street Food,2,? 170.00, ? 340.00 , ? 131.00 ,? 78.00,The Chicken Shawarma met my expectations.
O02613,14-10-2024,16:00,C0100,Aman Momin,R159,Falafel Wrap,Snacks,2,? 130.00, ? 260.00 , ? 102.00 ,? 56.00,The Falafel Wrap could have been better.
O02614,14-10-2024,20:00,C0233,Moh Saad Nadaf,R61,Vegetable Korma,Vegetarian,5,? 320.00," ? 1,600.00 ", ? 243.00 ,? 385.00,The Vegetable Korma is a great choice for vegetarians. Hearty and full of flavor.
O02615,14-10-2024,14:15,C0093,Aakib Raes,R161,Grilled Veg Panini,Snacks,2,? 140.00, ? 280.00 , ? 99.00 ,? 82.00,Great food! The Grilled Veg Panini was delicious and well-prepared.
O02616,14-10-2024,18:00,C0252,Moh Saad Faruqi,R153,Paneer Bhurji Sandwich,Snacks,2,? 75.00, ? 150.00 , ? 59.00 ,? 32.00,A satisfying meal. The Paneer Bhurji Sandwich was a good choice.
O02617,14-10-2024,22:30,C0004,Ayeza Ali,R133,Club Sandwich,Sandwiches,2,? 160.00, ? 320.00 , ? 119.00 ,? 82.00,A satisfying meal. The Club Sandwich was a good choice.
O02618,15-10-2024,10:45,C0151,Aasifa Malik,R103,Fish Curry (Goan),Main Course,5,? 380.00," ? 1,900.00 ", ? 289.00 ,? 455.00,A satisfying meal. The Fish Curry (Goan) was a good choice.
O02619,15-10-2024,17:15,C0067,Sultan Ali,R75,Schezwan Fried Rice,Rice & Noodles,2,? 220.00, ? 440.00 , ? 160.00 ,? 120.00,Great food! The Schezwan Fried Rice was delicious and well-prepared.
O02620,15-10-2024,13:15,C0018,Sher Shikalkar,R151,Veg Frankie Roll,Snacks,5,? 80.00, ? 400.00 , ? 62.00 ,? 90.00,A satisfying meal. The Veg Frankie Roll was a good choice.
O02621,15-10-2024,18:45,C0200,Aariz Taimoor,R9,Palak Paneer,Vegetarian,3,? 360.00," ? 1,080.00 ", ? 273.00 ,? 261.00,Loved the Palak Paneer! It was a delightful and well-prepared vegetarian meal.
O02622,15-10-2024,12:30,C0095,Aakib Azam,R131,Butter Naan,Breads,5,? 60.00, ? 300.00 , ? 45.00 ,? 75.00,It was an average Butter Naan.
O02623,15-10-2024,16:15,C0259,Nikhat Malik,R147,Paneer Sandwich,Sandwiches,2,? 120.00, ? 240.00 , ? 84.00 ,? 72.00,The Paneer Sandwich was excellent. Really enjoyed the meal.
O02624,15-10-2024,22:30,C0328,Isharat Khan,R85,Veg Momos,Starter,4,? 180.00, ? 720.00 , ? 138.00 ,? 168.00,"The Veg Momos was decent, but nothing special."
O02625,15-10-2024,14:00,C0186,Aariz Khan,R68,Chicken Manchurian,Starter,2,? 280.00, ? 560.00 , ? 205.00 ,? 150.00,Absolutely loved the Chicken Manchurian! It was the perfect appetizer to get us started.
O02626,15-10-2024,21:30,C0258,Aakib Sayyad,R45,Medu Vada,Vegetarian,1,? 150.00, ? 150.00 , ? 112.00 ,? 38.00,The Medu Vada was as expected.
O02627,15-10-2024,16:45,C0021,Moh Saad Shaikh,R76,Schezwan Chicken Fried Rice,Rice & Noodles,2,? 280.00, ? 560.00 , ? 211.00 ,? 138.00,It was an average Schezwan Chicken Fried Rice.
O02628,15-10-2024,19:45,C0139,Arman Khan,R24,Samosa,Starter,3,? 100.00, ? 300.00 , ? 73.00 ,? 81.00,The Samosa was simply delicious and fresh. Highly recommended!
O02629,16-10-2024,11:15,C0077,Shahrukh Momin,R19,Chicken Hakka Noodles,Rice & Noodles,4,? 260.00," ? 1,040.00 ", ? 193.00 ,? 268.00,The Chicken Hakka Noodles met my expectations.
O02630,16-10-2024,15:30,C0217,Nikhat Mujawar,R1,Tomato Soup,Starter,5,? 180.00, ? 900.00 , ? 132.00 ,? 240.00,The Tomato Soup was a fantastic start to our meal! Perfectly crispy.
O02631,16-10-2024,17:45,C0254,Sultan Ali,R55,Jeera Rice,Rice & Noodles,1,? 180.00, ? 180.00 , ? 129.00 ,? 51.00,A satisfying meal. The Jeera Rice was a good choice.
O02632,16-10-2024,15:30,C0146,Sultan Sayyad,R25,Spring Rolls,Starter,5,? 220.00," ? 1,100.00 ", ? 164.00 ,? 280.00,"The Spring Rolls was decent, but nothing special."
O02633,16-10-2024,12:30,C0203,Isharat Sayyad,R62,Dal Makhani,Vegetarian,5,? 340.00," ? 1,700.00 ", ? 269.00 ,? 355.00,I found the Dal Makhani to be a bit watery.
O02634,16-10-2024,12:00,C0249,Aasiya Mujawar,R6,Grilled Salmon,Ocean Meal,4,? 500.00," ? 2,000.00 ", ? 357.00 ,? 572.00,I was not a fan of the Grilled Salmon.
O02635,16-10-2024,16:30,C0278,Sultan Shikalkar,R132,Garlic Naan,Breads,5,? 70.00, ? 350.00 , ? 54.00 ,? 80.00,The Garlic Naan met my expectations.
O02636,16-10-2024,17:30,C0252,Moh Saad Faruqi,R4,Chicken Biryani,Rice Meal,1,? 440.00, ? 440.00 , ? 334.00 ,? 106.00,The Chicken Biryani could have been better.
O02637,17-10-2024,18:15,C0305,Aasin Faruqi,R117,Vada Pav,Snack,2,? 120.00, ? 240.00 , ? 91.00 ,? 58.00,A satisfying meal. The Vada Pav was a good choice.
O02638,17-10-2024,11:00,C0224,Nikhat Mujawar,R45,Medu Vada,Vegetarian,2,? 150.00, ? 300.00 , ? 112.00 ,? 76.00,Loved the Medu Vada! It was a delightful and well-prepared vegetarian meal.
O02639,17-10-2024,15:00,C0013,Aariz Raes,R132,Garlic Naan,Breads,3,? 70.00, ? 210.00 , ? 54.00 ,? 48.00,I was not a fan of the Garlic Naan.
O02640,17-10-2024,11:30,C0324,Aasifa Faruqi,R149,Paneer Parantha,Breads,1,? 90.00, ? 90.00 , ? 64.00 ,? 26.00,A satisfying meal. The Paneer Parantha was a good choice.
O02641,17-10-2024,18:00,C0211,Moh Saad Faruqi,R45,Medu Vada,Vegetarian,3,? 150.00, ? 450.00 , ? 112.00 ,? 114.00,Loved the Medu Vada! It was a delightful and well-prepared vegetarian meal.
O02642,17-10-2024,14:15,C0301,Sher Taimoor,R80,Hot & Sour Soup (Chicken),Starter,5,? 200.00," ? 1,000.00 ", ? 159.00 ,? 205.00,Absolutely loved the Hot & Sour Soup (Chicken)! It was the perfect appetizer to get us started.
O02643,17-10-2024,11:15,C0077,Shahrukh Momin,R3,Chicken Soup,Starter,5,? 220.00," ? 1,100.00 ", ? 170.00 ,? 250.00,The Chicken Soup was simply delicious and fresh. Highly recommended!
O02644,18-10-2024,20:15,C0034,Anis Raes,R124,Chana Masala,Main Course,1,? 260.00, ? 260.00 , ? 185.00 ,? 75.00,Great food! The Chana Masala was delicious and well-prepared.
O02645,18-10-2024,19:45,C0072,Kaif Taimoor,R24,Samosa,Starter,5,? 100.00, ? 500.00 , ? 73.00 ,? 135.00,The Samosa was a fantastic start to our meal! Perfectly crispy.
O02646,18-10-2024,14:15,C0304,Danish Sayyad,R28,Caesar Salad,Salad,5,? 280.00," ? 1,400.00 ", ? 210.00 ,? 350.00,Great food! The Caesar Salad was delicious and well-prepared.
O02647,18-10-2024,10:00,C0168,Isharat Shikalkar,R162,BBQ Chicken Pizza Sandwich,Snacks,5,? 160.00, ? 800.00 , ? 115.00 ,? 225.00,The BBQ Chicken Pizza Sandwich was excellent. Really enjoyed the meal.
O02648,18-10-2024,12:45,C0171,Aman Azam,R152,Chicken Kathi Roll,Snacks,1,? 120.00, ? 120.00 , ? 91.00 ,? 29.00,A satisfying meal. The Chicken Kathi Roll was a good choice.
O02649,18-10-2024,20:00,C0091,Aasin Nadaf,R9,Palak Paneer,Vegetarian,3,? 360.00," ? 1,080.00 ", ? 273.00 ,? 261.00,The Palak Paneer was bland and needed more seasoning.
O02650,18-10-2024,20:30,C0021,Moh Saad Shaikh,R149,Paneer Parantha,Breads,3,? 90.00, ? 270.00 , ? 64.00 ,? 78.00,The Paneer Parantha was fine.
O02651,19-10-2024,13:45,C0112,Shahrukh Sayyad,R145,Chicken Shawarma,Street Food,4,? 170.00, ? 680.00 , ? 131.00 ,? 156.00,Great food! The Chicken Shawarma was delicious and well-prepared.
O02652,19-10-2024,22:45,C0245,Wahaj Taimoor,R29,Greek Salad,Salad,3,? 260.00, ? 780.00 , ? 197.00 ,? 189.00,The Greek Salad was fine.
O02653,19-10-2024,16:15,C0174,Anis Malik,R48,Egg Curry,Non-Veg Main,2,? 280.00, ? 560.00 , ? 203.00 ,? 154.00,The Egg Curry was alright. It was cooked well but the flavor was average.
O02654,19-10-2024,16:45,C0143,Sultan Mujawar,R14,Rasgulla,Dessert,4,? 140.00, ? 560.00 , ? 100.00 ,? 160.00,A satisfying meal. The Rasgulla was a good choice.
O02655,19-10-2024,19:00,C0094,Rihan Ali,R128,Matar Paneer,Main Course,3,? 340.00," ? 1,020.00 ", ? 263.00 ,? 231.00,The Matar Paneer met my expectations.
O02656,19-10-2024,19:45,C0136,Anis Taimoor,R137,Veg Wrap,Sandwiches,2,? 130.00, ? 260.00 , ? 92.00 ,? 76.00,The Veg Wrap was fine.
O02657,19-10-2024,20:15,C0218,Danish Khan,R147,Paneer Sandwich,Sandwiches,4,? 120.00, ? 480.00 , ? 84.00 ,? 144.00,A satisfying meal. The Paneer Sandwich was a good choice.
O02658,19-10-2024,22:00,C0265,Aasin Ali,R53,Baingan Bharta,Vegetarian,4,? 260.00," ? 1,040.00 ", ? 195.00 ,? 260.00,The Baingan Bharta was a decent vegetarian option.
O02659,19-10-2024,10:00,C0134,Isharat Nadaf,R164,Mutton Seekh Kebab Roll,Snacks,3,? 170.00, ? 510.00 , ? 132.00 ,? 114.00,The Mutton Seekh Kebab Roll was excellent. Really enjoyed the meal.
O02660,20-10-2024,13:00,C0319,Sultan Raes,R46,Onion Uttapam,Vegetarian,5,? 160.00, ? 800.00 , ? 112.00 ,? 240.00,The Onion Uttapam was a decent vegetarian option.
O02661,20-10-2024,13:00,C0040,Moh Saad Nadaf,R8,Paneer Butter Masala,Vegetarian,4,? 380.00," ? 1,520.00 ", ? 298.00 ,? 328.00,A wholesome and delicious Paneer Butter Masala. The vegetables were so fresh!
O02662,20-10-2024,15:30,C0295,Sultan Taimoor,R162,BBQ Chicken Pizza Sandwich,Snacks,3,? 160.00, ? 480.00 , ? 115.00 ,? 135.00,Great food! The BBQ Chicken Pizza Sandwich was delicious and well-prepared.
O02663,20-10-2024,19:00,C0116,Arman Khan,R143,Chicken Burger,Fast Food,5,? 160.00, ? 800.00 , ? 115.00 ,? 225.00,A satisfying meal. The Chicken Burger was a good choice.
O02664,20-10-2024,11:30,C0267,Moh Saad Faruqi,R117,Vada Pav,Snack,4,? 120.00, ? 480.00 , ? 91.00 ,? 116.00,Great food! The Vada Pav was delicious and well-prepared.
O02665,20-10-2024,18:15,C0139,Arman Khan,R63,Prawn Masala,Non-Veg Main,4,? 460.00," ? 1,840.00 ", ? 326.00 ,? 536.00,The Prawn Masala was the highlight of our meal. Absolutely delicious!
O02666,20-10-2024,11:15,C0135,Danish Azam,R20,Veg Fried Rice,Rice & Noodles,4,? 200.00, ? 800.00 , ? 145.00 ,? 220.00,Great food! The Veg Fried Rice was delicious and well-prepared.
O02667,20-10-2024,14:30,C0070,Aasifa Azam,R57,Chicken Tikka Masala,Non-Veg Main,3,? 480.00," ? 1,440.00 ", ? 373.00 ,? 321.00,The Chicken Tikka Masala was alright. It was cooked well but the flavor was average.
O02668,20-10-2024,20:45,C0006,Imran Taimoor,R168,Avocado Toast,Breakfast,2,? 150.00, ? 300.00 , ? 111.00 ,? 78.00,Great food! The Avocado Toast was delicious and well-prepared.
O02669,20-10-2024,16:00,C0164,Aakib Malik,R68,Chicken Manchurian,Starter,2,? 280.00, ? 560.00 , ? 205.00 ,? 150.00,The Chicken Manchurian was a fantastic start to our meal! Perfectly crispy.
O02670,20-10-2024,18:45,C0030,Sher Mujawar,R159,Falafel Wrap,Snacks,3,? 130.00, ? 390.00 , ? 102.00 ,? 84.00,I was not a fan of the Falafel Wrap.
O02671,20-10-2024,13:45,C0116,Arman Khan,R4,Chicken Biryani,Rice Meal,1,? 440.00, ? 440.00 , ? 334.00 ,? 106.00,Great food! The Chicken Biryani was delicious and well-prepared.
O02672,20-10-2024,17:00,C0120,Ayeza Taimoor,R63,Prawn Masala,Non-Veg Main,3,? 460.00," ? 1,380.00 ", ? 326.00 ,? 402.00,The Prawn Masala was too spicy for me to handle.
O02673,20-10-2024,11:45,C0291,Aman Faruqi,R18,Veg Hakka Noodles,Rice & Noodles,5,? 220.00," ? 1,100.00 ", ? 165.00 ,? 275.00,I was not a fan of the Veg Hakka Noodles.
O02674,20-10-2024,15:15,C0185,Nikhat Shikalkar,R40,Mutton Biryani,Rice & Noodles,4,? 480.00," ? 1,920.00 ", ? 340.00 ,? 560.00,A satisfying meal. The Mutton Biryani was a good choice.
O02675,20-10-2024,16:15,C0240,Sultan Ali,R43,Idli Sambar,Vegetarian,5,? 160.00, ? 800.00 , ? 119.00 ,? 205.00,The Idli Sambar is a great choice for vegetarians. Hearty and full of flavor.
O02676,21-10-2024,20:45,C0078,Arahan Shaikh,R145,Chicken Shawarma,Street Food,5,? 170.00, ? 850.00 , ? 131.00 ,? 195.00,I was not a fan of the Chicken Shawarma.
O02677,21-10-2024,14:45,C0139,Arman Khan,R100,Biryani (Veg),Rice,5,? 320.00," ? 1,600.00 ", ? 251.00 ,? 345.00,The Biryani (Veg) was not what I expected.
O02678,21-10-2024,22:00,C0170,Sher Shikalkar,R5,Mutton Biryani,Rice Meal,5,? 490.00," ? 2,450.00 ", ? 350.00 ,? 700.00,The Mutton Biryani was excellent. Really enjoyed the meal.
O02679,21-10-2024,21:45,C0243,Imran Sayyad,R165,Paneer Tandoori Wrap,Snacks,2,? 120.00, ? 240.00 , ? 94.00 ,? 52.00,A satisfying meal. The Paneer Tandoori Wrap was a good choice.
O02680,21-10-2024,21:15,C0194,Isharat Momin,R148,Egg Sandwich,Sandwiches,4,? 110.00, ? 440.00 , ? 80.00 ,? 120.00,A satisfying meal. The Egg Sandwich was a good choice.
O02681,21-10-2024,16:15,C0194,Isharat Momin,R127,Kadhi Pakora,Main Course,2,? 300.00, ? 600.00 , ? 231.00 ,? 138.00,A satisfying meal. The Kadhi Pakora was a good choice.
O02682,21-10-2024,20:30,C0023,Shamsher Faruqi,R147,Paneer Sandwich,Sandwiches,5,? 120.00, ? 600.00 , ? 84.00 ,? 180.00,I was not a fan of the Paneer Sandwich.
O02683,21-10-2024,14:15,C0297,Wahaj Ali,R151,Veg Frankie Roll,Snacks,1,? 80.00, ? 80.00 , ? 62.00 ,? 18.00,The Veg Frankie Roll was fine.
O02684,21-10-2024,20:00,C0260,Danish Ali,R59,Veg Pulao,Rice & Noodles,1,? 240.00, ? 240.00 , ? 190.00 ,? 50.00,I was not a fan of the Veg Pulao.
O02685,21-10-2024,22:45,C0196,Arman Taimoor,R20,Veg Fried Rice,Rice & Noodles,3,? 200.00, ? 600.00 , ? 145.00 ,? 165.00,A satisfying meal. The Veg Fried Rice was a good choice.
O02686,21-10-2024,12:15,C0281,Abdul Rahim Faruqi,R167,Veggie Delight Sub,Snacks,3,? 120.00, ? 360.00 , ? 90.00 ,? 90.00,The Veggie Delight Sub was fine.
O02687,22-10-2024,14:00,C0019,Aariz Sayyad,R154,Egg Mayo Sandwich,Snacks,4,? 85.00, ? 340.00 , ? 66.00 ,? 76.00,The Egg Mayo Sandwich was excellent. Really enjoyed the meal.
O02688,22-10-2024,14:30,C0309,Arman Faruqi,R46,Onion Uttapam,Vegetarian,2,? 160.00, ? 320.00 , ? 112.00 ,? 96.00,The Onion Uttapam was as expected.
O02689,22-10-2024,21:15,C0324,Aasifa Faruqi,R54,Aloo Gobi,Vegetarian,1,? 220.00, ? 220.00 , ? 166.00 ,? 54.00,Loved the Aloo Gobi! It was a delightful and well-prepared vegetarian meal.
O02690,22-10-2024,18:30,C0292,Arahan Taimoor,R16,Ice Cream Sundae,Dessert,2,? 200.00, ? 400.00 , ? 143.00 ,? 114.00,The Ice Cream Sundae was not what I expected.
O02691,22-10-2024,16:45,C0172,Ayeza Shaikh,R1,Tomato Soup,Starter,2,? 180.00, ? 360.00 , ? 132.00 ,? 96.00,The Tomato Soup was cold when it arrived at our table.
O02692,22-10-2024,22:45,C0103,Aasiya Faruqi,R78,Chicken Schezwan Noodles,Rice & Noodles,5,? 280.00," ? 1,400.00 ", ? 218.00 ,? 310.00,The Chicken Schezwan Noodles was fine.
O02693,22-10-2024,11:30,C0301,Sher Taimoor,R145,Chicken Shawarma,Street Food,3,? 170.00, ? 510.00 , ? 131.00 ,? 117.00,I was not a fan of the Chicken Shawarma.
O02694,23-10-2024,13:30,C0195,Aasin Malik,R61,Vegetable Korma,Vegetarian,2,? 320.00, ? 640.00 , ? 243.00 ,? 154.00,Loved the Vegetable Korma! It was a delightful and well-prepared vegetarian meal.
O02695,23-10-2024,18:45,C0078,Arahan Shaikh,R85,Veg Momos,Starter,5,? 180.00, ? 900.00 , ? 138.00 ,? 210.00,The Veg Momos was simply delicious and fresh. Highly recommended!
O02696,23-10-2024,15:30,C0105,Aakib Nadaf,R46,Onion Uttapam,Vegetarian,5,? 160.00, ? 800.00 , ? 112.00 ,? 240.00,A wholesome and delicious Onion Uttapam. The vegetables were so fresh!
O02697,23-10-2024,16:00,C0327,Abdul Rahim Mujawar,R100,Biryani (Veg),Rice,3,? 320.00, ? 960.00 , ? 251.00 ,? 207.00,The Biryani (Veg) could have been better.
O02698,23-10-2024,22:45,C0243,Imran Sayyad,R9,Palak Paneer,Vegetarian,5,? 360.00," ? 1,800.00 ", ? 273.00 ,? 435.00,Loved the Palak Paneer! It was a delightful and well-prepared vegetarian meal.
O02699,23-10-2024,19:45,C0260,Danish Ali,R2,Mushroom Soup,Starter,2,? 200.00, ? 400.00 , ? 159.00 ,? 82.00,The Mushroom Soup was a fantastic start to our meal! Perfectly crispy.
O02700,23-10-2024,22:00,C0114,Imran Faruqi,R9,Palak Paneer,Vegetarian,4,? 360.00," ? 1,440.00 ", ? 273.00 ,? 348.00,The Palak Paneer was as expected.
O02701,24-10-2024,20:00,C0062,Ayeza Nadaf,R26,Pasta Alfredo,Continental,1,? 320.00, ? 320.00 , ? 249.00 ,? 71.00,The Pasta Alfredo was fine.
O02702,24-10-2024,11:15,C0038,Moh Saad Malik,R149,Paneer Parantha,Breads,5,? 90.00, ? 450.00 , ? 64.00 ,? 130.00,A satisfying meal. The Paneer Parantha was a good choice.
O02703,24-10-2024,21:00,C0251,Aakib Khan,R50,Kadai Paneer,Vegetarian,5,? 360.00," ? 1,800.00 ", ? 275.00 ,? 425.00,A wholesome and delicious Kadai Paneer. The vegetables were so fresh!
O02704,24-10-2024,19:30,C0002,Dua Khan,R152,Chicken Kathi Roll,Snacks,3,? 120.00, ? 360.00 , ? 91.00 ,? 87.00,The Chicken Kathi Roll was not what I expected.
O02705,24-10-2024,17:30,C0017,Wahaj Taimoor,R29,Greek Salad,Salad,1,? 260.00, ? 260.00 , ? 197.00 ,? 63.00,The Greek Salad met my expectations.
O02706,24-10-2024,13:30,C0161,Isharat Momin,R80,Hot & Sour Soup (Chicken),Starter,4,? 200.00, ? 800.00 , ? 159.00 ,? 164.00,The Hot & Sour Soup (Chicken) was a fantastic start to our meal! Perfectly crispy.
O02707,24-10-2024,13:00,C0184,Kaif Sayyad,R164,Mutton Seekh Kebab Roll,Snacks,4,? 170.00, ? 680.00 , ? 132.00 ,? 152.00,The Mutton Seekh Kebab Roll was not what I expected.
O02708,24-10-2024,10:45,C0258,Aakib Sayyad,R158,Cheese Garlic Bread,Breads,5,? 110.00, ? 550.00 , ? 85.00 ,? 125.00,I was not a fan of the Cheese Garlic Bread.
O02709,24-10-2024,12:45,C0295,Sultan Taimoor,R74,Chili Chicken,Starter,3,? 340.00," ? 1,020.00 ", ? 250.00 ,? 270.00,The Chili Chicken was simply delicious and fresh. Highly recommended!
O02710,24-10-2024,17:30,C0006,Imran Taimoor,R136,Chicken Kathi Roll,Street Food,2,? 160.00, ? 320.00 , ? 112.00 ,? 96.00,A satisfying meal. The Chicken Kathi Roll was a good choice.
O02711,24-10-2024,11:30,C0160,Shahrukh Malik,R156,Veg Paneer Wrap,Snacks,5,? 95.00, ? 475.00 , ? 74.00 ,? 105.00,It was an average Veg Paneer Wrap.
O02712,24-10-2024,12:15,C0009,Shamsher Khan,R37,Pav Bhaji,Vegetarian,2,? 220.00, ? 440.00 , ? 171.00 ,? 98.00,"It was an okay Pav Bhaji, but I've had better."
O02713,24-10-2024,10:45,C0289,Aasin Malik,R128,Matar Paneer,Main Course,4,? 340.00," ? 1,360.00 ", ? 263.00 ,? 308.00,The Matar Paneer was excellent. Really enjoyed the meal.
O02714,24-10-2024,21:45,C0085,Aasifa Azam,R12,Veggie Burger,Burger,2,? 250.00, ? 500.00 , ? 199.00 ,? 102.00,Great food! The Veggie Burger was delicious and well-prepared.
O02715,24-10-2024,19:45,C0176,Abdul Rahim Shikalkar,R134,Grilled Cheese Sandwich,Sandwiches,3,? 120.00, ? 360.00 , ? 90.00 ,? 90.00,I was not a fan of the Grilled Cheese Sandwich.
O02716,25-10-2024,15:00,C0156,Arman Faruqi,R153,Paneer Bhurji Sandwich,Snacks,4,? 75.00, ? 300.00 , ? 59.00 ,? 64.00,The Paneer Bhurji Sandwich could have been better.
O02717,25-10-2024,17:15,C0074,Moh Saad Malik,R24,Samosa,Starter,4,? 100.00, ? 400.00 , ? 73.00 ,? 108.00,"The Samosa was decent, but nothing special."
O02718,25-10-2024,18:45,C0021,Moh Saad Shaikh,R79,Hot & Sour Soup (Veg),Starter,5,? 160.00, ? 800.00 , ? 113.00 ,? 235.00,The Hot & Sour Soup (Veg) was cold when it arrived at our table.
O02719,25-10-2024,17:30,C0206,Aariz Faruqi,R60,Egg Biryani,Rice & Noodles,2,? 340.00, ? 680.00 , ? 268.00 ,? 144.00,The Egg Biryani was excellent. Really enjoyed the meal.
O02720,25-10-2024,11:15,C0248,Shahrukh Raes,R100,Biryani (Veg),Rice,5,? 320.00," ? 1,600.00 ", ? 251.00 ,? 345.00,The Biryani (Veg) was excellent. Really enjoyed the meal.
O02721,25-10-2024,21:45,C0218,Danish Khan,R24,Samosa,Starter,3,? 100.00, ? 300.00 , ? 73.00 ,? 81.00,The Samosa was cold when it arrived at our table.
O02722,25-10-2024,22:15,C0130,Aakib Shikalkar,R84,Chicken Clear Soup,Starter,4,? 160.00, ? 640.00 , ? 125.00 ,? 140.00,The Chicken Clear Soup was a fantastic start to our meal! Perfectly crispy.
O02723,25-10-2024,19:15,C0024,Aman Momin,R61,Vegetable Korma,Vegetarian,3,? 320.00, ? 960.00 , ? 243.00 ,? 231.00,The Vegetable Korma is a great choice for vegetarians. Hearty and full of flavor.
O02724,25-10-2024,14:15,C0278,Sultan Shikalkar,R13,Gulab Jamun,Dessert,1,? 150.00, ? 150.00 , ? 117.00 ,? 33.00,The Gulab Jamun met my expectations.
O02725,25-10-2024,22:00,C0297,Wahaj Ali,R48,Egg Curry,Non-Veg Main,1,? 280.00, ? 280.00 , ? 203.00 ,? 77.00,The Egg Curry was the highlight of our meal. Absolutely delicious!
O02726,26-10-2024,19:00,C0151,Aasifa Malik,R116,Uttapam,South Indian,2,? 220.00, ? 440.00 , ? 170.00 ,? 100.00,The Uttapam was excellent. Really enjoyed the meal.
O02727,26-10-2024,16:45,C0102,Aasifa Taimoor,R18,Veg Hakka Noodles,Rice & Noodles,2,? 220.00, ? 440.00 , ? 165.00 ,? 110.00,The Veg Hakka Noodles could have been better.
O02728,26-10-2024,22:30,C0202,Moh Saad Shikalkar,R100,Biryani (Veg),Rice,2,? 320.00, ? 640.00 , ? 251.00 ,? 138.00,The Biryani (Veg) was excellent. Really enjoyed the meal.
O02729,26-10-2024,21:30,C0123,Abdul Rahim Faruqi,R152,Chicken Kathi Roll,Snacks,1,? 120.00, ? 120.00 , ? 91.00 ,? 29.00,A satisfying meal. The Chicken Kathi Roll was a good choice.
O02730,26-10-2024,19:00,C0062,Ayeza Nadaf,R137,Veg Wrap,Sandwiches,2,? 130.00, ? 260.00 , ? 92.00 ,? 76.00,Great food! The Veg Wrap was delicious and well-prepared.
O02731,26-10-2024,19:00,C0143,Sultan Mujawar,R44,Vada Sambar,Vegetarian,1,? 170.00, ? 170.00 , ? 121.00 ,? 49.00,A wholesome and delicious Vada Sambar. The vegetables were so fresh!
O02732,27-10-2024,14:30,C0220,Rihan Mujawar,R139,Chicken Sub,Sandwiches,3,? 180.00, ? 540.00 , ? 137.00 ,? 129.00,A satisfying meal. The Chicken Sub was a good choice.
O02733,27-10-2024,22:45,C0130,Aakib Shikalkar,R37,Pav Bhaji,Vegetarian,3,? 220.00, ? 660.00 , ? 171.00 ,? 147.00,A wholesome and delicious Pav Bhaji. The vegetables were so fresh!
O02734,27-10-2024,16:15,C0145,Imran Khan,R30,Shahi Paneer,Vegetarian,4,? 400.00," ? 1,600.00 ", ? 281.00 ,? 476.00,A wholesome and delicious Shahi Paneer. The vegetables were so fresh!
O02735,27-10-2024,18:00,C0221,Arman Mujawar,R18,Veg Hakka Noodles,Rice & Noodles,1,? 220.00, ? 220.00 , ? 165.00 ,? 55.00,The Veg Hakka Noodles was excellent. Really enjoyed the meal.
O02736,27-10-2024,10:45,C0102,Aasifa Taimoor,R43,Idli Sambar,Vegetarian,2,? 160.00, ? 320.00 , ? 119.00 ,? 82.00,Loved the Idli Sambar! It was a delightful and well-prepared vegetarian meal.
O02737,27-10-2024,21:30,C0034,Anis Raes,R23,Chicken Tikka,Starter,5,? 320.00," ? 1,600.00 ", ? 233.00 ,? 435.00,Absolutely loved the Chicken Tikka! It was the perfect appetizer to get us started.
O02738,27-10-2024,17:45,C0229,Aasin Khan,R57,Chicken Tikka Masala,Non-Veg Main,1,? 480.00, ? 480.00 , ? 373.00 ,? 107.00,A truly authentic and flavorful Chicken Tikka Masala. It was very satisfying.
O02739,27-10-2024,13:45,C0147,Danish Khan,R9,Palak Paneer,Vegetarian,3,? 360.00," ? 1,080.00 ", ? 273.00 ,? 261.00,The vegetables in the Palak Paneer seemed overcooked.
O02740,27-10-2024,21:30,C0216,Sultan Khan,R81,Sweet Corn Soup (Veg),Starter,4,? 140.00, ? 560.00 , ? 108.00 ,? 128.00,Absolutely loved the Sweet Corn Soup (Veg)! It was the perfect appetizer to get us started.
O02741,28-10-2024,10:15,C0065,Shamsher Faruqi,R128,Matar Paneer,Main Course,1,? 340.00, ? 340.00 , ? 263.00 ,? 77.00,The Matar Paneer was excellent. Really enjoyed the meal.
O02742,28-10-2024,14:45,C0003,Danish Malik,R148,Egg Sandwich,Sandwiches,3,? 110.00, ? 330.00 , ? 80.00 ,? 90.00,A satisfying meal. The Egg Sandwich was a good choice.
O02743,28-10-2024,20:15,C0088,Abdul Rahim Nadaf,R156,Veg Paneer Wrap,Snacks,3,? 95.00, ? 285.00 , ? 74.00 ,? 63.00,The Veg Paneer Wrap was excellent. Really enjoyed the meal.
O02744,28-10-2024,12:00,C0269,Aakib Nadaf,R53,Baingan Bharta,Vegetarian,3,? 260.00, ? 780.00 , ? 195.00 ,? 195.00,Loved the Baingan Bharta! It was a delightful and well-prepared vegetarian meal.
O02745,28-10-2024,21:45,C0196,Arman Taimoor,R19,Chicken Hakka Noodles,Rice & Noodles,2,? 260.00, ? 520.00 , ? 193.00 ,? 134.00,Great food! The Chicken Hakka Noodles was delicious and well-prepared.
O02746,28-10-2024,11:45,C0130,Aakib Shikalkar,R46,Onion Uttapam,Vegetarian,3,? 160.00, ? 480.00 , ? 112.00 ,? 144.00,I found the Onion Uttapam to be a bit watery.
O02747,28-10-2024,20:00,C0282,Nikhat Khan,R135,Paneer Kathi Roll,Street Food,2,? 140.00, ? 280.00 , ? 103.00 ,? 74.00,Great food! The Paneer Kathi Roll was delicious and well-prepared.
O02748,28-10-2024,21:15,C0299,Aakib Shaikh,R62,Dal Makhani,Vegetarian,2,? 340.00, ? 680.00 , ? 269.00 ,? 142.00,I found the Dal Makhani to be a bit watery.
O02749,28-10-2024,18:45,C0016,Dua Khan,R86,Chicken Momos,Starter,4,? 220.00, ? 880.00 , ? 170.00 ,? 200.00,The Chicken Momos was cold when it arrived at our table.
O02750,28-10-2024,21:45,C0148,Aakib Momin,R135,Paneer Kathi Roll,Street Food,3,? 140.00, ? 420.00 , ? 103.00 ,? 111.00,I was not a fan of the Paneer Kathi Roll.
O02751,28-10-2024,20:45,C0108,Arman Azam,R159,Falafel Wrap,Snacks,5,? 130.00, ? 650.00 , ? 102.00 ,? 140.00,The Falafel Wrap was excellent. Really enjoyed the meal.
O02752,29-10-2024,20:45,C0105,Aakib Nadaf,R61,Vegetable Korma,Vegetarian,3,? 320.00, ? 960.00 , ? 243.00 ,? 231.00,Loved the Vegetable Korma! It was a delightful and well-prepared vegetarian meal.
O02753,29-10-2024,13:30,C0221,Arman Mujawar,R76,Schezwan Chicken Fried Rice,Rice & Noodles,3,? 280.00, ? 840.00 , ? 211.00 ,? 207.00,It was an average Schezwan Chicken Fried Rice.
O02754,29-10-2024,20:45,C0295,Sultan Taimoor,R116,Uttapam,South Indian,1,? 220.00, ? 220.00 , ? 170.00 ,? 50.00,The Uttapam was not what I expected.
O02755,29-10-2024,16:15,C0129,Sher Taimoor,R100,Biryani (Veg),Rice,2,? 320.00, ? 640.00 , ? 251.00 ,? 138.00,The Biryani (Veg) could have been better.
O02756,29-10-2024,12:30,C0287,Nikhat Shaikh,R105,Malai Kofta,Main Course,4,? 340.00," ? 1,360.00 ", ? 249.00 ,? 364.00,Great food! The Malai Kofta was delicious and well-prepared.
O02757,29-10-2024,12:45,C0143,Sultan Mujawar,R120,Pani Puri,Snack,5,? 100.00, ? 500.00 , ? 74.00 ,? 130.00,A satisfying meal. The Pani Puri was a good choice.
O02758,29-10-2024,13:30,C0290,Isharat Raes,R3,Chicken Soup,Starter,3,? 220.00, ? 660.00 , ? 170.00 ,? 150.00,It was an average Chicken Soup.
O02759,29-10-2024,20:30,C0112,Shahrukh Sayyad,R147,Paneer Sandwich,Sandwiches,5,? 120.00, ? 600.00 , ? 84.00 ,? 180.00,A satisfying meal. The Paneer Sandwich was a good choice.
O02760,29-10-2024,15:45,C0057,Arman Azam,R136,Chicken Kathi Roll,Street Food,1,? 160.00, ? 160.00 , ? 112.00 ,? 48.00,Great food! The Chicken Kathi Roll was delicious and well-prepared.
O02761,29-10-2024,18:45,C0020,Rihan Shikalkar,R5,Mutton Biryani,Rice Meal,4,? 490.00," ? 1,960.00 ", ? 350.00 ,? 560.00,Great food! The Mutton Biryani was delicious and well-prepared.
O02762,29-10-2024,14:30,C0290,Isharat Raes,R154,Egg Mayo Sandwich,Snacks,2,? 85.00, ? 170.00 , ? 66.00 ,? 38.00,The Egg Mayo Sandwich could have been better.
O02763,29-10-2024,21:00,C0289,Aasin Malik,R167,Veggie Delight Sub,Snacks,3,? 120.00, ? 360.00 , ? 90.00 ,? 90.00,Great food! The Veggie Delight Sub was delicious and well-prepared.
O02764,29-10-2024,10:45,C0207,Imran Khan,R54,Aloo Gobi,Vegetarian,5,? 220.00," ? 1,100.00 ", ? 166.00 ,? 270.00,Loved the Aloo Gobi! It was a delightful and well-prepared vegetarian meal.
O02765,29-10-2024,14:30,C0267,Moh Saad Faruqi,R83,Veg Clear Soup,Starter,2,? 120.00, ? 240.00 , ? 84.00 ,? 72.00,The Veg Clear Soup was a fantastic start to our meal! Perfectly crispy.
O02766,30-10-2024,16:15,C0253,Kaif Sayyad,R83,Veg Clear Soup,Starter,3,? 120.00, ? 360.00 , ? 84.00 ,? 108.00,The Veg Clear Soup was simply delicious and fresh. Highly recommended!
O02767,30-10-2024,15:15,C0260,Danish Ali,R62,Dal Makhani,Vegetarian,5,? 340.00," ? 1,700.00 ", ? 269.00 ,? 355.00,The Dal Makhani is a great choice for vegetarians. Hearty and full of flavor.
O02768,30-10-2024,13:15,C0051,Dua Khan,R119,Misal Pav,Snack,1,? 160.00, ? 160.00 , ? 126.00 ,? 34.00,It was an average Misal Pav.
O02769,30-10-2024,18:00,C0244,Arahan Raes,R135,Paneer Kathi Roll,Street Food,1,? 140.00, ? 140.00 , ? 103.00 ,? 37.00,The Paneer Kathi Roll could have been better.
O02770,31-10-2024,15:00,C0289,Aasin Malik,R25,Spring Rolls,Starter,4,? 220.00, ? 880.00 , ? 164.00 ,? 224.00,The Spring Rolls was a fantastic start to our meal! Perfectly crispy.
O02771,31-10-2024,20:30,C0092,Sultan Shaikh,R80,Hot & Sour Soup (Chicken),Starter,3,? 200.00, ? 600.00 , ? 159.00 ,? 123.00,"The Hot & Sour Soup (Chicken) was decent, but nothing special."
O02772,31-10-2024,12:30,C0105,Aakib Nadaf,R81,Sweet Corn Soup (Veg),Starter,4,? 140.00, ? 560.00 , ? 108.00 ,? 128.00,The Sweet Corn Soup (Veg) was okay. It was a standard appetizer.
O02773,31-10-2024,13:00,C0098,Shahrukh Malik,R151,Veg Frankie Roll,Snacks,5,? 80.00, ? 400.00 , ? 62.00 ,? 90.00,It was an average Veg Frankie Roll.
O02774,31-10-2024,22:30,C0127,Dua Taimoor,R140,Paneer Frankie,Street Food,3,? 130.00, ? 390.00 , ? 95.00 ,? 105.00,The Paneer Frankie met my expectations.
O02775,01-11-2024,21:00,C0048,Abdul Rahim Malik,R72,Chicken Spring Rolls,Starter,3,? 260.00, ? 780.00 , ? 189.00 ,? 213.00,Absolutely loved the Chicken Spring Rolls! It was the perfect appetizer to get us started.
O02776,01-11-2024,12:00,C0017,Wahaj Taimoor,R73,Chili Paneer,Starter,4,? 280.00," ? 1,120.00 ", ? 219.00 ,? 244.00,The Chili Paneer was a fantastic start to our meal! Perfectly crispy.
O02777,01-11-2024,19:15,C0006,Imran Taimoor,R139,Chicken Sub,Sandwiches,1,? 180.00, ? 180.00 , ? 137.00 ,? 43.00,Great food! The Chicken Sub was delicious and well-prepared.
O02778,01-11-2024,13:00,C0323,Wahaj Ali,R47,Hyderabadi Haleem,Non-Veg Main,4,? 500.00," ? 2,000.00 ", ? 395.00 ,? 420.00,The Hyderabadi Haleem was cooked to perfection. The spices were spot on!
O02779,01-11-2024,13:45,C0205,Rihan Taimoor,R48,Egg Curry,Non-Veg Main,4,? 280.00," ? 1,120.00 ", ? 203.00 ,? 308.00,The Egg Curry was too spicy for me to handle.
O02780,01-11-2024,13:30,C0266,Aasifa Sayyad,R156,Veg Paneer Wrap,Snacks,4,? 95.00, ? 380.00 , ? 74.00 ,? 84.00,It was an average Veg Paneer Wrap.
O02781,01-11-2024,11:30,C0254,Sultan Ali,R53,Baingan Bharta,Vegetarian,4,? 260.00," ? 1,040.00 ", ? 195.00 ,? 260.00,Loved the Baingan Bharta! It was a delightful and well-prepared vegetarian meal.
O02782,01-11-2024,19:15,C0149,Aariz Nadaf,R165,Paneer Tandoori Wrap,Snacks,3,? 120.00, ? 360.00 , ? 94.00 ,? 78.00,Great food! The Paneer Tandoori Wrap was delicious and well-prepared.
O02783,01-11-2024,15:30,C0296,Aariz Sayyad,R163,Corn & Cheese Sandwich,Snacks,4,? 90.00, ? 360.00 , ? 66.00 ,? 96.00,The Corn & Cheese Sandwich met my expectations.
O02784,01-11-2024,19:45,C0234,Moh Saad Faruqi,R85,Veg Momos,Starter,1,? 180.00, ? 180.00 , ? 138.00 ,? 42.00,Wasn't very impressed with the Veg Momos. It lacked flavor.
O02785,01-11-2024,13:45,C0007,Aman Taimoor,R136,Chicken Kathi Roll,Street Food,5,? 160.00, ? 800.00 , ? 112.00 ,? 240.00,The Chicken Kathi Roll was excellent. Really enjoyed the meal.
O02786,01-11-2024,20:45,C0061,Shamsher Raes,R117,Vada Pav,Snack,1,? 120.00, ? 120.00 , ? 91.00 ,? 29.00,Great food! The Vada Pav was delicious and well-prepared.
O02787,01-11-2024,17:45,C0042,Aasin Taimoor,R137,Veg Wrap,Sandwiches,1,? 130.00, ? 130.00 , ? 92.00 ,? 38.00,The Veg Wrap was excellent. Really enjoyed the meal.
O02788,02-11-2024,20:00,C0320,Sultan Momin,R158,Cheese Garlic Bread,Breads,4,? 110.00, ? 440.00 , ? 85.00 ,? 100.00,The Cheese Garlic Bread was not what I expected.
O02789,02-11-2024,21:15,C0306,Arman Malik,R163,Corn & Cheese Sandwich,Snacks,5,? 90.00, ? 450.00 , ? 66.00 ,? 120.00,The Corn & Cheese Sandwich could have been better.
O02790,02-11-2024,18:45,C0309,Arman Faruqi,R43,Idli Sambar,Vegetarian,2,? 160.00, ? 320.00 , ? 119.00 ,? 82.00,The Idli Sambar is a great choice for vegetarians. Hearty and full of flavor.
O02791,02-11-2024,19:45,C0220,Rihan Mujawar,R135,Paneer Kathi Roll,Street Food,1,? 140.00, ? 140.00 , ? 103.00 ,? 37.00,The Paneer Kathi Roll was excellent. Really enjoyed the meal.
O02792,02-11-2024,17:45,C0191,Imran Shikalkar,R120,Pani Puri,Snack,1,? 100.00, ? 100.00 , ? 74.00 ,? 26.00,Great food! The Pani Puri was delicious and well-prepared.
O02793,02-11-2024,16:15,C0280,Dua Faruqi,R13,Gulab Jamun,Dessert,1,? 150.00, ? 150.00 , ? 117.00 ,? 33.00,The Gulab Jamun was excellent. Really enjoyed the meal.
O02794,02-11-2024,12:15,C0175,Aasiya Momin,R67,Veg Manchurian,Starter,3,? 240.00, ? 720.00 , ? 169.00 ,? 213.00,Absolutely loved the Veg Manchurian! It was the perfect appetizer to get us started.
O02795,02-11-2024,17:30,C0026,Imran Shikalkar,R50,Kadai Paneer,Vegetarian,5,? 360.00," ? 1,800.00 ", ? 275.00 ,? 425.00,I found the Kadai Paneer to be a bit watery.
O02796,02-11-2024,10:15,C0217,Nikhat Mujawar,R42,Masala Dosa,Vegetarian,2,? 180.00, ? 360.00 , ? 138.00 ,? 84.00,"It was an okay Masala Dosa, but I've had better."
O02797,02-11-2024,22:15,C0251,Aakib Khan,R146,Cheese Sandwich,Sandwiches,1,? 100.00, ? 100.00 , ? 72.00 ,? 28.00,The Cheese Sandwich was not what I expected.
O02798,02-11-2024,19:00,C0251,Aakib Khan,R85,Veg Momos,Starter,3,? 180.00, ? 540.00 , ? 138.00 ,? 126.00,The Veg Momos was simply delicious and fresh. Highly recommended!
O02799,02-11-2024,22:15,C0063,Aasiya Malik,R71,Veg Spring Rolls,Starter,4,? 220.00, ? 880.00 , ? 162.00 ,? 232.00,The Veg Spring Rolls was simply delicious and fresh. Highly recommended!
O02800,02-11-2024,10:30,C0270,Isharat Malik,R163,Corn & Cheese Sandwich,Snacks,1,? 90.00, ? 90.00 , ? 66.00 ,? 24.00,The Corn & Cheese Sandwich was excellent. Really enjoyed the meal.
O02801,03-11-2024,12:00,C0060,Nikhat Khan,R18,Veg Hakka Noodles,Rice & Noodles,2,? 220.00, ? 440.00 , ? 165.00 ,? 110.00,Great food! The Veg Hakka Noodles was delicious and well-prepared.
O02802,03-11-2024,19:00,C0119,Shahrukh Azam,R64,Crab Curry,Non-Veg Main,1,? 520.00, ? 520.00 , ? 374.00 ,? 146.00,A truly authentic and flavorful Crab Curry. It was very satisfying.
O02803,03-11-2024,19:00,C0267,Moh Saad Faruqi,R30,Shahi Paneer,Vegetarian,2,? 400.00, ? 800.00 , ? 281.00 ,? 238.00,Loved the Shahi Paneer! It was a delightful and well-prepared vegetarian meal.
O02804,03-11-2024,12:45,C0253,Kaif Sayyad,R168,Avocado Toast,Breakfast,1,? 150.00, ? 150.00 , ? 111.00 ,? 39.00,The Avocado Toast was not what I expected.
O02805,03-11-2024,22:15,C0064,Isharat Nadaf,R119,Misal Pav,Snack,1,? 160.00, ? 160.00 , ? 126.00 ,? 34.00,Great food! The Misal Pav was delicious and well-prepared.
O02806,03-11-2024,19:30,C0119,Shahrukh Azam,R132,Garlic Naan,Breads,2,? 70.00, ? 140.00 , ? 54.00 ,? 32.00,The Garlic Naan was fine.
O02807,04-11-2024,14:00,C0172,Ayeza Shaikh,R111,Veg Thali,Meal Combo,1,? 360.00, ? 360.00 , ? 263.00 ,? 97.00,The Veg Thali was excellent. Really enjoyed the meal.
O02808,04-11-2024,14:15,C0187,Aasin Nadaf,R44,Vada Sambar,Vegetarian,4,? 170.00, ? 680.00 , ? 121.00 ,? 196.00,A wholesome and delicious Vada Sambar. The vegetables were so fresh!
O02809,04-11-2024,21:45,C0294,Isharat Sayyad,R110,Seekh Kebab,Starter,4,? 400.00," ? 1,600.00 ", ? 282.00 ,? 472.00,The Seekh Kebab was a fantastic start to our meal! Perfectly crispy.
O02810,04-11-2024,10:15,C0292,Arahan Taimoor,R149,Paneer Parantha,Breads,5,? 90.00, ? 450.00 , ? 64.00 ,? 130.00,Great food! The Paneer Parantha was delicious and well-prepared.
O02811,04-11-2024,21:30,C0037,Wahaj Malik,R159,Falafel Wrap,Snacks,4,? 130.00, ? 520.00 , ? 102.00 ,? 112.00,Great food! The Falafel Wrap was delicious and well-prepared.
O02812,04-11-2024,14:15,C0074,Moh Saad Malik,R19,Chicken Hakka Noodles,Rice & Noodles,3,? 260.00, ? 780.00 , ? 193.00 ,? 201.00,A satisfying meal. The Chicken Hakka Noodles was a good choice.
O02813,04-11-2024,12:00,C0236,Aakib Khan,R120,Pani Puri,Snack,2,? 100.00, ? 200.00 , ? 74.00 ,? 52.00,I was not a fan of the Pani Puri.
O02814,04-11-2024,17:30,C0249,Aasiya Mujawar,R55,Jeera Rice,Rice & Noodles,3,? 180.00, ? 540.00 , ? 129.00 ,? 153.00,The Jeera Rice was excellent. Really enjoyed the meal.
O02815,04-11-2024,21:45,C0134,Isharat Nadaf,R60,Egg Biryani,Rice & Noodles,3,? 340.00," ? 1,020.00 ", ? 268.00 ,? 216.00,The Egg Biryani was fine.
O02816,05-11-2024,17:30,C0263,Sher Raes,R111,Veg Thali,Meal Combo,3,? 360.00," ? 1,080.00 ", ? 263.00 ,? 291.00,The Veg Thali was not what I expected.
O02817,05-11-2024,12:30,C0312,Danish Khan,R153,Paneer Bhurji Sandwich,Snacks,2,? 75.00, ? 150.00 , ? 59.00 ,? 32.00,A satisfying meal. The Paneer Bhurji Sandwich was a good choice.
O02818,05-11-2024,11:15,C0067,Sultan Ali,R5,Mutton Biryani,Rice Meal,3,? 490.00," ? 1,470.00 ", ? 350.00 ,? 420.00,The Mutton Biryani was excellent. Really enjoyed the meal.
O02819,05-11-2024,21:00,C0106,Aasin Mujawar,R117,Vada Pav,Snack,3,? 120.00, ? 360.00 , ? 91.00 ,? 87.00,I was not a fan of the Vada Pav.
O02820,05-11-2024,18:30,C0234,Moh Saad Faruqi,R145,Chicken Shawarma,Street Food,2,? 170.00, ? 340.00 , ? 131.00 ,? 78.00,I was not a fan of the Chicken Shawarma.
O02821,06-11-2024,14:15,C0230,Arman Azam,R82,Sweet Corn Soup (Chicken),Starter,5,? 180.00, ? 900.00 , ? 129.00 ,? 255.00,The Sweet Corn Soup (Chicken) was a fantastic start to our meal! Perfectly crispy.
O02822,06-11-2024,16:00,C0123,Abdul Rahim Faruqi,R25,Spring Rolls,Starter,2,? 220.00, ? 440.00 , ? 164.00 ,? 112.00,Absolutely loved the Spring Rolls! It was the perfect appetizer to get us started.
O02823,06-11-2024,21:00,C0220,Rihan Mujawar,R105,Malai Kofta,Main Course,4,? 340.00," ? 1,360.00 ", ? 249.00 ,? 364.00,The Malai Kofta was excellent. Really enjoyed the meal.
O02824,06-11-2024,22:00,C0056,Aasifa Khan,R134,Grilled Cheese Sandwich,Sandwiches,2,? 120.00, ? 240.00 , ? 90.00 ,? 60.00,The Grilled Cheese Sandwich was excellent. Really enjoyed the meal.
O02825,06-11-2024,11:45,C0300,Dua Azam,R110,Seekh Kebab,Starter,5,? 400.00," ? 2,000.00 ", ? 282.00 ,? 590.00,The Seekh Kebab was simply delicious and fresh. Highly recommended!
O02826,06-11-2024,19:00,C0282,Nikhat Khan,R85,Veg Momos,Starter,4,? 180.00, ? 720.00 , ? 138.00 ,? 168.00,Absolutely loved the Veg Momos! It was the perfect appetizer to get us started.
O02827,06-11-2024,16:30,C0107,Aasifa Faruqi,R85,Veg Momos,Starter,1,? 180.00, ? 180.00 , ? 138.00 ,? 42.00,Absolutely loved the Veg Momos! It was the perfect appetizer to get us started.
O02828,06-11-2024,19:15,C0286,Sher Malik,R17,French Fries,Starter,5,? 120.00, ? 600.00 , ? 87.00 ,? 165.00,The French Fries was a fantastic start to our meal! Perfectly crispy.
O02829,06-11-2024,16:30,C0221,Arman Mujawar,R3,Chicken Soup,Starter,5,? 220.00," ? 1,100.00 ", ? 170.00 ,? 250.00,The Chicken Soup was okay. It was a standard appetizer.
O02830,07-11-2024,22:15,C0308,Ayeza Khan,R142,Paneer Burger,Fast Food,4,? 140.00, ? 560.00 , ? 110.00 ,? 120.00,Great food! The Paneer Burger was delicious and well-prepared.
O02831,07-11-2024,21:00,C0011,Aasiya Ali,R59,Veg Pulao,Rice & Noodles,4,? 240.00, ? 960.00 , ? 190.00 ,? 200.00,The Veg Pulao was excellent. Really enjoyed the meal.
O02832,07-11-2024,12:00,C0311,Imran Shikalkar,R159,Falafel Wrap,Snacks,5,? 130.00, ? 650.00 , ? 102.00 ,? 140.00,The Falafel Wrap was excellent. Really enjoyed the meal.
O02833,07-11-2024,13:30,C0278,Sultan Shikalkar,R131,Butter Naan,Breads,5,? 60.00, ? 300.00 , ? 45.00 ,? 75.00,A satisfying meal. The Butter Naan was a good choice.
O02834,07-11-2024,12:30,C0028,Aakib Faruqi,R21,Chicken Fried Rice,Rice & Noodles,2,? 240.00, ? 480.00 , ? 182.00 ,? 116.00,The Chicken Fried Rice was not what I expected.
O02835,07-11-2024,13:30,C0130,Aakib Shikalkar,R141,Chicken Frankie,Street Food,3,? 150.00, ? 450.00 , ? 112.00 ,? 114.00,The Chicken Frankie was fine.
O02836,07-11-2024,14:00,C0109,Aman Mujawar,R28,Caesar Salad,Salad,3,? 280.00, ? 840.00 , ? 210.00 ,? 210.00,The Caesar Salad was excellent. Really enjoyed the meal.
O02837,07-11-2024,20:45,C0053,Shahrukh Taimoor,R55,Jeera Rice,Rice & Noodles,1,? 180.00, ? 180.00 , ? 129.00 ,? 51.00,I was not a fan of the Jeera Rice.
O02838,07-11-2024,22:15,C0006,Imran Taimoor,R146,Cheese Sandwich,Sandwiches,3,? 100.00, ? 300.00 , ? 72.00 ,? 84.00,Great food! The Cheese Sandwich was delicious and well-prepared.
O02839,07-11-2024,22:15,C0236,Aakib Khan,R44,Vada Sambar,Vegetarian,3,? 170.00, ? 510.00 , ? 121.00 ,? 147.00,The Vada Sambar is a great choice for vegetarians. Hearty and full of flavor.
O02840,08-11-2024,16:15,C0299,Aakib Shaikh,R34,Dal Tadka,Vegetarian,3,? 260.00, ? 780.00 , ? 183.00 ,? 231.00,The Dal Tadka was a decent vegetarian option.
O02841,08-11-2024,21:15,C0151,Aasifa Malik,R42,Masala Dosa,Vegetarian,3,? 180.00, ? 540.00 , ? 138.00 ,? 126.00,The vegetables in the Masala Dosa seemed overcooked.
O02842,08-11-2024,15:15,C0245,Wahaj Taimoor,R111,Veg Thali,Meal Combo,5,? 360.00," ? 1,800.00 ", ? 263.00 ,? 485.00,It was an average Veg Thali.
O02843,08-11-2024,21:00,C0300,Dua Azam,R19,Chicken Hakka Noodles,Rice & Noodles,2,? 260.00, ? 520.00 , ? 193.00 ,? 134.00,The Chicken Hakka Noodles was not what I expected.
O02844,09-11-2024,16:15,C0203,Isharat Sayyad,R151,Veg Frankie Roll,Snacks,1,? 80.00, ? 80.00 , ? 62.00 ,? 18.00,The Veg Frankie Roll was excellent. Really enjoyed the meal.
O02845,09-11-2024,15:15,C0205,Rihan Taimoor,R162,BBQ Chicken Pizza Sandwich,Snacks,4,? 160.00, ? 640.00 , ? 115.00 ,? 180.00,A satisfying meal. The BBQ Chicken Pizza Sandwich was a good choice.
O02846,09-11-2024,22:45,C0073,Moh Saad Taimoor,R32,Mutton Rogan Josh,Non-Veg Main,2,? 520.00," ? 1,040.00 ", ? 395.00 ,? 250.00,"It was a standard Mutton Rogan Josh, nothing out of the ordinary."
O02847,09-11-2024,13:30,C0164,Aakib Malik,R17,French Fries,Starter,5,? 120.00, ? 600.00 , ? 87.00 ,? 165.00,It was an average French Fries.
O02848,09-11-2024,18:30,C0214,Nikhat Taimoor,R149,Paneer Parantha,Breads,3,? 90.00, ? 270.00 , ? 64.00 ,? 78.00,The Paneer Parantha met my expectations.
O02849,09-11-2024,16:45,C0017,Wahaj Taimoor,R136,Chicken Kathi Roll,Street Food,1,? 160.00, ? 160.00 , ? 112.00 ,? 48.00,Great food! The Chicken Kathi Roll was delicious and well-prepared.
O02850,09-11-2024,17:45,C0229,Aasin Khan,R140,Paneer Frankie,Street Food,3,? 130.00, ? 390.00 , ? 95.00 ,? 105.00,The Paneer Frankie was fine.
O02851,09-11-2024,21:30,C0033,Arahan Azam,R42,Masala Dosa,Vegetarian,2,? 180.00, ? 360.00 , ? 138.00 ,? 84.00,"It was an okay Masala Dosa, but I've had better."
O02852,09-11-2024,12:15,C0267,Moh Saad Faruqi,R42,Masala Dosa,Vegetarian,1,? 180.00, ? 180.00 , ? 138.00 ,? 42.00,The Masala Dosa is a great choice for vegetarians. Hearty and full of flavor.
O02853,09-11-2024,17:45,C0311,Imran Shikalkar,R72,Chicken Spring Rolls,Starter,1,? 260.00, ? 260.00 , ? 189.00 ,? 71.00,The Chicken Spring Rolls was simply delicious and fresh. Highly recommended!
O02854,09-11-2024,20:30,C0305,Aasin Faruqi,R135,Paneer Kathi Roll,Street Food,5,? 140.00, ? 700.00 , ? 103.00 ,? 185.00,A satisfying meal. The Paneer Kathi Roll was a good choice.
O02855,10-11-2024,22:30,C0022,Aasiya Ali,R90,Tandoori Momos,Starter,5,? 260.00," ? 1,300.00 ", ? 185.00 ,? 375.00,The Tandoori Momos was simply delicious and fresh. Highly recommended!
O02856,10-11-2024,14:30,C0165,Dua Sayyad,R134,Grilled Cheese Sandwich,Sandwiches,2,? 120.00, ? 240.00 , ? 90.00 ,? 60.00,The Grilled Cheese Sandwich met my expectations.
O02857,10-11-2024,14:30,C0276,Wahaj Faruqi,R165,Paneer Tandoori Wrap,Snacks,2,? 120.00, ? 240.00 , ? 94.00 ,? 52.00,A satisfying meal. The Paneer Tandoori Wrap was a good choice.
O02858,10-11-2024,16:15,C0132,Sultan Momin,R133,Club Sandwich,Sandwiches,1,? 160.00, ? 160.00 , ? 119.00 ,? 41.00,The Club Sandwich was fine.
O02859,10-11-2024,16:45,C0108,Arman Azam,R146,Cheese Sandwich,Sandwiches,4,? 100.00, ? 400.00 , ? 72.00 ,? 112.00,A satisfying meal. The Cheese Sandwich was a good choice.
O02860,10-11-2024,11:30,C0181,Aman Khan,R156,Veg Paneer Wrap,Snacks,1,? 95.00, ? 95.00 , ? 74.00 ,? 21.00,A satisfying meal. The Veg Paneer Wrap was a good choice.
O02861,10-11-2024,14:45,C0002,Dua Khan,R145,Chicken Shawarma,Street Food,1,? 170.00, ? 170.00 , ? 131.00 ,? 39.00,I was not a fan of the Chicken Shawarma.
O02862,10-11-2024,11:45,C0163,Shamsher Shikalkar,R135,Paneer Kathi Roll,Street Food,4,? 140.00, ? 560.00 , ? 103.00 ,? 148.00,A satisfying meal. The Paneer Kathi Roll was a good choice.
O02863,10-11-2024,21:15,C0255,Shamsher Malik,R25,Spring Rolls,Starter,3,? 220.00, ? 660.00 , ? 164.00 ,? 168.00,The Spring Rolls was a bit too oily for my liking.
O02864,10-11-2024,11:45,C0267,Moh Saad Faruqi,R89,Fried Momos (Chicken),Starter,1,? 240.00, ? 240.00 , ? 176.00 ,? 64.00,The Fried Momos (Chicken) was a fantastic start to our meal! Perfectly crispy.
O02865,11-11-2024,22:30,C0212,Shahrukh Mujawar,R145,Chicken Shawarma,Street Food,1,? 170.00, ? 170.00 , ? 131.00 ,? 39.00,The Chicken Shawarma was fine.
O02866,11-11-2024,13:30,C0326,Aman Sayyad,R105,Malai Kofta,Main Course,3,? 340.00," ? 1,020.00 ", ? 249.00 ,? 273.00,The Malai Kofta was not what I expected.
O02867,11-11-2024,16:00,C0065,Shamsher Faruqi,R152,Chicken Kathi Roll,Snacks,5,? 120.00, ? 600.00 , ? 91.00 ,? 145.00,A satisfying meal. The Chicken Kathi Roll was a good choice.
O02868,11-11-2024,18:00,C0186,Aariz Khan,R85,Veg Momos,Starter,2,? 180.00, ? 360.00 , ? 138.00 ,? 84.00,Absolutely loved the Veg Momos! It was the perfect appetizer to get us started.
O02869,11-11-2024,21:00,C0162,Shamsher Mujawar,R56,Tandoori Chicken,Non-Veg Main,2,? 460.00, ? 920.00 , ? 366.00 ,? 188.00,The Tandoori Chicken was alright. It was cooked well but the flavor was average.
O02870,11-11-2024,15:15,C0058,Danish Nadaf,R61,Vegetable Korma,Vegetarian,4,? 320.00," ? 1,280.00 ", ? 243.00 ,? 308.00,A wholesome and delicious Vegetable Korma. The vegetables were so fresh!
O02871,11-11-2024,19:45,C0043,Aakib Faruqi,R136,Chicken Kathi Roll,Street Food,1,? 160.00, ? 160.00 , ? 112.00 ,? 48.00,The Chicken Kathi Roll met my expectations.
O02872,11-11-2024,16:30,C0224,Nikhat Mujawar,R134,Grilled Cheese Sandwich,Sandwiches,3,? 120.00, ? 360.00 , ? 90.00 ,? 90.00,The Grilled Cheese Sandwich met my expectations.
O02873,11-11-2024,22:30,C0169,Anis Taimoor,R71,Veg Spring Rolls,Starter,3,? 220.00, ? 660.00 , ? 162.00 ,? 174.00,The Veg Spring Rolls was a fantastic start to our meal! Perfectly crispy.
O02874,12-11-2024,18:00,C0091,Aasin Nadaf,R74,Chili Chicken,Starter,3,? 340.00," ? 1,020.00 ", ? 250.00 ,? 270.00,Absolutely loved the Chili Chicken! It was the perfect appetizer to get us started.
O02875,12-11-2024,19:30,C0165,Dua Sayyad,R168,Avocado Toast,Breakfast,4,? 150.00, ? 600.00 , ? 111.00 ,? 156.00,A satisfying meal. The Avocado Toast was a good choice.
O02876,12-11-2024,16:15,C0166,Nikhat Taimoor,R139,Chicken Sub,Sandwiches,4,? 180.00, ? 720.00 , ? 137.00 ,? 172.00,The Chicken Sub was excellent. Really enjoyed the meal.
O02877,12-11-2024,18:30,C0246,Aariz Raes,R165,Paneer Tandoori Wrap,Snacks,4,? 120.00, ? 480.00 , ? 94.00 ,? 104.00,The Paneer Tandoori Wrap met my expectations.
O02878,12-11-2024,19:00,C0042,Aasin Taimoor,R22,Paneer Tikka,Starter,2,? 280.00, ? 560.00 , ? 199.00 ,? 162.00,Absolutely loved the Paneer Tikka! It was the perfect appetizer to get us started.
O02879,12-11-2024,11:30,C0107,Aasifa Faruqi,R28,Caesar Salad,Salad,4,? 280.00," ? 1,120.00 ", ? 210.00 ,? 280.00,I was not a fan of the Caesar Salad.
O02880,12-11-2024,22:15,C0081,Ayeza Raes,R9,Palak Paneer,Vegetarian,2,? 360.00, ? 720.00 , ? 273.00 ,? 174.00,The vegetables in the Palak Paneer seemed overcooked.
O02881,13-11-2024,19:30,C0256,Arman Faruqi,R150,Aloo Parantha,Breads,4,? 80.00, ? 320.00 , ? 63.00 ,? 68.00,Great food! The Aloo Parantha was delicious and well-prepared.
O02882,13-11-2024,16:15,C0328,Isharat Khan,R150,Aloo Parantha,Breads,1,? 80.00, ? 80.00 , ? 63.00 ,? 17.00,I was not a fan of the Aloo Parantha.
O02883,13-11-2024,17:00,C0094,Rihan Ali,R12,Veggie Burger,Burger,1,? 250.00, ? 250.00 , ? 199.00 ,? 51.00,A satisfying meal. The Veggie Burger was a good choice.
O02884,13-11-2024,17:30,C0227,Nikhat Taimoor,R43,Idli Sambar,Vegetarian,2,? 160.00, ? 320.00 , ? 119.00 ,? 82.00,The Idli Sambar is a great choice for vegetarians. Hearty and full of flavor.
O02885,13-11-2024,14:30,C0268,Ayeza Azam,R72,Chicken Spring Rolls,Starter,3,? 260.00, ? 780.00 , ? 189.00 ,? 213.00,The Chicken Spring Rolls was a fantastic start to our meal! Perfectly crispy.
O02886,13-11-2024,19:15,C0193,Anis Nadaf,R90,Tandoori Momos,Starter,4,? 260.00," ? 1,040.00 ", ? 185.00 ,? 300.00,"The Tandoori Momos was decent, but nothing special."
O02887,13-11-2024,12:00,C0059,Aman Momin,R25,Spring Rolls,Starter,2,? 220.00, ? 440.00 , ? 164.00 ,? 112.00,The Spring Rolls was cold when it arrived at our table.
O02888,13-11-2024,11:45,C0182,Rihan Shaikh,R144,Paneer Shawarma,Street Food,4,? 150.00, ? 600.00 , ? 111.00 ,? 156.00,The Paneer Shawarma was not what I expected.
O02889,13-11-2024,14:30,C0262,Nikhat Faruqi,R110,Seekh Kebab,Starter,3,? 400.00," ? 1,200.00 ", ? 282.00 ,? 354.00,The Seekh Kebab was a fantastic start to our meal! Perfectly crispy.
O02890,14-11-2024,19:45,C0235,Abdul Rahim Malik,R147,Paneer Sandwich,Sandwiches,5,? 120.00, ? 600.00 , ? 84.00 ,? 180.00,I was not a fan of the Paneer Sandwich.
O02891,14-11-2024,17:15,C0216,Sultan Khan,R164,Mutton Seekh Kebab Roll,Snacks,1,? 170.00, ? 170.00 , ? 132.00 ,? 38.00,I was not a fan of the Mutton Seekh Kebab Roll.
O02892,14-11-2024,19:00,C0199,Arman Shaikh,R116,Uttapam,South Indian,5,? 220.00," ? 1,100.00 ", ? 170.00 ,? 250.00,The Uttapam was excellent. Really enjoyed the meal.
O02893,14-11-2024,20:45,C0249,Aasiya Mujawar,R1,Tomato Soup,Starter,1,? 180.00, ? 180.00 , ? 132.00 ,? 48.00,Absolutely loved the Tomato Soup! It was the perfect appetizer to get us started.
O02894,14-11-2024,19:30,C0120,Ayeza Taimoor,R45,Medu Vada,Vegetarian,5,? 150.00, ? 750.00 , ? 112.00 ,? 190.00,The vegetables in the Medu Vada seemed overcooked.
O02895,14-11-2024,14:45,C0142,Abdul Rahim Nadaf,R23,Chicken Tikka,Starter,1,? 320.00, ? 320.00 , ? 233.00 ,? 87.00,Absolutely loved the Chicken Tikka! It was the perfect appetizer to get us started.
O02896,14-11-2024,21:30,C0282,Nikhat Khan,R55,Jeera Rice,Rice & Noodles,3,? 180.00, ? 540.00 , ? 129.00 ,? 153.00,The Jeera Rice was fine.
O02897,14-11-2024,17:15,C0035,Aasifa Shaikh,R16,Ice Cream Sundae,Dessert,3,? 200.00, ? 600.00 , ? 143.00 ,? 171.00,Great food! The Ice Cream Sundae was delicious and well-prepared.
O02898,14-11-2024,22:30,C0221,Arman Mujawar,R40,Mutton Biryani,Rice & Noodles,2,? 480.00, ? 960.00 , ? 340.00 ,? 280.00,Great food! The Mutton Biryani was delicious and well-prepared.
O02899,14-11-2024,17:00,C0013,Aariz Raes,R148,Egg Sandwich,Sandwiches,3,? 110.00, ? 330.00 , ? 80.00 ,? 90.00,The Egg Sandwich met my expectations.
O02900,14-11-2024,17:45,C0018,Sher Shikalkar,R89,Fried Momos (Chicken),Starter,5,? 240.00," ? 1,200.00 ", ? 176.00 ,? 320.00,Absolutely loved the Fried Momos (Chicken)! It was the perfect appetizer to get us started.
O02901,14-11-2024,19:15,C0220,Rihan Mujawar,R131,Butter Naan,Breads,3,? 60.00, ? 180.00 , ? 45.00 ,? 45.00,The Butter Naan was excellent. Really enjoyed the meal.
O02902,15-11-2024,14:30,C0304,Danish Sayyad,R38,Biryani Veg,Rice & Noodles,5,? 320.00," ? 1,600.00 ", ? 233.00 ,? 435.00,A satisfying meal. The Biryani Veg was a good choice.
O02903,15-11-2024,18:45,C0051,Dua Khan,R163,Corn & Cheese Sandwich,Snacks,4,? 90.00, ? 360.00 , ? 66.00 ,? 96.00,A satisfying meal. The Corn & Cheese Sandwich was a good choice.
O02904,15-11-2024,11:00,C0316,Shamsher Mujawar,R85,Veg Momos,Starter,3,? 180.00, ? 540.00 , ? 138.00 ,? 126.00,The Veg Momos was a bit too oily for my liking.
O02905,15-11-2024,14:15,C0242,Arahan Mujawar,R135,Paneer Kathi Roll,Street Food,5,? 140.00, ? 700.00 , ? 103.00 ,? 185.00,The Paneer Kathi Roll met my expectations.
O02906,15-11-2024,11:30,C0010,Kaif Azam,R71,Veg Spring Rolls,Starter,2,? 220.00, ? 440.00 , ? 162.00 ,? 116.00,The Veg Spring Rolls was a bit too oily for my liking.
O02907,15-11-2024,10:30,C0232,Aariz Raes,R72,Chicken Spring Rolls,Starter,3,? 260.00, ? 780.00 , ? 189.00 ,? 213.00,The Chicken Spring Rolls was a fantastic start to our meal! Perfectly crispy.
O02908,15-11-2024,21:30,C0002,Dua Khan,R3,Chicken Soup,Starter,1,? 220.00, ? 220.00 , ? 170.00 ,? 50.00,The Chicken Soup was a fantastic start to our meal! Perfectly crispy.
O02909,15-11-2024,15:30,C0159,Arman Taimoor,R168,Avocado Toast,Breakfast,4,? 150.00, ? 600.00 , ? 111.00 ,? 156.00,The Avocado Toast was excellent. Really enjoyed the meal.
O02910,15-11-2024,16:00,C0326,Aman Sayyad,R78,Chicken Schezwan Noodles,Rice & Noodles,2,? 280.00, ? 560.00 , ? 218.00 ,? 124.00,The Chicken Schezwan Noodles was not what I expected.
O02911,15-11-2024,18:15,C0006,Imran Taimoor,R154,Egg Mayo Sandwich,Snacks,2,? 85.00, ? 170.00 , ? 66.00 ,? 38.00,The Egg Mayo Sandwich was fine.
O02912,15-11-2024,12:00,C0030,Sher Mujawar,R137,Veg Wrap,Sandwiches,3,? 130.00, ? 390.00 , ? 92.00 ,? 114.00,A satisfying meal. The Veg Wrap was a good choice.
O02913,15-11-2024,10:00,C0265,Aasin Ali,R82,Sweet Corn Soup (Chicken),Starter,4,? 180.00, ? 720.00 , ? 129.00 ,? 204.00,Wasn't very impressed with the Sweet Corn Soup (Chicken). It lacked flavor.
O02914,15-11-2024,14:30,C0258,Aakib Sayyad,R160,Chicken Caesar Wrap,Snacks,4,? 150.00, ? 600.00 , ? 109.00 ,? 164.00,The Chicken Caesar Wrap was excellent. Really enjoyed the meal.
O02915,15-11-2024,14:30,C0227,Nikhat Taimoor,R134,Grilled Cheese Sandwich,Sandwiches,4,? 120.00, ? 480.00 , ? 90.00 ,? 120.00,The Grilled Cheese Sandwich was excellent. Really enjoyed the meal.
O02916,15-11-2024,15:30,C0247,Shahrukh Sayyad,R22,Paneer Tikka,Starter,1,? 280.00, ? 280.00 , ? 199.00 ,? 81.00,Absolutely loved the Paneer Tikka! It was the perfect appetizer to get us started.
O02917,16-11-2024,22:45,C0299,Aakib Shaikh,R5,Mutton Biryani,Rice Meal,5,? 490.00," ? 2,450.00 ", ? 350.00 ,? 700.00,Great food! The Mutton Biryani was delicious and well-prepared.
O02918,16-11-2024,15:45,C0096,Imran Mujawar,R2,Mushroom Soup,Starter,5,? 200.00," ? 1,000.00 ", ? 159.00 ,? 205.00,Absolutely loved the Mushroom Soup! It was the perfect appetizer to get us started.
O02919,16-11-2024,19:45,C0099,Aariz Faruqi,R60,Egg Biryani,Rice & Noodles,1,? 340.00, ? 340.00 , ? 268.00 ,? 72.00,The Egg Biryani met my expectations.
O02920,16-11-2024,19:15,C0310,Ayeza Faruqi,R6,Grilled Salmon,Ocean Meal,1,? 500.00, ? 500.00 , ? 357.00 ,? 143.00,The Grilled Salmon could have been better.
O02921,16-11-2024,19:15,C0186,Aariz Khan,R22,Paneer Tikka,Starter,2,? 280.00, ? 560.00 , ? 199.00 ,? 162.00,The Paneer Tikka was simply delicious and fresh. Highly recommended!
O02922,16-11-2024,10:15,C0119,Shahrukh Azam,R157,Peri Peri Chicken Wings,Snacks,1,? 180.00, ? 180.00 , ? 135.00 ,? 45.00,Great food! The Peri Peri Chicken Wings was delicious and well-prepared.
O02923,16-11-2024,12:00,C0175,Aasiya Momin,R138,Veggie Sub,Sandwiches,1,? 150.00, ? 150.00 , ? 105.00 ,? 45.00,The Veggie Sub was not what I expected.
O02924,16-11-2024,11:45,C0223,Anis Sayyad,R119,Misal Pav,Snack,4,? 160.00, ? 640.00 , ? 126.00 ,? 136.00,The Misal Pav was excellent. Really enjoyed the meal.
O02925,17-11-2024,10:30,C0241,Shamsher Faruqi,R137,Veg Wrap,Sandwiches,4,? 130.00, ? 520.00 , ? 92.00 ,? 152.00,The Veg Wrap was excellent. Really enjoyed the meal.
O02926,17-11-2024,20:30,C0266,Aasifa Sayyad,R160,Chicken Caesar Wrap,Snacks,4,? 150.00, ? 600.00 , ? 109.00 ,? 164.00,I was not a fan of the Chicken Caesar Wrap.
O02927,17-11-2024,11:15,C0004,Ayeza Ali,R167,Veggie Delight Sub,Snacks,1,? 120.00, ? 120.00 , ? 90.00 ,? 30.00,The Veggie Delight Sub was excellent. Really enjoyed the meal.
O02928,17-11-2024,13:15,C0042,Aasin Taimoor,R74,Chili Chicken,Starter,3,? 340.00," ? 1,020.00 ", ? 250.00 ,? 270.00,"The Chili Chicken was decent, but nothing special."
O02929,17-11-2024,12:15,C0272,Aasifa Raes,R149,Paneer Parantha,Breads,1,? 90.00, ? 90.00 , ? 64.00 ,? 26.00,It was an average Paneer Parantha.
O02930,17-11-2024,12:00,C0103,Aasiya Faruqi,R111,Veg Thali,Meal Combo,2,? 360.00, ? 720.00 , ? 263.00 ,? 194.00,A satisfying meal. The Veg Thali was a good choice.
O02931,17-11-2024,17:15,C0225,Arman Faruqi,R28,Caesar Salad,Salad,2,? 280.00, ? 560.00 , ? 210.00 ,? 140.00,A satisfying meal. The Caesar Salad was a good choice.
O02932,17-11-2024,13:15,C0009,Shamsher Khan,R137,Veg Wrap,Sandwiches,4,? 130.00, ? 520.00 , ? 92.00 ,? 152.00,I was not a fan of the Veg Wrap.
O02933,18-11-2024,11:15,C0083,Isharat Mujawar,R13,Gulab Jamun,Dessert,3,? 150.00, ? 450.00 , ? 117.00 ,? 99.00,I was not a fan of the Gulab Jamun.
O02934,18-11-2024,14:00,C0227,Nikhat Taimoor,R140,Paneer Frankie,Street Food,4,? 130.00, ? 520.00 , ? 95.00 ,? 140.00,A satisfying meal. The Paneer Frankie was a good choice.
O02935,18-11-2024,11:00,C0159,Arman Taimoor,R50,Kadai Paneer,Vegetarian,5,? 360.00," ? 1,800.00 ", ? 275.00 ,? 425.00,The Kadai Paneer is a great choice for vegetarians. Hearty and full of flavor.
O02936,18-11-2024,19:15,C0001,Moh Saad Azam,R117,Vada Pav,Snack,4,? 120.00, ? 480.00 , ? 91.00 ,? 116.00,Great food! The Vada Pav was delicious and well-prepared.
O02937,18-11-2024,10:15,C0179,Arman Malik,R149,Paneer Parantha,Breads,2,? 90.00, ? 180.00 , ? 64.00 ,? 52.00,Great food! The Paneer Parantha was delicious and well-prepared.
O02938,18-11-2024,15:45,C0027,Arman Faruqi,R30,Shahi Paneer,Vegetarian,1,? 400.00, ? 400.00 , ? 281.00 ,? 119.00,The Shahi Paneer was as expected.
O02939,18-11-2024,22:00,C0020,Rihan Shikalkar,R26,Pasta Alfredo,Continental,1,? 320.00, ? 320.00 , ? 249.00 ,? 71.00,Great food! The Pasta Alfredo was delicious and well-prepared.
O02940,18-11-2024,10:15,C0147,Danish Khan,R166,Smoked Chicken Sub,Snacks,1,? 160.00, ? 160.00 , ? 112.00 ,? 48.00,Great food! The Smoked Chicken Sub was delicious and well-prepared.
O02941,18-11-2024,10:00,C0116,Arman Khan,R141,Chicken Frankie,Street Food,3,? 150.00, ? 450.00 , ? 112.00 ,? 114.00,I was not a fan of the Chicken Frankie.
O02942,18-11-2024,18:45,C0217,Nikhat Mujawar,R19,Chicken Hakka Noodles,Rice & Noodles,4,? 260.00," ? 1,040.00 ", ? 193.00 ,? 268.00,The Chicken Hakka Noodles was excellent. Really enjoyed the meal.
O02943,18-11-2024,21:00,C0153,Nikhat Malik,R18,Veg Hakka Noodles,Rice & Noodles,5,? 220.00," ? 1,100.00 ", ? 165.00 ,? 275.00,It was an average Veg Hakka Noodles.
O02944,19-11-2024,15:30,C0213,Aakib Ali,R143,Chicken Burger,Fast Food,4,? 160.00, ? 640.00 , ? 115.00 ,? 180.00,I was not a fan of the Chicken Burger.
O02945,19-11-2024,14:00,C0012,Abdul Rahim Malik,R33,Fish Curry,Non-Veg Main,2,? 400.00, ? 800.00 , ? 286.00 ,? 228.00,The Fish Curry was too spicy for me to handle.
O02946,19-11-2024,16:00,C0150,Aman Ali,R140,Paneer Frankie,Street Food,3,? 130.00, ? 390.00 , ? 95.00 ,? 105.00,The Paneer Frankie was excellent. Really enjoyed the meal.
O02947,19-11-2024,20:30,C0197,Arahan Ali,R18,Veg Hakka Noodles,Rice & Noodles,5,? 220.00," ? 1,100.00 ", ? 165.00 ,? 275.00,Great food! The Veg Hakka Noodles was delicious and well-prepared.
O02948,19-11-2024,19:00,C0099,Aariz Faruqi,R71,Veg Spring Rolls,Starter,1,? 220.00, ? 220.00 , ? 162.00 ,? 58.00,Wasn't very impressed with the Veg Spring Rolls. It lacked flavor.
O02949,19-11-2024,22:30,C0025,Aasifa Khan,R157,Peri Peri Chicken Wings,Snacks,2,? 180.00, ? 360.00 , ? 135.00 ,? 90.00,A satisfying meal. The Peri Peri Chicken Wings was a good choice.
O02950,19-11-2024,14:30,C0065,Shamsher Faruqi,R156,Veg Paneer Wrap,Snacks,5,? 95.00, ? 475.00 , ? 74.00 ,? 105.00,A satisfying meal. The Veg Paneer Wrap was a good choice.
O02951,19-11-2024,12:15,C0276,Wahaj Faruqi,R33,Fish Curry,Non-Veg Main,2,? 400.00, ? 800.00 , ? 286.00 ,? 228.00,The Fish Curry was the highlight of our meal. Absolutely delicious!
O02952,19-11-2024,14:15,C0010,Kaif Azam,R43,Idli Sambar,Vegetarian,2,? 160.00, ? 320.00 , ? 119.00 ,? 82.00,"It was an okay Idli Sambar, but I've had better."
O02953,19-11-2024,18:45,C0111,Moh Saad Raes,R8,Paneer Butter Masala,Vegetarian,5,? 380.00," ? 1,900.00 ", ? 298.00 ,? 410.00,The Paneer Butter Masala is a great choice for vegetarians. Hearty and full of flavor.
O02954,19-11-2024,21:45,C0241,Shamsher Faruqi,R5,Mutton Biryani,Rice Meal,5,? 490.00," ? 2,450.00 ", ? 350.00 ,? 700.00,A satisfying meal. The Mutton Biryani was a good choice.
O02955,19-11-2024,21:30,C0087,Moh Saad Mujawar,R48,Egg Curry,Non-Veg Main,2,? 280.00, ? 560.00 , ? 203.00 ,? 154.00,A truly authentic and flavorful Egg Curry. It was very satisfying.
O02956,20-11-2024,13:00,C0320,Sultan Momin,R34,Dal Tadka,Vegetarian,3,? 260.00, ? 780.00 , ? 183.00 ,? 231.00,The Dal Tadka was a decent vegetarian option.
O02957,20-11-2024,19:30,C0103,Aasiya Faruqi,R35,Rajma Chawal,Vegetarian,1,? 300.00, ? 300.00 , ? 238.00 ,? 62.00,The Rajma Chawal is a great choice for vegetarians. Hearty and full of flavor.
O02958,20-11-2024,12:30,C0028,Aakib Faruqi,R64,Crab Curry,Non-Veg Main,5,? 520.00," ? 2,600.00 ", ? 374.00 ,? 730.00,The Crab Curry was cooked to perfection. The spices were spot on!
O02959,20-11-2024,11:00,C0064,Isharat Nadaf,R34,Dal Tadka,Vegetarian,3,? 260.00, ? 780.00 , ? 183.00 ,? 231.00,The Dal Tadka is a great choice for vegetarians. Hearty and full of flavor.
O02960,20-11-2024,21:45,C0263,Sher Raes,R36,Chole Bhature,Vegetarian,3,? 280.00, ? 840.00 , ? 223.00 ,? 171.00,The Chole Bhature was bland and needed more seasoning.
O02961,20-11-2024,13:45,C0131,Aasin Ali,R88,Fried Momos (Veg),Starter,5,? 200.00," ? 1,000.00 ", ? 141.00 ,? 295.00,The Fried Momos (Veg) was cold when it arrived at our table.
O02962,20-11-2024,10:00,C0181,Aman Khan,R111,Veg Thali,Meal Combo,3,? 360.00," ? 1,080.00 ", ? 263.00 ,? 291.00,I was not a fan of the Veg Thali.
O02963,20-11-2024,18:15,C0247,Shahrukh Sayyad,R137,Veg Wrap,Sandwiches,1,? 130.00, ? 130.00 , ? 92.00 ,? 38.00,I was not a fan of the Veg Wrap.
O02964,20-11-2024,10:15,C0102,Aasifa Taimoor,R8,Paneer Butter Masala,Vegetarian,2,? 380.00, ? 760.00 , ? 298.00 ,? 164.00,The Paneer Butter Masala was a decent vegetarian option.
O02965,20-11-2024,13:00,C0260,Danish Ali,R59,Veg Pulao,Rice & Noodles,3,? 240.00, ? 720.00 , ? 190.00 ,? 150.00,Great food! The Veg Pulao was delicious and well-prepared.
O02966,20-11-2024,18:30,C0291,Aman Faruqi,R85,Veg Momos,Starter,5,? 180.00, ? 900.00 , ? 138.00 ,? 210.00,The Veg Momos was cold when it arrived at our table.
O02967,20-11-2024,19:00,C0041,Aakib Shaikh,R40,Mutton Biryani,Rice & Noodles,3,? 480.00," ? 1,440.00 ", ? 340.00 ,? 420.00,The Mutton Biryani was excellent. Really enjoyed the meal.
O02968,20-11-2024,22:45,C0322,Aasin Malik,R72,Chicken Spring Rolls,Starter,5,? 260.00," ? 1,300.00 ", ? 189.00 ,? 355.00,The Chicken Spring Rolls was a fantastic start to our meal! Perfectly crispy.
O02969,20-11-2024,10:30,C0084,Imran Momin,R145,Chicken Shawarma,Street Food,3,? 170.00, ? 510.00 , ? 131.00 ,? 117.00,The Chicken Shawarma was excellent. Really enjoyed the meal.
O02970,20-11-2024,17:15,C0279,Arman Taimoor,R128,Matar Paneer,Main Course,1,? 340.00, ? 340.00 , ? 263.00 ,? 77.00,A satisfying meal. The Matar Paneer was a good choice.
O02971,21-11-2024,12:45,C0152,Dua Sayyad,R131,Butter Naan,Breads,2,? 60.00, ? 120.00 , ? 45.00 ,? 30.00,The Butter Naan was excellent. Really enjoyed the meal.
O02972,21-11-2024,10:45,C0239,Arman Momin,R19,Chicken Hakka Noodles,Rice & Noodles,4,? 260.00," ? 1,040.00 ", ? 193.00 ,? 268.00,A satisfying meal. The Chicken Hakka Noodles was a good choice.
O02973,21-11-2024,11:15,C0270,Isharat Malik,R76,Schezwan Chicken Fried Rice,Rice & Noodles,5,? 280.00," ? 1,400.00 ", ? 211.00 ,? 345.00,It was an average Schezwan Chicken Fried Rice.
O02974,21-11-2024,15:30,C0101,Aariz Malik,R30,Shahi Paneer,Vegetarian,3,? 400.00," ? 1,200.00 ", ? 281.00 ,? 357.00,The Shahi Paneer was bland and needed more seasoning.
O02975,21-11-2024,14:45,C0119,Shahrukh Azam,R53,Baingan Bharta,Vegetarian,5,? 260.00," ? 1,300.00 ", ? 195.00 ,? 325.00,The Baingan Bharta is a great choice for vegetarians. Hearty and full of flavor.
O02976,21-11-2024,11:45,C0032,Ayeza Mujawar,R150,Aloo Parantha,Breads,5,? 80.00, ? 400.00 , ? 63.00 ,? 85.00,The Aloo Parantha could have been better.
O02977,21-11-2024,13:45,C0274,Moh Saad Sayyad,R149,Paneer Parantha,Breads,4,? 90.00, ? 360.00 , ? 64.00 ,? 104.00,The Paneer Parantha was excellent. Really enjoyed the meal.
O02978,21-11-2024,12:00,C0127,Dua Taimoor,R61,Vegetable Korma,Vegetarian,2,? 320.00, ? 640.00 , ? 243.00 ,? 154.00,The Vegetable Korma was as expected.
O02979,21-11-2024,22:15,C0057,Arman Azam,R88,Fried Momos (Veg),Starter,2,? 200.00, ? 400.00 , ? 141.00 ,? 118.00,The Fried Momos (Veg) was simply delicious and fresh. Highly recommended!
O02980,21-11-2024,14:00,C0285,Ayeza Raes,R90,Tandoori Momos,Starter,2,? 260.00, ? 520.00 , ? 185.00 ,? 150.00,The Tandoori Momos was a fantastic start to our meal! Perfectly crispy.
O02981,21-11-2024,15:45,C0191,Imran Shikalkar,R15,Tiramisu,Dessert,1,? 280.00, ? 280.00 , ? 201.00 ,? 79.00,The Tiramisu was excellent. Really enjoyed the meal.
O02982,21-11-2024,16:45,C0307,Aasiya Mujawar,R46,Onion Uttapam,Vegetarian,4,? 160.00, ? 640.00 , ? 112.00 ,? 192.00,I found the Onion Uttapam to be a bit watery.
O02983,21-11-2024,21:30,C0247,Shahrukh Sayyad,R21,Chicken Fried Rice,Rice & Noodles,5,? 240.00," ? 1,200.00 ", ? 182.00 ,? 290.00,I was not a fan of the Chicken Fried Rice.
O02984,22-11-2024,12:15,C0022,Aasiya Ali,R166,Smoked Chicken Sub,Snacks,2,? 160.00, ? 320.00 , ? 112.00 ,? 96.00,The Smoked Chicken Sub met my expectations.
O02985,22-11-2024,11:45,C0006,Imran Taimoor,R138,Veggie Sub,Sandwiches,1,? 150.00, ? 150.00 , ? 105.00 ,? 45.00,The Veggie Sub was excellent. Really enjoyed the meal.
O02986,22-11-2024,20:15,C0282,Nikhat Khan,R119,Misal Pav,Snack,4,? 160.00, ? 640.00 , ? 126.00 ,? 136.00,The Misal Pav could have been better.
O02987,22-11-2024,15:30,C0212,Shahrukh Mujawar,R83,Veg Clear Soup,Starter,3,? 120.00, ? 360.00 , ? 84.00 ,? 108.00,The Veg Clear Soup was cold when it arrived at our table.
O02988,22-11-2024,12:45,C0009,Shamsher Khan,R21,Chicken Fried Rice,Rice & Noodles,4,? 240.00, ? 960.00 , ? 182.00 ,? 232.00,A satisfying meal. The Chicken Fried Rice was a good choice.
O02989,22-11-2024,10:00,C0177,Sultan Ali,R81,Sweet Corn Soup (Veg),Starter,4,? 140.00, ? 560.00 , ? 108.00 ,? 128.00,The Sweet Corn Soup (Veg) was simply delicious and fresh. Highly recommended!
O02990,22-11-2024,17:30,C0171,Aman Azam,R44,Vada Sambar,Vegetarian,3,? 170.00, ? 510.00 , ? 121.00 ,? 147.00,Loved the Vada Sambar! It was a delightful and well-prepared vegetarian meal.
O02991,22-11-2024,16:15,C0307,Aasiya Mujawar,R111,Veg Thali,Meal Combo,1,? 360.00, ? 360.00 , ? 263.00 ,? 97.00,It was an average Veg Thali.
O02992,22-11-2024,12:30,C0067,Sultan Ali,R25,Spring Rolls,Starter,5,? 220.00," ? 1,100.00 ", ? 164.00 ,? 280.00,The Spring Rolls was okay. It was a standard appetizer.
O02993,22-11-2024,14:00,C0082,Isharat Nadaf,R165,Paneer Tandoori Wrap,Snacks,3,? 120.00, ? 360.00 , ? 94.00 ,? 78.00,The Paneer Tandoori Wrap was excellent. Really enjoyed the meal.
O02994,22-11-2024,14:15,C0291,Aman Faruqi,R82,Sweet Corn Soup (Chicken),Starter,4,? 180.00, ? 720.00 , ? 129.00 ,? 204.00,Wasn't very impressed with the Sweet Corn Soup (Chicken). It lacked flavor.
O02995,23-11-2024,21:45,C0107,Aasifa Faruqi,R132,Garlic Naan,Breads,5,? 70.00, ? 350.00 , ? 54.00 ,? 80.00,Great food! The Garlic Naan was delicious and well-prepared.
O02996,23-11-2024,16:30,C0145,Imran Khan,R161,Grilled Veg Panini,Snacks,5,? 140.00, ? 700.00 , ? 99.00 ,? 205.00,The Grilled Veg Panini was excellent. Really enjoyed the meal.
O02997,23-11-2024,20:45,C0252,Moh Saad Faruqi,R144,Paneer Shawarma,Street Food,5,? 150.00, ? 750.00 , ? 111.00 ,? 195.00,I was not a fan of the Paneer Shawarma.
O02998,23-11-2024,11:00,C0100,Aman Momin,R79,Hot & Sour Soup (Veg),Starter,5,? 160.00, ? 800.00 , ? 113.00 ,? 235.00,Absolutely loved the Hot & Sour Soup (Veg)! It was the perfect appetizer to get us started.
O02999,23-11-2024,17:15,C0064,Isharat Nadaf,R43,Idli Sambar,Vegetarian,4,? 160.00, ? 640.00 , ? 119.00 ,? 164.00,I found the Idli Sambar to be a bit watery.
O03000,23-11-2024,13:15,C0171,Aman Azam,R142,Paneer Burger,Fast Food,2,? 140.00, ? 280.00 , ? 110.00 ,? 60.00,A satisfying meal. The Paneer Burger was a good choice.
O03001,23-11-2024,11:45,C0182,Rihan Shaikh,R167,Veggie Delight Sub,Snacks,4,? 120.00, ? 480.00 , ? 90.00 ,? 120.00,A satisfying meal. The Veggie Delight Sub was a good choice.
O03002,23-11-2024,18:15,C0259,Nikhat Malik,R161,Grilled Veg Panini,Snacks,2,? 140.00, ? 280.00 , ? 99.00 ,? 82.00,The Grilled Veg Panini met my expectations.
O03003,23-11-2024,20:15,C0274,Moh Saad Sayyad,R68,Chicken Manchurian,Starter,2,? 280.00, ? 560.00 , ? 205.00 ,? 150.00,The Chicken Manchurian was okay. It was a standard appetizer.
O03004,23-11-2024,20:15,C0250,Isharat Azam,R42,Masala Dosa,Vegetarian,1,? 180.00, ? 180.00 , ? 138.00 ,? 42.00,Loved the Masala Dosa! It was a delightful and well-prepared vegetarian meal.
O03005,23-11-2024,16:00,C0210,Sultan Nadaf,R168,Avocado Toast,Breakfast,2,? 150.00, ? 300.00 , ? 111.00 ,? 78.00,The Avocado Toast was excellent. Really enjoyed the meal.
O03006,23-11-2024,18:30,C0018,Sher Shikalkar,R100,Biryani (Veg),Rice,2,? 320.00, ? 640.00 , ? 251.00 ,? 138.00,The Biryani (Veg) was excellent. Really enjoyed the meal.
O03007,23-11-2024,10:30,C0141,Arahan Ali,R117,Vada Pav,Snack,2,? 120.00, ? 240.00 , ? 91.00 ,? 58.00,The Vada Pav was not what I expected.
O03008,24-11-2024,13:00,C0181,Aman Khan,R35,Rajma Chawal,Vegetarian,5,? 300.00," ? 1,500.00 ", ? 238.00 ,? 310.00,A wholesome and delicious Rajma Chawal. The vegetables were so fresh!
O03009,24-11-2024,18:45,C0167,Abdul Rahim Momin,R85,Veg Momos,Starter,1,? 180.00, ? 180.00 , ? 138.00 ,? 42.00,It was an average Veg Momos.
O03010,24-11-2024,17:30,C0308,Ayeza Khan,R60,Egg Biryani,Rice & Noodles,1,? 340.00, ? 340.00 , ? 268.00 ,? 72.00,It was an average Egg Biryani.
O03011,24-11-2024,21:00,C0197,Arahan Ali,R153,Paneer Bhurji Sandwich,Snacks,3,? 75.00, ? 225.00 , ? 59.00 ,? 48.00,A satisfying meal. The Paneer Bhurji Sandwich was a good choice.
O03012,24-11-2024,16:45,C0136,Anis Taimoor,R52,Bhindi Masala,Vegetarian,5,? 240.00," ? 1,200.00 ", ? 175.00 ,? 325.00,The vegetables in the Bhindi Masala seemed overcooked.
O03013,24-11-2024,16:00,C0017,Wahaj Taimoor,R38,Biryani Veg,Rice & Noodles,5,? 320.00," ? 1,600.00 ", ? 233.00 ,? 435.00,Great food! The Biryani Veg was delicious and well-prepared.
O03014,24-11-2024,17:00,C0284,Sher Shaikh,R26,Pasta Alfredo,Continental,1,? 320.00, ? 320.00 , ? 249.00 ,? 71.00,I was not a fan of the Pasta Alfredo.
O03015,24-11-2024,19:30,C0229,Aasin Khan,R87,Paneer Momos,Starter,2,? 200.00, ? 400.00 , ? 155.00 ,? 90.00,Wasn't very impressed with the Paneer Momos. It lacked flavor.
O03016,24-11-2024,14:30,C0327,Abdul Rahim Mujawar,R139,Chicken Sub,Sandwiches,4,? 180.00, ? 720.00 , ? 137.00 ,? 172.00,A satisfying meal. The Chicken Sub was a good choice.
O03017,25-11-2024,15:15,C0317,Rihan Azam,R120,Pani Puri,Snack,1,? 100.00, ? 100.00 , ? 74.00 ,? 26.00,The Pani Puri could have been better.
O03018,25-11-2024,21:15,C0015,Kaif Taimoor,R145,Chicken Shawarma,Street Food,2,? 170.00, ? 340.00 , ? 131.00 ,? 78.00,A satisfying meal. The Chicken Shawarma was a good choice.
O03019,25-11-2024,19:15,C0272,Aasifa Raes,R59,Veg Pulao,Rice & Noodles,3,? 240.00, ? 720.00 , ? 190.00 ,? 150.00,The Veg Pulao could have been better.
O03020,25-11-2024,10:45,C0269,Aakib Nadaf,R26,Pasta Alfredo,Continental,1,? 320.00, ? 320.00 , ? 249.00 ,? 71.00,It was an average Pasta Alfredo.
O03021,25-11-2024,18:30,C0281,Abdul Rahim Faruqi,R132,Garlic Naan,Breads,2,? 70.00, ? 140.00 , ? 54.00 ,? 32.00,The Garlic Naan was excellent. Really enjoyed the meal.
O03022,25-11-2024,13:45,C0215,Ayeza Faruqi,R33,Fish Curry,Non-Veg Main,3,? 400.00," ? 1,200.00 ", ? 286.00 ,? 342.00,Felt that the Fish Curry was overpriced for its quality.
O03023,25-11-2024,13:15,C0030,Sher Mujawar,R124,Chana Masala,Main Course,1,? 260.00, ? 260.00 , ? 185.00 ,? 75.00,I was not a fan of the Chana Masala.
O03024,26-11-2024,13:45,C0093,Aakib Raes,R68,Chicken Manchurian,Starter,2,? 280.00, ? 560.00 , ? 205.00 ,? 150.00,The Chicken Manchurian was a fantastic start to our meal! Perfectly crispy.
O03025,26-11-2024,17:45,C0046,Nikhat Taimoor,R10,Pepperoni Pizza,Pizza,4,? 368.00," ? 1,472.00 ", ? 283.00 ,? 340.00,Great food! The Pepperoni Pizza was delicious and well-prepared.
O03026,26-11-2024,16:15,C0306,Arman Malik,R164,Mutton Seekh Kebab Roll,Snacks,3,? 170.00, ? 510.00 , ? 132.00 ,? 114.00,Great food! The Mutton Seekh Kebab Roll was delicious and well-prepared.
O03027,26-11-2024,10:30,C0012,Abdul Rahim Malik,R45,Medu Vada,Vegetarian,4,? 150.00, ? 600.00 , ? 112.00 ,? 152.00,A wholesome and delicious Medu Vada. The vegetables were so fresh!
O03028,26-11-2024,11:45,C0293,Wahaj Raes,R63,Prawn Masala,Non-Veg Main,5,? 460.00," ? 2,300.00 ", ? 326.00 ,? 670.00,The Prawn Masala was the highlight of our meal. Absolutely delicious!
O03029,26-11-2024,21:30,C0300,Dua Azam,R134,Grilled Cheese Sandwich,Sandwiches,3,? 120.00, ? 360.00 , ? 90.00 ,? 90.00,A satisfying meal. The Grilled Cheese Sandwich was a good choice.
O03030,26-11-2024,20:00,C0300,Dua Azam,R54,Aloo Gobi,Vegetarian,3,? 220.00, ? 660.00 , ? 166.00 ,? 162.00,The Aloo Gobi was a decent vegetarian option.
O03031,26-11-2024,13:30,C0001,Moh Saad Azam,R160,Chicken Caesar Wrap,Snacks,1,? 150.00, ? 150.00 , ? 109.00 ,? 41.00,Great food! The Chicken Caesar Wrap was delicious and well-prepared.
O03032,27-11-2024,22:15,C0288,Anis Shikalkar,R60,Egg Biryani,Rice & Noodles,1,? 340.00, ? 340.00 , ? 268.00 ,? 72.00,A satisfying meal. The Egg Biryani was a good choice.
O03033,27-11-2024,15:30,C0164,Aakib Malik,R54,Aloo Gobi,Vegetarian,4,? 220.00, ? 880.00 , ? 166.00 ,? 216.00,Loved the Aloo Gobi! It was a delightful and well-prepared vegetarian meal.
O03034,27-11-2024,10:30,C0088,Abdul Rahim Nadaf,R74,Chili Chicken,Starter,4,? 340.00," ? 1,360.00 ", ? 250.00 ,? 360.00,Absolutely loved the Chili Chicken! It was the perfect appetizer to get us started.
O03035,27-11-2024,21:00,C0084,Imran Momin,R138,Veggie Sub,Sandwiches,4,? 150.00, ? 600.00 , ? 105.00 ,? 180.00,The Veggie Sub was not what I expected.
O03036,27-11-2024,12:30,C0008,Dua Sayyad,R142,Paneer Burger,Fast Food,2,? 140.00, ? 280.00 , ? 110.00 ,? 60.00,The Paneer Burger met my expectations.
O03037,27-11-2024,16:30,C0275,Arman Khan,R25,Spring Rolls,Starter,3,? 220.00, ? 660.00 , ? 164.00 ,? 168.00,"The Spring Rolls was decent, but nothing special."
O03038,27-11-2024,13:15,C0265,Aasin Ali,R169,Club Chicken Sandwich,Snacks,4,? 140.00, ? 560.00 , ? 101.00 ,? 156.00,The Club Chicken Sandwich met my expectations.
O03039,27-11-2024,13:30,C0046,Nikhat Taimoor,R55,Jeera Rice,Rice & Noodles,3,? 180.00, ? 540.00 , ? 129.00 ,? 153.00,A satisfying meal. The Jeera Rice was a good choice.
O03040,27-11-2024,16:15,C0197,Arahan Ali,R146,Cheese Sandwich,Sandwiches,2,? 100.00, ? 200.00 , ? 72.00 ,? 56.00,I was not a fan of the Cheese Sandwich.
O03041,28-11-2024,16:30,C0261,Kaif Shaikh,R168,Avocado Toast,Breakfast,5,? 150.00, ? 750.00 , ? 111.00 ,? 195.00,The Avocado Toast was excellent. Really enjoyed the meal.
O03042,28-11-2024,13:00,C0241,Shamsher Faruqi,R85,Veg Momos,Starter,3,? 180.00, ? 540.00 , ? 138.00 ,? 126.00,Absolutely loved the Veg Momos! It was the perfect appetizer to get us started.
O03043,28-11-2024,14:00,C0156,Arman Faruqi,R38,Biryani Veg,Rice & Noodles,1,? 320.00, ? 320.00 , ? 233.00 ,? 87.00,It was an average Biryani Veg.
O03044,28-11-2024,16:30,C0313,Aakib Shikalkar,R139,Chicken Sub,Sandwiches,2,? 180.00, ? 360.00 , ? 137.00 ,? 86.00,The Chicken Sub met my expectations.
O03045,28-11-2024,12:45,C0180,Isharat Shikalkar,R18,Veg Hakka Noodles,Rice & Noodles,3,? 220.00, ? 660.00 , ? 165.00 ,? 165.00,I was not a fan of the Veg Hakka Noodles.
O03046,28-11-2024,12:45,C0153,Nikhat Malik,R7,Butter Chicken,Meat Special,5,? 495.00," ? 2,475.00 ", ? 349.00 ,? 730.00,The Butter Chicken could have been better.
O03047,28-11-2024,17:30,C0285,Ayeza Raes,R135,Paneer Kathi Roll,Street Food,5,? 140.00, ? 700.00 , ? 103.00 ,? 185.00,Great food! The Paneer Kathi Roll was delicious and well-prepared.
O03048,28-11-2024,13:15,C0074,Moh Saad Malik,R134,Grilled Cheese Sandwich,Sandwiches,3,? 120.00, ? 360.00 , ? 90.00 ,? 90.00,A satisfying meal. The Grilled Cheese Sandwich was a good choice.
O03049,28-11-2024,20:15,C0050,Dua Sayyad,R13,Gulab Jamun,Dessert,1,? 150.00, ? 150.00 , ? 117.00 ,? 33.00,The Gulab Jamun was excellent. Really enjoyed the meal.
O03050,28-11-2024,11:30,C0068,Abdul Rahim Shaikh,R84,Chicken Clear Soup,Starter,4,? 160.00, ? 640.00 , ? 125.00 ,? 140.00,The Chicken Clear Soup was a fantastic start to our meal! Perfectly crispy.
O03051,28-11-2024,21:45,C0237,Aman Azam,R11,Margherita Pizza,Pizza,3,? 330.00, ? 990.00 , ? 231.00 ,? 297.00,Great food! The Margherita Pizza was delicious and well-prepared.
O03052,28-11-2024,22:00,C0182,Rihan Shaikh,R152,Chicken Kathi Roll,Snacks,1,? 120.00, ? 120.00 , ? 91.00 ,? 29.00,Great food! The Chicken Kathi Roll was delicious and well-prepared.
O03053,28-11-2024,19:15,C0233,Moh Saad Nadaf,R2,Mushroom Soup,Starter,5,? 200.00," ? 1,000.00 ", ? 159.00 ,? 205.00,Wasn't very impressed with the Mushroom Soup. It lacked flavor.
O03054,28-11-2024,22:30,C0279,Arman Taimoor,R18,Veg Hakka Noodles,Rice & Noodles,1,? 220.00, ? 220.00 , ? 165.00 ,? 55.00,A satisfying meal. The Veg Hakka Noodles was a good choice.
O03055,28-11-2024,11:15,C0298,Aasin Malik,R157,Peri Peri Chicken Wings,Snacks,1,? 180.00, ? 180.00 , ? 135.00 ,? 45.00,The Peri Peri Chicken Wings met my expectations.
O03056,29-11-2024,18:15,C0330,Kaif Momin,R162,BBQ Chicken Pizza Sandwich,Snacks,1,? 160.00, ? 160.00 , ? 115.00 ,? 45.00,The BBQ Chicken Pizza Sandwich was fine.
O03057,29-11-2024,22:00,C0098,Shahrukh Malik,R27,Pasta Arrabbiata,Continental,4,? 300.00," ? 1,200.00 ", ? 215.00 ,? 340.00,Great food! The Pasta Arrabbiata was delicious and well-prepared.
O03058,29-11-2024,16:00,C0288,Anis Shikalkar,R8,Paneer Butter Masala,Vegetarian,1,? 380.00, ? 380.00 , ? 298.00 ,? 82.00,I found the Paneer Butter Masala to be a bit watery.
O03059,29-11-2024,18:00,C0032,Ayeza Mujawar,R2,Mushroom Soup,Starter,5,? 200.00," ? 1,000.00 ", ? 159.00 ,? 205.00,The Mushroom Soup was a fantastic start to our meal! Perfectly crispy.
O03060,29-11-2024,18:45,C0307,Aasiya Mujawar,R13,Gulab Jamun,Dessert,2,? 150.00, ? 300.00 , ? 117.00 ,? 66.00,A satisfying meal. The Gulab Jamun was a good choice.
O03061,29-11-2024,20:00,C0255,Shamsher Malik,R144,Paneer Shawarma,Street Food,1,? 150.00, ? 150.00 , ? 111.00 ,? 39.00,A satisfying meal. The Paneer Shawarma was a good choice.
O03062,29-11-2024,13:15,C0100,Aman Momin,R26,Pasta Alfredo,Continental,3,? 320.00, ? 960.00 , ? 249.00 ,? 213.00,Great food! The Pasta Alfredo was delicious and well-prepared.
O03063,29-11-2024,18:30,C0066,Abdul Rahim Mujawar,R76,Schezwan Chicken Fried Rice,Rice & Noodles,2,? 280.00, ? 560.00 , ? 211.00 ,? 138.00,The Schezwan Chicken Fried Rice was excellent. Really enjoyed the meal.
O03064,29-11-2024,17:00,C0180,Isharat Shikalkar,R140,Paneer Frankie,Street Food,2,? 130.00, ? 260.00 , ? 95.00 ,? 70.00,A satisfying meal. The Paneer Frankie was a good choice.
O03065,29-11-2024,13:45,C0145,Imran Khan,R52,Bhindi Masala,Vegetarian,3,? 240.00, ? 720.00 , ? 175.00 ,? 195.00,The Bhindi Masala is a great choice for vegetarians. Hearty and full of flavor.
O03066,30-11-2024,21:45,C0035,Aasifa Shaikh,R8,Paneer Butter Masala,Vegetarian,4,? 380.00," ? 1,520.00 ", ? 298.00 ,? 328.00,The Paneer Butter Masala was bland and needed more seasoning.
O03067,30-11-2024,17:00,C0083,Isharat Mujawar,R63,Prawn Masala,Non-Veg Main,2,? 460.00, ? 920.00 , ? 326.00 ,? 268.00,The Prawn Masala was cooked to perfection. The spices were spot on!
O03068,30-11-2024,19:45,C0137,Aman Raes,R4,Chicken Biryani,Rice Meal,5,? 440.00," ? 2,200.00 ", ? 334.00 ,? 530.00,The Chicken Biryani was not what I expected.
O03069,30-11-2024,17:45,C0311,Imran Shikalkar,R10,Pepperoni Pizza,Pizza,4,? 368.00," ? 1,472.00 ", ? 283.00 ,? 340.00,The Pepperoni Pizza was not what I expected.
O03070,30-11-2024,11:00,C0303,Dua Momin,R158,Cheese Garlic Bread,Breads,4,? 110.00, ? 440.00 , ? 85.00 ,? 100.00,Great food! The Cheese Garlic Bread was delicious and well-prepared.
O03071,30-11-2024,12:00,C0142,Abdul Rahim Nadaf,R47,Hyderabadi Haleem,Non-Veg Main,1,? 500.00, ? 500.00 , ? 395.00 ,? 105.00,The Hyderabadi Haleem was the highlight of our meal. Absolutely delicious!
O03072,30-11-2024,11:00,C0283,Shahrukh Sayyad,R100,Biryani (Veg),Rice,2,? 320.00, ? 640.00 , ? 251.00 ,? 138.00,A satisfying meal. The Biryani (Veg) was a good choice.
O03073,30-11-2024,20:15,C0178,Wahaj Sayyad,R19,Chicken Hakka Noodles,Rice & Noodles,2,? 260.00, ? 520.00 , ? 193.00 ,? 134.00,The Chicken Hakka Noodles met my expectations.
O03074,30-11-2024,12:30,C0183,Imran Mujawar,R80,Hot & Sour Soup (Chicken),Starter,2,? 200.00, ? 400.00 , ? 159.00 ,? 82.00,The Hot & Sour Soup (Chicken) was simply delicious and fresh. Highly recommended!
O03075,01-12-2024,22:15,C0234,Moh Saad Faruqi,R13,Gulab Jamun,Dessert,1,? 150.00, ? 150.00 , ? 117.00 ,? 33.00,A satisfying meal. The Gulab Jamun was a good choice.
O03076,01-12-2024,18:15,C0036,Sher Shikalkar,R64,Crab Curry,Non-Veg Main,4,? 520.00," ? 2,080.00 ", ? 374.00 ,? 584.00,A truly authentic and flavorful Crab Curry. It was very satisfying.
O03077,01-12-2024,15:00,C0301,Sher Taimoor,R127,Kadhi Pakora,Main Course,5,? 300.00," ? 1,500.00 ", ? 231.00 ,? 345.00,Great food! The Kadhi Pakora was delicious and well-prepared.
O03078,01-12-2024,16:00,C0111,Moh Saad Raes,R45,Medu Vada,Vegetarian,2,? 150.00, ? 300.00 , ? 112.00 ,? 76.00,The Medu Vada is a great choice for vegetarians. Hearty and full of flavor.
O03079,01-12-2024,11:30,C0163,Shamsher Shikalkar,R149,Paneer Parantha,Breads,2,? 90.00, ? 180.00 , ? 64.00 ,? 52.00,The Paneer Parantha met my expectations.
O03080,01-12-2024,17:00,C0171,Aman Azam,R136,Chicken Kathi Roll,Street Food,3,? 160.00, ? 480.00 , ? 112.00 ,? 144.00,A satisfying meal. The Chicken Kathi Roll was a good choice.
O03081,02-12-2024,16:30,C0051,Dua Khan,R75,Schezwan Fried Rice,Rice & Noodles,5,? 220.00," ? 1,100.00 ", ? 160.00 ,? 300.00,The Schezwan Fried Rice could have been better.
O03082,02-12-2024,11:45,C0242,Arahan Mujawar,R64,Crab Curry,Non-Veg Main,3,? 520.00," ? 1,560.00 ", ? 374.00 ,? 438.00,The Crab Curry was the highlight of our meal. Absolutely delicious!
O03083,02-12-2024,14:30,C0081,Ayeza Raes,R150,Aloo Parantha,Breads,4,? 80.00, ? 320.00 , ? 63.00 ,? 68.00,It was an average Aloo Parantha.
O03084,03-12-2024,18:30,C0188,Sher Raes,R35,Rajma Chawal,Vegetarian,3,? 300.00, ? 900.00 , ? 238.00 ,? 186.00,The Rajma Chawal was a decent vegetarian option.
O03085,03-12-2024,10:45,C0260,Danish Ali,R169,Club Chicken Sandwich,Snacks,4,? 140.00, ? 560.00 , ? 101.00 ,? 156.00,Great food! The Club Chicken Sandwich was delicious and well-prepared.
O03086,03-12-2024,13:00,C0029,Rihan Sayyad,R131,Butter Naan,Breads,1,? 60.00, ? 60.00 , ? 45.00 ,? 15.00,The Butter Naan met my expectations.
O03087,03-12-2024,15:45,C0300,Dua Azam,R156,Veg Paneer Wrap,Snacks,4,? 95.00, ? 380.00 , ? 74.00 ,? 84.00,The Veg Paneer Wrap was excellent. Really enjoyed the meal.
O03088,03-12-2024,11:00,C0298,Aasin Malik,R156,Veg Paneer Wrap,Snacks,2,? 95.00, ? 190.00 , ? 74.00 ,? 42.00,I was not a fan of the Veg Paneer Wrap.
O03089,03-12-2024,21:00,C0079,Shahrukh Faruqi,R71,Veg Spring Rolls,Starter,3,? 220.00, ? 660.00 , ? 162.00 ,? 174.00,The Veg Spring Rolls was a fantastic start to our meal! Perfectly crispy.
O03090,03-12-2024,15:45,C0078,Arahan Shaikh,R14,Rasgulla,Dessert,5,? 140.00, ? 700.00 , ? 100.00 ,? 200.00,The Rasgulla was excellent. Really enjoyed the meal.
O03091,03-12-2024,10:00,C0015,Kaif Taimoor,R83,Veg Clear Soup,Starter,5,? 120.00, ? 600.00 , ? 84.00 ,? 180.00,The Veg Clear Soup was a fantastic start to our meal! Perfectly crispy.
O03092,03-12-2024,15:30,C0006,Imran Taimoor,R90,Tandoori Momos,Starter,4,? 260.00," ? 1,040.00 ", ? 185.00 ,? 300.00,The Tandoori Momos was okay. It was a standard appetizer.
O03093,03-12-2024,22:15,C0211,Moh Saad Faruqi,R43,Idli Sambar,Vegetarian,2,? 160.00, ? 320.00 , ? 119.00 ,? 82.00,"It was an okay Idli Sambar, but I've had better."
O03094,04-12-2024,12:45,C0088,Abdul Rahim Nadaf,R158,Cheese Garlic Bread,Breads,1,? 110.00, ? 110.00 , ? 85.00 ,? 25.00,The Cheese Garlic Bread met my expectations.
O03095,04-12-2024,19:30,C0260,Danish Ali,R117,Vada Pav,Snack,3,? 120.00, ? 360.00 , ? 91.00 ,? 87.00,The Vada Pav was not what I expected.
O03096,04-12-2024,17:00,C0238,Aakib Malik,R11,Margherita Pizza,Pizza,4,? 330.00," ? 1,320.00 ", ? 231.00 ,? 396.00,The Margherita Pizza was excellent. Really enjoyed the meal.
O03097,04-12-2024,14:15,C0025,Aasifa Khan,R42,Masala Dosa,Vegetarian,2,? 180.00, ? 360.00 , ? 138.00 ,? 84.00,The Masala Dosa is a great choice for vegetarians. Hearty and full of flavor.
O03098,04-12-2024,10:15,C0197,Arahan Ali,R40,Mutton Biryani,Rice & Noodles,1,? 480.00, ? 480.00 , ? 340.00 ,? 140.00,The Mutton Biryani was excellent. Really enjoyed the meal.
O03099,04-12-2024,12:45,C0128,Moh Saad Shikalkar,R169,Club Chicken Sandwich,Snacks,3,? 140.00, ? 420.00 , ? 101.00 ,? 117.00,A satisfying meal. The Club Chicken Sandwich was a good choice.
O03100,04-12-2024,10:45,C0149,Aariz Nadaf,R57,Chicken Tikka Masala,Non-Veg Main,1,? 480.00, ? 480.00 , ? 373.00 ,? 107.00,The Chicken Tikka Masala was the highlight of our meal. Absolutely delicious!
O03101,04-12-2024,10:15,C0154,Aasin Shikalkar,R62,Dal Makhani,Vegetarian,2,? 340.00, ? 680.00 , ? 269.00 ,? 142.00,I found the Dal Makhani to be a bit watery.
O03102,04-12-2024,20:30,C0103,Aasiya Faruqi,R143,Chicken Burger,Fast Food,4,? 160.00, ? 640.00 , ? 115.00 ,? 180.00,Great food! The Chicken Burger was delicious and well-prepared.
O03103,04-12-2024,12:30,C0268,Ayeza Azam,R136,Chicken Kathi Roll,Street Food,5,? 160.00, ? 800.00 , ? 112.00 ,? 240.00,A satisfying meal. The Chicken Kathi Roll was a good choice.
O03104,05-12-2024,22:00,C0261,Kaif Shaikh,R10,Pepperoni Pizza,Pizza,2,? 368.00, ? 736.00 , ? 283.00 ,? 170.00,Great food! The Pepperoni Pizza was delicious and well-prepared.
O03105,05-12-2024,20:45,C0104,Sultan Nadaf,R43,Idli Sambar,Vegetarian,1,? 160.00, ? 160.00 , ? 119.00 ,? 41.00,The Idli Sambar is a great choice for vegetarians. Hearty and full of flavor.
O03106,05-12-2024,11:15,C0248,Shahrukh Raes,R142,Paneer Burger,Fast Food,4,? 140.00, ? 560.00 , ? 110.00 ,? 120.00,The Paneer Burger met my expectations.
O03107,05-12-2024,20:45,C0101,Aariz Malik,R59,Veg Pulao,Rice & Noodles,2,? 240.00, ? 480.00 , ? 190.00 ,? 100.00,The Veg Pulao was excellent. Really enjoyed the meal.
O03108,05-12-2024,16:15,C0312,Danish Khan,R38,Biryani Veg,Rice & Noodles,5,? 320.00," ? 1,600.00 ", ? 233.00 ,? 435.00,Great food! The Biryani Veg was delicious and well-prepared.
O03109,05-12-2024,20:30,C0180,Isharat Shikalkar,R88,Fried Momos (Veg),Starter,2,? 200.00, ? 400.00 , ? 141.00 ,? 118.00,The Fried Momos (Veg) was okay. It was a standard appetizer.
O03110,05-12-2024,22:30,C0330,Kaif Momin,R54,Aloo Gobi,Vegetarian,2,? 220.00, ? 440.00 , ? 166.00 ,? 108.00,The Aloo Gobi is a great choice for vegetarians. Hearty and full of flavor.
O03111,06-12-2024,20:15,C0157,Arahan Azam,R167,Veggie Delight Sub,Snacks,4,? 120.00, ? 480.00 , ? 90.00 ,? 120.00,The Veggie Delight Sub was excellent. Really enjoyed the meal.
O03112,06-12-2024,17:45,C0148,Aakib Momin,R61,Vegetable Korma,Vegetarian,1,? 320.00, ? 320.00 , ? 243.00 ,? 77.00,"It was an okay Vegetable Korma, but I've had better."
O03113,06-12-2024,11:45,C0074,Moh Saad Malik,R34,Dal Tadka,Vegetarian,4,? 260.00," ? 1,040.00 ", ? 183.00 ,? 308.00,The Dal Tadka was a decent vegetarian option.
O03114,06-12-2024,21:15,C0144,Aasifa Mujawar,R89,Fried Momos (Chicken),Starter,4,? 240.00, ? 960.00 , ? 176.00 ,? 256.00,Absolutely loved the Fried Momos (Chicken)! It was the perfect appetizer to get us started.
O03115,06-12-2024,11:30,C0221,Arman Mujawar,R19,Chicken Hakka Noodles,Rice & Noodles,5,? 260.00," ? 1,300.00 ", ? 193.00 ,? 335.00,The Chicken Hakka Noodles was not what I expected.
O03116,06-12-2024,21:00,C0025,Aasifa Khan,R73,Chili Paneer,Starter,4,? 280.00," ? 1,120.00 ", ? 219.00 ,? 244.00,The Chili Paneer was a fantastic start to our meal! Perfectly crispy.
O03117,06-12-2024,18:45,C0029,Rihan Sayyad,R56,Tandoori Chicken,Non-Veg Main,5,? 460.00," ? 2,300.00 ", ? 366.00 ,? 470.00,The Tandoori Chicken was cooked to perfection. The spices were spot on!
O03118,06-12-2024,20:30,C0224,Nikhat Mujawar,R158,Cheese Garlic Bread,Breads,1,? 110.00, ? 110.00 , ? 85.00 ,? 25.00,The Cheese Garlic Bread was excellent. Really enjoyed the meal.
O03119,06-12-2024,22:15,C0301,Sher Taimoor,R147,Paneer Sandwich,Sandwiches,4,? 120.00, ? 480.00 , ? 84.00 ,? 144.00,I was not a fan of the Paneer Sandwich.
O03120,06-12-2024,20:15,C0058,Danish Nadaf,R165,Paneer Tandoori Wrap,Snacks,1,? 120.00, ? 120.00 , ? 94.00 ,? 26.00,The Paneer Tandoori Wrap was not what I expected.
O03121,06-12-2024,13:30,C0284,Sher Shaikh,R63,Prawn Masala,Non-Veg Main,1,? 460.00, ? 460.00 , ? 326.00 ,? 134.00,A truly authentic and flavorful Prawn Masala. It was very satisfying.
O03122,06-12-2024,13:00,C0095,Aakib Azam,R137,Veg Wrap,Sandwiches,2,? 130.00, ? 260.00 , ? 92.00 ,? 76.00,Great food! The Veg Wrap was delicious and well-prepared.
O03123,06-12-2024,17:15,C0115,Aasifa Nadaf,R151,Veg Frankie Roll,Snacks,5,? 80.00, ? 400.00 , ? 62.00 ,? 90.00,The Veg Frankie Roll was excellent. Really enjoyed the meal.
O03124,06-12-2024,15:45,C0159,Arman Taimoor,R17,French Fries,Starter,3,? 120.00, ? 360.00 , ? 87.00 ,? 99.00,The French Fries was simply delicious and fresh. Highly recommended!
O03125,06-12-2024,22:30,C0035,Aasifa Shaikh,R12,Veggie Burger,Burger,3,? 250.00, ? 750.00 , ? 199.00 ,? 153.00,A satisfying meal. The Veggie Burger was a good choice.
O03126,06-12-2024,21:00,C0084,Imran Momin,R9,Palak Paneer,Vegetarian,5,? 360.00," ? 1,800.00 ", ? 273.00 ,? 435.00,The Palak Paneer was a decent vegetarian option.
O03127,07-12-2024,17:00,C0011,Aasiya Ali,R76,Schezwan Chicken Fried Rice,Rice & Noodles,4,? 280.00," ? 1,120.00 ", ? 211.00 ,? 276.00,Great food! The Schezwan Chicken Fried Rice was delicious and well-prepared.
O03128,07-12-2024,19:15,C0086,Sher Momin,R64,Crab Curry,Non-Veg Main,4,? 520.00," ? 2,080.00 ", ? 374.00 ,? 584.00,A truly authentic and flavorful Crab Curry. It was very satisfying.
O03129,07-12-2024,11:00,C0150,Aman Ali,R10,Pepperoni Pizza,Pizza,5,? 368.00," ? 1,840.00 ", ? 283.00 ,? 425.00,Great food! The Pepperoni Pizza was delicious and well-prepared.
O03130,07-12-2024,21:30,C0151,Aasifa Malik,R50,Kadai Paneer,Vegetarian,1,? 360.00, ? 360.00 , ? 275.00 ,? 85.00,A wholesome and delicious Kadai Paneer. The vegetables were so fresh!
O03131,07-12-2024,22:15,C0262,Nikhat Faruqi,R43,Idli Sambar,Vegetarian,2,? 160.00, ? 320.00 , ? 119.00 ,? 82.00,The Idli Sambar was a decent vegetarian option.
O03132,07-12-2024,22:15,C0249,Aasiya Mujawar,R84,Chicken Clear Soup,Starter,5,? 160.00, ? 800.00 , ? 125.00 ,? 175.00,The Chicken Clear Soup was a fantastic start to our meal! Perfectly crispy.
O03133,07-12-2024,18:00,C0300,Dua Azam,R160,Chicken Caesar Wrap,Snacks,2,? 150.00, ? 300.00 , ? 109.00 ,? 82.00,A satisfying meal. The Chicken Caesar Wrap was a good choice.
O03134,07-12-2024,16:30,C0037,Wahaj Malik,R3,Chicken Soup,Starter,4,? 220.00, ? 880.00 , ? 170.00 ,? 200.00,The Chicken Soup was simply delicious and fresh. Highly recommended!
O03135,07-12-2024,17:00,C0310,Ayeza Faruqi,R35,Rajma Chawal,Vegetarian,3,? 300.00, ? 900.00 , ? 238.00 ,? 186.00,A wholesome and delicious Rajma Chawal. The vegetables were so fresh!
O03136,07-12-2024,17:30,C0328,Isharat Khan,R32,Mutton Rogan Josh,Non-Veg Main,3,? 520.00," ? 1,560.00 ", ? 395.00 ,? 375.00,The Mutton Rogan Josh was the highlight of our meal. Absolutely delicious!
O03137,07-12-2024,13:45,C0249,Aasiya Mujawar,R154,Egg Mayo Sandwich,Snacks,2,? 85.00, ? 170.00 , ? 66.00 ,? 38.00,The Egg Mayo Sandwich was excellent. Really enjoyed the meal.
O03138,07-12-2024,21:15,C0225,Arman Faruqi,R105,Malai Kofta,Main Course,1,? 340.00, ? 340.00 , ? 249.00 ,? 91.00,The Malai Kofta was excellent. Really enjoyed the meal.
O03139,08-12-2024,19:30,C0326,Aman Sayyad,R136,Chicken Kathi Roll,Street Food,1,? 160.00, ? 160.00 , ? 112.00 ,? 48.00,The Chicken Kathi Roll was excellent. Really enjoyed the meal.
O03140,08-12-2024,17:45,C0308,Ayeza Khan,R166,Smoked Chicken Sub,Snacks,4,? 160.00, ? 640.00 , ? 112.00 ,? 192.00,A satisfying meal. The Smoked Chicken Sub was a good choice.
O03141,08-12-2024,21:00,C0291,Aman Faruqi,R147,Paneer Sandwich,Sandwiches,2,? 120.00, ? 240.00 , ? 84.00 ,? 72.00,Great food! The Paneer Sandwich was delicious and well-prepared.
O03142,08-12-2024,10:00,C0195,Aasin Malik,R27,Pasta Arrabbiata,Continental,3,? 300.00, ? 900.00 , ? 215.00 ,? 255.00,A satisfying meal. The Pasta Arrabbiata was a good choice.
O03143,08-12-2024,11:00,C0050,Dua Sayyad,R150,Aloo Parantha,Breads,2,? 80.00, ? 160.00 , ? 63.00 ,? 34.00,The Aloo Parantha could have been better.
O03144,08-12-2024,16:00,C0223,Anis Sayyad,R15,Tiramisu,Dessert,3,? 280.00, ? 840.00 , ? 201.00 ,? 237.00,A satisfying meal. The Tiramisu was a good choice.
O03145,08-12-2024,10:15,C0241,Shamsher Faruqi,R16,Ice Cream Sundae,Dessert,4,? 200.00, ? 800.00 , ? 143.00 ,? 228.00,The Ice Cream Sundae met my expectations.
O03146,08-12-2024,16:00,C0088,Abdul Rahim Nadaf,R33,Fish Curry,Non-Veg Main,3,? 400.00," ? 1,200.00 ", ? 286.00 ,? 342.00,A truly authentic and flavorful Fish Curry. It was very satisfying.
O03147,08-12-2024,21:45,C0140,Imran Taimoor,R79,Hot & Sour Soup (Veg),Starter,2,? 160.00, ? 320.00 , ? 113.00 ,? 94.00,Absolutely loved the Hot & Sour Soup (Veg)! It was the perfect appetizer to get us started.
O03148,08-12-2024,21:30,C0257,Aman Nadaf,R86,Chicken Momos,Starter,4,? 220.00, ? 880.00 , ? 170.00 ,? 200.00,The Chicken Momos was a fantastic start to our meal! Perfectly crispy.
O03149,09-12-2024,16:00,C0039,Aasifa Shaikh,R75,Schezwan Fried Rice,Rice & Noodles,4,? 220.00, ? 880.00 , ? 160.00 ,? 240.00,A satisfying meal. The Schezwan Fried Rice was a good choice.
O03150,09-12-2024,19:15,C0112,Shahrukh Sayyad,R162,BBQ Chicken Pizza Sandwich,Snacks,1,? 160.00, ? 160.00 , ? 115.00 ,? 45.00,The BBQ Chicken Pizza Sandwich was fine.
O03151,09-12-2024,22:30,C0196,Arman Taimoor,R12,Veggie Burger,Burger,5,? 250.00," ? 1,250.00 ", ? 199.00 ,? 255.00,The Veggie Burger was excellent. Really enjoyed the meal.
O03152,09-12-2024,19:00,C0328,Isharat Khan,R28,Caesar Salad,Salad,2,? 280.00, ? 560.00 , ? 210.00 ,? 140.00,It was an average Caesar Salad.
O03153,09-12-2024,16:15,C0077,Shahrukh Momin,R43,Idli Sambar,Vegetarian,1,? 160.00, ? 160.00 , ? 119.00 ,? 41.00,The Idli Sambar was bland and needed more seasoning.
O03154,09-12-2024,13:45,C0324,Aasifa Faruqi,R30,Shahi Paneer,Vegetarian,1,? 400.00, ? 400.00 , ? 281.00 ,? 119.00,The vegetables in the Shahi Paneer seemed overcooked.
O03155,09-12-2024,12:45,C0315,Imran Shaikh,R29,Greek Salad,Salad,4,? 260.00," ? 1,040.00 ", ? 197.00 ,? 252.00,A satisfying meal. The Greek Salad was a good choice.
O03156,09-12-2024,18:00,C0246,Aariz Raes,R19,Chicken Hakka Noodles,Rice & Noodles,2,? 260.00, ? 520.00 , ? 193.00 ,? 134.00,The Chicken Hakka Noodles was not what I expected.
O03157,09-12-2024,10:15,C0001,Moh Saad Azam,R136,Chicken Kathi Roll,Street Food,5,? 160.00, ? 800.00 , ? 112.00 ,? 240.00,Great food! The Chicken Kathi Roll was delicious and well-prepared.
O03158,09-12-2024,22:00,C0281,Abdul Rahim Faruqi,R24,Samosa,Starter,1,? 100.00, ? 100.00 , ? 73.00 ,? 27.00,Wasn't very impressed with the Samosa. It lacked flavor.
O03159,09-12-2024,11:45,C0226,Aman Taimoor,R139,Chicken Sub,Sandwiches,4,? 180.00, ? 720.00 , ? 137.00 ,? 172.00,The Chicken Sub was excellent. Really enjoyed the meal.
O03160,09-12-2024,17:30,C0256,Arman Faruqi,R120,Pani Puri,Snack,3,? 100.00, ? 300.00 , ? 74.00 ,? 78.00,A satisfying meal. The Pani Puri was a good choice.
O03161,10-12-2024,20:00,C0284,Sher Shaikh,R75,Schezwan Fried Rice,Rice & Noodles,2,? 220.00, ? 440.00 , ? 160.00 ,? 120.00,The Schezwan Fried Rice was not what I expected.
O03162,10-12-2024,14:30,C0249,Aasiya Mujawar,R32,Mutton Rogan Josh,Non-Veg Main,5,? 520.00," ? 2,600.00 ", ? 395.00 ,? 625.00,A truly authentic and flavorful Mutton Rogan Josh. It was very satisfying.
O03163,10-12-2024,20:00,C0201,Sher Sayyad,R62,Dal Makhani,Vegetarian,4,? 340.00," ? 1,360.00 ", ? 269.00 ,? 284.00,The Dal Makhani is a great choice for vegetarians. Hearty and full of flavor.
O03164,10-12-2024,20:15,C0020,Rihan Shikalkar,R100,Biryani (Veg),Rice,1,? 320.00, ? 320.00 , ? 251.00 ,? 69.00,The Biryani (Veg) could have been better.
O03165,10-12-2024,19:15,C0226,Aman Taimoor,R82,Sweet Corn Soup (Chicken),Starter,5,? 180.00, ? 900.00 , ? 129.00 ,? 255.00,Absolutely loved the Sweet Corn Soup (Chicken)! It was the perfect appetizer to get us started.
O03166,10-12-2024,20:15,C0104,Sultan Nadaf,R152,Chicken Kathi Roll,Snacks,3,? 120.00, ? 360.00 , ? 91.00 ,? 87.00,The Chicken Kathi Roll was fine.
O03167,10-12-2024,21:30,C0293,Wahaj Raes,R43,Idli Sambar,Vegetarian,1,? 160.00, ? 160.00 , ? 119.00 ,? 41.00,The Idli Sambar was as expected.
O03168,10-12-2024,16:00,C0161,Isharat Momin,R83,Veg Clear Soup,Starter,2,? 120.00, ? 240.00 , ? 84.00 ,? 72.00,Absolutely loved the Veg Clear Soup! It was the perfect appetizer to get us started.
O03169,10-12-2024,16:45,C0144,Aasifa Mujawar,R35,Rajma Chawal,Vegetarian,1,? 300.00, ? 300.00 , ? 238.00 ,? 62.00,Loved the Rajma Chawal! It was a delightful and well-prepared vegetarian meal.
O03170,10-12-2024,11:00,C0103,Aasiya Faruqi,R45,Medu Vada,Vegetarian,4,? 150.00, ? 600.00 , ? 112.00 ,? 152.00,The vegetables in the Medu Vada seemed overcooked.
O03171,10-12-2024,18:00,C0011,Aasiya Ali,R149,Paneer Parantha,Breads,3,? 90.00, ? 270.00 , ? 64.00 ,? 78.00,I was not a fan of the Paneer Parantha.
O03172,10-12-2024,21:45,C0277,Shamsher Faruqi,R150,Aloo Parantha,Breads,2,? 80.00, ? 160.00 , ? 63.00 ,? 34.00,Great food! The Aloo Parantha was delicious and well-prepared.
O03173,10-12-2024,21:15,C0270,Isharat Malik,R50,Kadai Paneer,Vegetarian,3,? 360.00," ? 1,080.00 ", ? 275.00 ,? 255.00,A wholesome and delicious Kadai Paneer. The vegetables were so fresh!
O03174,10-12-2024,22:00,C0265,Aasin Ali,R28,Caesar Salad,Salad,1,? 280.00, ? 280.00 , ? 210.00 ,? 70.00,A satisfying meal. The Caesar Salad was a good choice.
O03175,10-12-2024,19:15,C0325,Aakib Momin,R142,Paneer Burger,Fast Food,4,? 140.00, ? 560.00 , ? 110.00 ,? 120.00,The Paneer Burger met my expectations.
O03176,11-12-2024,17:30,C0216,Sultan Khan,R7,Butter Chicken,Meat Special,4,? 495.00," ? 1,980.00 ", ? 349.00 ,? 584.00,Great food! The Butter Chicken was delicious and well-prepared.
O03177,11-12-2024,14:00,C0138,Wahaj Taimoor,R71,Veg Spring Rolls,Starter,5,? 220.00," ? 1,100.00 ", ? 162.00 ,? 290.00,The Veg Spring Rolls was simply delicious and fresh. Highly recommended!
O03178,11-12-2024,20:45,C0024,Aman Momin,R148,Egg Sandwich,Sandwiches,5,? 110.00, ? 550.00 , ? 80.00 ,? 150.00,I was not a fan of the Egg Sandwich.
O03179,11-12-2024,15:45,C0142,Abdul Rahim Nadaf,R80,Hot & Sour Soup (Chicken),Starter,3,? 200.00, ? 600.00 , ? 159.00 ,? 123.00,"The Hot & Sour Soup (Chicken) was decent, but nothing special."
O03180,11-12-2024,20:00,C0108,Arman Azam,R33,Fish Curry,Non-Veg Main,3,? 400.00," ? 1,200.00 ", ? 286.00 ,? 342.00,The Fish Curry was alright. It was cooked well but the flavor was average.
O03181,11-12-2024,11:45,C0297,Wahaj Ali,R132,Garlic Naan,Breads,1,? 70.00, ? 70.00 , ? 54.00 ,? 16.00,The Garlic Naan was excellent. Really enjoyed the meal.
O03182,11-12-2024,18:15,C0184,Kaif Sayyad,R52,Bhindi Masala,Vegetarian,1,? 240.00, ? 240.00 , ? 175.00 ,? 65.00,The Bhindi Masala was a decent vegetarian option.
O03183,11-12-2024,15:30,C0324,Aasifa Faruqi,R144,Paneer Shawarma,Street Food,2,? 150.00, ? 300.00 , ? 111.00 ,? 78.00,The Paneer Shawarma could have been better.
O03184,11-12-2024,11:30,C0126,Aakib Momin,R168,Avocado Toast,Breakfast,1,? 150.00, ? 150.00 , ? 111.00 ,? 39.00,The Avocado Toast was not what I expected.
O03185,11-12-2024,19:15,C0120,Ayeza Taimoor,R2,Mushroom Soup,Starter,4,? 200.00, ? 800.00 , ? 159.00 ,? 164.00,The Mushroom Soup was simply delicious and fresh. Highly recommended!
O03186,12-12-2024,20:45,C0194,Isharat Momin,R161,Grilled Veg Panini,Snacks,1,? 140.00, ? 140.00 , ? 99.00 ,? 41.00,It was an average Grilled Veg Panini.
O03187,12-12-2024,22:15,C0307,Aasiya Mujawar,R82,Sweet Corn Soup (Chicken),Starter,4,? 180.00, ? 720.00 , ? 129.00 ,? 204.00,The Sweet Corn Soup (Chicken) was simply delicious and fresh. Highly recommended!
O03188,12-12-2024,14:30,C0203,Isharat Sayyad,R112,Non-Veg Thali,Meal Combo,2,? 440.00, ? 880.00 , ? 322.00 ,? 236.00,The Non-Veg Thali was fine.
O03189,12-12-2024,13:15,C0194,Isharat Momin,R57,Chicken Tikka Masala,Non-Veg Main,2,? 480.00, ? 960.00 , ? 373.00 ,? 214.00,The Chicken Tikka Masala was cooked to perfection. The spices were spot on!
O03190,12-12-2024,16:15,C0234,Moh Saad Faruqi,R75,Schezwan Fried Rice,Rice & Noodles,5,? 220.00," ? 1,100.00 ", ? 160.00 ,? 300.00,A satisfying meal. The Schezwan Fried Rice was a good choice.
O03191,12-12-2024,19:15,C0241,Shamsher Faruqi,R62,Dal Makhani,Vegetarian,4,? 340.00," ? 1,360.00 ", ? 269.00 ,? 284.00,The Dal Makhani is a great choice for vegetarians. Hearty and full of flavor.
O03192,12-12-2024,13:30,C0176,Abdul Rahim Shikalkar,R20,Veg Fried Rice,Rice & Noodles,2,? 200.00, ? 400.00 , ? 145.00 ,? 110.00,A satisfying meal. The Veg Fried Rice was a good choice.
O03193,12-12-2024,14:45,C0047,Rihan Sayyad,R24,Samosa,Starter,2,? 100.00, ? 200.00 , ? 73.00 ,? 54.00,The Samosa was a fantastic start to our meal! Perfectly crispy.
O03194,12-12-2024,10:00,C0067,Sultan Ali,R154,Egg Mayo Sandwich,Snacks,1,? 85.00, ? 85.00 , ? 66.00 ,? 19.00,A satisfying meal. The Egg Mayo Sandwich was a good choice.
O03195,12-12-2024,20:45,C0104,Sultan Nadaf,R5,Mutton Biryani,Rice Meal,2,? 490.00, ? 980.00 , ? 350.00 ,? 280.00,Great food! The Mutton Biryani was delicious and well-prepared.
O03196,12-12-2024,17:30,C0178,Wahaj Sayyad,R119,Misal Pav,Snack,1,? 160.00, ? 160.00 , ? 126.00 ,? 34.00,The Misal Pav was excellent. Really enjoyed the meal.
O03197,12-12-2024,12:00,C0004,Ayeza Ali,R135,Paneer Kathi Roll,Street Food,5,? 140.00, ? 700.00 , ? 103.00 ,? 185.00,The Paneer Kathi Roll could have been better.
O03198,12-12-2024,10:15,C0298,Aasin Malik,R68,Chicken Manchurian,Starter,3,? 280.00, ? 840.00 , ? 205.00 ,? 225.00,The Chicken Manchurian was a fantastic start to our meal! Perfectly crispy.
O03199,13-12-2024,15:00,C0080,Sher Khan,R56,Tandoori Chicken,Non-Veg Main,1,? 460.00, ? 460.00 , ? 366.00 ,? 94.00,A truly authentic and flavorful Tandoori Chicken. It was very satisfying.
O03200,13-12-2024,17:45,C0010,Kaif Azam,R6,Grilled Salmon,Ocean Meal,5,? 500.00," ? 2,500.00 ", ? 357.00 ,? 715.00,The Grilled Salmon was not what I expected.
O03201,13-12-2024,17:45,C0271,Aasiya Mujawar,R148,Egg Sandwich,Sandwiches,1,? 110.00, ? 110.00 , ? 80.00 ,? 30.00,It was an average Egg Sandwich.
O03202,13-12-2024,19:00,C0236,Aakib Khan,R1,Tomato Soup,Starter,5,? 180.00, ? 900.00 , ? 132.00 ,? 240.00,Absolutely loved the Tomato Soup! It was the perfect appetizer to get us started.
O03203,13-12-2024,13:15,C0319,Sultan Raes,R155,Tuna Melt Sandwich,Snacks,2,? 140.00, ? 280.00 , ? 100.00 ,? 80.00,The Tuna Melt Sandwich could have been better.
O03204,13-12-2024,22:45,C0278,Sultan Shikalkar,R71,Veg Spring Rolls,Starter,2,? 220.00, ? 440.00 , ? 162.00 ,? 116.00,Wasn't very impressed with the Veg Spring Rolls. It lacked flavor.
O03205,13-12-2024,13:45,C0039,Aasifa Shaikh,R77,Veg Schezwan Noodles,Rice & Noodles,5,? 240.00," ? 1,200.00 ", ? 171.00 ,? 345.00,The Veg Schezwan Noodles was fine.
O03206,13-12-2024,17:45,C0215,Ayeza Faruqi,R110,Seekh Kebab,Starter,1,? 400.00, ? 400.00 , ? 282.00 ,? 118.00,It was an average Seekh Kebab.
O03207,14-12-2024,21:45,C0079,Shahrukh Faruqi,R147,Paneer Sandwich,Sandwiches,1,? 120.00, ? 120.00 , ? 84.00 ,? 36.00,A satisfying meal. The Paneer Sandwich was a good choice.
O03208,14-12-2024,10:15,C0013,Aariz Raes,R67,Veg Manchurian,Starter,3,? 240.00, ? 720.00 , ? 169.00 ,? 213.00,Absolutely loved the Veg Manchurian! It was the perfect appetizer to get us started.
O03209,14-12-2024,15:45,C0032,Ayeza Mujawar,R165,Paneer Tandoori Wrap,Snacks,3,? 120.00, ? 360.00 , ? 94.00 ,? 78.00,It was an average Paneer Tandoori Wrap.
O03210,14-12-2024,20:30,C0329,Wahaj Sayyad,R138,Veggie Sub,Sandwiches,5,? 150.00, ? 750.00 , ? 105.00 ,? 225.00,The Veggie Sub was excellent. Really enjoyed the meal.
O03211,14-12-2024,19:15,C0287,Nikhat Shaikh,R81,Sweet Corn Soup (Veg),Starter,4,? 140.00, ? 560.00 , ? 108.00 ,? 128.00,The Sweet Corn Soup (Veg) was simply delicious and fresh. Highly recommended!
O03212,14-12-2024,18:30,C0022,Aasiya Ali,R90,Tandoori Momos,Starter,5,? 260.00," ? 1,300.00 ", ? 185.00 ,? 375.00,It was an average Tandoori Momos.
O03213,14-12-2024,20:15,C0111,Moh Saad Raes,R80,Hot & Sour Soup (Chicken),Starter,2,? 200.00, ? 400.00 , ? 159.00 ,? 82.00,The Hot & Sour Soup (Chicken) was simply delicious and fresh. Highly recommended!
O03214,14-12-2024,12:15,C0081,Ayeza Raes,R33,Fish Curry,Non-Veg Main,3,? 400.00," ? 1,200.00 ", ? 286.00 ,? 342.00,The Fish Curry was too spicy for me to handle.
O03215,14-12-2024,20:15,C0228,Isharat Momin,R52,Bhindi Masala,Vegetarian,5,? 240.00," ? 1,200.00 ", ? 175.00 ,? 325.00,"It was an okay Bhindi Masala, but I've had better."
O03216,14-12-2024,16:45,C0193,Anis Nadaf,R47,Hyderabadi Haleem,Non-Veg Main,3,? 500.00," ? 1,500.00 ", ? 395.00 ,? 315.00,A truly authentic and flavorful Hyderabadi Haleem. It was very satisfying.
O03217,15-12-2024,18:00,C0222,Arman Ali,R135,Paneer Kathi Roll,Street Food,1,? 140.00, ? 140.00 , ? 103.00 ,? 37.00,The Paneer Kathi Roll could have been better.
O03218,15-12-2024,16:45,C0099,Aariz Faruqi,R84,Chicken Clear Soup,Starter,1,? 160.00, ? 160.00 , ? 125.00 ,? 35.00,"The Chicken Clear Soup was decent, but nothing special."
O03219,15-12-2024,16:15,C0033,Arahan Azam,R165,Paneer Tandoori Wrap,Snacks,1,? 120.00, ? 120.00 , ? 94.00 ,? 26.00,I was not a fan of the Paneer Tandoori Wrap.
O03220,15-12-2024,22:00,C0284,Sher Shaikh,R45,Medu Vada,Vegetarian,2,? 150.00, ? 300.00 , ? 112.00 ,? 76.00,I found the Medu Vada to be a bit watery.
O03221,15-12-2024,12:15,C0187,Aasin Nadaf,R124,Chana Masala,Main Course,4,? 260.00," ? 1,040.00 ", ? 185.00 ,? 300.00,The Chana Masala was excellent. Really enjoyed the meal.
O03222,15-12-2024,22:00,C0322,Aasin Malik,R148,Egg Sandwich,Sandwiches,4,? 110.00, ? 440.00 , ? 80.00 ,? 120.00,The Egg Sandwich met my expectations.
O03223,15-12-2024,11:15,C0136,Anis Taimoor,R75,Schezwan Fried Rice,Rice & Noodles,3,? 220.00, ? 660.00 , ? 160.00 ,? 180.00,The Schezwan Fried Rice was fine.
O03224,16-12-2024,16:15,C0082,Isharat Nadaf,R63,Prawn Masala,Non-Veg Main,1,? 460.00, ? 460.00 , ? 326.00 ,? 134.00,Felt that the Prawn Masala was overpriced for its quality.
O03225,16-12-2024,12:30,C0093,Aakib Raes,R148,Egg Sandwich,Sandwiches,5,? 110.00, ? 550.00 , ? 80.00 ,? 150.00,The Egg Sandwich was fine.
O03226,16-12-2024,21:45,C0174,Anis Malik,R50,Kadai Paneer,Vegetarian,4,? 360.00," ? 1,440.00 ", ? 275.00 ,? 340.00,The Kadai Paneer is a great choice for vegetarians. Hearty and full of flavor.
O03227,16-12-2024,14:15,C0041,Aakib Shaikh,R169,Club Chicken Sandwich,Snacks,3,? 140.00, ? 420.00 , ? 101.00 ,? 117.00,I was not a fan of the Club Chicken Sandwich.
O03228,16-12-2024,17:45,C0153,Nikhat Malik,R117,Vada Pav,Snack,4,? 120.00, ? 480.00 , ? 91.00 ,? 116.00,The Vada Pav met my expectations.
O03229,16-12-2024,11:00,C0177,Sultan Ali,R63,Prawn Masala,Non-Veg Main,1,? 460.00, ? 460.00 , ? 326.00 ,? 134.00,A truly authentic and flavorful Prawn Masala. It was very satisfying.
O03230,16-12-2024,14:45,C0178,Wahaj Sayyad,R25,Spring Rolls,Starter,4,? 220.00, ? 880.00 , ? 164.00 ,? 224.00,Absolutely loved the Spring Rolls! It was the perfect appetizer to get us started.
O03231,16-12-2024,16:00,C0038,Moh Saad Malik,R105,Malai Kofta,Main Course,2,? 340.00, ? 680.00 , ? 249.00 ,? 182.00,A satisfying meal. The Malai Kofta was a good choice.
O03232,16-12-2024,14:30,C0173,Aasifa Shaikh,R141,Chicken Frankie,Street Food,3,? 150.00, ? 450.00 , ? 112.00 ,? 114.00,Great food! The Chicken Frankie was delicious and well-prepared.
O03233,16-12-2024,17:15,C0198,Danish Faruqi,R156,Veg Paneer Wrap,Snacks,3,? 95.00, ? 285.00 , ? 74.00 ,? 63.00,I was not a fan of the Veg Paneer Wrap.
O03234,16-12-2024,15:15,C0097,Isharat Taimoor,R57,Chicken Tikka Masala,Non-Veg Main,4,? 480.00," ? 1,920.00 ", ? 373.00 ,? 428.00,The Chicken Tikka Masala was cooked to perfection. The spices were spot on!
O03235,17-12-2024,10:45,C0083,Isharat Mujawar,R42,Masala Dosa,Vegetarian,1,? 180.00, ? 180.00 , ? 138.00 ,? 42.00,A wholesome and delicious Masala Dosa. The vegetables were so fresh!
O03236,17-12-2024,10:00,C0246,Aariz Raes,R154,Egg Mayo Sandwich,Snacks,3,? 85.00, ? 255.00 , ? 66.00 ,? 57.00,The Egg Mayo Sandwich was not what I expected.
O03237,17-12-2024,10:00,C0002,Dua Khan,R151,Veg Frankie Roll,Snacks,3,? 80.00, ? 240.00 , ? 62.00 ,? 54.00,The Veg Frankie Roll could have been better.
O03238,17-12-2024,19:30,C0211,Moh Saad Faruqi,R89,Fried Momos (Chicken),Starter,3,? 240.00, ? 720.00 , ? 176.00 ,? 192.00,The Fried Momos (Chicken) was simply delicious and fresh. Highly recommended!
O03239,17-12-2024,20:00,C0270,Isharat Malik,R33,Fish Curry,Non-Veg Main,4,? 400.00," ? 1,600.00 ", ? 286.00 ,? 456.00,The Fish Curry was too spicy for me to handle.
O03240,17-12-2024,17:00,C0271,Aasiya Mujawar,R53,Baingan Bharta,Vegetarian,5,? 260.00," ? 1,300.00 ", ? 195.00 ,? 325.00,A wholesome and delicious Baingan Bharta. The vegetables were so fresh!
O03241,17-12-2024,21:00,C0061,Shamsher Raes,R46,Onion Uttapam,Vegetarian,3,? 160.00, ? 480.00 , ? 112.00 ,? 144.00,A wholesome and delicious Onion Uttapam. The vegetables were so fresh!
O03242,18-12-2024,13:00,C0187,Aasin Nadaf,R151,Veg Frankie Roll,Snacks,4,? 80.00, ? 320.00 , ? 62.00 ,? 72.00,Great food! The Veg Frankie Roll was delicious and well-prepared.
O03243,18-12-2024,19:45,C0262,Nikhat Faruqi,R11,Margherita Pizza,Pizza,2,? 330.00, ? 660.00 , ? 231.00 ,? 198.00,Great food! The Margherita Pizza was delicious and well-prepared.
O03244,18-12-2024,18:00,C0255,Shamsher Malik,R20,Veg Fried Rice,Rice & Noodles,3,? 200.00, ? 600.00 , ? 145.00 ,? 165.00,A satisfying meal. The Veg Fried Rice was a good choice.
O03245,18-12-2024,17:15,C0090,Shahrukh Khan,R12,Veggie Burger,Burger,1,? 250.00, ? 250.00 , ? 199.00 ,? 51.00,Great food! The Veggie Burger was delicious and well-prepared.
O03246,19-12-2024,22:00,C0066,Abdul Rahim Mujawar,R45,Medu Vada,Vegetarian,4,? 150.00, ? 600.00 , ? 112.00 ,? 152.00,The Medu Vada is a great choice for vegetarians. Hearty and full of flavor.
O03247,19-12-2024,20:45,C0203,Isharat Sayyad,R112,Non-Veg Thali,Meal Combo,1,? 440.00, ? 440.00 , ? 322.00 ,? 118.00,The Non-Veg Thali could have been better.
O03248,19-12-2024,18:15,C0164,Aakib Malik,R71,Veg Spring Rolls,Starter,3,? 220.00, ? 660.00 , ? 162.00 ,? 174.00,Absolutely loved the Veg Spring Rolls! It was the perfect appetizer to get us started.
O03249,19-12-2024,10:30,C0294,Isharat Sayyad,R28,Caesar Salad,Salad,4,? 280.00," ? 1,120.00 ", ? 210.00 ,? 280.00,The Caesar Salad met my expectations.
O03250,19-12-2024,20:45,C0275,Arman Khan,R73,Chili Paneer,Starter,1,? 280.00, ? 280.00 , ? 219.00 ,? 61.00,Absolutely loved the Chili Paneer! It was the perfect appetizer to get us started.
O03251,19-12-2024,12:45,C0055,Sultan Momin,R40,Mutton Biryani,Rice & Noodles,1,? 480.00, ? 480.00 , ? 340.00 ,? 140.00,A satisfying meal. The Mutton Biryani was a good choice.
O03252,19-12-2024,19:15,C0313,Aakib Shikalkar,R132,Garlic Naan,Breads,1,? 70.00, ? 70.00 , ? 54.00 ,? 16.00,A satisfying meal. The Garlic Naan was a good choice.
O03253,19-12-2024,13:45,C0077,Shahrukh Momin,R50,Kadai Paneer,Vegetarian,5,? 360.00," ? 1,800.00 ", ? 275.00 ,? 425.00,A wholesome and delicious Kadai Paneer. The vegetables were so fresh!
O03254,19-12-2024,10:30,C0182,Rihan Shaikh,R33,Fish Curry,Non-Veg Main,3,? 400.00," ? 1,200.00 ", ? 286.00 ,? 342.00,The Fish Curry was alright. It was cooked well but the flavor was average.
O03255,19-12-2024,17:30,C0122,Aakib Nadaf,R50,Kadai Paneer,Vegetarian,1,? 360.00, ? 360.00 , ? 275.00 ,? 85.00,The Kadai Paneer is a great choice for vegetarians. Hearty and full of flavor.
O03256,19-12-2024,20:15,C0222,Arman Ali,R53,Baingan Bharta,Vegetarian,2,? 260.00, ? 520.00 , ? 195.00 ,? 130.00,A wholesome and delicious Baingan Bharta. The vegetables were so fresh!
O03257,19-12-2024,19:15,C0223,Anis Sayyad,R127,Kadhi Pakora,Main Course,2,? 300.00, ? 600.00 , ? 231.00 ,? 138.00,A satisfying meal. The Kadhi Pakora was a good choice.
O03258,20-12-2024,14:30,C0128,Moh Saad Shikalkar,R105,Malai Kofta,Main Course,4,? 340.00," ? 1,360.00 ", ? 249.00 ,? 364.00,It was an average Malai Kofta.
O03259,20-12-2024,12:45,C0192,Danish Faruqi,R110,Seekh Kebab,Starter,3,? 400.00," ? 1,200.00 ", ? 282.00 ,? 354.00,The Seekh Kebab was simply delicious and fresh. Highly recommended!
O03260,20-12-2024,10:30,C0096,Imran Mujawar,R67,Veg Manchurian,Starter,4,? 240.00, ? 960.00 , ? 169.00 ,? 284.00,Wasn't very impressed with the Veg Manchurian. It lacked flavor.
O03261,20-12-2024,10:15,C0029,Rihan Sayyad,R36,Chole Bhature,Vegetarian,3,? 280.00, ? 840.00 , ? 223.00 ,? 171.00,A wholesome and delicious Chole Bhature. The vegetables were so fresh!
O03262,20-12-2024,22:30,C0241,Shamsher Faruqi,R100,Biryani (Veg),Rice,4,? 320.00," ? 1,280.00 ", ? 251.00 ,? 276.00,The Biryani (Veg) met my expectations.
O03263,20-12-2024,11:15,C0131,Aasin Ali,R24,Samosa,Starter,2,? 100.00, ? 200.00 , ? 73.00 ,? 54.00,The Samosa was a fantastic start to our meal! Perfectly crispy.
O03264,20-12-2024,20:30,C0083,Isharat Mujawar,R151,Veg Frankie Roll,Snacks,5,? 80.00, ? 400.00 , ? 62.00 ,? 90.00,The Veg Frankie Roll was excellent. Really enjoyed the meal.
O03265,20-12-2024,10:30,C0049,Aman Khan,R13,Gulab Jamun,Dessert,1,? 150.00, ? 150.00 , ? 117.00 ,? 33.00,Great food! The Gulab Jamun was delicious and well-prepared.
O03266,20-12-2024,21:00,C0224,Nikhat Mujawar,R79,Hot & Sour Soup (Veg),Starter,4,? 160.00, ? 640.00 , ? 113.00 ,? 188.00,The Hot & Sour Soup (Veg) was a fantastic start to our meal! Perfectly crispy.
O03267,21-12-2024,11:00,C0192,Danish Faruqi,R116,Uttapam,South Indian,1,? 220.00, ? 220.00 , ? 170.00 ,? 50.00,A satisfying meal. The Uttapam was a good choice.
O03268,21-12-2024,18:15,C0151,Aasifa Malik,R27,Pasta Arrabbiata,Continental,3,? 300.00, ? 900.00 , ? 215.00 ,? 255.00,It was an average Pasta Arrabbiata.
O03269,21-12-2024,21:00,C0043,Aakib Faruqi,R100,Biryani (Veg),Rice,1,? 320.00, ? 320.00 , ? 251.00 ,? 69.00,Great food! The Biryani (Veg) was delicious and well-prepared.
O03270,21-12-2024,17:30,C0097,Isharat Taimoor,R148,Egg Sandwich,Sandwiches,1,? 110.00, ? 110.00 , ? 80.00 ,? 30.00,The Egg Sandwich was fine.
O03271,21-12-2024,15:15,C0174,Anis Malik,R143,Chicken Burger,Fast Food,4,? 160.00, ? 640.00 , ? 115.00 ,? 180.00,A satisfying meal. The Chicken Burger was a good choice.
O03272,21-12-2024,12:30,C0188,Sher Raes,R134,Grilled Cheese Sandwich,Sandwiches,4,? 120.00, ? 480.00 , ? 90.00 ,? 120.00,Great food! The Grilled Cheese Sandwich was delicious and well-prepared.
O03273,21-12-2024,18:00,C0087,Moh Saad Mujawar,R157,Peri Peri Chicken Wings,Snacks,4,? 180.00, ? 720.00 , ? 135.00 ,? 180.00,A satisfying meal. The Peri Peri Chicken Wings was a good choice.
O03274,21-12-2024,19:45,C0254,Sultan Ali,R88,Fried Momos (Veg),Starter,2,? 200.00, ? 400.00 , ? 141.00 ,? 118.00,The Fried Momos (Veg) was cold when it arrived at our table.
O03275,22-12-2024,14:15,C0085,Aasifa Azam,R151,Veg Frankie Roll,Snacks,4,? 80.00, ? 320.00 , ? 62.00 ,? 72.00,The Veg Frankie Roll was excellent. Really enjoyed the meal.
O03276,22-12-2024,21:45,C0065,Shamsher Faruqi,R131,Butter Naan,Breads,5,? 60.00, ? 300.00 , ? 45.00 ,? 75.00,Great food! The Butter Naan was delicious and well-prepared.
O03277,22-12-2024,22:00,C0282,Nikhat Khan,R22,Paneer Tikka,Starter,3,? 280.00, ? 840.00 , ? 199.00 ,? 243.00,"The Paneer Tikka was decent, but nothing special."
O03278,22-12-2024,14:30,C0107,Aasifa Faruqi,R46,Onion Uttapam,Vegetarian,2,? 160.00, ? 320.00 , ? 112.00 ,? 96.00,I found the Onion Uttapam to be a bit watery.
O03279,22-12-2024,20:15,C0024,Aman Momin,R17,French Fries,Starter,5,? 120.00, ? 600.00 , ? 87.00 ,? 165.00,Absolutely loved the French Fries! It was the perfect appetizer to get us started.
O03280,22-12-2024,11:00,C0277,Shamsher Faruqi,R77,Veg Schezwan Noodles,Rice & Noodles,5,? 240.00," ? 1,200.00 ", ? 171.00 ,? 345.00,The Veg Schezwan Noodles met my expectations.
O03281,22-12-2024,12:00,C0198,Danish Faruqi,R40,Mutton Biryani,Rice & Noodles,4,? 480.00," ? 1,920.00 ", ? 340.00 ,? 560.00,I was not a fan of the Mutton Biryani.
O03282,22-12-2024,11:45,C0098,Shahrukh Malik,R3,Chicken Soup,Starter,2,? 220.00, ? 440.00 , ? 170.00 ,? 100.00,Wasn't very impressed with the Chicken Soup. It lacked flavor.
O03283,22-12-2024,17:00,C0049,Aman Khan,R8,Paneer Butter Masala,Vegetarian,5,? 380.00," ? 1,900.00 ", ? 298.00 ,? 410.00,The Paneer Butter Masala was as expected.
O03284,22-12-2024,22:45,C0264,Abdul Rahim Mujawar,R20,Veg Fried Rice,Rice & Noodles,3,? 200.00, ? 600.00 , ? 145.00 ,? 165.00,The Veg Fried Rice was not what I expected.
O03285,22-12-2024,17:00,C0164,Aakib Malik,R137,Veg Wrap,Sandwiches,1,? 130.00, ? 130.00 , ? 92.00 ,? 38.00,Great food! The Veg Wrap was delicious and well-prepared.
O03286,22-12-2024,15:30,C0039,Aasifa Shaikh,R163,Corn & Cheese Sandwich,Snacks,4,? 90.00, ? 360.00 , ? 66.00 ,? 96.00,I was not a fan of the Corn & Cheese Sandwich.
O03287,22-12-2024,14:00,C0279,Arman Taimoor,R128,Matar Paneer,Main Course,3,? 340.00," ? 1,020.00 ", ? 263.00 ,? 231.00,The Matar Paneer was excellent. Really enjoyed the meal.
O03288,23-12-2024,16:15,C0015,Kaif Taimoor,R54,Aloo Gobi,Vegetarian,2,? 220.00, ? 440.00 , ? 166.00 ,? 108.00,I found the Aloo Gobi to be a bit watery.
O03289,23-12-2024,10:30,C0155,Imran Mujawar,R167,Veggie Delight Sub,Snacks,4,? 120.00, ? 480.00 , ? 90.00 ,? 120.00,A satisfying meal. The Veggie Delight Sub was a good choice.
O03290,23-12-2024,14:00,C0226,Aman Taimoor,R6,Grilled Salmon,Ocean Meal,3,? 500.00," ? 1,500.00 ", ? 357.00 ,? 429.00,The Grilled Salmon met my expectations.
O03291,23-12-2024,12:30,C0177,Sultan Ali,R117,Vada Pav,Snack,4,? 120.00, ? 480.00 , ? 91.00 ,? 116.00,The Vada Pav was excellent. Really enjoyed the meal.
O03292,23-12-2024,11:00,C0092,Sultan Shaikh,R38,Biryani Veg,Rice & Noodles,4,? 320.00," ? 1,280.00 ", ? 233.00 ,? 348.00,The Biryani Veg was excellent. Really enjoyed the meal.
O03293,23-12-2024,15:45,C0094,Rihan Ali,R143,Chicken Burger,Fast Food,1,? 160.00, ? 160.00 , ? 115.00 ,? 45.00,A satisfying meal. The Chicken Burger was a good choice.
O03294,23-12-2024,19:30,C0192,Danish Faruqi,R75,Schezwan Fried Rice,Rice & Noodles,2,? 220.00, ? 440.00 , ? 160.00 ,? 120.00,I was not a fan of the Schezwan Fried Rice.
O03295,23-12-2024,16:15,C0290,Isharat Raes,R45,Medu Vada,Vegetarian,1,? 150.00, ? 150.00 , ? 112.00 ,? 38.00,Loved the Medu Vada! It was a delightful and well-prepared vegetarian meal.
O03296,24-12-2024,16:45,C0101,Aariz Malik,R161,Grilled Veg Panini,Snacks,1,? 140.00, ? 140.00 , ? 99.00 ,? 41.00,A satisfying meal. The Grilled Veg Panini was a good choice.
O03297,24-12-2024,19:45,C0219,Isharat Nadaf,R4,Chicken Biryani,Rice Meal,5,? 440.00," ? 2,200.00 ", ? 334.00 ,? 530.00,Great food! The Chicken Biryani was delicious and well-prepared.
O03298,24-12-2024,20:15,C0081,Ayeza Raes,R131,Butter Naan,Breads,4,? 60.00, ? 240.00 , ? 45.00 ,? 60.00,Great food! The Butter Naan was delicious and well-prepared.
O03299,24-12-2024,19:15,C0329,Wahaj Sayyad,R79,Hot & Sour Soup (Veg),Starter,2,? 160.00, ? 320.00 , ? 113.00 ,? 94.00,The Hot & Sour Soup (Veg) was a fantastic start to our meal! Perfectly crispy.
O03300,24-12-2024,19:45,C0316,Shamsher Mujawar,R154,Egg Mayo Sandwich,Snacks,1,? 85.00, ? 85.00 , ? 66.00 ,? 19.00,It was an average Egg Mayo Sandwich.
O03301,24-12-2024,15:30,C0020,Rihan Shikalkar,R153,Paneer Bhurji Sandwich,Snacks,4,? 75.00, ? 300.00 , ? 59.00 ,? 64.00,It was an average Paneer Bhurji Sandwich.
O03302,24-12-2024,22:45,C0103,Aasiya Faruqi,R119,Misal Pav,Snack,5,? 160.00, ? 800.00 , ? 126.00 ,? 170.00,The Misal Pav was excellent. Really enjoyed the meal.
O03303,25-12-2024,11:15,C0254,Sultan Ali,R17,French Fries,Starter,4,? 120.00, ? 480.00 , ? 87.00 ,? 132.00,The French Fries was cold when it arrived at our table.
O03304,25-12-2024,19:00,C0226,Aman Taimoor,R116,Uttapam,South Indian,2,? 220.00, ? 440.00 , ? 170.00 ,? 100.00,I was not a fan of the Uttapam.
O03305,25-12-2024,15:00,C0075,Rihan Raes,R90,Tandoori Momos,Starter,5,? 260.00," ? 1,300.00 ", ? 185.00 ,? 375.00,The Tandoori Momos was a fantastic start to our meal! Perfectly crispy.
O03306,25-12-2024,13:30,C0069,Aasin Khan,R5,Mutton Biryani,Rice Meal,2,? 490.00, ? 980.00 , ? 350.00 ,? 280.00,The Mutton Biryani met my expectations.
O03307,25-12-2024,16:15,C0210,Sultan Nadaf,R63,Prawn Masala,Non-Veg Main,2,? 460.00, ? 920.00 , ? 326.00 ,? 268.00,The Prawn Masala was satisfactory.
O03308,25-12-2024,19:30,C0076,Dua Shikalkar,R60,Egg Biryani,Rice & Noodles,2,? 340.00, ? 680.00 , ? 268.00 ,? 144.00,Great food! The Egg Biryani was delicious and well-prepared.
O03309,25-12-2024,20:15,C0095,Aakib Azam,R38,Biryani Veg,Rice & Noodles,2,? 320.00, ? 640.00 , ? 233.00 ,? 174.00,A satisfying meal. The Biryani Veg was a good choice.
O03310,25-12-2024,22:15,C0166,Nikhat Taimoor,R5,Mutton Biryani,Rice Meal,3,? 490.00," ? 1,470.00 ", ? 350.00 ,? 420.00,The Mutton Biryani met my expectations.
O03311,25-12-2024,20:30,C0200,Aariz Taimoor,R133,Club Sandwich,Sandwiches,3,? 160.00, ? 480.00 , ? 119.00 ,? 123.00,Great food! The Club Sandwich was delicious and well-prepared.
O03312,25-12-2024,18:15,C0216,Sultan Khan,R32,Mutton Rogan Josh,Non-Veg Main,5,? 520.00," ? 2,600.00 ", ? 395.00 ,? 625.00,"It was a standard Mutton Rogan Josh, nothing out of the ordinary."
O03313,25-12-2024,22:15,C0111,Moh Saad Raes,R83,Veg Clear Soup,Starter,2,? 120.00, ? 240.00 , ? 84.00 ,? 72.00,Absolutely loved the Veg Clear Soup! It was the perfect appetizer to get us started.
O03314,25-12-2024,18:45,C0275,Arman Khan,R135,Paneer Kathi Roll,Street Food,4,? 140.00, ? 560.00 , ? 103.00 ,? 148.00,I was not a fan of the Paneer Kathi Roll.
O03315,25-12-2024,18:15,C0073,Moh Saad Taimoor,R45,Medu Vada,Vegetarian,3,? 150.00, ? 450.00 , ? 112.00 ,? 114.00,I found the Medu Vada to be a bit watery.
O03316,26-12-2024,16:45,C0061,Shamsher Raes,R47,Hyderabadi Haleem,Non-Veg Main,1,? 500.00, ? 500.00 , ? 395.00 ,? 105.00,The Hyderabadi Haleem was the highlight of our meal. Absolutely delicious!
O03317,26-12-2024,16:00,C0279,Arman Taimoor,R4,Chicken Biryani,Rice Meal,4,? 440.00," ? 1,760.00 ", ? 334.00 ,? 424.00,Great food! The Chicken Biryani was delicious and well-prepared.
O03318,26-12-2024,17:30,C0194,Isharat Momin,R11,Margherita Pizza,Pizza,3,? 330.00, ? 990.00 , ? 231.00 ,? 297.00,The Margherita Pizza met my expectations.
O03319,26-12-2024,10:30,C0211,Moh Saad Faruqi,R11,Margherita Pizza,Pizza,4,? 330.00," ? 1,320.00 ", ? 231.00 ,? 396.00,The Margherita Pizza was excellent. Really enjoyed the meal.
O03320,26-12-2024,19:00,C0190,Rihan Raes,R55,Jeera Rice,Rice & Noodles,4,? 180.00, ? 720.00 , ? 129.00 ,? 204.00,A satisfying meal. The Jeera Rice was a good choice.
O03321,26-12-2024,10:30,C0242,Arahan Mujawar,R18,Veg Hakka Noodles,Rice & Noodles,5,? 220.00," ? 1,100.00 ", ? 165.00 ,? 275.00,The Veg Hakka Noodles was excellent. Really enjoyed the meal.
O03322,26-12-2024,18:45,C0079,Shahrukh Faruqi,R18,Veg Hakka Noodles,Rice & Noodles,2,? 220.00, ? 440.00 , ? 165.00 ,? 110.00,The Veg Hakka Noodles met my expectations.
O03323,26-12-2024,16:00,C0108,Arman Azam,R8,Paneer Butter Masala,Vegetarian,1,? 380.00, ? 380.00 , ? 298.00 ,? 82.00,The vegetables in the Paneer Butter Masala seemed overcooked.
O03324,26-12-2024,12:15,C0075,Rihan Raes,R22,Paneer Tikka,Starter,2,? 280.00, ? 560.00 , ? 199.00 ,? 162.00,Absolutely loved the Paneer Tikka! It was the perfect appetizer to get us started.
O03325,26-12-2024,14:30,C0190,Rihan Raes,R34,Dal Tadka,Vegetarian,3,? 260.00, ? 780.00 , ? 183.00 ,? 231.00,A wholesome and delicious Dal Tadka. The vegetables were so fresh!
O03326,26-12-2024,20:45,C0280,Dua Faruqi,R135,Paneer Kathi Roll,Street Food,3,? 140.00, ? 420.00 , ? 103.00 ,? 111.00,The Paneer Kathi Roll was fine.
O03327,27-12-2024,20:15,C0306,Arman Malik,R160,Chicken Caesar Wrap,Snacks,3,? 150.00, ? 450.00 , ? 109.00 ,? 123.00,The Chicken Caesar Wrap was excellent. Really enjoyed the meal.
O03328,27-12-2024,20:00,C0243,Imran Sayyad,R27,Pasta Arrabbiata,Continental,3,? 300.00, ? 900.00 , ? 215.00 ,? 255.00,A satisfying meal. The Pasta Arrabbiata was a good choice.
O03329,27-12-2024,14:30,C0042,Aasin Taimoor,R55,Jeera Rice,Rice & Noodles,5,? 180.00, ? 900.00 , ? 129.00 ,? 255.00,It was an average Jeera Rice.
O03330,27-12-2024,17:00,C0179,Arman Malik,R82,Sweet Corn Soup (Chicken),Starter,4,? 180.00, ? 720.00 , ? 129.00 ,? 204.00,Absolutely loved the Sweet Corn Soup (Chicken)! It was the perfect appetizer to get us started.
O03331,27-12-2024,21:00,C0125,Danish Nadaf,R153,Paneer Bhurji Sandwich,Snacks,3,? 75.00, ? 225.00 , ? 59.00 ,? 48.00,The Paneer Bhurji Sandwich met my expectations.
O03332,27-12-2024,11:30,C0105,Aakib Nadaf,R136,Chicken Kathi Roll,Street Food,3,? 160.00, ? 480.00 , ? 112.00 ,? 144.00,I was not a fan of the Chicken Kathi Roll.
O03333,27-12-2024,16:45,C0088,Abdul Rahim Nadaf,R83,Veg Clear Soup,Starter,2,? 120.00, ? 240.00 , ? 84.00 ,? 72.00,Absolutely loved the Veg Clear Soup! It was the perfect appetizer to get us started.
O03334,27-12-2024,19:15,C0203,Isharat Sayyad,R7,Butter Chicken,Meat Special,4,? 495.00," ? 1,980.00 ", ? 349.00 ,? 584.00,I was not a fan of the Butter Chicken.
O03335,27-12-2024,16:15,C0237,Aman Azam,R153,Paneer Bhurji Sandwich,Snacks,5,? 75.00, ? 375.00 , ? 59.00 ,? 80.00,A satisfying meal. The Paneer Bhurji Sandwich was a good choice.
O03336,27-12-2024,22:45,C0024,Aman Momin,R164,Mutton Seekh Kebab Roll,Snacks,1,? 170.00, ? 170.00 , ? 132.00 ,? 38.00,Great food! The Mutton Seekh Kebab Roll was delicious and well-prepared.
O03337,27-12-2024,16:45,C0237,Aman Azam,R43,Idli Sambar,Vegetarian,5,? 160.00, ? 800.00 , ? 119.00 ,? 205.00,Loved the Idli Sambar! It was a delightful and well-prepared vegetarian meal.
O03338,28-12-2024,22:45,C0285,Ayeza Raes,R62,Dal Makhani,Vegetarian,2,? 340.00, ? 680.00 , ? 269.00 ,? 142.00,The Dal Makhani was a decent vegetarian option.
O03339,28-12-2024,22:00,C0006,Imran Taimoor,R75,Schezwan Fried Rice,Rice & Noodles,2,? 220.00, ? 440.00 , ? 160.00 ,? 120.00,The Schezwan Fried Rice was fine.
O03340,28-12-2024,11:30,C0150,Aman Ali,R68,Chicken Manchurian,Starter,1,? 280.00, ? 280.00 , ? 205.00 ,? 75.00,Absolutely loved the Chicken Manchurian! It was the perfect appetizer to get us started.
O03341,28-12-2024,16:30,C0037,Wahaj Malik,R2,Mushroom Soup,Starter,1,? 200.00, ? 200.00 , ? 159.00 ,? 41.00,Wasn't very impressed with the Mushroom Soup. It lacked flavor.
O03342,28-12-2024,12:15,C0282,Nikhat Khan,R13,Gulab Jamun,Dessert,5,? 150.00, ? 750.00 , ? 117.00 ,? 165.00,The Gulab Jamun was excellent. Really enjoyed the meal.
O03343,28-12-2024,18:15,C0282,Nikhat Khan,R5,Mutton Biryani,Rice Meal,1,? 490.00, ? 490.00 , ? 350.00 ,? 140.00,The Mutton Biryani met my expectations.
O03344,28-12-2024,12:30,C0124,Arahan Shaikh,R54,Aloo Gobi,Vegetarian,2,? 220.00, ? 440.00 , ? 166.00 ,? 108.00,Loved the Aloo Gobi! It was a delightful and well-prepared vegetarian meal.
O03345,28-12-2024,20:00,C0106,Aasin Mujawar,R87,Paneer Momos,Starter,2,? 200.00, ? 400.00 , ? 155.00 ,? 90.00,"The Paneer Momos was decent, but nothing special."
O03346,29-12-2024,20:30,C0247,Shahrukh Sayyad,R37,Pav Bhaji,Vegetarian,2,? 220.00, ? 440.00 , ? 171.00 ,? 98.00,The Pav Bhaji is a great choice for vegetarians. Hearty and full of flavor.
O03347,29-12-2024,11:00,C0317,Rihan Azam,R160,Chicken Caesar Wrap,Snacks,3,? 150.00, ? 450.00 , ? 109.00 ,? 123.00,I was not a fan of the Chicken Caesar Wrap.
O03348,29-12-2024,22:15,C0010,Kaif Azam,R74,Chili Chicken,Starter,2,? 340.00, ? 680.00 , ? 250.00 ,? 180.00,Absolutely loved the Chili Chicken! It was the perfect appetizer to get us started.
O03349,29-12-2024,11:30,C0217,Nikhat Mujawar,R81,Sweet Corn Soup (Veg),Starter,3,? 140.00, ? 420.00 , ? 108.00 ,? 96.00,The Sweet Corn Soup (Veg) was okay. It was a standard appetizer.
O03350,29-12-2024,22:30,C0022,Aasiya Ali,R12,Veggie Burger,Burger,4,? 250.00," ? 1,000.00 ", ? 199.00 ,? 204.00,The Veggie Burger was excellent. Really enjoyed the meal.
O03351,29-12-2024,14:30,C0240,Sultan Ali,R142,Paneer Burger,Fast Food,1,? 140.00, ? 140.00 , ? 110.00 ,? 30.00,The Paneer Burger was fine.
O03352,29-12-2024,19:15,C0111,Moh Saad Raes,R48,Egg Curry,Non-Veg Main,3,? 280.00, ? 840.00 , ? 203.00 ,? 231.00,Felt that the Egg Curry was overpriced for its quality.
O03353,29-12-2024,12:00,C0303,Dua Momin,R64,Crab Curry,Non-Veg Main,4,? 520.00," ? 2,080.00 ", ? 374.00 ,? 584.00,The Crab Curry was the highlight of our meal. Absolutely delicious!
O03354,29-12-2024,15:45,C0077,Shahrukh Momin,R1,Tomato Soup,Starter,4,? 180.00, ? 720.00 , ? 132.00 ,? 192.00,The Tomato Soup was simply delicious and fresh. Highly recommended!
O03355,29-12-2024,14:15,C0155,Imran Mujawar,R26,Pasta Alfredo,Continental,2,? 320.00, ? 640.00 , ? 249.00 ,? 142.00,A satisfying meal. The Pasta Alfredo was a good choice.
O03356,29-12-2024,14:30,C0168,Isharat Shikalkar,R110,Seekh Kebab,Starter,2,? 400.00, ? 800.00 , ? 282.00 ,? 236.00,The Seekh Kebab was a fantastic start to our meal! Perfectly crispy.
O03357,29-12-2024,22:15,C0317,Rihan Azam,R10,Pepperoni Pizza,Pizza,5,? 368.00," ? 1,840.00 ", ? 283.00 ,? 425.00,The Pepperoni Pizza was not what I expected.
O03358,29-12-2024,13:30,C0213,Aakib Ali,R12,Veggie Burger,Burger,1,? 250.00, ? 250.00 , ? 199.00 ,? 51.00,The Veggie Burger could have been better.
O03359,30-12-2024,17:45,C0197,Arahan Ali,R32,Mutton Rogan Josh,Non-Veg Main,2,? 520.00," ? 1,040.00 ", ? 395.00 ,? 250.00,The meat in the Mutton Rogan Josh was a bit tough and chewy.
O03360,30-12-2024,11:15,C0105,Aakib Nadaf,R158,Cheese Garlic Bread,Breads,2,? 110.00, ? 220.00 , ? 85.00 ,? 50.00,Great food! The Cheese Garlic Bread was delicious and well-prepared.
O03361,30-12-2024,11:30,C0179,Arman Malik,R23,Chicken Tikka,Starter,2,? 320.00, ? 640.00 , ? 233.00 ,? 174.00,The Chicken Tikka was a fantastic start to our meal! Perfectly crispy.
O03362,30-12-2024,16:00,C0086,Sher Momin,R79,Hot & Sour Soup (Veg),Starter,3,? 160.00, ? 480.00 , ? 113.00 ,? 141.00,The Hot & Sour Soup (Veg) was a bit too oily for my liking.
O03363,30-12-2024,17:15,C0026,Imran Shikalkar,R148,Egg Sandwich,Sandwiches,3,? 110.00, ? 330.00 , ? 80.00 ,? 90.00,The Egg Sandwich was fine.
O03364,30-12-2024,17:45,C0063,Aasiya Malik,R159,Falafel Wrap,Snacks,4,? 130.00, ? 520.00 , ? 102.00 ,? 112.00,The Falafel Wrap was excellent. Really enjoyed the meal.
O03365,30-12-2024,19:15,C0278,Sultan Shikalkar,R67,Veg Manchurian,Starter,3,? 240.00, ? 720.00 , ? 169.00 ,? 213.00,Absolutely loved the Veg Manchurian! It was the perfect appetizer to get us started.
O03366,30-12-2024,16:00,C0190,Rihan Raes,R44,Vada Sambar,Vegetarian,5,? 170.00, ? 850.00 , ? 121.00 ,? 245.00,The Vada Sambar is a great choice for vegetarians. Hearty and full of flavor.
O03367,30-12-2024,16:15,C0169,Anis Taimoor,R2,Mushroom Soup,Starter,4,? 200.00, ? 800.00 , ? 159.00 ,? 164.00,The Mushroom Soup was a fantastic start to our meal! Perfectly crispy.
O03368,30-12-2024,21:45,C0203,Isharat Sayyad,R163,Corn & Cheese Sandwich,Snacks,2,? 90.00, ? 180.00 , ? 66.00 ,? 48.00,It was an average Corn & Cheese Sandwich.
O03369,30-12-2024,20:15,C0170,Sher Shikalkar,R4,Chicken Biryani,Rice Meal,1,? 440.00, ? 440.00 , ? 334.00 ,? 106.00,Great food! The Chicken Biryani was delicious and well-prepared.
O03370,30-12-2024,12:00,C0154,Aasin Shikalkar,R68,Chicken Manchurian,Starter,4,? 280.00," ? 1,120.00 ", ? 205.00 ,? 300.00,The Chicken Manchurian was a fantastic start to our meal! Perfectly crispy.
O03371,30-12-2024,18:45,C0288,Anis Shikalkar,R153,Paneer Bhurji Sandwich,Snacks,1,? 75.00, ? 75.00 , ? 59.00 ,? 16.00,A satisfying meal. The Paneer Bhurji Sandwich was a good choice.
O03372,31-12-2024,10:15,C0294,Isharat Sayyad,R13,Gulab Jamun,Dessert,5,? 150.00, ? 750.00 , ? 117.00 ,? 165.00,I was not a fan of the Gulab Jamun.
O03373,31-12-2024,18:00,C0098,Shahrukh Malik,R45,Medu Vada,Vegetarian,1,? 150.00, ? 150.00 , ? 112.00 ,? 38.00,The Medu Vada was bland and needed more seasoning.
O03374,31-12-2024,17:00,C0273,Aasin Mujawar,R64,Crab Curry,Non-Veg Main,4,? 520.00," ? 2,080.00 ", ? 374.00 ,? 584.00,A truly authentic and flavorful Crab Curry. It was very satisfying.
O03375,31-12-2024,20:00,C0090,Shahrukh Khan,R34,Dal Tadka,Vegetarian,1,? 260.00, ? 260.00 , ? 183.00 ,? 77.00,The vegetables in the Dal Tadka seemed overcooked.
O03376,31-12-2024,13:45,C0120,Ayeza Taimoor,R47,Hyderabadi Haleem,Non-Veg Main,3,? 500.00," ? 1,500.00 ", ? 395.00 ,? 315.00,The Hyderabadi Haleem was the highlight of our meal. Absolutely delicious!
O03377,31-12-2024,20:15,C0243,Imran Sayyad,R148,Egg Sandwich,Sandwiches,3,? 110.00, ? 330.00 , ? 80.00 ,? 90.00,A satisfying meal. The Egg Sandwich was a good choice.
O03378,31-12-2024,14:00,C0080,Sher Khan,R37,Pav Bhaji,Vegetarian,1,? 220.00, ? 220.00 , ? 171.00 ,? 49.00,A wholesome and delicious Pav Bhaji. The vegetables were so fresh!
O03379,31-12-2024,10:30,C0216,Sultan Khan,R1,Tomato Soup,Starter,1,? 180.00, ? 180.00 , ? 132.00 ,? 48.00,"The Tomato Soup was decent, but nothing special."
O03380,31-12-2024,16:15,C0005,Aasin Azam,R32,Mutton Rogan Josh,Non-Veg Main,5,? 520.00," ? 2,600.00 ", ? 395.00 ,? 625.00,The Mutton Rogan Josh was cooked to perfection. The spices were spot on!
O03381,31-12-2024,14:00,C0221,Arman Mujawar,R19,Chicken Hakka Noodles,Rice & Noodles,1,? 260.00, ? 260.00 , ? 193.00 ,? 67.00,The Chicken Hakka Noodles was not what I expected.
O03382,01-01-2025,11:00,C0119,Shahrukh Azam,R139,Chicken Sub,Sandwiches,5,? 180.00, ? 900.00 , ? 137.00 ,? 215.00,Great food! The Chicken Sub was delicious and well-prepared.
O03383,01-01-2025,15:15,C0299,Aakib Shaikh,R133,Club Sandwich,Sandwiches,2,? 160.00, ? 320.00 , ? 119.00 ,? 82.00,I was not a fan of the Club Sandwich.
O03384,01-01-2025,20:30,C0178,Wahaj Sayyad,R44,Vada Sambar,Vegetarian,2,? 170.00, ? 340.00 , ? 121.00 ,? 98.00,The Vada Sambar was a decent vegetarian option.
O03385,01-01-2025,18:30,C0056,Aasifa Khan,R67,Veg Manchurian,Starter,3,? 240.00, ? 720.00 , ? 169.00 ,? 213.00,The Veg Manchurian was simply delicious and fresh. Highly recommended!
O03386,01-01-2025,21:30,C0093,Aakib Raes,R103,Fish Curry (Goan),Main Course,1,? 380.00, ? 380.00 , ? 289.00 ,? 91.00,The Fish Curry (Goan) was excellent. Really enjoyed the meal.
O03387,01-01-2025,20:15,C0323,Wahaj Ali,R35,Rajma Chawal,Vegetarian,3,? 300.00, ? 900.00 , ? 238.00 ,? 186.00,I found the Rajma Chawal to be a bit watery.
O03388,01-01-2025,16:00,C0160,Shahrukh Malik,R152,Chicken Kathi Roll,Snacks,4,? 120.00, ? 480.00 , ? 91.00 ,? 116.00,A satisfying meal. The Chicken Kathi Roll was a good choice.
O03389,01-01-2025,21:00,C0042,Aasin Taimoor,R167,Veggie Delight Sub,Snacks,4,? 120.00, ? 480.00 , ? 90.00 ,? 120.00,The Veggie Delight Sub could have been better.
O03390,01-01-2025,12:30,C0240,Sultan Ali,R53,Baingan Bharta,Vegetarian,4,? 260.00," ? 1,040.00 ", ? 195.00 ,? 260.00,The vegetables in the Baingan Bharta seemed overcooked.
O03391,01-01-2025,21:15,C0101,Aariz Malik,R3,Chicken Soup,Starter,1,? 220.00, ? 220.00 , ? 170.00 ,? 50.00,Absolutely loved the Chicken Soup! It was the perfect appetizer to get us started.
O03392,01-01-2025,18:30,C0179,Arman Malik,R136,Chicken Kathi Roll,Street Food,3,? 160.00, ? 480.00 , ? 112.00 ,? 144.00,A satisfying meal. The Chicken Kathi Roll was a good choice.
O03393,01-01-2025,15:15,C0241,Shamsher Faruqi,R15,Tiramisu,Dessert,4,? 280.00," ? 1,120.00 ", ? 201.00 ,? 316.00,A satisfying meal. The Tiramisu was a good choice.
O03394,01-01-2025,20:45,C0132,Sultan Momin,R72,Chicken Spring Rolls,Starter,3,? 260.00, ? 780.00 , ? 189.00 ,? 213.00,Absolutely loved the Chicken Spring Rolls! It was the perfect appetizer to get us started.
O03395,02-01-2025,19:00,C0271,Aasiya Mujawar,R75,Schezwan Fried Rice,Rice & Noodles,4,? 220.00, ? 880.00 , ? 160.00 ,? 240.00,The Schezwan Fried Rice was not what I expected.
O03396,02-01-2025,13:45,C0082,Isharat Nadaf,R9,Palak Paneer,Vegetarian,4,? 360.00," ? 1,440.00 ", ? 273.00 ,? 348.00,The Palak Paneer is a great choice for vegetarians. Hearty and full of flavor.
O03397,02-01-2025,22:00,C0084,Imran Momin,R153,Paneer Bhurji Sandwich,Snacks,4,? 75.00, ? 300.00 , ? 59.00 ,? 64.00,The Paneer Bhurji Sandwich was excellent. Really enjoyed the meal.
O03398,02-01-2025,16:00,C0012,Abdul Rahim Malik,R52,Bhindi Masala,Vegetarian,4,? 240.00, ? 960.00 , ? 175.00 ,? 260.00,The Bhindi Masala is a great choice for vegetarians. Hearty and full of flavor.
O03399,02-01-2025,15:45,C0028,Aakib Faruqi,R87,Paneer Momos,Starter,3,? 200.00, ? 600.00 , ? 155.00 ,? 135.00,Absolutely loved the Paneer Momos! It was the perfect appetizer to get us started.
O03400,02-01-2025,13:30,C0096,Imran Mujawar,R110,Seekh Kebab,Starter,2,? 400.00, ? 800.00 , ? 282.00 ,? 236.00,Absolutely loved the Seekh Kebab! It was the perfect appetizer to get us started.
O03401,02-01-2025,21:00,C0193,Anis Nadaf,R141,Chicken Frankie,Street Food,3,? 150.00, ? 450.00 , ? 112.00 ,? 114.00,Great food! The Chicken Frankie was delicious and well-prepared.
O03402,02-01-2025,14:30,C0152,Dua Sayyad,R54,Aloo Gobi,Vegetarian,3,? 220.00, ? 660.00 , ? 166.00 ,? 162.00,The vegetables in the Aloo Gobi seemed overcooked.
O03403,02-01-2025,17:00,C0137,Aman Raes,R85,Veg Momos,Starter,4,? 180.00, ? 720.00 , ? 138.00 ,? 168.00,The Veg Momos was a bit too oily for my liking.
O03404,02-01-2025,16:00,C0084,Imran Momin,R153,Paneer Bhurji Sandwich,Snacks,1,? 75.00, ? 75.00 , ? 59.00 ,? 16.00,It was an average Paneer Bhurji Sandwich.
O03405,02-01-2025,14:00,C0061,Shamsher Raes,R67,Veg Manchurian,Starter,4,? 240.00, ? 960.00 , ? 169.00 ,? 284.00,The Veg Manchurian was cold when it arrived at our table.
O03406,02-01-2025,11:30,C0274,Moh Saad Sayyad,R79,Hot & Sour Soup (Veg),Starter,1,? 160.00, ? 160.00 , ? 113.00 ,? 47.00,The Hot & Sour Soup (Veg) was a fantastic start to our meal! Perfectly crispy.
O03407,03-01-2025,19:00,C0059,Aman Momin,R168,Avocado Toast,Breakfast,1,? 150.00, ? 150.00 , ? 111.00 ,? 39.00,The Avocado Toast could have been better.
O03408,03-01-2025,15:15,C0088,Abdul Rahim Nadaf,R128,Matar Paneer,Main Course,3,? 340.00," ? 1,020.00 ", ? 263.00 ,? 231.00,The Matar Paneer was not what I expected.
O03409,03-01-2025,22:15,C0121,Rihan Mujawar,R61,Vegetable Korma,Vegetarian,2,? 320.00, ? 640.00 , ? 243.00 ,? 154.00,The Vegetable Korma is a great choice for vegetarians. Hearty and full of flavor.
O03410,03-01-2025,22:15,C0230,Arman Azam,R144,Paneer Shawarma,Street Food,3,? 150.00, ? 450.00 , ? 111.00 ,? 117.00,It was an average Paneer Shawarma.
O03411,03-01-2025,11:30,C0074,Moh Saad Malik,R112,Non-Veg Thali,Meal Combo,3,? 440.00," ? 1,320.00 ", ? 322.00 ,? 354.00,Great food! The Non-Veg Thali was delicious and well-prepared.
O03412,03-01-2025,19:00,C0246,Aariz Raes,R77,Veg Schezwan Noodles,Rice & Noodles,5,? 240.00," ? 1,200.00 ", ? 171.00 ,? 345.00,A satisfying meal. The Veg Schezwan Noodles was a good choice.
O03413,03-01-2025,11:15,C0156,Arman Faruqi,R73,Chili Paneer,Starter,5,? 280.00," ? 1,400.00 ", ? 219.00 ,? 305.00,Absolutely loved the Chili Paneer! It was the perfect appetizer to get us started.
O03414,03-01-2025,14:15,C0076,Dua Shikalkar,R56,Tandoori Chicken,Non-Veg Main,1,? 460.00, ? 460.00 , ? 366.00 ,? 94.00,The Tandoori Chicken was alright. It was cooked well but the flavor was average.
O03415,03-01-2025,15:30,C0245,Wahaj Taimoor,R103,Fish Curry (Goan),Main Course,2,? 380.00, ? 760.00 , ? 289.00 ,? 182.00,A satisfying meal. The Fish Curry (Goan) was a good choice.
O03416,03-01-2025,22:30,C0312,Danish Khan,R162,BBQ Chicken Pizza Sandwich,Snacks,5,? 160.00, ? 800.00 , ? 115.00 ,? 225.00,The BBQ Chicken Pizza Sandwich was excellent. Really enjoyed the meal.
O03417,03-01-2025,15:30,C0172,Ayeza Shaikh,R71,Veg Spring Rolls,Starter,4,? 220.00, ? 880.00 , ? 162.00 ,? 232.00,The Veg Spring Rolls was a fantastic start to our meal! Perfectly crispy.
O03418,03-01-2025,14:45,C0154,Aasin Shikalkar,R112,Non-Veg Thali,Meal Combo,3,? 440.00," ? 1,320.00 ", ? 322.00 ,? 354.00,Great food! The Non-Veg Thali was delicious and well-prepared.
O03419,03-01-2025,10:00,C0184,Kaif Sayyad,R30,Shahi Paneer,Vegetarian,2,? 400.00, ? 800.00 , ? 281.00 ,? 238.00,A wholesome and delicious Shahi Paneer. The vegetables were so fresh!
O03420,03-01-2025,18:30,C0142,Abdul Rahim Nadaf,R159,Falafel Wrap,Snacks,4,? 130.00, ? 520.00 , ? 102.00 ,? 112.00,A satisfying meal. The Falafel Wrap was a good choice.
O03421,03-01-2025,10:00,C0014,Arman Faruqi,R128,Matar Paneer,Main Course,5,? 340.00," ? 1,700.00 ", ? 263.00 ,? 385.00,It was an average Matar Paneer.
O03422,04-01-2025,10:30,C0131,Aasin Ali,R61,Vegetable Korma,Vegetarian,5,? 320.00," ? 1,600.00 ", ? 243.00 ,? 385.00,Loved the Vegetable Korma! It was a delightful and well-prepared vegetarian meal.
O03423,04-01-2025,22:45,C0180,Isharat Shikalkar,R44,Vada Sambar,Vegetarian,2,? 170.00, ? 340.00 , ? 121.00 ,? 98.00,Loved the Vada Sambar! It was a delightful and well-prepared vegetarian meal.
O03424,04-01-2025,18:30,C0312,Danish Khan,R128,Matar Paneer,Main Course,3,? 340.00," ? 1,020.00 ", ? 263.00 ,? 231.00,Great food! The Matar Paneer was delicious and well-prepared.
O03425,04-01-2025,17:45,C0296,Aariz Sayyad,R42,Masala Dosa,Vegetarian,2,? 180.00, ? 360.00 , ? 138.00 ,? 84.00,Loved the Masala Dosa! It was a delightful and well-prepared vegetarian meal.
O03426,04-01-2025,17:45,C0278,Sultan Shikalkar,R15,Tiramisu,Dessert,2,? 280.00, ? 560.00 , ? 201.00 ,? 158.00,The Tiramisu was fine.
O03427,04-01-2025,11:45,C0050,Dua Sayyad,R167,Veggie Delight Sub,Snacks,1,? 120.00, ? 120.00 , ? 90.00 ,? 30.00,The Veggie Delight Sub met my expectations.
O03428,04-01-2025,13:45,C0294,Isharat Sayyad,R117,Vada Pav,Snack,1,? 120.00, ? 120.00 , ? 91.00 ,? 29.00,It was an average Vada Pav.
O03429,04-01-2025,14:30,C0202,Moh Saad Shikalkar,R18,Veg Hakka Noodles,Rice & Noodles,1,? 220.00, ? 220.00 , ? 165.00 ,? 55.00,The Veg Hakka Noodles was not what I expected.
O03430,04-01-2025,12:30,C0316,Shamsher Mujawar,R22,Paneer Tikka,Starter,2,? 280.00, ? 560.00 , ? 199.00 ,? 162.00,The Paneer Tikka was okay. It was a standard appetizer.
O03431,05-01-2025,14:00,C0249,Aasiya Mujawar,R7,Butter Chicken,Meat Special,1,? 495.00, ? 495.00 , ? 349.00 ,? 146.00,A satisfying meal. The Butter Chicken was a good choice.
O03432,05-01-2025,16:15,C0294,Isharat Sayyad,R71,Veg Spring Rolls,Starter,5,? 220.00," ? 1,100.00 ", ? 162.00 ,? 290.00,Wasn't very impressed with the Veg Spring Rolls. It lacked flavor.
O03433,05-01-2025,10:30,C0245,Wahaj Taimoor,R141,Chicken Frankie,Street Food,3,? 150.00, ? 450.00 , ? 112.00 ,? 114.00,It was an average Chicken Frankie.
O03434,05-01-2025,22:45,C0049,Aman Khan,R145,Chicken Shawarma,Street Food,4,? 170.00, ? 680.00 , ? 131.00 ,? 156.00,The Chicken Shawarma was not what I expected.
O03435,05-01-2025,15:30,C0112,Shahrukh Sayyad,R55,Jeera Rice,Rice & Noodles,3,? 180.00, ? 540.00 , ? 129.00 ,? 153.00,The Jeera Rice was excellent. Really enjoyed the meal.
O03436,05-01-2025,13:30,C0259,Nikhat Malik,R15,Tiramisu,Dessert,5,? 280.00," ? 1,400.00 ", ? 201.00 ,? 395.00,Great food! The Tiramisu was delicious and well-prepared.
O03437,05-01-2025,17:45,C0166,Nikhat Taimoor,R100,Biryani (Veg),Rice,2,? 320.00, ? 640.00 , ? 251.00 ,? 138.00,The Biryani (Veg) could have been better.
O03438,05-01-2025,21:30,C0022,Aasiya Ali,R52,Bhindi Masala,Vegetarian,5,? 240.00," ? 1,200.00 ", ? 175.00 ,? 325.00,The vegetables in the Bhindi Masala seemed overcooked.
O03439,05-01-2025,14:00,C0326,Aman Sayyad,R44,Vada Sambar,Vegetarian,3,? 170.00, ? 510.00 , ? 121.00 ,? 147.00,The Vada Sambar was a decent vegetarian option.
O03440,05-01-2025,21:15,C0327,Abdul Rahim Mujawar,R59,Veg Pulao,Rice & Noodles,2,? 240.00, ? 480.00 , ? 190.00 ,? 100.00,Great food! The Veg Pulao was delicious and well-prepared.
O03441,05-01-2025,20:30,C0195,Aasin Malik,R53,Baingan Bharta,Vegetarian,4,? 260.00," ? 1,040.00 ", ? 195.00 ,? 260.00,A wholesome and delicious Baingan Bharta. The vegetables were so fresh!
O03442,05-01-2025,21:30,C0269,Aakib Nadaf,R64,Crab Curry,Non-Veg Main,5,? 520.00," ? 2,600.00 ", ? 374.00 ,? 730.00,The Crab Curry was satisfactory.
O03443,06-01-2025,21:30,C0086,Sher Momin,R139,Chicken Sub,Sandwiches,4,? 180.00, ? 720.00 , ? 137.00 ,? 172.00,A satisfying meal. The Chicken Sub was a good choice.
O03444,06-01-2025,16:15,C0277,Shamsher Faruqi,R46,Onion Uttapam,Vegetarian,2,? 160.00, ? 320.00 , ? 112.00 ,? 96.00,I found the Onion Uttapam to be a bit watery.
O03445,06-01-2025,22:00,C0156,Arman Faruqi,R42,Masala Dosa,Vegetarian,2,? 180.00, ? 360.00 , ? 138.00 ,? 84.00,The Masala Dosa is a great choice for vegetarians. Hearty and full of flavor.
O03446,06-01-2025,19:15,C0148,Aakib Momin,R78,Chicken Schezwan Noodles,Rice & Noodles,3,? 280.00, ? 840.00 , ? 218.00 ,? 186.00,A satisfying meal. The Chicken Schezwan Noodles was a good choice.
O03447,06-01-2025,20:30,C0175,Aasiya Momin,R164,Mutton Seekh Kebab Roll,Snacks,1,? 170.00, ? 170.00 , ? 132.00 ,? 38.00,The Mutton Seekh Kebab Roll was excellent. Really enjoyed the meal.
O03448,06-01-2025,19:00,C0166,Nikhat Taimoor,R148,Egg Sandwich,Sandwiches,5,? 110.00, ? 550.00 , ? 80.00 ,? 150.00,A satisfying meal. The Egg Sandwich was a good choice.
O03449,06-01-2025,14:15,C0246,Aariz Raes,R10,Pepperoni Pizza,Pizza,5,? 368.00," ? 1,840.00 ", ? 283.00 ,? 425.00,A satisfying meal. The Pepperoni Pizza was a good choice.
O03450,06-01-2025,20:00,C0297,Wahaj Ali,R85,Veg Momos,Starter,2,? 180.00, ? 360.00 , ? 138.00 ,? 84.00,The Veg Momos was a fantastic start to our meal! Perfectly crispy.
O03451,06-01-2025,18:15,C0228,Isharat Momin,R5,Mutton Biryani,Rice Meal,5,? 490.00," ? 2,450.00 ", ? 350.00 ,? 700.00,Great food! The Mutton Biryani was delicious and well-prepared.
O03452,06-01-2025,17:00,C0254,Sultan Ali,R124,Chana Masala,Main Course,3,? 260.00, ? 780.00 , ? 185.00 ,? 225.00,It was an average Chana Masala.
O03453,06-01-2025,12:45,C0141,Arahan Ali,R136,Chicken Kathi Roll,Street Food,2,? 160.00, ? 320.00 , ? 112.00 ,? 96.00,Great food! The Chicken Kathi Roll was delicious and well-prepared.
O03454,07-01-2025,11:30,C0137,Aman Raes,R155,Tuna Melt Sandwich,Snacks,3,? 140.00, ? 420.00 , ? 100.00 ,? 120.00,A satisfying meal. The Tuna Melt Sandwich was a good choice.
O03455,07-01-2025,17:45,C0315,Imran Shaikh,R155,Tuna Melt Sandwich,Snacks,2,? 140.00, ? 280.00 , ? 100.00 ,? 80.00,The Tuna Melt Sandwich was not what I expected.
O03456,07-01-2025,18:00,C0315,Imran Shaikh,R127,Kadhi Pakora,Main Course,3,? 300.00, ? 900.00 , ? 231.00 ,? 207.00,Great food! The Kadhi Pakora was delicious and well-prepared.
O03457,07-01-2025,22:30,C0077,Shahrukh Momin,R48,Egg Curry,Non-Veg Main,5,? 280.00," ? 1,400.00 ", ? 203.00 ,? 385.00,The meat in the Egg Curry was a bit tough and chewy.
O03458,07-01-2025,20:30,C0205,Rihan Taimoor,R153,Paneer Bhurji Sandwich,Snacks,5,? 75.00, ? 375.00 , ? 59.00 ,? 80.00,The Paneer Bhurji Sandwich met my expectations.
O03459,07-01-2025,17:15,C0306,Arman Malik,R71,Veg Spring Rolls,Starter,3,? 220.00, ? 660.00 , ? 162.00 ,? 174.00,The Veg Spring Rolls was simply delicious and fresh. Highly recommended!
O03460,07-01-2025,10:15,C0257,Aman Nadaf,R112,Non-Veg Thali,Meal Combo,4,? 440.00," ? 1,760.00 ", ? 322.00 ,? 472.00,A satisfying meal. The Non-Veg Thali was a good choice.
O03461,07-01-2025,19:45,C0012,Abdul Rahim Malik,R44,Vada Sambar,Vegetarian,3,? 170.00, ? 510.00 , ? 121.00 ,? 147.00,"It was an okay Vada Sambar, but I've had better."
O03462,07-01-2025,14:30,C0091,Aasin Nadaf,R47,Hyderabadi Haleem,Non-Veg Main,2,? 500.00," ? 1,000.00 ", ? 395.00 ,? 210.00,A truly authentic and flavorful Hyderabadi Haleem. It was very satisfying.
O03463,07-01-2025,10:30,C0056,Aasifa Khan,R73,Chili Paneer,Starter,5,? 280.00," ? 1,400.00 ", ? 219.00 ,? 305.00,The Chili Paneer was a bit too oily for my liking.
O03464,08-01-2025,18:30,C0203,Isharat Sayyad,R78,Chicken Schezwan Noodles,Rice & Noodles,4,? 280.00," ? 1,120.00 ", ? 218.00 ,? 248.00,Great food! The Chicken Schezwan Noodles was delicious and well-prepared.
O03465,08-01-2025,20:00,C0231,Danish Momin,R88,Fried Momos (Veg),Starter,2,? 200.00, ? 400.00 , ? 141.00 ,? 118.00,Absolutely loved the Fried Momos (Veg)! It was the perfect appetizer to get us started.
O03466,08-01-2025,15:45,C0310,Ayeza Faruqi,R100,Biryani (Veg),Rice,5,? 320.00," ? 1,600.00 ", ? 251.00 ,? 345.00,A satisfying meal. The Biryani (Veg) was a good choice.
O03467,08-01-2025,18:45,C0015,Kaif Taimoor,R110,Seekh Kebab,Starter,1,? 400.00, ? 400.00 , ? 282.00 ,? 118.00,The Seekh Kebab was simply delicious and fresh. Highly recommended!
O03468,08-01-2025,18:45,C0010,Kaif Azam,R83,Veg Clear Soup,Starter,1,? 120.00, ? 120.00 , ? 84.00 ,? 36.00,The Veg Clear Soup was simply delicious and fresh. Highly recommended!
O03469,08-01-2025,14:15,C0295,Sultan Taimoor,R67,Veg Manchurian,Starter,3,? 240.00, ? 720.00 , ? 169.00 ,? 213.00,The Veg Manchurian was simply delicious and fresh. Highly recommended!
O03470,08-01-2025,14:45,C0187,Aasin Nadaf,R160,Chicken Caesar Wrap,Snacks,4,? 150.00, ? 600.00 , ? 109.00 ,? 164.00,A satisfying meal. The Chicken Caesar Wrap was a good choice.
O03471,08-01-2025,13:30,C0149,Aariz Nadaf,R7,Butter Chicken,Meat Special,5,? 495.00," ? 2,475.00 ", ? 349.00 ,? 730.00,A satisfying meal. The Butter Chicken was a good choice.
O03472,08-01-2025,12:45,C0200,Aariz Taimoor,R142,Paneer Burger,Fast Food,1,? 140.00, ? 140.00 , ? 110.00 ,? 30.00,The Paneer Burger was not what I expected.
O03473,08-01-2025,17:15,C0086,Sher Momin,R147,Paneer Sandwich,Sandwiches,1,? 120.00, ? 120.00 , ? 84.00 ,? 36.00,A satisfying meal. The Paneer Sandwich was a good choice.
O03474,08-01-2025,21:00,C0210,Sultan Nadaf,R57,Chicken Tikka Masala,Non-Veg Main,2,? 480.00, ? 960.00 , ? 373.00 ,? 214.00,A truly authentic and flavorful Chicken Tikka Masala. It was very satisfying.
O03475,08-01-2025,18:45,C0330,Kaif Momin,R19,Chicken Hakka Noodles,Rice & Noodles,5,? 260.00," ? 1,300.00 ", ? 193.00 ,? 335.00,The Chicken Hakka Noodles was not what I expected.
O03476,08-01-2025,21:30,C0028,Aakib Faruqi,R46,Onion Uttapam,Vegetarian,2,? 160.00, ? 320.00 , ? 112.00 ,? 96.00,The Onion Uttapam is a great choice for vegetarians. Hearty and full of flavor.
O03477,08-01-2025,19:00,C0102,Aasifa Taimoor,R62,Dal Makhani,Vegetarian,5,? 340.00," ? 1,700.00 ", ? 269.00 ,? 355.00,"It was an okay Dal Makhani, but I've had better."
O03478,09-01-2025,18:45,C0180,Isharat Shikalkar,R80,Hot & Sour Soup (Chicken),Starter,3,? 200.00, ? 600.00 , ? 159.00 ,? 123.00,The Hot & Sour Soup (Chicken) was simply delicious and fresh. Highly recommended!
O03479,09-01-2025,13:30,C0190,Rihan Raes,R27,Pasta Arrabbiata,Continental,2,? 300.00, ? 600.00 , ? 215.00 ,? 170.00,The Pasta Arrabbiata met my expectations.
O03480,09-01-2025,14:30,C0217,Nikhat Mujawar,R156,Veg Paneer Wrap,Snacks,3,? 95.00, ? 285.00 , ? 74.00 ,? 63.00,The Veg Paneer Wrap was excellent. Really enjoyed the meal.
O03481,09-01-2025,13:15,C0046,Nikhat Taimoor,R20,Veg Fried Rice,Rice & Noodles,3,? 200.00, ? 600.00 , ? 145.00 ,? 165.00,A satisfying meal. The Veg Fried Rice was a good choice.
O03482,09-01-2025,21:00,C0236,Aakib Khan,R29,Greek Salad,Salad,3,? 260.00, ? 780.00 , ? 197.00 ,? 189.00,A satisfying meal. The Greek Salad was a good choice.
O03483,09-01-2025,17:45,C0181,Aman Khan,R160,Chicken Caesar Wrap,Snacks,5,? 150.00, ? 750.00 , ? 109.00 ,? 205.00,The Chicken Caesar Wrap met my expectations.
O03484,09-01-2025,15:30,C0133,Wahaj Ali,R164,Mutton Seekh Kebab Roll,Snacks,3,? 170.00, ? 510.00 , ? 132.00 ,? 114.00,It was an average Mutton Seekh Kebab Roll.
O03485,09-01-2025,22:30,C0146,Sultan Sayyad,R36,Chole Bhature,Vegetarian,1,? 280.00, ? 280.00 , ? 223.00 ,? 57.00,The Chole Bhature was as expected.
O03486,09-01-2025,13:45,C0259,Nikhat Malik,R44,Vada Sambar,Vegetarian,1,? 170.00, ? 170.00 , ? 121.00 ,? 49.00,The Vada Sambar is a great choice for vegetarians. Hearty and full of flavor.
O03487,09-01-2025,16:00,C0232,Aariz Raes,R117,Vada Pav,Snack,3,? 120.00, ? 360.00 , ? 91.00 ,? 87.00,Great food! The Vada Pav was delicious and well-prepared.
O03488,09-01-2025,14:30,C0062,Ayeza Nadaf,R88,Fried Momos (Veg),Starter,4,? 200.00, ? 800.00 , ? 141.00 ,? 236.00,Wasn't very impressed with the Fried Momos (Veg). It lacked flavor.
O03489,09-01-2025,17:45,C0078,Arahan Shaikh,R77,Veg Schezwan Noodles,Rice & Noodles,1,? 240.00, ? 240.00 , ? 171.00 ,? 69.00,Great food! The Veg Schezwan Noodles was delicious and well-prepared.
O03490,10-01-2025,10:00,C0211,Moh Saad Faruqi,R59,Veg Pulao,Rice & Noodles,3,? 240.00, ? 720.00 , ? 190.00 ,? 150.00,Great food! The Veg Pulao was delicious and well-prepared.
O03491,10-01-2025,10:45,C0188,Sher Raes,R61,Vegetable Korma,Vegetarian,4,? 320.00," ? 1,280.00 ", ? 243.00 ,? 308.00,The Vegetable Korma was a decent vegetarian option.
O03492,10-01-2025,17:30,C0245,Wahaj Taimoor,R85,Veg Momos,Starter,2,? 180.00, ? 360.00 , ? 138.00 ,? 84.00,Absolutely loved the Veg Momos! It was the perfect appetizer to get us started.
O03493,10-01-2025,21:15,C0020,Rihan Shikalkar,R137,Veg Wrap,Sandwiches,3,? 130.00, ? 390.00 , ? 92.00 ,? 114.00,I was not a fan of the Veg Wrap.
O03494,10-01-2025,11:30,C0228,Isharat Momin,R47,Hyderabadi Haleem,Non-Veg Main,1,? 500.00, ? 500.00 , ? 395.00 ,? 105.00,The Hyderabadi Haleem was the highlight of our meal. Absolutely delicious!
O03495,10-01-2025,10:15,C0035,Aasifa Shaikh,R76,Schezwan Chicken Fried Rice,Rice & Noodles,5,? 280.00," ? 1,400.00 ", ? 211.00 ,? 345.00,A satisfying meal. The Schezwan Chicken Fried Rice was a good choice.
O03496,10-01-2025,10:45,C0266,Aasifa Sayyad,R2,Mushroom Soup,Starter,5,? 200.00," ? 1,000.00 ", ? 159.00 ,? 205.00,The Mushroom Soup was a fantastic start to our meal! Perfectly crispy.
O03497,10-01-2025,11:45,C0307,Aasiya Mujawar,R138,Veggie Sub,Sandwiches,3,? 150.00, ? 450.00 , ? 105.00 ,? 135.00,A satisfying meal. The Veggie Sub was a good choice.
O03498,11-01-2025,20:45,C0231,Danish Momin,R46,Onion Uttapam,Vegetarian,4,? 160.00, ? 640.00 , ? 112.00 ,? 192.00,The Onion Uttapam is a great choice for vegetarians. Hearty and full of flavor.
O03499,11-01-2025,11:45,C0202,Moh Saad Shikalkar,R137,Veg Wrap,Sandwiches,3,? 130.00, ? 390.00 , ? 92.00 ,? 114.00,A satisfying meal. The Veg Wrap was a good choice.
O03500,11-01-2025,11:45,C0047,Rihan Sayyad,R84,Chicken Clear Soup,Starter,5,? 160.00, ? 800.00 , ? 125.00 ,? 175.00,The Chicken Clear Soup was okay. It was a standard appetizer.
O03501,11-01-2025,14:15,C0291,Aman Faruqi,R120,Pani Puri,Snack,1,? 100.00, ? 100.00 , ? 74.00 ,? 26.00,Great food! The Pani Puri was delicious and well-prepared.
O03502,11-01-2025,11:15,C0296,Aariz Sayyad,R146,Cheese Sandwich,Sandwiches,4,? 100.00, ? 400.00 , ? 72.00 ,? 112.00,It was an average Cheese Sandwich.
O03503,11-01-2025,17:00,C0060,Nikhat Khan,R1,Tomato Soup,Starter,4,? 180.00, ? 720.00 , ? 132.00 ,? 192.00,The Tomato Soup was okay. It was a standard appetizer.
O03504,11-01-2025,15:00,C0110,Danish Momin,R166,Smoked Chicken Sub,Snacks,2,? 160.00, ? 320.00 , ? 112.00 ,? 96.00,The Smoked Chicken Sub met my expectations.
O03505,12-01-2025,14:00,C0310,Ayeza Faruqi,R53,Baingan Bharta,Vegetarian,2,? 260.00, ? 520.00 , ? 195.00 ,? 130.00,I found the Baingan Bharta to be a bit watery.
O03506,12-01-2025,11:30,C0093,Aakib Raes,R136,Chicken Kathi Roll,Street Food,5,? 160.00, ? 800.00 , ? 112.00 ,? 240.00,Great food! The Chicken Kathi Roll was delicious and well-prepared.
O03507,12-01-2025,11:30,C0199,Arman Shaikh,R36,Chole Bhature,Vegetarian,2,? 280.00, ? 560.00 , ? 223.00 ,? 114.00,The vegetables in the Chole Bhature seemed overcooked.
O03508,12-01-2025,21:45,C0196,Arman Taimoor,R29,Greek Salad,Salad,5,? 260.00," ? 1,300.00 ", ? 197.00 ,? 315.00,Great food! The Greek Salad was delicious and well-prepared.
O03509,12-01-2025,20:00,C0095,Aakib Azam,R57,Chicken Tikka Masala,Non-Veg Main,5,? 480.00," ? 2,400.00 ", ? 373.00 ,? 535.00,The Chicken Tikka Masala was satisfactory.
O03510,13-01-2025,11:45,C0213,Aakib Ali,R16,Ice Cream Sundae,Dessert,4,? 200.00, ? 800.00 , ? 143.00 ,? 228.00,Great food! The Ice Cream Sundae was delicious and well-prepared.
O03511,13-01-2025,21:15,C0277,Shamsher Faruqi,R28,Caesar Salad,Salad,2,? 280.00, ? 560.00 , ? 210.00 ,? 140.00,Great food! The Caesar Salad was delicious and well-prepared.
O03512,13-01-2025,22:45,C0024,Aman Momin,R20,Veg Fried Rice,Rice & Noodles,4,? 200.00, ? 800.00 , ? 145.00 ,? 220.00,The Veg Fried Rice could have been better.
O03513,13-01-2025,16:30,C0115,Aasifa Nadaf,R146,Cheese Sandwich,Sandwiches,5,? 100.00, ? 500.00 , ? 72.00 ,? 140.00,The Cheese Sandwich was excellent. Really enjoyed the meal.
O03514,13-01-2025,11:45,C0211,Moh Saad Faruqi,R4,Chicken Biryani,Rice Meal,3,? 440.00," ? 1,320.00 ", ? 334.00 ,? 318.00,A satisfying meal. The Chicken Biryani was a good choice.
O03515,13-01-2025,12:30,C0026,Imran Shikalkar,R67,Veg Manchurian,Starter,2,? 240.00, ? 480.00 , ? 169.00 ,? 142.00,The Veg Manchurian was a bit too oily for my liking.
O03516,13-01-2025,16:30,C0284,Sher Shaikh,R158,Cheese Garlic Bread,Breads,4,? 110.00, ? 440.00 , ? 85.00 ,? 100.00,A satisfying meal. The Cheese Garlic Bread was a good choice.
O03517,13-01-2025,22:45,C0241,Shamsher Faruqi,R140,Paneer Frankie,Street Food,5,? 130.00, ? 650.00 , ? 95.00 ,? 175.00,Great food! The Paneer Frankie was delicious and well-prepared.
O03518,13-01-2025,11:15,C0193,Anis Nadaf,R80,Hot & Sour Soup (Chicken),Starter,4,? 200.00, ? 800.00 , ? 159.00 ,? 164.00,The Hot & Sour Soup (Chicken) was cold when it arrived at our table.
O03519,13-01-2025,12:45,C0328,Isharat Khan,R163,Corn & Cheese Sandwich,Snacks,4,? 90.00, ? 360.00 , ? 66.00 ,? 96.00,Great food! The Corn & Cheese Sandwich was delicious and well-prepared.
O03520,13-01-2025,12:15,C0179,Arman Malik,R131,Butter Naan,Breads,3,? 60.00, ? 180.00 , ? 45.00 ,? 45.00,The Butter Naan was excellent. Really enjoyed the meal.
O03521,14-01-2025,17:15,C0240,Sultan Ali,R4,Chicken Biryani,Rice Meal,5,? 440.00," ? 2,200.00 ", ? 334.00 ,? 530.00,The Chicken Biryani met my expectations.
O03522,14-01-2025,19:45,C0112,Shahrukh Sayyad,R12,Veggie Burger,Burger,2,? 250.00, ? 500.00 , ? 199.00 ,? 102.00,Great food! The Veggie Burger was delicious and well-prepared.
O03523,14-01-2025,18:00,C0279,Arman Taimoor,R9,Palak Paneer,Vegetarian,2,? 360.00, ? 720.00 , ? 273.00 ,? 174.00,The Palak Paneer was bland and needed more seasoning.
O03524,14-01-2025,17:15,C0117,Shamsher Ali,R4,Chicken Biryani,Rice Meal,2,? 440.00, ? 880.00 , ? 334.00 ,? 212.00,The Chicken Biryani was fine.
O03525,14-01-2025,10:00,C0262,Nikhat Faruqi,R38,Biryani Veg,Rice & Noodles,4,? 320.00," ? 1,280.00 ", ? 233.00 ,? 348.00,The Biryani Veg was not what I expected.
O03526,14-01-2025,19:15,C0323,Wahaj Ali,R56,Tandoori Chicken,Non-Veg Main,1,? 460.00, ? 460.00 , ? 366.00 ,? 94.00,A truly authentic and flavorful Tandoori Chicken. It was very satisfying.
O03527,14-01-2025,12:30,C0171,Aman Azam,R67,Veg Manchurian,Starter,5,? 240.00," ? 1,200.00 ", ? 169.00 ,? 355.00,The Veg Manchurian was a bit too oily for my liking.
O03528,14-01-2025,17:45,C0324,Aasifa Faruqi,R67,Veg Manchurian,Starter,5,? 240.00," ? 1,200.00 ", ? 169.00 ,? 355.00,The Veg Manchurian was a fantastic start to our meal! Perfectly crispy.
O03529,14-01-2025,17:00,C0050,Dua Sayyad,R145,Chicken Shawarma,Street Food,4,? 170.00, ? 680.00 , ? 131.00 ,? 156.00,A satisfying meal. The Chicken Shawarma was a good choice.
O03530,14-01-2025,15:45,C0228,Isharat Momin,R137,Veg Wrap,Sandwiches,3,? 130.00, ? 390.00 , ? 92.00 ,? 114.00,The Veg Wrap was excellent. Really enjoyed the meal.
O03531,14-01-2025,21:45,C0108,Arman Azam,R53,Baingan Bharta,Vegetarian,2,? 260.00, ? 520.00 , ? 195.00 ,? 130.00,A wholesome and delicious Baingan Bharta. The vegetables were so fresh!
O03532,14-01-2025,16:15,C0251,Aakib Khan,R139,Chicken Sub,Sandwiches,3,? 180.00, ? 540.00 , ? 137.00 ,? 129.00,The Chicken Sub was excellent. Really enjoyed the meal.
O03533,15-01-2025,22:00,C0186,Aariz Khan,R76,Schezwan Chicken Fried Rice,Rice & Noodles,1,? 280.00, ? 280.00 , ? 211.00 ,? 69.00,The Schezwan Chicken Fried Rice was not what I expected.
O03534,15-01-2025,11:15,C0014,Arman Faruqi,R20,Veg Fried Rice,Rice & Noodles,3,? 200.00, ? 600.00 , ? 145.00 ,? 165.00,The Veg Fried Rice was excellent. Really enjoyed the meal.
O03535,15-01-2025,22:15,C0300,Dua Azam,R152,Chicken Kathi Roll,Snacks,2,? 120.00, ? 240.00 , ? 91.00 ,? 58.00,The Chicken Kathi Roll was excellent. Really enjoyed the meal.
O03536,15-01-2025,18:45,C0020,Rihan Shikalkar,R103,Fish Curry (Goan),Main Course,2,? 380.00, ? 760.00 , ? 289.00 ,? 182.00,The Fish Curry (Goan) was excellent. Really enjoyed the meal.
O03537,15-01-2025,13:45,C0137,Aman Raes,R61,Vegetable Korma,Vegetarian,5,? 320.00," ? 1,600.00 ", ? 243.00 ,? 385.00,A wholesome and delicious Vegetable Korma. The vegetables were so fresh!
O03538,15-01-2025,11:45,C0262,Nikhat Faruqi,R137,Veg Wrap,Sandwiches,3,? 130.00, ? 390.00 , ? 92.00 ,? 114.00,It was an average Veg Wrap.
O03539,15-01-2025,18:45,C0133,Wahaj Ali,R21,Chicken Fried Rice,Rice & Noodles,2,? 240.00, ? 480.00 , ? 182.00 ,? 116.00,A satisfying meal. The Chicken Fried Rice was a good choice.
O03540,15-01-2025,19:30,C0231,Danish Momin,R159,Falafel Wrap,Snacks,1,? 130.00, ? 130.00 , ? 102.00 ,? 28.00,The Falafel Wrap was not what I expected.
O03541,15-01-2025,20:45,C0309,Arman Faruqi,R116,Uttapam,South Indian,5,? 220.00," ? 1,100.00 ", ? 170.00 ,? 250.00,The Uttapam was excellent. Really enjoyed the meal.
O03542,15-01-2025,22:15,C0028,Aakib Faruqi,R63,Prawn Masala,Non-Veg Main,4,? 460.00," ? 1,840.00 ", ? 326.00 ,? 536.00,The meat in the Prawn Masala was a bit tough and chewy.
O03543,15-01-2025,10:30,C0290,Isharat Raes,R112,Non-Veg Thali,Meal Combo,5,? 440.00," ? 2,200.00 ", ? 322.00 ,? 590.00,A satisfying meal. The Non-Veg Thali was a good choice.
O03544,16-01-2025,18:30,C0129,Sher Taimoor,R40,Mutton Biryani,Rice & Noodles,1,? 480.00, ? 480.00 , ? 340.00 ,? 140.00,Great food! The Mutton Biryani was delicious and well-prepared.
O03545,16-01-2025,21:45,C0178,Wahaj Sayyad,R62,Dal Makhani,Vegetarian,2,? 340.00, ? 680.00 , ? 269.00 ,? 142.00,Loved the Dal Makhani! It was a delightful and well-prepared vegetarian meal.
O03546,16-01-2025,14:30,C0007,Aman Taimoor,R158,Cheese Garlic Bread,Breads,3,? 110.00, ? 330.00 , ? 85.00 ,? 75.00,A satisfying meal. The Cheese Garlic Bread was a good choice.
O03547,16-01-2025,21:15,C0166,Nikhat Taimoor,R100,Biryani (Veg),Rice,5,? 320.00," ? 1,600.00 ", ? 251.00 ,? 345.00,The Biryani (Veg) was excellent. Really enjoyed the meal.
O03548,16-01-2025,13:30,C0060,Nikhat Khan,R148,Egg Sandwich,Sandwiches,4,? 110.00, ? 440.00 , ? 80.00 ,? 120.00,A satisfying meal. The Egg Sandwich was a good choice.
O03549,16-01-2025,16:45,C0235,Abdul Rahim Malik,R112,Non-Veg Thali,Meal Combo,5,? 440.00," ? 2,200.00 ", ? 322.00 ,? 590.00,The Non-Veg Thali was excellent. Really enjoyed the meal.
O03550,16-01-2025,19:30,C0195,Aasin Malik,R68,Chicken Manchurian,Starter,4,? 280.00," ? 1,120.00 ", ? 205.00 ,? 300.00,"The Chicken Manchurian was decent, but nothing special."
O03551,16-01-2025,22:30,C0077,Shahrukh Momin,R134,Grilled Cheese Sandwich,Sandwiches,4,? 120.00, ? 480.00 , ? 90.00 ,? 120.00,The Grilled Cheese Sandwich was not what I expected.
O03552,16-01-2025,12:00,C0221,Arman Mujawar,R37,Pav Bhaji,Vegetarian,1,? 220.00, ? 220.00 , ? 171.00 ,? 49.00,A wholesome and delicious Pav Bhaji. The vegetables were so fresh!
O03553,16-01-2025,10:45,C0254,Sultan Ali,R139,Chicken Sub,Sandwiches,1,? 180.00, ? 180.00 , ? 137.00 ,? 43.00,Great food! The Chicken Sub was delicious and well-prepared.
O03554,16-01-2025,13:15,C0292,Arahan Taimoor,R20,Veg Fried Rice,Rice & Noodles,1,? 200.00, ? 200.00 , ? 145.00 ,? 55.00,I was not a fan of the Veg Fried Rice.
O03555,16-01-2025,19:15,C0035,Aasifa Shaikh,R83,Veg Clear Soup,Starter,2,? 120.00, ? 240.00 , ? 84.00 ,? 72.00,The Veg Clear Soup was a bit too oily for my liking.
O03556,16-01-2025,22:30,C0284,Sher Shaikh,R25,Spring Rolls,Starter,2,? 220.00, ? 440.00 , ? 164.00 ,? 112.00,The Spring Rolls was simply delicious and fresh. Highly recommended!
O03557,17-01-2025,18:00,C0046,Nikhat Taimoor,R111,Veg Thali,Meal Combo,4,? 360.00," ? 1,440.00 ", ? 263.00 ,? 388.00,The Veg Thali was excellent. Really enjoyed the meal.
O03558,17-01-2025,16:45,C0167,Abdul Rahim Momin,R128,Matar Paneer,Main Course,2,? 340.00, ? 680.00 , ? 263.00 ,? 154.00,Great food! The Matar Paneer was delicious and well-prepared.
O03559,17-01-2025,17:30,C0238,Aakib Malik,R111,Veg Thali,Meal Combo,3,? 360.00," ? 1,080.00 ", ? 263.00 ,? 291.00,The Veg Thali was fine.
O03560,17-01-2025,22:30,C0291,Aman Faruqi,R127,Kadhi Pakora,Main Course,5,? 300.00," ? 1,500.00 ", ? 231.00 ,? 345.00,A satisfying meal. The Kadhi Pakora was a good choice.
O03561,17-01-2025,12:15,C0068,Abdul Rahim Shaikh,R54,Aloo Gobi,Vegetarian,1,? 220.00, ? 220.00 , ? 166.00 ,? 54.00,A wholesome and delicious Aloo Gobi. The vegetables were so fresh!
O03562,17-01-2025,18:30,C0282,Nikhat Khan,R68,Chicken Manchurian,Starter,5,? 280.00," ? 1,400.00 ", ? 205.00 ,? 375.00,Absolutely loved the Chicken Manchurian! It was the perfect appetizer to get us started.
O03563,17-01-2025,19:00,C0163,Shamsher Shikalkar,R142,Paneer Burger,Fast Food,3,? 140.00, ? 420.00 , ? 110.00 ,? 90.00,The Paneer Burger was fine.
O03564,17-01-2025,13:00,C0061,Shamsher Raes,R145,Chicken Shawarma,Street Food,4,? 170.00, ? 680.00 , ? 131.00 ,? 156.00,The Chicken Shawarma met my expectations.
O03565,17-01-2025,18:00,C0097,Isharat Taimoor,R17,French Fries,Starter,5,? 120.00, ? 600.00 , ? 87.00 ,? 165.00,The French Fries was cold when it arrived at our table.
O03566,17-01-2025,17:00,C0104,Sultan Nadaf,R135,Paneer Kathi Roll,Street Food,5,? 140.00, ? 700.00 , ? 103.00 ,? 185.00,Great food! The Paneer Kathi Roll was delicious and well-prepared.
O03567,17-01-2025,15:15,C0211,Moh Saad Faruqi,R75,Schezwan Fried Rice,Rice & Noodles,5,? 220.00," ? 1,100.00 ", ? 160.00 ,? 300.00,The Schezwan Fried Rice could have been better.
O03568,18-01-2025,19:15,C0168,Isharat Shikalkar,R77,Veg Schezwan Noodles,Rice & Noodles,5,? 240.00," ? 1,200.00 ", ? 171.00 ,? 345.00,The Veg Schezwan Noodles was excellent. Really enjoyed the meal.
O03569,18-01-2025,13:00,C0135,Danish Azam,R21,Chicken Fried Rice,Rice & Noodles,3,? 240.00, ? 720.00 , ? 182.00 ,? 174.00,A satisfying meal. The Chicken Fried Rice was a good choice.
O03570,18-01-2025,17:15,C0009,Shamsher Khan,R62,Dal Makhani,Vegetarian,5,? 340.00," ? 1,700.00 ", ? 269.00 ,? 355.00,I found the Dal Makhani to be a bit watery.
O03571,18-01-2025,19:00,C0322,Aasin Malik,R9,Palak Paneer,Vegetarian,3,? 360.00," ? 1,080.00 ", ? 273.00 ,? 261.00,The Palak Paneer is a great choice for vegetarians. Hearty and full of flavor.
O03572,18-01-2025,20:45,C0102,Aasifa Taimoor,R12,Veggie Burger,Burger,3,? 250.00, ? 750.00 , ? 199.00 ,? 153.00,I was not a fan of the Veggie Burger.
O03573,19-01-2025,16:15,C0152,Dua Sayyad,R143,Chicken Burger,Fast Food,2,? 160.00, ? 320.00 , ? 115.00 ,? 90.00,The Chicken Burger was not what I expected.
O03574,19-01-2025,14:00,C0295,Sultan Taimoor,R88,Fried Momos (Veg),Starter,1,? 200.00, ? 200.00 , ? 141.00 ,? 59.00,Absolutely loved the Fried Momos (Veg)! It was the perfect appetizer to get us started.
O03575,19-01-2025,16:45,C0084,Imran Momin,R27,Pasta Arrabbiata,Continental,1,? 300.00, ? 300.00 , ? 215.00 ,? 85.00,The Pasta Arrabbiata was excellent. Really enjoyed the meal.
O03576,19-01-2025,18:30,C0205,Rihan Taimoor,R27,Pasta Arrabbiata,Continental,5,? 300.00," ? 1,500.00 ", ? 215.00 ,? 425.00,The Pasta Arrabbiata could have been better.
O03577,19-01-2025,11:00,C0306,Arman Malik,R145,Chicken Shawarma,Street Food,5,? 170.00, ? 850.00 , ? 131.00 ,? 195.00,The Chicken Shawarma was excellent. Really enjoyed the meal.
O03578,19-01-2025,21:00,C0060,Nikhat Khan,R52,Bhindi Masala,Vegetarian,4,? 240.00, ? 960.00 , ? 175.00 ,? 260.00,A wholesome and delicious Bhindi Masala. The vegetables were so fresh!
O03579,19-01-2025,16:15,C0145,Imran Khan,R100,Biryani (Veg),Rice,1,? 320.00, ? 320.00 , ? 251.00 ,? 69.00,The Biryani (Veg) was excellent. Really enjoyed the meal.
O03580,19-01-2025,16:00,C0155,Imran Mujawar,R83,Veg Clear Soup,Starter,2,? 120.00, ? 240.00 , ? 84.00 ,? 72.00,It was an average Veg Clear Soup.
O03581,19-01-2025,22:00,C0103,Aasiya Faruqi,R56,Tandoori Chicken,Non-Veg Main,2,? 460.00, ? 920.00 , ? 366.00 ,? 188.00,The Tandoori Chicken was alright. It was cooked well but the flavor was average.
O03582,19-01-2025,18:30,C0084,Imran Momin,R164,Mutton Seekh Kebab Roll,Snacks,5,? 170.00, ? 850.00 , ? 132.00 ,? 190.00,The Mutton Seekh Kebab Roll was excellent. Really enjoyed the meal.
O03583,19-01-2025,22:15,C0001,Moh Saad Azam,R17,French Fries,Starter,5,? 120.00, ? 600.00 , ? 87.00 ,? 165.00,The French Fries was a fantastic start to our meal! Perfectly crispy.
O03584,19-01-2025,15:00,C0279,Arman Taimoor,R45,Medu Vada,Vegetarian,4,? 150.00, ? 600.00 , ? 112.00 ,? 152.00,Loved the Medu Vada! It was a delightful and well-prepared vegetarian meal.
O03585,19-01-2025,15:30,C0031,Rihan Momin,R59,Veg Pulao,Rice & Noodles,1,? 240.00, ? 240.00 , ? 190.00 ,? 50.00,The Veg Pulao met my expectations.
O03586,19-01-2025,22:30,C0207,Imran Khan,R141,Chicken Frankie,Street Food,3,? 150.00, ? 450.00 , ? 112.00 ,? 114.00,The Chicken Frankie could have been better.
O03587,19-01-2025,13:00,C0008,Dua Sayyad,R21,Chicken Fried Rice,Rice & Noodles,4,? 240.00, ? 960.00 , ? 182.00 ,? 232.00,The Chicken Fried Rice met my expectations.
O03588,20-01-2025,18:00,C0316,Shamsher Mujawar,R119,Misal Pav,Snack,3,? 160.00, ? 480.00 , ? 126.00 ,? 102.00,The Misal Pav was excellent. Really enjoyed the meal.
O03589,20-01-2025,16:15,C0259,Nikhat Malik,R166,Smoked Chicken Sub,Snacks,3,? 160.00, ? 480.00 , ? 112.00 ,? 144.00,The Smoked Chicken Sub was excellent. Really enjoyed the meal.
O03590,20-01-2025,17:15,C0182,Rihan Shaikh,R24,Samosa,Starter,2,? 100.00, ? 200.00 , ? 73.00 ,? 54.00,Absolutely loved the Samosa! It was the perfect appetizer to get us started.
O03591,20-01-2025,19:15,C0020,Rihan Shikalkar,R37,Pav Bhaji,Vegetarian,4,? 220.00, ? 880.00 , ? 171.00 ,? 196.00,A wholesome and delicious Pav Bhaji. The vegetables were so fresh!
O03592,20-01-2025,13:30,C0288,Anis Shikalkar,R151,Veg Frankie Roll,Snacks,3,? 80.00, ? 240.00 , ? 62.00 ,? 54.00,A satisfying meal. The Veg Frankie Roll was a good choice.
O03593,20-01-2025,12:45,C0098,Shahrukh Malik,R13,Gulab Jamun,Dessert,3,? 150.00, ? 450.00 , ? 117.00 ,? 99.00,Great food! The Gulab Jamun was delicious and well-prepared.
O03594,20-01-2025,10:00,C0320,Sultan Momin,R43,Idli Sambar,Vegetarian,1,? 160.00, ? 160.00 , ? 119.00 ,? 41.00,The Idli Sambar was as expected.
O03595,20-01-2025,12:15,C0013,Aariz Raes,R38,Biryani Veg,Rice & Noodles,4,? 320.00," ? 1,280.00 ", ? 233.00 ,? 348.00,Great food! The Biryani Veg was delicious and well-prepared.
O03596,21-01-2025,15:15,C0163,Shamsher Shikalkar,R24,Samosa,Starter,2,? 100.00, ? 200.00 , ? 73.00 ,? 54.00,The Samosa was simply delicious and fresh. Highly recommended!
O03597,21-01-2025,17:15,C0207,Imran Khan,R158,Cheese Garlic Bread,Breads,2,? 110.00, ? 220.00 , ? 85.00 ,? 50.00,It was an average Cheese Garlic Bread.
O03598,21-01-2025,13:00,C0027,Arman Faruqi,R34,Dal Tadka,Vegetarian,4,? 260.00," ? 1,040.00 ", ? 183.00 ,? 308.00,The Dal Tadka is a great choice for vegetarians. Hearty and full of flavor.
O03599,21-01-2025,17:30,C0232,Aariz Raes,R21,Chicken Fried Rice,Rice & Noodles,1,? 240.00, ? 240.00 , ? 182.00 ,? 58.00,Great food! The Chicken Fried Rice was delicious and well-prepared.
O03600,21-01-2025,22:15,C0065,Shamsher Faruqi,R105,Malai Kofta,Main Course,3,? 340.00," ? 1,020.00 ", ? 249.00 ,? 273.00,The Malai Kofta was excellent. Really enjoyed the meal.
O03601,21-01-2025,19:30,C0134,Isharat Nadaf,R83,Veg Clear Soup,Starter,3,? 120.00, ? 360.00 , ? 84.00 ,? 108.00,Absolutely loved the Veg Clear Soup! It was the perfect appetizer to get us started.
O03602,21-01-2025,16:00,C0129,Sher Taimoor,R8,Paneer Butter Masala,Vegetarian,4,? 380.00," ? 1,520.00 ", ? 298.00 ,? 328.00,"It was an okay Paneer Butter Masala, but I've had better."
O03603,21-01-2025,18:00,C0247,Shahrukh Sayyad,R142,Paneer Burger,Fast Food,5,? 140.00, ? 700.00 , ? 110.00 ,? 150.00,The Paneer Burger was excellent. Really enjoyed the meal.
O03604,22-01-2025,22:30,C0047,Rihan Sayyad,R136,Chicken Kathi Roll,Street Food,1,? 160.00, ? 160.00 , ? 112.00 ,? 48.00,The Chicken Kathi Roll was fine.
O03605,22-01-2025,15:00,C0214,Nikhat Taimoor,R139,Chicken Sub,Sandwiches,3,? 180.00, ? 540.00 , ? 137.00 ,? 129.00,The Chicken Sub was excellent. Really enjoyed the meal.
O03606,22-01-2025,10:30,C0051,Dua Khan,R22,Paneer Tikka,Starter,3,? 280.00, ? 840.00 , ? 199.00 ,? 243.00,Absolutely loved the Paneer Tikka! It was the perfect appetizer to get us started.
O03607,22-01-2025,14:00,C0016,Dua Khan,R52,Bhindi Masala,Vegetarian,3,? 240.00, ? 720.00 , ? 175.00 ,? 195.00,The Bhindi Masala is a great choice for vegetarians. Hearty and full of flavor.
O03608,22-01-2025,14:00,C0160,Shahrukh Malik,R36,Chole Bhature,Vegetarian,4,? 280.00," ? 1,120.00 ", ? 223.00 ,? 228.00,The Chole Bhature is a great choice for vegetarians. Hearty and full of flavor.
O03609,22-01-2025,16:15,C0256,Arman Faruqi,R149,Paneer Parantha,Breads,5,? 90.00, ? 450.00 , ? 64.00 ,? 130.00,A satisfying meal. The Paneer Parantha was a good choice.
O03610,23-01-2025,16:15,C0061,Shamsher Raes,R24,Samosa,Starter,4,? 100.00, ? 400.00 , ? 73.00 ,? 108.00,The Samosa was a fantastic start to our meal! Perfectly crispy.
O03611,23-01-2025,18:15,C0122,Aakib Nadaf,R148,Egg Sandwich,Sandwiches,5,? 110.00, ? 550.00 , ? 80.00 ,? 150.00,It was an average Egg Sandwich.
O03612,23-01-2025,10:45,C0113,Ayeza Momin,R146,Cheese Sandwich,Sandwiches,5,? 100.00, ? 500.00 , ? 72.00 ,? 140.00,A satisfying meal. The Cheese Sandwich was a good choice.
O03613,23-01-2025,15:00,C0239,Arman Momin,R152,Chicken Kathi Roll,Snacks,5,? 120.00, ? 600.00 , ? 91.00 ,? 145.00,The Chicken Kathi Roll was not what I expected.
O03614,23-01-2025,11:15,C0031,Rihan Momin,R119,Misal Pav,Snack,3,? 160.00, ? 480.00 , ? 126.00 ,? 102.00,Great food! The Misal Pav was delicious and well-prepared.
O03615,23-01-2025,10:45,C0273,Aasin Mujawar,R168,Avocado Toast,Breakfast,4,? 150.00, ? 600.00 , ? 111.00 ,? 156.00,It was an average Avocado Toast.
O03616,23-01-2025,15:00,C0091,Aasin Nadaf,R62,Dal Makhani,Vegetarian,5,? 340.00," ? 1,700.00 ", ? 269.00 ,? 355.00,I found the Dal Makhani to be a bit watery.
O03617,23-01-2025,15:15,C0034,Anis Raes,R32,Mutton Rogan Josh,Non-Veg Main,2,? 520.00," ? 1,040.00 ", ? 395.00 ,? 250.00,The meat in the Mutton Rogan Josh was a bit tough and chewy.
O03618,23-01-2025,21:15,C0153,Nikhat Malik,R48,Egg Curry,Non-Veg Main,3,? 280.00, ? 840.00 , ? 203.00 ,? 231.00,The Egg Curry was the highlight of our meal. Absolutely delicious!
O03619,23-01-2025,22:00,C0141,Arahan Ali,R77,Veg Schezwan Noodles,Rice & Noodles,5,? 240.00," ? 1,200.00 ", ? 171.00 ,? 345.00,I was not a fan of the Veg Schezwan Noodles.
O03620,23-01-2025,11:30,C0215,Ayeza Faruqi,R79,Hot & Sour Soup (Veg),Starter,5,? 160.00, ? 800.00 , ? 113.00 ,? 235.00,The Hot & Sour Soup (Veg) was simply delicious and fresh. Highly recommended!
O03621,23-01-2025,16:45,C0143,Sultan Mujawar,R11,Margherita Pizza,Pizza,3,? 330.00, ? 990.00 , ? 231.00 ,? 297.00,The Margherita Pizza was not what I expected.
O03622,23-01-2025,16:30,C0167,Abdul Rahim Momin,R22,Paneer Tikka,Starter,2,? 280.00, ? 560.00 , ? 199.00 ,? 162.00,The Paneer Tikka was simply delicious and fresh. Highly recommended!
O03623,24-01-2025,10:15,C0070,Aasifa Azam,R146,Cheese Sandwich,Sandwiches,2,? 100.00, ? 200.00 , ? 72.00 ,? 56.00,The Cheese Sandwich was excellent. Really enjoyed the meal.
O03624,24-01-2025,17:15,C0129,Sher Taimoor,R127,Kadhi Pakora,Main Course,3,? 300.00, ? 900.00 , ? 231.00 ,? 207.00,It was an average Kadhi Pakora.
O03625,24-01-2025,15:30,C0185,Nikhat Shikalkar,R73,Chili Paneer,Starter,1,? 280.00, ? 280.00 , ? 219.00 ,? 61.00,The Chili Paneer was a fantastic start to our meal! Perfectly crispy.
O03626,24-01-2025,18:45,C0252,Moh Saad Faruqi,R40,Mutton Biryani,Rice & Noodles,2,? 480.00, ? 960.00 , ? 340.00 ,? 280.00,The Mutton Biryani could have been better.
O03627,24-01-2025,17:00,C0202,Moh Saad Shikalkar,R139,Chicken Sub,Sandwiches,4,? 180.00, ? 720.00 , ? 137.00 ,? 172.00,The Chicken Sub could have been better.
O03628,24-01-2025,17:15,C0125,Danish Nadaf,R153,Paneer Bhurji Sandwich,Snacks,3,? 75.00, ? 225.00 , ? 59.00 ,? 48.00,The Paneer Bhurji Sandwich was not what I expected.
O03629,24-01-2025,22:30,C0323,Wahaj Ali,R143,Chicken Burger,Fast Food,2,? 160.00, ? 320.00 , ? 115.00 ,? 90.00,The Chicken Burger was fine.
O03630,24-01-2025,17:45,C0272,Aasifa Raes,R163,Corn & Cheese Sandwich,Snacks,5,? 90.00, ? 450.00 , ? 66.00 ,? 120.00,Great food! The Corn & Cheese Sandwich was delicious and well-prepared.
O03631,24-01-2025,18:30,C0299,Aakib Shaikh,R55,Jeera Rice,Rice & Noodles,4,? 180.00, ? 720.00 , ? 129.00 ,? 204.00,The Jeera Rice was not what I expected.
O03632,25-01-2025,18:15,C0104,Sultan Nadaf,R45,Medu Vada,Vegetarian,4,? 150.00, ? 600.00 , ? 112.00 ,? 152.00,Loved the Medu Vada! It was a delightful and well-prepared vegetarian meal.
O03633,25-01-2025,19:30,C0003,Danish Malik,R156,Veg Paneer Wrap,Snacks,2,? 95.00, ? 190.00 , ? 74.00 ,? 42.00,Great food! The Veg Paneer Wrap was delicious and well-prepared.
O03634,25-01-2025,18:15,C0012,Abdul Rahim Malik,R27,Pasta Arrabbiata,Continental,5,? 300.00," ? 1,500.00 ", ? 215.00 ,? 425.00,The Pasta Arrabbiata was excellent. Really enjoyed the meal.
O03635,25-01-2025,10:45,C0145,Imran Khan,R152,Chicken Kathi Roll,Snacks,5,? 120.00, ? 600.00 , ? 91.00 ,? 145.00,A satisfying meal. The Chicken Kathi Roll was a good choice.
O03636,25-01-2025,12:15,C0144,Aasifa Mujawar,R120,Pani Puri,Snack,3,? 100.00, ? 300.00 , ? 74.00 ,? 78.00,The Pani Puri was not what I expected.
O03637,25-01-2025,21:00,C0187,Aasin Nadaf,R61,Vegetable Korma,Vegetarian,1,? 320.00, ? 320.00 , ? 243.00 ,? 77.00,A wholesome and delicious Vegetable Korma. The vegetables were so fresh!
O03638,25-01-2025,14:00,C0140,Imran Taimoor,R83,Veg Clear Soup,Starter,5,? 120.00, ? 600.00 , ? 84.00 ,? 180.00,Wasn't very impressed with the Veg Clear Soup. It lacked flavor.
O03639,25-01-2025,22:30,C0034,Anis Raes,R144,Paneer Shawarma,Street Food,1,? 150.00, ? 150.00 , ? 111.00 ,? 39.00,The Paneer Shawarma was excellent. Really enjoyed the meal.
O03640,25-01-2025,18:30,C0120,Ayeza Taimoor,R36,Chole Bhature,Vegetarian,2,? 280.00, ? 560.00 , ? 223.00 ,? 114.00,The Chole Bhature was as expected.
O03641,26-01-2025,15:15,C0015,Kaif Taimoor,R35,Rajma Chawal,Vegetarian,2,? 300.00, ? 600.00 , ? 238.00 ,? 124.00,Loved the Rajma Chawal! It was a delightful and well-prepared vegetarian meal.
O03642,26-01-2025,20:15,C0015,Kaif Taimoor,R67,Veg Manchurian,Starter,3,? 240.00, ? 720.00 , ? 169.00 ,? 213.00,Wasn't very impressed with the Veg Manchurian. It lacked flavor.
O03643,26-01-2025,17:15,C0127,Dua Taimoor,R52,Bhindi Masala,Vegetarian,3,? 240.00, ? 720.00 , ? 175.00 ,? 195.00,A wholesome and delicious Bhindi Masala. The vegetables were so fresh!
O03644,26-01-2025,11:30,C0146,Sultan Sayyad,R43,Idli Sambar,Vegetarian,3,? 160.00, ? 480.00 , ? 119.00 ,? 123.00,"It was an okay Idli Sambar, but I've had better."
O03645,26-01-2025,16:15,C0278,Sultan Shikalkar,R81,Sweet Corn Soup (Veg),Starter,4,? 140.00, ? 560.00 , ? 108.00 ,? 128.00,The Sweet Corn Soup (Veg) was a bit too oily for my liking.
O03646,26-01-2025,17:30,C0029,Rihan Sayyad,R151,Veg Frankie Roll,Snacks,5,? 80.00, ? 400.00 , ? 62.00 ,? 90.00,The Veg Frankie Roll was not what I expected.
O03647,26-01-2025,13:30,C0035,Aasifa Shaikh,R153,Paneer Bhurji Sandwich,Snacks,2,? 75.00, ? 150.00 , ? 59.00 ,? 32.00,The Paneer Bhurji Sandwich could have been better.
O03648,26-01-2025,11:45,C0100,Aman Momin,R82,Sweet Corn Soup (Chicken),Starter,1,? 180.00, ? 180.00 , ? 129.00 ,? 51.00,"The Sweet Corn Soup (Chicken) was decent, but nothing special."
O03649,26-01-2025,22:45,C0105,Aakib Nadaf,R138,Veggie Sub,Sandwiches,2,? 150.00, ? 300.00 , ? 105.00 ,? 90.00,A satisfying meal. The Veggie Sub was a good choice.
O03650,26-01-2025,11:15,C0259,Nikhat Malik,R17,French Fries,Starter,5,? 120.00, ? 600.00 , ? 87.00 ,? 165.00,Wasn't very impressed with the French Fries. It lacked flavor.
O03651,26-01-2025,14:30,C0241,Shamsher Faruqi,R15,Tiramisu,Dessert,5,? 280.00," ? 1,400.00 ", ? 201.00 ,? 395.00,Great food! The Tiramisu was delicious and well-prepared.
O03652,26-01-2025,14:00,C0162,Shamsher Mujawar,R52,Bhindi Masala,Vegetarian,4,? 240.00, ? 960.00 , ? 175.00 ,? 260.00,A wholesome and delicious Bhindi Masala. The vegetables were so fresh!
O03653,26-01-2025,22:00,C0032,Ayeza Mujawar,R13,Gulab Jamun,Dessert,3,? 150.00, ? 450.00 , ? 117.00 ,? 99.00,The Gulab Jamun was fine.
O03654,27-01-2025,13:30,C0234,Moh Saad Faruqi,R132,Garlic Naan,Breads,1,? 70.00, ? 70.00 , ? 54.00 ,? 16.00,I was not a fan of the Garlic Naan.
O03655,27-01-2025,19:45,C0104,Sultan Nadaf,R131,Butter Naan,Breads,1,? 60.00, ? 60.00 , ? 45.00 ,? 15.00,Great food! The Butter Naan was delicious and well-prepared.
O03656,27-01-2025,21:30,C0003,Danish Malik,R167,Veggie Delight Sub,Snacks,5,? 120.00, ? 600.00 , ? 90.00 ,? 150.00,It was an average Veggie Delight Sub.
O03657,28-01-2025,16:30,C0086,Sher Momin,R80,Hot & Sour Soup (Chicken),Starter,5,? 200.00," ? 1,000.00 ", ? 159.00 ,? 205.00,The Hot & Sour Soup (Chicken) was simply delicious and fresh. Highly recommended!
O03658,28-01-2025,15:30,C0104,Sultan Nadaf,R57,Chicken Tikka Masala,Non-Veg Main,3,? 480.00," ? 1,440.00 ", ? 373.00 ,? 321.00,A truly authentic and flavorful Chicken Tikka Masala. It was very satisfying.
O03659,28-01-2025,14:15,C0272,Aasifa Raes,R136,Chicken Kathi Roll,Street Food,4,? 160.00, ? 640.00 , ? 112.00 ,? 192.00,A satisfying meal. The Chicken Kathi Roll was a good choice.
O03660,28-01-2025,11:45,C0023,Shamsher Faruqi,R43,Idli Sambar,Vegetarian,3,? 160.00, ? 480.00 , ? 119.00 ,? 123.00,Loved the Idli Sambar! It was a delightful and well-prepared vegetarian meal.
O03661,28-01-2025,18:00,C0180,Isharat Shikalkar,R87,Paneer Momos,Starter,5,? 200.00," ? 1,000.00 ", ? 155.00 ,? 225.00,The Paneer Momos was a bit too oily for my liking.
O03662,28-01-2025,14:15,C0159,Arman Taimoor,R146,Cheese Sandwich,Sandwiches,1,? 100.00, ? 100.00 , ? 72.00 ,? 28.00,The Cheese Sandwich could have been better.
O03663,28-01-2025,11:00,C0274,Moh Saad Sayyad,R100,Biryani (Veg),Rice,4,? 320.00," ? 1,280.00 ", ? 251.00 ,? 276.00,Great food! The Biryani (Veg) was delicious and well-prepared.
O03664,28-01-2025,14:00,C0242,Arahan Mujawar,R28,Caesar Salad,Salad,3,? 280.00, ? 840.00 , ? 210.00 ,? 210.00,It was an average Caesar Salad.
O03665,28-01-2025,16:15,C0242,Arahan Mujawar,R21,Chicken Fried Rice,Rice & Noodles,1,? 240.00, ? 240.00 , ? 182.00 ,? 58.00,The Chicken Fried Rice was fine.
O03666,29-01-2025,18:45,C0236,Aakib Khan,R2,Mushroom Soup,Starter,5,? 200.00," ? 1,000.00 ", ? 159.00 ,? 205.00,Wasn't very impressed with the Mushroom Soup. It lacked flavor.
O03667,29-01-2025,12:15,C0072,Kaif Taimoor,R152,Chicken Kathi Roll,Snacks,4,? 120.00, ? 480.00 , ? 91.00 ,? 116.00,A satisfying meal. The Chicken Kathi Roll was a good choice.
O03668,29-01-2025,22:00,C0077,Shahrukh Momin,R148,Egg Sandwich,Sandwiches,1,? 110.00, ? 110.00 , ? 80.00 ,? 30.00,The Egg Sandwich was fine.
O03669,29-01-2025,17:15,C0240,Sultan Ali,R80,Hot & Sour Soup (Chicken),Starter,5,? 200.00," ? 1,000.00 ", ? 159.00 ,? 205.00,The Hot & Sour Soup (Chicken) was okay. It was a standard appetizer.
O03670,29-01-2025,20:45,C0127,Dua Taimoor,R163,Corn & Cheese Sandwich,Snacks,3,? 90.00, ? 270.00 , ? 66.00 ,? 72.00,The Corn & Cheese Sandwich was excellent. Really enjoyed the meal.
O03671,30-01-2025,12:45,C0115,Aasifa Nadaf,R117,Vada Pav,Snack,4,? 120.00, ? 480.00 , ? 91.00 ,? 116.00,Great food! The Vada Pav was delicious and well-prepared.
O03672,30-01-2025,21:30,C0089,Aasin Shaikh,R77,Veg Schezwan Noodles,Rice & Noodles,3,? 240.00, ? 720.00 , ? 171.00 ,? 207.00,A satisfying meal. The Veg Schezwan Noodles was a good choice.
O03673,30-01-2025,16:00,C0144,Aasifa Mujawar,R14,Rasgulla,Dessert,2,? 140.00, ? 280.00 , ? 100.00 ,? 80.00,It was an average Rasgulla.
O03674,30-01-2025,13:00,C0249,Aasiya Mujawar,R15,Tiramisu,Dessert,1,? 280.00, ? 280.00 , ? 201.00 ,? 79.00,A satisfying meal. The Tiramisu was a good choice.
O03675,30-01-2025,14:00,C0070,Aasifa Azam,R133,Club Sandwich,Sandwiches,3,? 160.00, ? 480.00 , ? 119.00 ,? 123.00,The Club Sandwich could have been better.
O03676,30-01-2025,18:15,C0021,Moh Saad Shaikh,R124,Chana Masala,Main Course,1,? 260.00, ? 260.00 , ? 185.00 ,? 75.00,A satisfying meal. The Chana Masala was a good choice.
O03677,30-01-2025,16:30,C0080,Sher Khan,R167,Veggie Delight Sub,Snacks,4,? 120.00, ? 480.00 , ? 90.00 ,? 120.00,The Veggie Delight Sub was not what I expected.
O03678,30-01-2025,10:30,C0131,Aasin Ali,R74,Chili Chicken,Starter,3,? 340.00," ? 1,020.00 ", ? 250.00 ,? 270.00,The Chili Chicken was simply delicious and fresh. Highly recommended!
O03679,30-01-2025,10:45,C0206,Aariz Faruqi,R117,Vada Pav,Snack,4,? 120.00, ? 480.00 , ? 91.00 ,? 116.00,The Vada Pav could have been better.
O03680,30-01-2025,16:45,C0186,Aariz Khan,R54,Aloo Gobi,Vegetarian,1,? 220.00, ? 220.00 , ? 166.00 ,? 54.00,A wholesome and delicious Aloo Gobi. The vegetables were so fresh!
O03681,30-01-2025,22:30,C0266,Aasifa Sayyad,R156,Veg Paneer Wrap,Snacks,5,? 95.00, ? 475.00 , ? 74.00 ,? 105.00,I was not a fan of the Veg Paneer Wrap.
O03682,30-01-2025,14:45,C0221,Arman Mujawar,R147,Paneer Sandwich,Sandwiches,4,? 120.00, ? 480.00 , ? 84.00 ,? 144.00,The Paneer Sandwich was excellent. Really enjoyed the meal.
O03683,30-01-2025,10:00,C0298,Aasin Malik,R82,Sweet Corn Soup (Chicken),Starter,5,? 180.00, ? 900.00 , ? 129.00 ,? 255.00,The Sweet Corn Soup (Chicken) was cold when it arrived at our table.
O03684,30-01-2025,21:15,C0259,Nikhat Malik,R55,Jeera Rice,Rice & Noodles,4,? 180.00, ? 720.00 , ? 129.00 ,? 204.00,Great food! The Jeera Rice was delicious and well-prepared.
O03685,31-01-2025,14:30,C0176,Abdul Rahim Shikalkar,R77,Veg Schezwan Noodles,Rice & Noodles,5,? 240.00," ? 1,200.00 ", ? 171.00 ,? 345.00,The Veg Schezwan Noodles could have been better.
O03686,31-01-2025,15:45,C0034,Anis Raes,R12,Veggie Burger,Burger,4,? 250.00," ? 1,000.00 ", ? 199.00 ,? 204.00,The Veggie Burger was not what I expected.
O03687,31-01-2025,11:45,C0287,Nikhat Shaikh,R8,Paneer Butter Masala,Vegetarian,1,? 380.00, ? 380.00 , ? 298.00 ,? 82.00,A wholesome and delicious Paneer Butter Masala. The vegetables were so fresh!
O03688,31-01-2025,12:30,C0026,Imran Shikalkar,R40,Mutton Biryani,Rice & Noodles,5,? 480.00," ? 2,400.00 ", ? 340.00 ,? 700.00,A satisfying meal. The Mutton Biryani was a good choice.
O03689,31-01-2025,10:45,C0295,Sultan Taimoor,R71,Veg Spring Rolls,Starter,3,? 220.00, ? 660.00 , ? 162.00 ,? 174.00,The Veg Spring Rolls was a fantastic start to our meal! Perfectly crispy.
O03690,31-01-2025,20:45,C0235,Abdul Rahim Malik,R40,Mutton Biryani,Rice & Noodles,4,? 480.00," ? 1,920.00 ", ? 340.00 ,? 560.00,The Mutton Biryani was not what I expected.
O03691,31-01-2025,21:30,C0256,Arman Faruqi,R8,Paneer Butter Masala,Vegetarian,2,? 380.00, ? 760.00 , ? 298.00 ,? 164.00,Loved the Paneer Butter Masala! It was a delightful and well-prepared vegetarian meal.
O03692,31-01-2025,22:45,C0206,Aariz Faruqi,R100,Biryani (Veg),Rice,1,? 320.00, ? 320.00 , ? 251.00 ,? 69.00,The Biryani (Veg) was fine.
O03693,31-01-2025,12:30,C0119,Shahrukh Azam,R147,Paneer Sandwich,Sandwiches,5,? 120.00, ? 600.00 , ? 84.00 ,? 180.00,The Paneer Sandwich was excellent. Really enjoyed the meal.
O03694,31-01-2025,13:45,C0246,Aariz Raes,R19,Chicken Hakka Noodles,Rice & Noodles,4,? 260.00," ? 1,040.00 ", ? 193.00 ,? 268.00,The Chicken Hakka Noodles was not what I expected.
O03695,31-01-2025,16:45,C0097,Isharat Taimoor,R78,Chicken Schezwan Noodles,Rice & Noodles,4,? 280.00," ? 1,120.00 ", ? 218.00 ,? 248.00,It was an average Chicken Schezwan Noodles.
